#!ascii label  , from subject sub-v2s9x29172_ses-1 vox2ras=TkReg
5247
138047  -4.625  -94.790  -26.522 0.8999999762
130209  -5.216  -94.999  -26.828 0.8000000119
897  -5.968  -95.278  -27.271 0.8000000119
653  -7.107  -96.243  -28.477 0.8000000119
1205  -4.985  -94.308  -27.966 0.8999999762
914  -6.403  -95.390  -28.362 0.8000000119
921  -7.456  -96.249  -29.074 0.8000000119
931  -7.863  -95.641  -29.623 0.8000000119
1232  -4.929  -93.626  -29.654 0.8000000119
1233  -5.811  -94.273  -29.767 0.8000000119
930  -7.481  -95.694  -29.546 0.8000000119
557  -3.994  -96.859  -16.948 0.6999999881
561  -4.034  -96.140  -18.439 0.8000000119
575  -3.518  -95.810  -20.295 0.6999999881
581  -4.926  -96.324  -21.867 0.6000000238
127218  -10.808  -98.004  -27.967 0.5000000000
924  -10.017  -95.996  -28.348 0.6999999881
917  -11.685  -95.952  -27.273 0.6000000238
1557  -8.980  -93.600  -28.306 0.8000000119
1236  -7.620  -94.394  -29.605 0.8000000119
1207  -9.806  -94.023  -27.780 0.6999999881
1556  -8.080  -93.038  -28.749 0.8000000119
116336  -3.397  -95.874  -16.856 0.8000000119
556  -3.725  -95.996  -17.665 0.8000000119
521  -2.840  -95.599  -13.923 0.8000000119
830  -2.827  -95.150  -20.691 1.0000000000
1148  -2.714  -94.513  -22.715 0.8999999762
861  -3.220  -94.750  -23.338 0.8999999762
1177  -3.173  -94.113  -24.762 0.8999999762
874  -3.777  -95.049  -24.243 0.8999999762
1517  -3.702  -93.689  -26.636 0.8999999762
436  -9.888  -97.698  -28.293 0.5000000000
656  -11.435  -97.075  -27.621 0.5000000000
916  -10.810  -96.229  -27.854 0.6999999881
918  -12.365  -95.690  -26.795 0.6000000238
641  -13.032  -95.510  -26.555 0.6000000238
1537  -4.152  -93.958  -27.384 0.8999999762
1208  -10.538  -94.979  -27.671 0.6999999881
902  -12.549  -94.908  -26.572 0.6999999881
1536  -3.718  -93.260  -27.183 0.8999999762
115400  -4.341  -92.795  -29.490 0.8999999762
133065  -4.304  -92.297  -30.160 1.0000000000
1917  -3.923  -91.845  -29.556 0.8999999762
1555  -7.698  -92.155  -29.060 0.8000000119
1541  -11.444  -93.476  -26.656 0.6999999881
2298  -6.359  -91.743  -31.622 1.0000000000
2285  -8.623  -91.444  -28.986 0.8000000119
2272  -9.162  -91.613  -28.348 0.8000000119
740  -6.336  -96.237  -6.924 0.6999999881
549  -3.588  -96.798  -16.136 0.6999999881
568  -3.530  -95.826  -19.292 0.8000000119
137541  -2.504  -94.495  -15.265 0.8999999762
131546  -2.490  -93.538  -23.539 1.0000000000
1509  -3.429  -93.370  -25.879 0.8999999762
124994  -13.745  -95.318  -26.474 0.6000000238
905  -15.410  -95.052  -26.423 0.6000000238
1252  -5.674  -93.641  -30.347 0.8000000119
1918  -6.202  -92.157  -30.980 1.0000000000
1539  -9.505  -92.832  -27.670 0.8000000119
1196  -13.317  -93.875  -26.355 0.6000000238
1518  -11.373  -92.620  -26.648 0.6999999881
1198  -15.502  -93.977  -26.300 0.6000000238
2307  -4.585  -91.532  -31.360 1.0000000000
2303  -10.853  -91.645  -28.633 0.6999999881
116804  -3.020  -96.483  -14.115 0.8000000119
539  -3.211  -96.379  -15.365 0.8000000119
748  -5.580  -96.710  -8.667 0.8000000119
131656  -5.042  -96.715  -19.457 0.6000000238
812  -3.164  -95.505  -18.413 0.8000000119
127705  -2.694  -95.144  -19.014 0.8999999762
791  -2.532  -94.807  -16.065 0.8999999762
829  -2.366  -94.283  -20.251 1.0000000000
848  -3.498  -95.239  -22.463 0.8999999762
862  -4.135  -95.599  -23.410 0.8000000119
619  -4.671  -95.887  -24.219 0.8000000119
1178  -3.909  -94.966  -25.194 0.8999999762
1850  -3.194  -92.774  -24.733 1.0000000000
1871  -3.617  -92.570  -26.403 0.8999999762
1887  -3.874  -92.392  -28.514 0.8999999762
1235  -6.827  -94.451  -30.024 0.8000000119
1572  -7.161  -93.040  -29.524 0.8000000119
116389  -10.673  -93.793  -27.184 0.6999999881
2273  -9.827  -91.602  -27.927 0.8000000119
1540  -10.771  -92.774  -26.884 0.6999999881
1521  -13.751  -93.243  -26.344 0.6000000238
2721  -4.106  -90.639  -31.459 1.0000000000
123074  -6.255  -91.271  -32.475 1.0000000000
2274  -10.802  -91.637  -27.519 0.6999999881
1872  -11.040  -92.110  -26.910 0.8000000119
1874  -12.579  -92.261  -26.547 0.6000000238
4618  -12.478  -86.704  -36.999 0.8000000119
2300  -8.325  -91.464  -29.645 1.0000000000
2301  -9.087  -91.407  -29.231 0.8000000119
2275  -11.909  -91.614  -27.353 0.6999999881
2265  -14.185  -91.927  -26.697 0.6000000238
2317  -4.681  -90.667  -32.014 1.0000000000
1904  -13.491  -92.309  -28.304 0.8000000119
1254  -9.223  -94.620  -30.792 0.8999999762
1923  -12.316  -92.396  -28.492 0.8000000119
933  -11.150  -95.933  -29.714 0.8999999762
1558  -12.784  -93.294  -28.654 0.8000000119
295  -4.008  -98.009  -12.504 0.6000000238
799  -2.497  -94.551  -17.523 1.0000000000
1119  -2.399  -94.144  -18.181 1.0000000000
1048  -4.533  -95.019  -8.506 0.8999999762
1064  -4.277  -94.535  -11.256 0.8999999762
1432  -2.878  -93.579  -18.700 0.8999999762
130071  -4.969  -93.531  -19.328 1.0000000000
1458  -5.365  -93.383  -20.570 1.0000000000
823  -2.388  -94.253  -19.170 1.0000000000
1455  -2.820  -93.190  -20.073 1.0000000000
1466  -4.731  -93.161  -21.258 1.0000000000
1467  -5.857  -93.282  -21.240 1.0000000000
1096  -2.536  -94.154  -14.935 0.8999999762
1812  -2.873  -92.644  -21.803 1.0000000000
119065  -6.936  -93.260  -21.127 1.0000000000
1386  -3.433  -94.179  -13.612 0.8999999762
1478  -2.694  -92.766  -22.533 1.0000000000
1813  -4.015  -92.883  -21.969 1.0000000000
1815  -6.376  -93.057  -21.994 1.0000000000
1826  -6.862  -92.765  -22.719 1.0000000000
1838  -4.063  -92.382  -23.894 1.0000000000
1852  -4.892  -92.295  -24.482 1.0000000000
1851  -3.829  -92.326  -24.781 1.0000000000
2224  -7.128  -92.227  -24.106 1.0000000000
2259  -4.178  -91.488  -26.762 1.0000000000
2251  -5.396  -91.641  -25.783 1.0000000000
2270  -3.870  -91.604  -27.664 0.8999999762
5905  -6.222  -87.129  -40.439 0.5000000000
2698  -4.029  -90.899  -28.051 1.0000000000
2284  -3.869  -91.359  -28.737 1.0000000000
5212  -7.021  -86.048  -38.063 0.6999999881
2297  -3.837  -90.929  -29.752 1.0000000000
2306  -4.004  -91.415  -30.599 1.0000000000
131906  -9.997  -84.514  -37.908 0.8000000119
2318  -5.586  -90.628  -32.478 1.0000000000
2308  -7.400  -91.673  -30.678 1.0000000000
127222  -13.455  -92.406  -26.483 0.6000000238
5894  -11.170  -84.663  -38.128 0.8000000119
5213  -12.463  -85.329  -37.504 0.8000000119
2264  -13.152  -91.869  -26.749 0.6000000238
136389  -8.120  -91.468  -30.268 1.0000000000
2277  -13.697  -91.585  -27.202 0.6999999881
3654  -11.208  -88.792  -37.238 0.8000000119
1932  -8.667  -92.157  -30.582 1.0000000000
1921  -10.341  -92.135  -29.462 0.8000000119
2291  -14.165  -91.732  -27.844 0.8000000119
2280  -16.751  -91.991  -27.133 0.6999999881
1905  -14.630  -92.181  -28.216 0.8000000119
1908  -17.384  -92.479  -27.456 0.6999999881
1238  -11.450  -94.215  -29.417 0.8999999762
118140  -11.873  -95.053  -29.391 0.8999999762
1241  -14.572  -94.795  -29.168 0.8000000119
1242  -15.486  -94.717  -29.365 0.8000000119
935  -13.153  -96.357  -29.364 0.8000000119
1329  -6.134  -93.933  -3.959 0.6000000238
1047  -3.961  -94.471  -7.929 0.8999999762
783  -2.737  -95.262  -15.308 0.8000000119
1418  -2.616  -93.814  -18.044 0.8999999762
1447  -5.771  -93.402  -19.824 1.0000000000
1359  -2.544  -93.252  -8.731 0.8999999762
765  -2.868  -95.576  -13.085 0.8999999762
1407  -2.544  -93.974  -16.637 0.8999999762
1459  -6.374  -93.330  -20.398 1.0000000000
1809  -7.327  -92.912  -20.120 1.0000000000
132072  -4.160  -93.978  -9.611 0.8999999762
1368  -4.345  -93.955  -10.397 0.8999999762
760  -3.598  -95.462  -11.738 0.8999999762
1080  -3.843  -94.373  -12.713 0.8999999762
114986  -4.460  -92.973  -12.072 0.8999999762
1839  -5.261  -92.559  -23.649 1.0000000000
1825  -5.781  -92.803  -22.817 1.0000000000
2237  -5.787  -91.992  -24.906 1.0000000000
2239  -7.746  -91.891  -24.681 1.0000000000
5232  -4.285  -88.231  -40.865 0.5000000000
2692  -6.436  -90.632  -26.655 1.0000000000
5244  -5.201  -88.093  -41.525 0.5000000000
2691  -5.477  -90.743  -26.956 1.0000000000
5211  -6.043  -88.121  -38.558 0.5000000000
2699  -4.887  -90.364  -27.867 1.0000000000
3131  -5.839  -89.322  -28.757 1.0000000000
5920  -6.438  -87.171  -41.208 0.5000000000
2706  -4.106  -90.513  -28.812 1.0000000000
3130  -4.989  -89.193  -29.659 1.0000000000
3585  -7.181  -88.163  -30.049 1.0000000000
3607  -7.507  -88.497  -31.131 0.8999999762
127820  -3.873  -90.374  -30.680 1.0000000000
2734  -4.998  -89.763  -32.382 1.0000000000
3606  -6.556  -88.759  -31.706 1.0000000000
3159  -7.529  -89.140  -32.091 1.0000000000
133359  -9.136  -89.277  -31.740 0.8999999762
2748  -7.236  -90.364  -33.639 1.0000000000
5906  -7.230  -85.359  -40.225 0.5000000000
5890  -7.384  -85.127  -38.651 0.6999999881
2736  -6.438  -90.552  -33.179 1.0000000000
5921  -7.534  -85.885  -41.469 0.5000000000
5893  -10.306  -84.619  -38.568 0.8000000119
1933  -9.479  -92.437  -30.115 1.0000000000
5907  -8.240  -84.815  -40.382 0.5000000000
4630  -12.048  -86.803  -37.918 0.8000000119
2309  -7.654  -91.828  -31.131 1.0000000000
1903  -12.643  -91.897  -28.169 0.8000000119
2268  -17.066  -92.135  -26.977 0.6000000238
5234  -10.782  -85.502  -40.626 0.4000000060
5910  -10.909  -84.952  -38.913 0.8000000119
4120  -11.968  -87.636  -38.331 0.8000000119
3204  -11.369  -88.779  -36.232 0.8000000119
1587  -7.898  -93.435  -31.874 0.8999999762
2292  -15.121  -91.774  -27.664 0.6999999881
1599  -8.342  -94.822  -31.642 0.8999999762
1237  -10.368  -94.549  -30.075 0.8999999762
1574  -11.877  -93.270  -28.943 0.8999999762
129424  -14.965  -92.973  -28.559 0.8000000119
1240  -12.881  -95.072  -29.125 0.8999999762
1223  -14.371  -93.754  -28.777 0.8000000119
137842  -15.661  -93.182  -28.651 0.6999999881
121649  -18.138  -93.072  -27.980 0.6000000238
1575  -16.896  -93.901  -29.008 0.6999999881
126267  -17.761  -93.722  -29.020 0.6000000238
117135  -10.537  -96.924  -30.102 0.8999999762
440  -14.377  -97.999  -29.904 0.8000000119
668  -13.864  -97.201  -29.589 0.8000000119
937  -15.616  -95.480  -29.934 0.6999999881
948  -18.386  -95.936  -31.415 0.5000000000
1326  -5.684  -93.290  -3.497 0.6000000238
1333  -3.753  -93.951  -5.484 0.8000000119
1341  -3.505  -93.924  -6.466 0.8999999762
510  -4.208  -97.175  -10.958 0.8000000119
743  -5.163  -95.900  -8.049 0.8999999762
1399  -2.930  -93.832  -14.980 0.8999999762
133312  -4.003  -93.553  -16.661 0.8999999762
1435  -6.011  -93.271  -19.014 1.0000000000
136808  -8.170  -92.751  -21.545 1.0000000000
119502  -9.138  -91.600  -20.860 1.0000000000
2215  -9.043  -91.898  -22.681 1.0000000000
1745  -4.438  -93.087  -13.574 0.8999999762
132300  -7.698  -92.652  -22.655 1.0000000000
2226  -8.871  -91.831  -23.544 1.0000000000
1853  -5.782  -92.335  -24.176 1.0000000000
2240  -8.600  -91.693  -24.406 1.0000000000
2252  -6.390  -91.560  -25.535 1.0000000000
2667  -8.239  -91.411  -25.086 1.0000000000
2693  -7.466  -90.589  -26.332 1.0000000000
4628  -5.421  -88.695  -38.142 0.5000000000
2694  -8.261  -90.252  -26.405 1.0000000000
2700  -5.987  -90.178  -27.392 1.0000000000
122246  -7.983  -87.994  -29.432 0.8999999762
3596  -7.965  -87.998  -30.253 0.8999999762
5245  -6.029  -87.764  -42.213 0.5000000000
3586  -8.767  -88.070  -29.440 0.8999999762
3145  -8.446  -88.685  -31.221 0.8999999762
3144  -5.500  -88.759  -31.557 1.0000000000
3158  -6.620  -89.604  -32.948 1.0000000000
2738  -10.178  -90.427  -31.865 0.8999999762
2749  -8.075  -90.255  -33.448 0.8999999762
2331  -8.115  -91.892  -33.836 0.8999999762
2321  -9.541  -91.038  -32.736 0.8999999762
1955  -7.625  -91.813  -33.687 0.8999999762
3655  -11.776  -88.030  -36.622 0.8000000119
1939  -7.495  -92.831  -32.755 0.8999999762
1607  -8.127  -94.592  -32.738 0.8999999762
130606  -16.176  -91.715  -27.051 0.6999999881
3664  -11.630  -88.240  -37.691 0.8000000119
1891  -18.072  -92.784  -27.177 0.6000000238
117054  -12.310  -87.004  -40.515 0.4000000060
4642  -11.946  -86.740  -38.807 0.8000000119
3687  -13.034  -88.390  -40.549 0.5000000000
116043  -12.154  -88.141  -38.836 0.5000000000
3209  -10.984  -89.654  -37.676 0.6999999881
2777  -10.670  -90.353  -35.670 0.8999999762
1239  -12.341  -94.200  -28.982 0.8999999762
123503  -18.654  -93.456  -28.867 0.5000000000
934  -12.077  -96.045  -29.436 0.8000000119
1576  -17.038  -94.312  -29.701 0.6999999881
1245  -18.332  -93.713  -30.009 0.5000000000
136684  -12.934  -97.595  -29.478 0.8000000119
1255  -17.873  -95.084  -30.944 0.6000000238
678  -17.941  -96.595  -31.554 0.5000000000
133151  -5.440  -94.700  -4.855 0.6999999881
502  -6.297  -97.516  -9.219 0.6000000238
747  -4.829  -95.906  -9.491 0.8999999762
131440  -4.709  -92.821  -15.745 1.0000000000
1410  -5.398  -92.508  -16.916 1.0000000000
1792  -7.224  -91.855  -18.865 1.0000000000
2202  -8.144  -92.327  -20.209 1.0000000000
1367  -3.797  -93.377  -9.950 0.8999999762
1754  -4.527  -92.696  -14.410 1.0000000000
2203  -8.657  -91.611  -20.245 1.0000000000
2668  -9.018  -91.315  -25.013 1.0000000000
2681  -8.413  -90.883  -25.757 1.0000000000
3572  -8.954  -88.771  -28.157 0.8999999762
2701  -6.967  -90.017  -27.118 1.0000000000
4615  -7.622  -88.016  -36.403 0.8000000119
3126  -7.446  -89.382  -27.767 1.0000000000
3132  -6.845  -88.927  -28.632 1.0000000000
3146  -9.515  -88.821  -30.888 0.8999999762
5198  -9.785  -85.757  -36.279 0.8000000119
6647  -11.795  -83.966  -37.059 0.8000000119
4101  -12.490  -87.320  -36.392 0.8000000119
2332  -8.530  -92.632  -33.443 0.8999999762
1264  -8.338  -95.179  -32.103 0.8999999762
945  -9.141  -96.150  -31.411 0.8999999762
1253  -8.852  -95.557  -31.283 0.8999999762
3216  -11.375  -89.894  -38.427 0.6999999881
946  -9.463  -95.740  -30.758 0.8999999762
134194  -12.510  -89.791  -39.493 0.5000000000
2792  -10.763  -90.449  -37.985 0.6000000238
117208  -10.087  -91.225  -37.214 0.6999999881
2360  -10.117  -91.667  -35.660 0.6999999881
666  -10.676  -97.548  -30.429 0.8000000119
118006  -9.650  -92.375  -36.622 0.6000000238
1973  -9.661  -92.520  -35.992 0.6999999881
1964  -10.380  -92.506  -35.196 0.6999999881
936  -14.345  -95.971  -29.500 0.8000000119
1243  -16.328  -94.752  -29.748 0.6999999881
2801  -11.933  -90.641  -39.368 0.5000000000
2799  -10.611  -91.100  -38.187 0.6000000238
124799  -15.078  -96.007  -29.870 0.8000000119
671  -16.385  -96.639  -30.740 0.6999999881
949  -19.378  -95.765  -31.442 0.4000000060
679  -18.996  -96.536  -31.702 0.5000000000
115780  -6.590  -90.830  -17.604 1.0000000000
2173  -7.258  -90.859  -18.300 1.0000000000
2620  -8.516  -90.829  -19.534 1.0000000000
2642  -9.539  -91.078  -21.151 1.0000000000
2210  -8.436  -92.461  -22.125 1.0000000000
2212  -9.708  -91.143  -21.890 1.0000000000
2650  -10.080  -90.824  -22.552 1.0000000000
2227  -9.540  -91.385  -23.114 1.0000000000
2670  -10.121  -90.845  -24.236 1.0000000000
2656  -9.456  -91.346  -24.088 1.0000000000
2669  -10.074  -90.580  -25.122 1.0000000000
2682  -9.375  -90.770  -25.526 1.0000000000
3573  -9.803  -88.739  -27.902 0.8999999762
3099  -9.067  -90.360  -26.259 1.0000000000
3580  -9.537  -88.280  -28.735 0.8999999762
3587  -9.646  -88.193  -29.212 0.8999999762
5196  -6.985  -87.363  -37.405 0.8000000119
3136  -6.217  -88.656  -29.686 1.0000000000
3147  -10.493  -89.174  -30.599 0.8999999762
118059  -8.807  -86.834  -36.337 0.8000000119
5878  -10.678  -84.525  -37.316 0.8000000119
5880  -12.310  -84.406  -37.296 0.8000000119
4631  -12.970  -85.854  -36.818 0.8000000119
5879  -11.250  -84.357  -37.442 0.8000000119
1940  -10.510  -92.506  -32.234 0.8999999762
1609  -9.363  -94.229  -32.765 0.8999999762
1274  -9.234  -95.216  -32.509 0.8999999762
956  -8.966  -96.218  -31.903 0.8999999762
2044  -3.442  -92.416  -3.737 0.8000000119
1676  -5.250  -92.672  -2.934 0.6999999881
1688  -3.456  -93.118  -4.685 0.8000000119
3016  -0.480  -89.765  -18.102 1.0000000000
1693  -2.394  -92.520  -6.492 0.8999999762
1694  -3.085  -93.185  -5.972 0.8000000119
2598  -0.936  -90.713  -18.176 1.0000000000
1707  -1.887  -92.781  -8.263 0.8999999762
1340  -2.851  -93.248  -6.941 0.8999999762
1712  -1.721  -92.833  -9.140 0.8999999762
1720  -2.157  -92.591  -10.183 0.8999999762
1713  -2.627  -93.038  -9.581 0.8999999762
2109  -2.360  -91.725  -11.421 1.0000000000
3001  -6.489  -89.378  -17.507 1.0000000000
3002  -7.261  -89.192  -18.116 1.0000000000
127432  -8.476  -89.038  -18.957 1.0000000000
3044  -9.157  -90.037  -19.789 1.0000000000
1721  -3.318  -92.722  -10.318 0.8999999762
2110  -3.572  -91.810  -11.523 0.8999999762
2549  -3.822  -90.272  -13.988 1.0000000000
2561  -4.600  -90.099  -15.330 1.0000000000
2562  -5.200  -90.077  -16.102 1.0000000000
2985  -5.245  -89.370  -16.570 1.0000000000
3045  -9.762  -89.242  -20.096 1.0000000000
114685  -4.216  -91.229  -13.078 1.0000000000
2535  -4.344  -90.925  -13.793 1.0000000000
3060  -10.289  -89.795  -20.975 1.0000000000
3062  -11.415  -88.451  -21.469 1.0000000000
2644  -10.525  -90.182  -21.925 1.0000000000
2651  -11.017  -89.880  -22.483 1.0000000000
135210  -12.559  -87.775  -23.141 1.0000000000
5181  -4.150  -86.142  -35.370 0.6999999881
5182  -5.377  -86.588  -34.601 0.6999999881
4591  -6.129  -87.869  -33.852 0.8999999762
3534  -12.373  -88.252  -23.925 1.0000000000
133738  -4.429  -85.294  -39.101 0.6999999881
5888  -4.163  -85.590  -38.316 0.6999999881
2658  -10.658  -90.427  -23.436 1.0000000000
3992  -12.363  -87.985  -25.130 1.0000000000
131489  -5.355  -82.869  -42.830 0.4000000060
128216  -5.183  -83.357  -41.344 0.6000000238
132223  -4.629  -84.224  -42.021 0.5000000000
5919  -4.362  -85.823  -40.780 0.6000000238
4639  -4.141  -88.243  -38.883 0.6000000238
4613  -3.784  -87.464  -36.557 0.6999999881
4601  -5.503  -88.345  -34.525 0.8000000119
4087  -7.168  -89.004  -34.814 0.8999999762
4593  -10.321  -86.942  -34.219 0.8999999762
7360  -11.584  -82.798  -33.428 0.8999999762
8111  -13.508  -81.566  -33.112 0.8999999762
3532  -11.416  -89.444  -25.319 0.8999999762
3560  -11.100  -88.765  -26.968 0.8999999762
5231  -3.902  -87.763  -40.645 0.6000000238
4096  -4.318  -88.396  -37.486 0.6000000238
4099  -6.584  -89.084  -35.981 0.6999999881
4088  -8.208  -88.694  -34.652 0.8999999762
3543  -10.894  -89.361  -26.258 0.8999999762
7464  -6.093  -82.416  -41.678 0.6000000238
4640  -4.618  -88.489  -39.725 0.6000000238
4100  -7.642  -88.759  -35.379 0.8000000119
6589  -11.485  -83.127  -34.263 0.8999999762
3559  -10.259  -89.216  -27.101 0.8999999762
4022  -10.761  -88.251  -27.967 0.8999999762
4037  -11.257  -88.056  -28.529 0.8999999762
4112  -5.742  -88.980  -36.989 0.6000000238
134447  -9.758  -87.351  -34.828 0.8000000119
5183  -10.155  -86.402  -35.278 0.8000000119
126364  -11.194  -84.250  -35.165 0.8999999762
6601  -11.872  -82.695  -34.970 0.8999999762
7372  -12.768  -82.015  -34.460 0.8999999762
3598  -10.024  -88.563  -29.905 0.8999999762
4616  -8.555  -88.070  -35.497 0.8000000119
4617  -9.435  -87.163  -35.535 0.8000000119
5184  -10.553  -85.284  -35.700 0.8000000119
6617  -12.152  -82.865  -35.673 0.8999999762
125943  -13.754  -83.541  -34.797 0.8999999762
7373  -13.413  -82.251  -34.608 0.8999999762
3599  -11.084  -88.801  -29.708 0.8999999762
5199  -10.590  -84.728  -36.596 0.8000000119
6635  -12.007  -83.426  -36.421 0.8000000119
5820  -13.922  -84.889  -33.631 0.8999999762
5151  -14.004  -85.522  -32.389 0.8999999762
114932  -14.230  -85.736  -30.958 0.8999999762
2722  -10.899  -89.917  -31.085 0.8999999762
3148  -11.596  -89.472  -30.246 0.8999999762
5864  -12.366  -83.684  -36.665 0.8000000119
5834  -13.723  -84.580  -34.716 0.8999999762
5162  -13.639  -85.611  -34.120 0.8999999762
4056  -13.562  -87.575  -32.112 0.8999999762
127889  -10.333  -91.162  -32.087 0.8999999762
5200  -13.338  -85.080  -36.272 0.8999999762
4603  -13.239  -86.506  -35.406 0.8999999762
3608  -13.737  -88.343  -31.628 0.8999999762
2724  -13.359  -90.360  -30.228 0.8999999762
2323  -12.047  -91.535  -31.298 0.8999999762
4090  -12.863  -87.188  -35.599 0.8999999762
3648  -12.664  -87.593  -35.048 0.8999999762
126259  -13.042  -87.538  -33.891 0.8999999762
2725  -14.210  -90.855  -30.548 0.8999999762
1600  -10.772  -93.439  -32.103 0.8999999762
117862  -11.889  -88.277  -35.687 0.8999999762
3626  -12.446  -88.959  -33.256 0.8999999762
2760  -13.169  -90.313  -32.726 0.8999999762
1934  -13.846  -92.234  -30.810 0.8999999762
1266  -10.392  -94.751  -32.262 0.8999999762
3188  -11.839  -89.094  -34.096 0.8999999762
3178  -12.333  -89.767  -33.308 0.8999999762
2335  -14.457  -91.677  -31.648 0.8999999762
1601  -11.844  -94.138  -31.669 0.8999999762
1267  -11.363  -95.307  -31.743 0.8000000119
2767  -11.627  -90.137  -34.056 0.8999999762
122803  -13.327  -91.023  -32.804 0.8999999762
1949  -14.481  -92.643  -32.000 0.8000000119
685  -9.762  -96.530  -31.735 0.8999999762
2808  -12.385  -92.014  -40.443 0.5000000000
134108  -11.550  -91.466  -34.270 0.8000000119
2351  -11.995  -92.191  -34.068 0.8000000119
1965  -11.399  -93.162  -34.467 0.8000000119
960  -13.694  -95.998  -31.637 0.8000000119
443  -11.047  -98.044  -30.520 0.8000000119
2809  -13.062  -90.746  -40.398 0.5000000000
2382  -10.156  -91.528  -37.733 0.5000000000
123540  -14.196  -95.453  -32.565 0.6999999881
450  -11.955  -98.315  -31.117 0.8000000119
677  -17.009  -96.683  -31.220 0.6999999881
1640  -9.588  -93.165  -36.453 0.5000000000
1626  -10.721  -94.201  -34.732 0.6999999881
116765  -13.120  -95.667  -33.512 0.6999999881
115  -13.196  -98.924  -30.498 0.8000000119
248  -12.845  -99.034  -29.898 0.8000000119
136026  -10.100  -92.680  -37.980 0.5000000000
1286  -10.930  -95.159  -34.569 0.6999999881
971  -12.244  -96.726  -33.876 0.6999999881
457  -14.074  -97.757  -32.453 0.8000000119
444  -15.697  -97.640  -30.733 0.8000000119
447  -18.314  -96.912  -31.789 0.4000000060
1285  -10.130  -94.791  -35.062 0.6000000238
124547  -11.035  -96.465  -34.962 0.5000000000
135129  -13.066  -97.648  -34.047 0.5000000000
125851  -13.541  -97.793  -33.484 0.6999999881
264  -14.468  -97.987  -32.380 0.6999999881
260  -15.490  -98.052  -31.425 0.6000000238
254  -16.028  -97.738  -31.189 0.6000000238
453  -17.668  -97.219  -31.791 0.6000000238
261  -16.341  -97.858  -31.641 0.6000000238
448  -19.078  -96.823  -31.888 0.4000000060
273  -13.402  -97.866  -34.108 0.4000000060
115887  -16.859  -98.290  -33.927 0.4000000060
272  -16.802  -98.213  -32.981 0.4000000060
2438  -4.012  -90.595  -1.598 0.6000000238
2032  -3.588  -91.870  -2.892 0.8000000119
1682  -2.712  -91.962  -4.699 0.8000000119
3450  -0.242  -89.099  -17.492 1.0000000000
2067  -1.941  -91.817  -6.138 0.8999999762
117627  0.066  -89.716  -15.814 1.0000000000
2981  -0.039  -90.706  -16.276 1.0000000000
3027  -1.196  -90.151  -19.791 1.0000000000
121459  -1.091  -91.294  -7.217 0.8999999762
115375  0.364  -91.604  -13.385 1.0000000000
2532  0.144  -91.516  -14.365 1.0000000000
2558  -0.239  -91.226  -15.827 1.0000000000
117665  -1.406  -90.962  -18.338 1.0000000000
1711  -0.977  -92.515  -9.588 0.8999999762
2107  -0.035  -92.136  -11.851 1.0000000000
2117  0.079  -92.020  -12.818 1.0000000000
1719  -1.039  -92.569  -10.244 0.8999999762
2118  -0.694  -91.830  -12.942 1.0000000000
123509  -1.964  -90.718  -17.260 1.0000000000
117093  -2.956  -89.775  -16.927 1.0000000000
2119  -1.679  -91.567  -12.112 0.8999999762
2524  -2.306  -91.034  -12.763 1.0000000000
2548  -2.026  -90.688  -14.323 1.0000000000
135100  -2.687  -90.240  -14.729 1.0000000000
2983  -3.525  -89.400  -16.078 1.0000000000
3441  -4.749  -88.818  -16.989 1.0000000000
3442  -5.712  -88.864  -17.303 1.0000000000
3455  -6.508  -88.720  -17.924 1.0000000000
3467  -7.914  -88.733  -18.766 1.0000000000
3491  -9.955  -88.238  -20.120 1.0000000000
3959  -11.756  -87.121  -21.704 1.0000000000
2534  -2.935  -90.496  -13.526 1.0000000000
3046  -10.472  -88.825  -20.625 1.0000000000
4579  -7.912  -87.721  -33.170 1.0000000000
3079  -11.420  -89.632  -23.315 1.0000000000
8896  -7.535  -80.415  -38.227 0.8999999762
127070  -5.889  -82.677  -40.670 0.6999999881
7433  -5.772  -82.884  -39.244 0.6999999881
6667  -5.132  -83.533  -39.523 0.6999999881
126135  -3.902  -86.780  -39.579 0.6000000238
4078  -7.778  -88.622  -33.920 0.8999999762
5174  -10.995  -86.197  -33.660 1.0000000000
8091  -13.726  -81.378  -31.526 0.8999999762
3993  -12.643  -87.347  -25.284 0.8999999762
121950  -11.073  -85.167  -34.340 0.8999999762
3544  -11.559  -88.860  -26.113 0.8999999762
4004  -11.974  -87.607  -27.073 0.8999999762
4023  -11.773  -87.633  -27.685 0.8999999762
4032  -12.119  -87.244  -28.062 0.8999999762
6561  -14.961  -82.873  -31.024 0.8999999762
4038  -12.078  -87.676  -28.581 0.8999999762
3589  -11.644  -88.288  -29.069 0.8999999762
5848  -11.611  -83.591  -35.967 0.8000000119
5807  -14.313  -84.783  -32.124 0.8999999762
6619  -13.032  -82.992  -35.820 0.8999999762
5821  -14.278  -84.166  -33.061 0.8999999762
4554  -14.006  -86.218  -30.474 0.8999999762
3590  -12.615  -88.163  -29.259 0.8999999762
130668  -12.699  -89.688  -30.002 0.8999999762
122986  -14.044  -85.066  -32.847 0.8999999762
114180  -13.937  -86.977  -30.845 0.8999999762
134059  -13.793  -86.943  -30.286 0.8999999762
2723  -12.017  -90.188  -30.645 0.8999999762
4069  -13.202  -87.535  -33.080 0.8999999762
3609  -14.191  -88.971  -30.936 0.8999999762
2312  -13.378  -91.440  -30.611 0.8999999762
3647  -12.208  -88.198  -34.847 0.8999999762
3171  -13.994  -90.109  -31.912 0.8999999762
1941  -12.285  -93.086  -31.494 0.8999999762
1935  -14.438  -92.097  -30.958 0.8999999762
2759  -12.466  -90.701  -33.385 0.8999999762
1943  -14.055  -92.878  -31.151 0.8999999762
958  -10.805  -96.452  -31.643 0.8000000119
1956  -12.651  -92.862  -33.670 0.8000000119
1275  -14.526  -94.555  -32.097 0.8000000119
1276  -14.487  -94.557  -31.925 0.8000000119
121904  -12.209  -95.695  -31.496 0.8000000119
130353  -10.994  -97.504  -31.210 0.8000000119
1278  -13.685  -94.457  -33.087 0.8000000119
965  -14.487  -95.475  -31.970 0.8000000119
959  -12.522  -96.562  -31.451 0.8000000119
695  -14.270  -96.443  -31.981 0.8000000119
686  -12.533  -97.768  -31.320 0.8000000119
263  -14.025  -98.082  -32.320 0.8000000119
712  -10.966  -96.350  -35.697 0.4000000060
466  -12.144  -97.047  -34.583 0.4000000060
262  -17.764  -97.500  -31.961 0.5000000000
131939  -18.343  -97.493  -32.182 0.5000000000
459  -19.217  -97.026  -32.008 0.4000000060
277  -18.247  -97.993  -34.367 0.4000000060
2459  -2.326  -90.641  -4.097 0.8000000119
126224  -1.067  -87.856  -21.402 1.0000000000
134869  -1.517  -90.687  -5.793 0.8999999762
3451  -0.401  -88.353  -18.233 1.0000000000
116400  -0.856  -88.111  -20.290 1.0000000000
3502  -1.023  -88.984  -21.986 1.0000000000
3427  -0.011  -88.849  -15.134 1.0000000000
3041  -1.534  -90.357  -20.537 1.0000000000
3056  -1.399  -90.045  -21.924 1.0000000000
2649  -2.532  -90.978  -22.102 1.0000000000
121245  -2.603  -90.356  -23.497 1.0000000000
2086  -0.484  -91.869  -9.190 0.8999999762
3042  -3.173  -90.670  -20.757 1.0000000000
3058  -3.391  -90.680  -21.757 1.0000000000
2085  -0.108  -91.846  -9.906 0.8999999762
3043  -3.987  -90.175  -20.988 1.0000000000
3503  -5.080  -88.993  -21.980 1.0000000000
3514  -5.363  -88.555  -22.879 1.0000000000
2108  -0.889  -92.186  -11.579 1.0000000000
134990  -1.052  -91.434  -15.646 1.0000000000
2999  -2.379  -90.449  -17.914 1.0000000000
3018  -3.020  -90.103  -18.729 1.0000000000
3472  -3.911  -89.427  -19.274 1.0000000000
3939  -6.026  -87.906  -20.138 1.0000000000
3928  -7.534  -87.607  -19.785 1.0000000000
119613  -0.721  -91.589  -14.444 1.0000000000
3440  -3.898  -88.948  -16.823 1.0000000000
3463  -4.797  -88.449  -18.142 1.0000000000
3464  -5.480  -88.252  -18.586 1.0000000000
3920  -6.181  -87.985  -19.192 1.0000000000
3929  -8.426  -87.662  -19.777 1.0000000000
3941  -8.219  -87.288  -20.368 1.0000000000
4453  -9.651  -86.851  -20.851 1.0000000000
5043  -11.139  -86.123  -21.801 1.0000000000
3074  -11.659  -88.958  -22.296 1.0000000000
3971  -12.190  -87.386  -22.188 1.0000000000
5149  -9.694  -86.417  -31.552 1.0000000000
3526  -12.006  -88.921  -23.251 1.0000000000
4497  -12.938  -86.662  -23.058 1.0000000000
127296  -13.212  -86.710  -23.892 1.0000000000
8208  -6.767  -82.043  -40.441 0.6999999881
6655  -5.413  -83.389  -38.597 0.6999999881
6681  -4.726  -84.196  -40.215 0.6000000238
129370  -9.844  -87.438  -33.549 1.0000000000
4568  -10.182  -86.747  -32.290 1.0000000000
120789  -12.818  -87.429  -24.372 0.8999999762
4521  -12.979  -86.086  -26.539 0.8999999762
116039  -11.241  -83.936  -33.274 0.8999999762
4520  -12.537  -86.617  -26.848 0.8999999762
8220  -6.554  -81.041  -43.281 0.4000000060
7350  -14.585  -82.268  -32.569 0.8999999762
115380  -14.544  -84.683  -30.261 0.8999999762
4033  -12.533  -86.905  -28.566 0.8999999762
4541  -12.825  -86.075  -28.405 0.8999999762
7374  -13.952  -82.799  -34.305 0.8999999762
114909  -13.948  -85.663  -29.737 0.8999999762
4548  -13.087  -86.631  -29.157 0.8999999762
4042  -13.494  -87.358  -29.812 0.8999999762
6603  -14.022  -83.891  -34.027 0.8999999762
3137  -12.379  -88.933  -29.622 0.8999999762
4570  -13.841  -86.143  -32.235 0.8999999762
3591  -13.375  -88.166  -29.693 0.8999999762
3149  -13.451  -89.441  -29.919 0.8999999762
3601  -14.011  -88.667  -30.402 0.8999999762
128929  -14.400  -90.273  -30.617 0.8999999762
3627  -12.818  -88.176  -33.356 0.8999999762
3162  -14.513  -90.000  -31.009 0.8999999762
2726  -14.595  -90.876  -30.861 0.8999999762
136592  -13.005  -88.819  -32.684 0.8999999762
1604  -14.532  -93.653  -31.892 0.8000000119
1268  -12.725  -94.777  -31.468 0.8000000119
1270  -14.219  -95.326  -31.757 0.8000000119
117622  -11.435  -96.649  -35.226 0.4000000060
270  -14.967  -98.257  -33.351 0.6000000238
271  -16.021  -98.343  -33.697 0.5000000000
280  -15.559  -98.299  -35.463 0.4000000060
121942  -2.449  -90.171  -3.277 0.8000000119
137874  -1.670  -86.879  -21.978 1.0000000000
3926  -0.613  -87.964  -19.250 1.0000000000
3954  -1.366  -87.735  -22.249 1.0000000000
3982  -1.828  -88.169  -24.201 1.0000000000
135016  -1.331  -90.247  -6.156 0.8000000119
2878  -2.127  -89.844  -4.352 0.8000000119
3901  -0.210  -88.454  -16.843 1.0000000000
3523  -1.665  -89.044  -23.857 1.0000000000
130617  -1.015  -90.011  -7.126 0.8999999762
117785  -1.810  -89.869  -23.393 1.0000000000
3086  -2.703  -89.540  -25.004 1.0000000000
2510  0.034  -90.949  -10.166 1.0000000000
2946  0.499  -89.643  -13.318 1.0000000000
133203  0.202  -89.914  -15.135 1.0000000000
3524  -3.971  -89.894  -23.936 1.0000000000
3087  -3.624  -89.814  -24.784 1.0000000000
3541  -4.640  -88.802  -25.623 1.0000000000
125912  0.545  -90.594  -13.876 1.0000000000
134893  -4.436  -89.589  -22.248 1.0000000000
135308  -4.732  -89.192  -23.593 1.0000000000
122210  -1.191  -91.181  -16.988 1.0000000000
2618  -2.381  -90.842  -19.484 1.0000000000
3984  -6.414  -87.204  -24.041 1.0000000000
3978  -6.899  -86.968  -23.328 1.0000000000
3029  -3.962  -89.888  -20.216 1.0000000000
3489  -4.482  -89.233  -20.693 1.0000000000
3955  -5.619  -88.214  -21.145 1.0000000000
3504  -5.812  -88.183  -21.976 1.0000000000
3970  -6.683  -87.290  -22.573 1.0000000000
4480  -7.508  -86.843  -22.573 1.0000000000
4452  -8.760  -86.825  -21.004 1.0000000000
3490  -5.128  -88.448  -20.399 1.0000000000
4454  -10.363  -86.983  -20.874 1.0000000000
126825  -12.422  -85.754  -22.567 1.0000000000
5859  -4.431  -85.176  -36.249 0.6999999881
5171  -7.359  -86.809  -33.212 1.0000000000
5142  -9.126  -85.861  -31.197 1.0000000000
5143  -10.030  -85.800  -31.111 1.0000000000
136729  -5.796  -85.365  -35.119 0.8999999762
114071  -6.596  -85.486  -34.797 1.0000000000
5160  -8.024  -86.713  -32.571 1.0000000000
5078  -13.709  -85.217  -23.955 1.0000000000
5170  -6.608  -86.774  -33.861 1.0000000000
6575  -10.965  -84.430  -31.443 1.0000000000
4507  -13.578  -85.958  -24.444 1.0000000000
7434  -6.527  -82.189  -38.940 0.6999999881
7420  -6.129  -82.661  -38.545 0.6999999881
6645  -5.395  -83.678  -37.602 0.6999999881
5875  -4.631  -84.667  -37.297 0.6999999881
4580  -8.780  -87.365  -32.813 1.0000000000
5806  -11.118  -84.824  -32.268 1.0000000000
6576  -11.283  -83.561  -32.382 1.0000000000
8099  -13.248  -81.382  -32.227 0.8999999762
5091  -13.852  -85.314  -25.495 0.8999999762
5099  -13.532  -85.547  -26.189 0.8999999762
8194  -7.430  -81.079  -40.188 0.6999999881
8098  -12.509  -81.719  -31.973 1.0000000000
4513  -13.357  -86.036  -25.483 1.0000000000
5110  -13.364  -85.471  -27.155 0.8999999762
8101  -14.431  -81.748  -32.259 0.8999999762
127554  -15.031  -83.178  -30.036 0.8999999762
136906  -13.011  -85.696  -27.858 0.8999999762
8949  -7.409  -79.767  -42.989 0.4000000060
126492  -14.692  -83.935  -31.515 0.8999999762
5775  -14.510  -84.251  -28.758 0.8999999762
4542  -13.383  -85.837  -29.082 0.8999999762
126979  -2.499  -89.234  -4.578 0.6999999881
3306  -2.698  -88.828  -2.482 0.6000000238
115822  -1.130  -86.444  -17.322 1.0000000000
4446  -0.873  -86.854  -19.827 1.0000000000
4451  -1.603  -86.216  -20.734 1.0000000000
4492  -2.127  -87.039  -23.534 1.0000000000
3914  -0.599  -87.134  -17.802 1.0000000000
4442  -0.711  -86.817  -19.025 1.0000000000
4501  -2.291  -87.201  -24.442 1.0000000000
3902  -0.533  -87.531  -16.593 1.0000000000
119124  -2.073  -88.277  -25.085 1.0000000000
3989  -2.263  -88.354  -26.014 1.0000000000
124256  -0.539  -90.029  -8.682 1.0000000000
3406  0.282  -89.051  -13.745 1.0000000000
3540  -2.892  -89.085  -25.933 1.0000000000
125058  -0.056  -89.942  -9.894 1.0000000000
2942  -0.148  -88.938  -10.963 1.0000000000
114753  -3.934  -89.197  -26.172 1.0000000000
3555  -3.389  -88.733  -26.644 1.0000000000
3557  -4.788  -88.377  -26.402 1.0000000000
123982  0.600  -90.235  -11.663 1.0000000000
3990  -5.390  -87.878  -25.284 1.0000000000
4482  -9.180  -86.120  -22.309 1.0000000000
5056  -10.613  -85.579  -22.431 1.0000000000
4496  -9.168  -85.762  -23.119 1.0000000000
5055  -9.808  -85.736  -22.560 1.0000000000
9697  -6.995  -79.310  -38.127 1.0000000000
5831  -7.398  -85.478  -34.114 1.0000000000
6632  -6.117  -83.713  -36.554 0.8999999762
5860  -6.224  -84.602  -35.670 0.8999999762
5172  -7.666  -85.890  -32.954 1.0000000000
5795  -9.638  -84.981  -30.915 1.0000000000
6566  -10.732  -84.196  -30.603 1.0000000000
7276  -13.038  -82.877  -25.366 1.0000000000
5077  -11.701  -84.827  -22.971 1.0000000000
5058  -12.980  -85.348  -23.232 1.0000000000
7333  -11.828  -82.872  -30.174 1.0000000000
6490  -13.624  -83.717  -24.585 1.0000000000
5085  -14.123  -84.543  -24.786 1.0000000000
8179  -7.431  -80.960  -39.278 0.6999999881
7421  -6.850  -82.089  -38.312 0.6999999881
6656  -6.092  -82.876  -37.937 0.8000000119
6631  -5.293  -84.121  -36.821 0.8000000119
5805  -10.661  -85.392  -31.592 1.0000000000
125743  -11.985  -82.405  -31.560 1.0000000000
8080  -12.743  -81.614  -30.511 1.0000000000
5092  -14.195  -84.708  -25.427 1.0000000000
8941  -7.697  -79.957  -41.763 0.6999999881
116187  -13.869  -81.436  -30.013 1.0000000000
7326  -14.592  -81.795  -29.990 0.8999999762
8081  -13.438  -81.367  -30.697 1.0000000000
114953  -14.965  -83.324  -29.104 0.8999999762
5762  -14.478  -84.171  -27.711 0.8999999762
123821  -14.044  -84.739  -28.204 0.8999999762
9737  -7.489  -79.254  -42.368 0.6000000238
5129  -14.337  -84.889  -29.638 0.8999999762
5122  -13.433  -85.326  -28.184 0.8999999762
3307  -2.930  -88.083  -3.487 0.6000000238
4433  -1.859  -85.848  -17.629 1.0000000000
4493  -2.674  -86.167  -23.788 1.0000000000
2902  -1.671  -89.626  -6.516 0.8999999762
4415  -0.992  -86.668  -16.524 1.0000000000
3375  -1.218  -88.896  -9.528 1.0000000000
129977  -1.557  -89.486  -7.307 0.8999999762
3407  -0.381  -87.913  -13.600 1.0000000000
3878  -0.812  -87.346  -14.294 1.0000000000
4502  -2.731  -86.296  -24.674 1.0000000000
120864  -2.354  -87.318  -25.391 1.0000000000
3398  0.105  -88.678  -12.890 1.0000000000
3414  -0.131  -88.316  -14.374 1.0000000000
115008  -5.607  -87.449  -25.992 1.0000000000
135388  -6.035  -87.309  -24.702 1.0000000000
3985  -7.126  -86.624  -24.032 1.0000000000
115277  -7.729  -86.160  -24.134 1.0000000000
5074  -9.154  -85.447  -23.745 1.0000000000
10532  -5.947  -78.273  -34.423 1.0000000000
5076  -10.897  -85.071  -23.052 1.0000000000
10564  -6.722  -78.719  -37.379 1.0000000000
131467  -7.293  -78.753  -33.265 1.0000000000
8849  -7.602  -80.236  -32.909 1.0000000000
5832  -7.846  -84.752  -33.397 1.0000000000
5804  -8.676  -84.675  -31.439 1.0000000000
6558  -10.080  -84.368  -30.078 1.0000000000
4512  -7.447  -85.954  -25.349 1.0000000000
5090  -9.318  -84.989  -24.839 1.0000000000
5075  -9.904  -85.294  -23.227 1.0000000000
118986  -5.907  -78.683  -38.200 1.0000000000
6634  -7.927  -83.283  -36.128 0.8999999762
5846  -7.941  -84.113  -34.575 1.0000000000
6547  -10.876  -83.706  -29.069 1.0000000000
6483  -12.366  -83.683  -24.035 1.0000000000
6484  -13.090  -84.036  -23.866 1.0000000000
5845  -7.381  -84.481  -35.175 0.8999999762
6560  -11.463  -83.317  -29.674 1.0000000000
6548  -11.663  -83.006  -28.966 1.0000000000
130762  -8.599  -82.774  -35.720 1.0000000000
6499  -14.035  -83.480  -25.294 1.0000000000
8910  -7.538  -80.759  -38.524 0.8000000119
7408  -6.780  -82.383  -37.776 0.8000000119
7397  -6.692  -82.906  -37.110 0.8000000119
8054  -12.878  -81.714  -28.441 1.0000000000
7301  -14.306  -82.336  -27.175 1.0000000000
137811  -14.600  -83.704  -26.438 1.0000000000
8923  -7.396  -80.300  -39.577 0.8000000119
129953  -14.645  -82.174  -28.533 1.0000000000
116064  -14.844  -83.308  -28.075 0.8999999762
120957  -14.467  -84.243  -26.803 0.8999999762
9728  -7.010  -79.247  -40.828 0.8000000119
120870  -14.989  -82.471  -29.504 0.8999999762
9732  -7.419  -79.284  -41.606 0.6999999881
10614  -6.862  -78.530  -41.886 0.8000000119
9745  -7.298  -78.587  -43.619 0.5000000000
3772  -2.526  -87.796  -2.374 0.5000000000
3330  -3.402  -87.825  -5.142 0.6000000238
128815  -3.009  -85.708  -16.376 1.0000000000
5030  -2.100  -85.616  -19.329 1.0000000000
5041  -2.203  -85.484  -20.959 1.0000000000
117141  -2.860  -88.418  -7.542 0.8000000119
3342  -2.638  -88.881  -6.144 0.6999999881
4403  -1.544  -86.452  -15.768 1.0000000000
4416  -1.918  -86.014  -16.635 1.0000000000
5006  -1.954  -85.716  -18.484 1.0000000000
3364  -1.940  -88.913  -7.948 1.0000000000
3868  -1.318  -87.113  -13.546 1.0000000000
3889  -1.203  -86.873  -15.010 1.0000000000
4432  -1.077  -86.397  -18.271 1.0000000000
4461  -1.951  -86.215  -21.635 1.0000000000
116038  -2.349  -85.480  -21.638 1.0000000000
117813  -2.833  -85.228  -23.169 1.0000000000
3383  -1.176  -88.576  -10.339 1.0000000000
3400  -0.760  -87.958  -12.084 1.0000000000
5073  -2.990  -85.320  -24.126 1.0000000000
3390  -0.701  -88.329  -11.453 1.0000000000
4510  -2.724  -86.150  -25.638 1.0000000000
5748  -3.162  -84.683  -26.244 1.0000000000
4515  -2.504  -87.304  -27.256 1.0000000000
123583  -2.983  -87.771  -27.642 1.0000000000
5095  -2.758  -85.646  -26.537 1.0000000000
4530  -2.710  -87.158  -28.212 1.0000000000
3570  -3.547  -88.336  -27.368 1.0000000000
4019  -4.177  -88.107  -28.250 1.0000000000
5106  -2.544  -86.313  -27.604 1.0000000000
4017  -3.136  -87.403  -28.771 1.0000000000
119581  -5.366  -87.403  -27.571 1.0000000000
10531  -4.672  -78.531  -34.121 1.0000000000
10524  -5.834  -78.365  -33.429 1.0000000000
5118  -2.703  -85.660  -28.518 1.0000000000
4002  -6.251  -86.720  -26.258 1.0000000000
4504  -7.279  -86.233  -24.714 1.0000000000
4546  -3.163  -86.826  -30.490 1.0000000000
4029  -3.529  -87.503  -29.261 1.0000000000
4511  -6.798  -86.395  -25.399 1.0000000000
8088  -5.852  -81.194  -31.247 1.0000000000
6552  -3.423  -84.531  -31.237 1.0000000000
5133  -4.496  -85.482  -31.291 1.0000000000
5119  -5.470  -86.485  -29.239 1.0000000000
4518  -6.631  -86.157  -26.977 1.0000000000
5738  -10.712  -84.290  -24.365 1.0000000000
10550  -5.410  -78.421  -37.269 1.0000000000
8096  -7.428  -81.074  -32.638 1.0000000000
121615  -8.201  -83.603  -32.176 1.0000000000
117081  -8.730  -84.066  -31.115 1.0000000000
5121  -6.828  -85.110  -29.494 1.0000000000
5096  -7.280  -85.510  -26.985 1.0000000000
122588  -8.684  -85.102  -25.355 1.0000000000
5737  -9.944  -84.674  -24.656 1.0000000000
5749  -8.847  -84.630  -26.800 1.0000000000
6487  -11.158  -83.865  -24.980 1.0000000000
6488  -11.954  -83.434  -24.715 1.0000000000
118524  -9.022  -81.834  -35.496 1.0000000000
7370  -8.847  -82.430  -34.774 1.0000000000
7359  -8.344  -83.117  -33.356 1.0000000000
6520  -11.113  -83.459  -27.842 1.0000000000
7268  -13.481  -83.242  -25.086 1.0000000000
10588  -5.140  -79.029  -39.646 1.0000000000
127096  -7.698  -79.877  -37.746 0.8999999762
7312  -11.823  -82.825  -28.096 1.0000000000
117824  -13.261  -82.576  -25.976 1.0000000000
8895  -7.252  -79.765  -38.671 0.8000000119
8150  -7.387  -81.501  -37.840 0.8999999762
7398  -7.728  -82.590  -36.705 0.8999999762
8042  -13.271  -81.778  -27.828 1.0000000000
9727  -5.913  -79.266  -40.211 0.8000000119
8043  -14.037  -81.897  -27.821 1.0000000000
10601  -5.914  -78.753  -41.405 0.8000000119
10628  -7.130  -78.291  -42.619 0.6000000238
10640  -6.816  -77.391  -43.885 0.5000000000
11544  -5.579  -76.531  -43.334 0.6999999881
4266  -2.147  -86.390  -3.740 0.5000000000
3792  -3.372  -87.001  -4.986 0.6000000238
3343  -3.408  -88.067  -5.951 0.6999999881
118973  -2.519  -86.019  -15.726 1.0000000000
133329  -2.597  -85.540  -17.943 1.0000000000
5036  -2.697  -84.841  -20.522 1.0000000000
3819  -3.510  -87.590  -7.550 0.8999999762
3869  -2.316  -86.751  -13.516 1.0000000000
5042  -2.543  -84.792  -21.322 1.0000000000
3384  -1.974  -87.994  -10.598 1.0000000000
3859  -1.999  -87.352  -12.240 1.0000000000
5718  -2.639  -84.106  -21.786 1.0000000000
128504  -1.130  -88.250  -10.938 1.0000000000
116957  -3.194  -85.029  -24.859 1.0000000000
6466  -2.669  -83.390  -22.333 1.0000000000
5742  -3.280  -84.353  -25.340 1.0000000000
117982  -2.870  -84.991  -27.394 1.0000000000
135289  -3.341  -83.933  -25.865 1.0000000000
4538  -2.817  -87.075  -29.187 1.0000000000
4517  -6.003  -86.834  -27.224 1.0000000000
10514  -5.541  -78.520  -32.630 1.0000000000
122847  -3.086  -84.015  -27.854 1.0000000000
130626  -3.009  -83.959  -29.330 1.0000000000
4552  -3.617  -86.653  -30.929 1.0000000000
5097  -7.727  -85.350  -26.404 1.0000000000
115978  -4.507  -78.579  -35.281 1.0000000000
120095  -5.203  -83.292  -30.666 1.0000000000
5787  -4.972  -84.421  -30.995 1.0000000000
5744  -9.546  -84.588  -25.500 1.0000000000
7347  -8.245  -82.673  -32.789 1.0000000000
6564  -7.927  -83.339  -31.387 1.0000000000
119945  -7.899  -84.135  -29.957 1.0000000000
5782  -8.245  -84.377  -29.300 1.0000000000
5759  -8.718  -84.513  -27.677 1.0000000000
6507  -10.909  -83.732  -26.320 1.0000000000
9682  -7.568  -78.736  -36.638 1.0000000000
8856  -8.863  -80.732  -34.431 1.0000000000
116108  -8.649  -82.221  -33.829 1.0000000000
7340  -8.151  -83.296  -32.002 1.0000000000
137581  -8.426  -83.797  -30.886 1.0000000000
116076  -9.397  -84.323  -29.793 1.0000000000
120906  -10.029  -84.073  -28.745 1.0000000000
129855  -9.984  -84.068  -28.075 1.0000000000
6497  -11.589  -83.417  -25.657 1.0000000000
9683  -8.149  -79.215  -36.729 1.0000000000
8863  -8.962  -80.271  -35.076 1.0000000000
128186  -11.572  -83.159  -27.378 1.0000000000
10574  -4.284  -78.680  -39.188 1.0000000000
10600  -4.412  -78.930  -40.911 0.8999999762
10612  -4.195  -78.138  -42.096 0.8000000119
10613  -5.397  -77.724  -42.486 0.8000000119
11535  -4.228  -76.813  -42.767 0.8000000119
4265  -0.057  -86.324  -4.005 0.5000000000
4282  0.098  -86.237  -4.906 0.5000000000
4283  -0.020  -86.275  -5.593 0.5000000000
4267  -2.916  -86.484  -4.715 0.6000000238
136328  -3.332  -85.808  -15.697 1.0000000000
4300  -3.439  -86.559  -6.409 0.6999999881
4405  -3.212  -86.067  -14.991 1.0000000000
5007  -3.428  -85.413  -17.766 1.0000000000
5021  -4.061  -85.208  -18.339 1.0000000000
5707  -3.204  -84.226  -20.499 1.0000000000
4326  -3.866  -86.602  -8.584 0.8999999762
3860  -3.077  -87.041  -12.094 1.0000000000
4434  -2.740  -85.612  -17.207 1.0000000000
3838  -3.032  -87.728  -10.109 1.0000000000
3852  -2.769  -87.561  -10.960 1.0000000000
129147  -2.964  -85.310  -18.653 1.0000000000
3391  -1.728  -87.791  -11.404 1.0000000000
6482  -2.686  -83.157  -23.314 1.0000000000
5736  -3.107  -83.979  -24.341 1.0000000000
5088  -3.087  -85.158  -25.712 1.0000000000
10523  -4.839  -78.463  -33.201 1.0000000000
5757  -2.832  -84.726  -28.542 1.0000000000
114325  -3.402  -83.164  -28.162 1.0000000000
8087  -5.391  -81.198  -30.588 1.0000000000
7324  -3.895  -82.742  -30.000 1.0000000000
117173  -6.136  -85.711  -29.339 1.0000000000
8848  -6.920  -80.083  -32.075 1.0000000000
116492  -6.831  -85.403  -28.548 1.0000000000
5750  -9.531  -84.361  -26.416 1.0000000000
120581  -5.401  -78.341  -36.232 1.0000000000
10539  -6.224  -78.252  -35.508 1.0000000000
6562  -5.868  -82.249  -31.286 1.0000000000
115799  -6.171  -83.657  -30.676 1.0000000000
5781  -7.460  -84.483  -29.712 1.0000000000
5773  -7.636  -84.810  -28.747 1.0000000000
5109  -8.083  -85.030  -27.117 1.0000000000
10534  -8.168  -78.714  -35.061 1.0000000000
8109  -8.042  -80.989  -33.257 1.0000000000
7346  -7.429  -81.920  -32.483 1.0000000000
7339  -7.638  -82.669  -32.104 1.0000000000
10541  -8.276  -78.892  -36.045 1.0000000000
10573  -3.775  -78.320  -39.323 1.0000000000
133306  -3.632  -78.069  -40.184 1.0000000000
12445  -3.817  -75.781  -40.988 1.0000000000
12476  -5.168  -75.622  -43.135 0.6999999881
12486  -5.781  -75.346  -44.124 0.6000000238
128604  -6.272  -75.159  -45.486 0.4000000060
13335  -6.590  -74.785  -45.128 0.5000000000
115898  -2.217  -85.718  -6.351 0.6000000238
128499  -3.749  -86.753  -7.939 0.8000000119
4867  -3.113  -85.907  -6.763 0.6000000238
4991  -3.689  -85.510  -16.935 1.0000000000
5022  -4.907  -85.056  -17.995 1.0000000000
5683  -4.710  -84.799  -18.840 1.0000000000
5697  -4.925  -84.352  -19.513 1.0000000000
3839  -3.877  -86.919  -9.441 1.0000000000
5008  -4.338  -85.331  -17.493 1.0000000000
6449  -4.510  -83.337  -20.488 1.0000000000
5715  -3.490  -83.593  -20.752 1.0000000000
6467  -3.112  -82.614  -21.692 1.0000000000
6486  -2.691  -83.003  -24.141 1.0000000000
7267  -2.416  -82.054  -23.469 1.0000000000
6495  -2.982  -83.360  -25.085 1.0000000000
6506  -3.235  -83.226  -26.007 1.0000000000
7298  -3.494  -82.427  -27.221 1.0000000000
8832  -4.376  -80.386  -29.072 1.0000000000
137756  -3.553  -81.922  -27.418 1.0000000000
120492  -3.455  -82.957  -29.312 1.0000000000
8845  -5.698  -80.180  -30.864 1.0000000000
8838  -5.008  -80.846  -29.851 1.0000000000
8052  -3.566  -81.337  -27.614 1.0000000000
10549  -3.996  -78.401  -37.395 1.0000000000
123207  -3.483  -78.050  -32.126 1.0000000000
9641  -6.239  -79.008  -32.012 1.0000000000
8846  -6.209  -80.159  -31.429 1.0000000000
121333  -4.496  -83.185  -30.610 1.0000000000
6553  -4.135  -84.011  -31.169 1.0000000000
10563  -4.746  -78.510  -38.295 1.0000000000
11448  -3.131  -77.503  -32.078 1.0000000000
7337  -5.526  -81.864  -30.974 1.0000000000
7338  -6.546  -82.059  -31.895 1.0000000000
11484  -3.658  -78.054  -37.580 1.0000000000
11474  -3.782  -78.269  -36.443 1.0000000000
12405  -4.027  -76.264  -39.085 1.0000000000
12425  -3.790  -76.112  -40.091 1.0000000000
12427  -5.471  -75.856  -40.000 0.8999999762
12477  -5.857  -75.351  -43.254 0.8000000119
12463  -5.737  -75.490  -42.637 0.8000000119
130050  0.404  -85.615  -6.904 0.5000000000
4298  0.108  -86.127  -6.328 0.5000000000
4299  -0.705  -85.972  -6.216 0.6000000238
4313  0.034  -86.055  -7.172 0.6000000238
116661  -0.267  -85.796  -7.990 0.6000000238
4882  -2.444  -85.552  -7.243 0.6000000238
4881  -1.199  -85.600  -7.112 0.6000000238
134861  -3.585  -86.302  -7.687 0.8000000119
4399  -3.988  -85.956  -14.595 1.0000000000
117299  -4.568  -85.656  -14.877 1.0000000000
4992  -4.578  -85.410  -16.655 1.0000000000
4343  -4.245  -86.053  -9.584 1.0000000000
4375  -3.613  -86.598  -12.605 1.0000000000
5698  -6.424  -84.203  -19.018 1.0000000000
4965  -4.849  -85.573  -12.753 1.0000000000
116645  -5.272  -85.324  -14.849 1.0000000000
4981  -5.763  -85.043  -15.640 1.0000000000
5684  -6.057  -84.555  -18.281 1.0000000000
6450  -5.579  -83.262  -20.405 1.0000000000
6460  -5.035  -82.692  -20.872 1.0000000000
4954  -4.828  -85.373  -11.805 1.0000000000
4966  -5.441  -84.995  -13.115 1.0000000000
130809  -6.226  -84.535  -14.130 1.0000000000
5643  -6.819  -84.200  -14.615 1.0000000000
5668  -6.368  -84.614  -17.537 1.0000000000
6459  -3.853  -82.724  -21.091 1.0000000000
5618  -6.112  -83.771  -13.246 1.0000000000
5669  -7.214  -84.314  -17.144 1.0000000000
7226  -4.652  -82.231  -21.352 1.0000000000
7258  -3.393  -81.456  -22.287 1.0000000000
10522  -3.877  -78.584  -33.743 1.0000000000
8005  -2.567  -80.906  -23.413 1.0000000000
8774  -2.674  -79.911  -23.688 1.0000000000
8018  -1.760  -80.662  -24.366 1.0000000000
137748  -1.533  -80.237  -24.913 1.0000000000
9624  -4.146  -78.874  -29.537 1.0000000000
8780  -1.838  -79.570  -24.561 1.0000000000
8790  -1.652  -79.902  -25.422 1.0000000000
9568  -3.999  -78.466  -24.428 1.0000000000
10475  -2.803  -78.415  -27.922 1.0000000000
9576  -1.968  -78.419  -25.587 1.0000000000
9578  -4.647  -78.075  -25.246 1.0000000000
12390  -3.804  -76.881  -38.129 1.0000000000
10507  -3.391  -77.859  -31.424 1.0000000000
10489  -3.134  -78.153  -29.143 1.0000000000
10436  -2.431  -77.505  -26.066 1.0000000000
9579  -5.615  -79.081  -26.222 1.0000000000
12375  -3.630  -77.527  -36.813 1.0000000000
11455  -3.024  -77.421  -32.946 1.0000000000
11439  -3.194  -77.104  -30.976 1.0000000000
11438  -3.030  -77.105  -29.904 1.0000000000
10474  -2.598  -77.413  -28.278 1.0000000000
10460  -2.347  -77.290  -27.204 1.0000000000
10437  -3.980  -77.073  -25.572 1.0000000000
10463  -5.837  -77.427  -26.914 1.0000000000
12366  -3.619  -77.238  -36.112 1.0000000000
12347  -3.115  -76.842  -33.642 1.0000000000
11410  -3.768  -76.361  -27.929 1.0000000000
125266  -4.001  -76.453  -27.093 1.0000000000
11466  -3.265  -77.405  -34.901 1.0000000000
12348  -3.711  -75.851  -33.471 1.0000000000
12321  -3.494  -76.575  -31.769 1.0000000000
12271  -4.736  -76.405  -27.840 1.0000000000
11397  -5.170  -76.642  -27.285 1.0000000000
12391  -4.616  -75.973  -38.144 1.0000000000
12406  -5.030  -75.805  -39.036 1.0000000000
12428  -6.776  -76.299  -39.942 1.0000000000
12464  -7.318  -75.807  -42.156 0.6999999881
12447  -6.505  -75.825  -41.700 0.8999999762
137321  -4.832  -75.381  -41.735 0.8999999762
13336  -7.901  -74.327  -44.792 0.6000000238
13324  -8.340  -74.789  -43.742 0.6000000238
5549  0.579  -84.821  -8.361 0.5000000000
4896  -1.688  -85.372  -7.927 0.6000000238
4914  -3.361  -85.392  -8.895 0.8000000119
121650  -2.219  -85.196  -8.734 0.8000000119
5667  -5.625  -84.837  -17.727 1.0000000000
129081  -4.496  -85.992  -10.688 1.0000000000
5631  -5.978  -84.434  -13.446 1.0000000000
5710  -6.089  -83.731  -19.821 1.0000000000
118833  -9.415  -81.272  -22.713 1.0000000000
6345  -5.377  -83.525  -12.739 1.0000000000
6363  -6.630  -83.447  -13.799 1.0000000000
6411  -8.148  -83.644  -16.802 1.0000000000
6461  -6.118  -82.768  -20.923 1.0000000000
7260  -5.440  -81.493  -22.546 1.0000000000
7978  -8.935  -81.592  -23.137 1.0000000000
7997  -4.676  -80.845  -22.806 1.0000000000
7999  -7.093  -81.686  -23.795 1.0000000000
118342  -8.864  -81.201  -24.140 1.0000000000
8775  -4.207  -79.747  -23.615 1.0000000000
8019  -5.418  -80.493  -24.486 1.0000000000
8782  -4.682  -79.510  -24.434 1.0000000000
8783  -5.708  -80.371  -25.331 1.0000000000
8781  -3.181  -79.006  -23.856 1.0000000000
8791  -5.158  -79.279  -25.291 1.0000000000
12305  -3.528  -76.421  -30.099 1.0000000000
9598  -6.158  -78.740  -27.004 1.0000000000
115468  -6.180  -75.719  -35.888 1.0000000000
135729  -4.356  -75.551  -35.151 1.0000000000
10476  -6.645  -78.415  -27.816 1.0000000000
12376  -4.313  -76.110  -36.636 1.0000000000
12291  -3.300  -76.532  -29.470 1.0000000000
120580  -5.265  -75.919  -37.279 1.0000000000
121145  -6.546  -75.946  -37.097 1.0000000000
12367  -4.206  -75.788  -35.893 1.0000000000
12338  -4.633  -75.893  -32.791 1.0000000000
124363  -4.515  -76.187  -31.771 1.0000000000
12293  -5.123  -76.300  -29.212 1.0000000000
10477  -7.181  -77.990  -28.529 1.0000000000
12392  -5.984  -75.925  -38.070 1.0000000000
116771  -6.313  -76.097  -39.049 1.0000000000
12479  -8.740  -75.473  -42.493 0.8999999762
124941  -8.707  -76.108  -41.321 0.8999999762
132246  -7.120  -76.224  -40.680 1.0000000000
13325  -9.069  -73.906  -44.297 0.6000000238
6280  0.479  -84.324  -9.001 0.5000000000
4894  0.309  -85.454  -8.442 0.5000000000
115206  0.226  -85.387  -9.467 0.6000000238
5559  0.598  -85.077  -9.240 0.5000000000
121193  -0.879  -85.394  -8.769 0.6000000238
4932  -0.963  -85.210  -10.356 0.8000000119
133622  -8.255  -80.637  -19.440 1.0000000000
9512  -7.579  -80.104  -20.116 1.0000000000
5582  -3.544  -84.589  -10.425 1.0000000000
5580  -1.605  -84.801  -10.893 0.8000000119
7945  -8.781  -81.451  -18.415 1.0000000000
8744  -9.317  -80.920  -20.478 1.0000000000
5699  -7.342  -83.991  -18.733 1.0000000000
7211  -9.515  -82.030  -19.557 1.0000000000
7231  -9.503  -81.883  -21.299 1.0000000000
8750  -8.292  -79.632  -21.672 1.0000000000
6325  -4.037  -83.731  -11.647 1.0000000000
6429  -7.960  -83.905  -17.947 1.0000000000
6439  -7.171  -83.682  -19.600 1.0000000000
121421  -8.620  -83.324  -17.492 1.0000000000
7220  -8.265  -82.930  -20.750 1.0000000000
7229  -7.886  -82.601  -21.619 1.0000000000
16729  -7.225  -71.599  -36.207 1.0000000000
8784  -8.909  -80.945  -25.117 1.0000000000
116156  -8.124  -71.658  -37.554 1.0000000000
8010  -8.321  -81.382  -24.859 1.0000000000
8009  -7.502  -81.539  -24.692 1.0000000000
8022  -8.500  -81.047  -26.119 1.0000000000
8031  -7.795  -81.296  -26.055 1.0000000000
8794  -8.162  -80.996  -26.895 1.0000000000
8792  -6.126  -80.171  -26.161 1.0000000000
8793  -7.230  -80.764  -26.644 1.0000000000
15843  -10.439  -72.741  -38.363 1.0000000000
9599  -7.030  -79.497  -27.731 1.0000000000
122561  -11.278  -75.569  -38.027 1.0000000000
12306  -4.450  -76.055  -30.048 1.0000000000
9612  -7.471  -79.131  -28.489 1.0000000000
12359  -5.188  -75.594  -34.540 1.0000000000
12350  -5.815  -76.050  -33.043 1.0000000000
12339  -5.572  -76.178  -32.260 1.0000000000
12322  -5.152  -76.173  -30.787 1.0000000000
115078  -5.772  -76.257  -29.945 1.0000000000
12280  -5.697  -76.577  -28.239 1.0000000000
11412  -6.916  -76.957  -28.576 1.0000000000
121141  -7.942  -76.374  -38.272 1.0000000000
12430  -9.211  -76.451  -39.732 1.0000000000
13310  -9.973  -74.620  -42.544 0.8999999762
12465  -9.469  -75.784  -41.563 0.8999999762
12449  -8.780  -76.348  -40.492 1.0000000000
7098  -1.777  -81.898  -11.265 0.5000000000
7083  -0.507  -83.016  -10.229 0.5000000000
7109  0.037  -83.235  -13.145 0.6999999881
117573  0.182  -83.563  -12.252 0.6000000238
7097  -0.585  -82.811  -11.243 0.6000000238
6306  0.527  -84.892  -10.533 0.6999999881
121047  0.205  -83.757  -13.649 0.8000000119
5595  0.041  -85.124  -11.988 0.8000000119
4942  -0.437  -85.241  -11.230 0.8000000119
4931  -0.139  -85.403  -10.657 0.8000000119
9478  -4.799  -79.996  -18.224 1.0000000000
8731  -6.359  -80.328  -19.488 1.0000000000
5616  -1.647  -84.469  -12.346 0.8000000119
5596  -0.845  -85.001  -11.887 0.8000000119
8697  -5.012  -81.401  -18.841 1.0000000000
7944  -7.849  -81.304  -17.763 1.0000000000
7943  -7.163  -81.012  -18.878 1.0000000000
9525  -7.578  -79.592  -20.944 1.0000000000
6324  -2.974  -83.893  -11.841 1.0000000000
5597  -2.239  -84.399  -11.395 0.8999999762
4994  -6.180  -84.792  -16.347 1.0000000000
9532  -7.621  -78.596  -22.379 1.0000000000
6343  -3.540  -83.446  -12.407 1.0000000000
5656  -7.407  -84.115  -16.219 1.0000000000
115577  -8.314  -81.694  -16.923 1.0000000000
7929  -8.623  -81.636  -17.667 1.0000000000
9540  -8.994  -80.123  -22.456 1.0000000000
7111  -4.042  -83.023  -12.810 1.0000000000
7122  -5.584  -82.796  -13.320 1.0000000000
5644  -7.361  -83.569  -14.743 1.0000000000
7181  -9.172  -82.015  -18.032 1.0000000000
126633  -8.958  -79.953  -23.255 1.0000000000
9554  -8.549  -78.947  -23.836 1.0000000000
7112  -4.783  -82.883  -12.949 1.0000000000
6430  -8.702  -83.297  -18.294 1.0000000000
7221  -9.112  -82.491  -20.677 1.0000000000
16683  -8.194  -71.391  -34.891 1.0000000000
9562  -8.935  -79.162  -24.627 1.0000000000
125722  -9.083  -80.500  -25.861 1.0000000000
16704  -9.239  -71.249  -35.596 1.0000000000
16685  -11.181  -71.047  -35.319 1.0000000000
16748  -8.961  -71.899  -37.817 1.0000000000
121140  -8.225  -71.441  -36.046 1.0000000000
16732  -10.255  -71.542  -36.600 1.0000000000
16706  -11.038  -71.547  -36.241 1.0000000000
118157  -11.900  -71.995  -35.807 1.0000000000
15785  -12.380  -72.411  -35.150 1.0000000000
16669  -12.614  -71.319  -34.206 1.0000000000
15842  -9.061  -72.167  -38.436 1.0000000000
126975  -12.067  -72.785  -36.433 1.0000000000
14946  -12.348  -73.178  -35.654 1.0000000000
8821  -7.923  -80.046  -28.244 1.0000000000
9600  -8.778  -80.008  -28.299 1.0000000000
15828  -9.702  -72.288  -38.024 1.0000000000
137539  -12.062  -73.184  -36.852 1.0000000000
14083  -12.115  -74.261  -35.761 1.0000000000
14923  -12.273  -73.950  -34.200 1.0000000000
9613  -8.349  -79.518  -28.842 1.0000000000
12380  -9.461  -76.319  -36.460 1.0000000000
12371  -10.276  -75.954  -35.988 1.0000000000
13239  -10.121  -75.894  -35.097 1.0000000000
14076  -11.530  -74.877  -34.997 1.0000000000
10478  -7.937  -78.768  -29.138 1.0000000000
13234  -9.953  -75.856  -34.185 1.0000000000
12295  -7.616  -76.659  -30.098 1.0000000000
12396  -10.705  -76.116  -37.917 1.0000000000
12394  -8.791  -76.427  -37.118 1.0000000000
12395  -9.798  -76.392  -37.434 1.0000000000
117059  -7.758  -76.200  -35.036 1.0000000000
12341  -7.599  -76.259  -32.714 1.0000000000
12323  -5.987  -76.218  -31.471 1.0000000000
12307  -6.431  -76.261  -30.607 1.0000000000
12308  -7.265  -76.362  -30.471 1.0000000000
13278  -11.082  -75.741  -38.708 1.0000000000
12408  -9.625  -76.481  -38.900 1.0000000000
12431  -10.155  -76.223  -39.676 1.0000000000
15025  -10.123  -73.641  -42.127 0.8999999762
13299  -10.467  -75.696  -40.402 1.0000000000
12466  -10.084  -75.516  -41.379 0.8999999762
13326  -9.763  -73.868  -44.010 0.5000000000
7888  -2.228  -81.536  -12.810 0.5000000000
7130  -0.437  -82.623  -14.463 0.6999999881
6307  0.486  -84.105  -10.499 0.5000000000
5613  0.337  -84.515  -12.099 0.6000000238
6323  0.324  -83.786  -11.323 0.6000000238
8695  -3.623  -81.429  -19.152 1.0000000000
5594  0.208  -85.083  -11.608 0.8000000119
9479  -5.279  -79.707  -18.340 1.0000000000
9495  -5.766  -79.917  -19.132 1.0000000000
6359  -0.872  -84.321  -14.223 0.8999999762
7926  -4.672  -81.989  -18.398 1.0000000000
8698  -5.692  -81.267  -18.822 1.0000000000
127857  -6.611  -79.970  -19.906 1.0000000000
9511  -6.652  -79.292  -20.480 1.0000000000
6342  -2.446  -83.926  -12.769 0.8999999762
7914  -5.099  -82.231  -17.585 1.0000000000
136369  -6.755  -78.988  -21.074 1.0000000000
7166  -5.287  -82.060  -16.223 1.0000000000
10365  -6.799  -77.951  -21.530 1.0000000000
7132  -4.819  -82.344  -14.473 1.0000000000
7150  -5.493  -82.039  -15.061 1.0000000000
7916  -7.073  -81.594  -16.329 1.0000000000
7167  -8.540  -82.493  -16.380 1.0000000000
10396  -8.025  -77.648  -23.472 1.0000000000
7905  -6.820  -81.781  -15.486 1.0000000000
16701  -5.638  -71.678  -35.806 1.0000000000
16684  -9.447  -70.990  -34.830 1.0000000000
11330  -8.570  -76.978  -23.655 1.0000000000
17648  -11.499  -70.146  -33.173 1.0000000000
11348  -9.386  -76.952  -24.755 1.0000000000
135903  -11.927  -70.866  -34.583 1.0000000000
16668  -12.207  -70.515  -33.818 1.0000000000
10438  -9.894  -78.950  -26.372 1.0000000000
16730  -8.451  -71.565  -36.812 1.0000000000
117989  -13.122  -70.980  -33.389 1.0000000000
16763  -8.247  -71.851  -38.507 1.0000000000
14924  -12.821  -73.233  -34.062 1.0000000000
115776  -10.172  -78.720  -29.771 1.0000000000
9601  -9.652  -79.610  -28.034 1.0000000000
14063  -11.130  -75.075  -33.130 1.0000000000
13209  -11.844  -75.840  -32.025 1.0000000000
130481  -9.338  -78.696  -29.790 1.0000000000
9614  -9.209  -79.529  -28.929 1.0000000000
121422  -9.623  -72.565  -38.809 1.0000000000
13241  -11.566  -74.990  -35.988 1.0000000000
13230  -10.529  -75.434  -33.631 1.0000000000
132041  -11.764  -74.481  -34.310 1.0000000000
11440  -9.792  -77.211  -30.815 1.0000000000
11428  -9.530  -78.129  -30.230 1.0000000000
9625  -8.761  -79.033  -29.444 1.0000000000
14117  -11.874  -74.227  -37.724 1.0000000000
14099  -11.987  -74.359  -37.084 1.0000000000
13221  -10.424  -75.464  -32.713 1.0000000000
12325  -9.411  -76.413  -31.304 1.0000000000
131376  -8.201  -76.747  -30.368 1.0000000000
124744  -8.636  -78.110  -29.842 1.0000000000
13248  -11.079  -75.588  -36.414 1.0000000000
12363  -9.292  -76.184  -34.729 1.0000000000
12353  -9.112  -76.152  -33.825 1.0000000000
133702  -8.294  -76.212  -32.574 1.0000000000
13219  -8.838  -76.067  -32.019 1.0000000000
13206  -8.517  -76.226  -31.314 1.0000000000
14993  -11.395  -73.898  -38.998 1.0000000000
15002  -10.859  -73.555  -39.568 1.0000000000
15012  -10.689  -73.745  -40.625 1.0000000000
14161  -11.097  -74.707  -40.135 1.0000000000
15013  -10.704  -74.241  -41.121 1.0000000000
117976  -9.563  -73.053  -44.024 0.8999999762
15038  -10.142  -73.065  -43.875 0.8000000119
7942  -2.825  -81.936  -19.494 1.0000000000
9477  -4.378  -80.171  -18.143 1.0000000000
7129  -0.087  -83.267  -14.820 0.6999999881
5642  -0.381  -84.044  -14.436 0.8000000119
6377  -0.798  -84.012  -15.033 0.8000000119
7179  -4.263  -82.443  -18.014 1.0000000000
9510  -6.245  -79.490  -19.729 1.0000000000
6378  -2.078  -83.852  -14.521 0.8999999762
7165  -4.311  -82.591  -16.873 1.0000000000
125193  -6.534  -81.580  -17.470 1.0000000000
11276  -7.025  -77.610  -20.274 1.0000000000
6393  -2.901  -83.387  -15.244 1.0000000000
7149  -4.588  -82.391  -15.508 1.0000000000
118172  -7.316  -77.517  -21.569 1.0000000000
115526  -7.692  -77.334  -22.343 1.0000000000
11304  -8.485  -77.199  -21.400 1.0000000000
6361  -3.141  -83.417  -13.349 1.0000000000
6379  -3.461  -83.123  -14.206 1.0000000000
10378  -7.603  -77.692  -22.779 1.0000000000
127713  -4.267  -82.622  -14.059 1.0000000000
11314  -9.009  -76.726  -23.139 1.0000000000
115467  -6.746  -71.715  -34.158 1.0000000000
16665  -8.100  -71.403  -34.026 1.0000000000
128618  -8.874  -71.060  -34.088 1.0000000000
16727  -5.067  -71.546  -36.715 1.0000000000
11349  -10.224  -76.695  -24.598 1.0000000000
16648  -12.504  -70.199  -32.860 1.0000000000
11361  -10.666  -76.743  -25.344 1.0000000000
16746  -6.067  -71.543  -37.353 1.0000000000
16649  -13.216  -70.794  -32.357 1.0000000000
16762  -7.344  -71.656  -38.259 1.0000000000
11398  -11.625  -77.436  -27.771 1.0000000000
10440  -11.006  -77.303  -27.114 1.0000000000
16731  -9.295  -71.464  -36.497 1.0000000000
14066  -13.387  -74.457  -32.558 1.0000000000
10491  -10.917  -78.632  -29.331 1.0000000000
11413  -11.536  -78.109  -28.682 1.0000000000
9581  -10.147  -78.979  -27.212 1.0000000000
120140  -7.410  -71.675  -38.985 1.0000000000
13222  -12.229  -75.198  -32.504 1.0000000000
122187  -10.355  -78.144  -30.337 1.0000000000
9602  -10.313  -79.021  -28.043 1.0000000000
16777  -7.951  -71.981  -39.428 1.0000000000
14072  -12.457  -74.119  -33.547 1.0000000000
14981  -11.956  -73.563  -37.346 1.0000000000
117646  -11.178  -75.398  -32.428 1.0000000000
119532  -8.546  -72.353  -39.841 1.0000000000
117904  -10.291  -73.033  -39.209 1.0000000000
13229  -9.797  -75.781  -33.220 1.0000000000
13220  -9.658  -75.796  -32.319 1.0000000000
15854  -9.434  -72.738  -39.808 1.0000000000
15869  -10.230  -73.335  -41.230 1.0000000000
15884  -9.563  -72.585  -42.754 1.0000000000
16829  -9.550  -72.223  -44.914 0.8000000119
7903  -1.114  -81.591  -15.565 0.6000000238
126673  -1.986  -81.588  -20.099 0.8999999762
9493  -2.551  -80.925  -20.372 1.0000000000
9494  -3.345  -80.007  -19.264 1.0000000000
8680  -0.770  -81.605  -16.550 0.6000000238
7902  -0.401  -82.562  -16.175 0.8000000119
7199  -1.983  -82.889  -18.933 0.8999999762
134894  -3.734  -79.612  -17.940 1.0000000000
9466  -4.647  -79.176  -17.181 1.0000000000
6391  -0.668  -83.500  -15.958 0.8000000119
10289  -5.356  -78.913  -17.135 1.0000000000
10290  -5.896  -78.804  -17.659 1.0000000000
6399  -1.290  -83.609  -16.696 0.8999999762
7163  -2.056  -83.471  -17.409 1.0000000000
132643  -3.542  -82.644  -18.399 1.0000000000
10309  -6.253  -78.822  -18.909 1.0000000000
10332  -6.544  -78.398  -19.875 1.0000000000
6392  -1.642  -83.758  -15.663 0.8999999762
6400  -2.471  -83.483  -16.342 1.0000000000
11277  -7.852  -77.485  -19.614 1.0000000000
7164  -3.216  -83.176  -17.086 1.0000000000
10310  -6.955  -78.004  -18.669 1.0000000000
11278  -8.723  -77.573  -19.758 1.0000000000
10334  -9.834  -77.930  -19.351 1.0000000000
7148  -3.608  -82.955  -15.939 1.0000000000
10353  -10.248  -77.866  -20.189 1.0000000000
11305  -9.660  -77.304  -21.592 1.0000000000
10354  -11.183  -78.228  -20.223 1.0000000000
16682  -4.782  -71.819  -34.682 1.0000000000
122486  -7.496  -71.602  -33.475 1.0000000000
126973  -7.980  -71.463  -32.569 1.0000000000
16647  -8.873  -70.945  -32.488 1.0000000000
122767  -10.172  -70.315  -31.773 1.0000000000
11332  -10.593  -76.672  -23.966 1.0000000000
124127  -11.153  -77.121  -23.300 1.0000000000
10368  -12.330  -78.495  -21.296 1.0000000000
16726  -3.816  -71.509  -36.609 1.0000000000
115465  -7.195  -71.581  -34.882 1.0000000000
17633  -11.751  -69.934  -32.169 1.0000000000
17619  -12.392  -70.161  -30.837 1.0000000000
11350  -11.132  -76.664  -24.708 1.0000000000
11333  -12.073  -77.689  -23.249 1.0000000000
17699  -3.501  -71.135  -37.955 1.0000000000
16759  -4.274  -71.403  -38.583 1.0000000000
16629  -12.531  -70.138  -31.793 1.0000000000
11362  -11.619  -76.724  -25.581 1.0000000000
129852  -12.693  -77.575  -23.956 1.0000000000
10381  -13.373  -78.233  -22.455 1.0000000000
11400  -13.160  -76.952  -27.692 1.0000000000
117958  -11.830  -76.951  -27.052 1.0000000000
16761  -5.544  -71.393  -38.355 1.0000000000
126328  -7.692  -71.585  -36.823 1.0000000000
15766  -13.942  -72.606  -32.257 1.0000000000
122701  -15.068  -75.988  -28.738 1.0000000000
13211  -13.547  -75.362  -32.064 1.0000000000
116521  -12.087  -77.464  -28.353 1.0000000000
11414  -12.783  -77.129  -28.539 1.0000000000
12313  -13.194  -76.691  -31.033 1.0000000000
12312  -12.416  -77.325  -30.856 1.0000000000
12328  -12.445  -76.597  -31.544 1.0000000000
11442  -11.664  -77.804  -30.489 1.0000000000
14933  -12.235  -74.030  -34.948 1.0000000000
13208  -10.294  -75.674  -32.034 1.0000000000
12326  -10.237  -76.096  -31.606 1.0000000000
15867  -8.811  -72.431  -40.555 1.0000000000
16806  -8.114  -71.908  -41.837 1.0000000000
16807  -9.055  -72.042  -42.417 1.0000000000
16828  -8.764  -71.677  -44.199 0.8999999762
16817  -9.240  -72.350  -43.802 0.8999999762
16830  -9.882  -71.962  -44.962 0.8000000119
8681  -1.775  -80.660  -15.721 0.6000000238
125066  -0.690  -82.228  -18.796 0.8000000119
7913  -0.494  -81.948  -17.727 0.6999999881
7940  -1.249  -81.993  -19.503 0.8999999762
10288  -3.674  -79.002  -17.655 1.0000000000
7162  -0.650  -83.138  -17.467 0.8000000119
10275  -4.425  -78.693  -16.845 1.0000000000
10277  -6.052  -78.402  -16.859 1.0000000000
7178  -2.753  -83.091  -18.204 1.0000000000
10276  -5.056  -78.517  -16.659 1.0000000000
10278  -6.772  -78.084  -16.889 1.0000000000
11235  -7.778  -77.838  -16.915 1.0000000000
12125  -4.882  -77.148  -16.746 1.0000000000
11222  -8.196  -77.461  -16.788 1.0000000000
10292  -8.127  -77.850  -17.502 1.0000000000
132644  -8.990  -77.830  -17.390 1.0000000000
10312  -9.867  -78.046  -18.287 1.0000000000
10335  -10.825  -78.214  -19.500 1.0000000000
10336  -11.752  -78.506  -19.362 1.0000000000
10367  -11.437  -78.166  -21.077 1.0000000000
16628  -9.382  -70.666  -31.696 1.0000000000
120113  -9.994  -70.444  -30.933 1.0000000000
10369  -13.329  -78.647  -21.434 1.0000000000
134336  -14.631  -73.382  -28.325 1.0000000000
11363  -12.854  -77.075  -25.568 1.0000000000
11317  -14.192  -78.016  -22.673 1.0000000000
17735  -3.758  -70.434  -39.571 1.0000000000
16630  -13.080  -70.668  -31.235 1.0000000000
133061  -14.647  -77.092  -26.345 1.0000000000
11352  -14.589  -77.306  -24.392 1.0000000000
11335  -14.490  -77.560  -23.418 1.0000000000
119754  -10.379  -70.739  -34.829 1.0000000000
14049  -15.114  -74.806  -30.171 1.0000000000
124983  -14.355  -76.386  -29.065 1.0000000000
115924  -13.993  -77.426  -25.060 1.0000000000
16760  -5.111  -71.160  -39.376 1.0000000000
135457  -6.542  -71.548  -38.074 1.0000000000
14058  -13.971  -74.391  -32.059 1.0000000000
12297  -13.907  -76.349  -30.137 1.0000000000
122915  -14.943  -75.646  -29.559 1.0000000000
12281  -13.398  -76.838  -29.281 1.0000000000
117618  -15.218  -75.727  -23.846 1.0000000000
116119  -6.424  -71.450  -38.987 1.0000000000
13197  -13.911  -75.823  -31.203 1.0000000000
16792  -5.692  -71.243  -40.845 1.0000000000
12296  -12.982  -77.049  -30.167 1.0000000000
16793  -6.565  -71.646  -40.790 1.0000000000
16776  -6.993  -71.661  -39.770 1.0000000000
16794  -7.756  -72.062  -40.339 1.0000000000
16815  -7.322  -71.419  -42.650 1.0000000000
16827  -7.820  -71.112  -43.597 1.0000000000
16839  -8.952  -71.360  -45.452 0.8999999762
16840  -9.486  -71.148  -45.619 0.6999999881
17804  -10.801  -69.975  -47.256 0.6000000238
116133  -0.912  -79.509  -18.061 0.6000000238
8688  -1.143  -80.750  -16.928 0.6000000238
8715  -1.097  -81.246  -20.174 0.8000000119
135678  -0.631  -81.394  -18.218 0.6000000238
11255  -3.467  -78.125  -18.768 1.0000000000
12165  -3.594  -77.395  -19.400 1.0000000000
10331  -3.260  -79.214  -19.777 1.0000000000
11234  -4.195  -77.367  -17.191 1.0000000000
12143  -3.790  -77.279  -18.055 1.0000000000
13047  -4.764  -75.982  -18.078 1.0000000000
13048  -5.621  -75.762  -17.757 1.0000000000
12126  -5.789  -77.071  -16.588 1.0000000000
12144  -6.166  -76.296  -17.044 1.0000000000
11221  -7.311  -77.616  -16.719 1.0000000000
11237  -9.792  -77.388  -17.242 1.0000000000
11238  -10.621  -77.646  -17.559 1.0000000000
125742  -11.281  -78.120  -17.937 1.0000000000
127485  -7.180  -75.434  -17.864 1.0000000000
13050  -7.857  -75.586  -17.682 1.0000000000
116689  -11.870  -78.400  -18.476 1.0000000000
10356  -13.492  -78.955  -19.864 1.0000000000
128444  -3.907  -71.711  -35.282 1.0000000000
16664  -6.439  -71.893  -33.245 1.0000000000
16626  -7.354  -71.802  -31.839 1.0000000000
120646  -9.157  -70.874  -30.969 1.0000000000
15697  -13.223  -73.074  -27.527 1.0000000000
136425  -11.669  -77.733  -22.674 1.0000000000
9513  -14.220  -78.974  -20.115 1.0000000000
16646  -8.436  -71.242  -33.312 1.0000000000
17603  -12.052  -70.474  -30.058 1.0000000000
15709  -13.456  -72.396  -28.650 1.0000000000
14028  -15.037  -74.353  -27.017 1.0000000000
131878  -14.720  -78.111  -22.185 1.0000000000
15728  -13.295  -71.600  -29.606 1.0000000000
15744  -13.972  -72.199  -30.354 1.0000000000
13175  -15.385  -75.177  -27.094 1.0000000000
11366  -15.085  -77.004  -24.369 1.0000000000
17718  -4.177  -71.144  -39.207 1.0000000000
136892  -14.544  -74.020  -31.308 1.0000000000
14022  -14.730  -74.224  -24.412 1.0000000000
13993  -15.814  -75.065  -22.906 1.0000000000
16774  -5.186  -70.959  -40.401 1.0000000000
14003  -15.810  -74.133  -22.662 1.0000000000
17766  -5.338  -70.496  -42.311 1.0000000000
17777  -5.658  -70.254  -43.262 1.0000000000
17778  -6.585  -70.686  -43.469 1.0000000000
123801  -7.049  -69.774  -44.756 1.0000000000
113039  -8.755  -69.685  -45.947 0.8000000119
113040  -10.043  -69.080  -46.811 0.6999999881
120424  -0.859  -80.561  -18.046 0.6000000238
115696  -0.723  -80.178  -19.698 0.6999999881
9492  -1.162  -80.542  -20.847 0.6999999881
11274  -2.829  -78.933  -21.725 0.8000000119
11275  -3.258  -78.553  -20.386 0.8000000119
11291  -2.928  -78.193  -22.331 0.8000000119
12166  -4.086  -76.519  -18.635 1.0000000000
12184  -4.484  -75.834  -19.306 1.0000000000
13067  -5.285  -75.476  -18.685 1.0000000000
122884  -6.019  -75.337  -18.370 1.0000000000
13069  -7.633  -75.070  -18.410 1.0000000000
13070  -8.403  -75.145  -18.295 1.0000000000
12148  -9.753  -76.864  -17.058 1.0000000000
12149  -11.095  -76.996  -17.276 1.0000000000
12150  -11.916  -76.764  -17.438 1.0000000000
11257  -12.890  -77.997  -17.928 1.0000000000
116523  -11.811  -75.264  -18.574 1.0000000000
130458  -12.452  -78.642  -18.962 1.0000000000
130434  -13.232  -78.314  -18.401 1.0000000000
118701  -3.329  -71.331  -35.879 1.0000000000
16644  -5.853  -72.111  -32.562 1.0000000000
126116  -6.644  -71.974  -32.421 1.0000000000
16604  -11.508  -71.055  -29.301 1.0000000000
127184  -14.036  -78.798  -19.443 1.0000000000
14872  -14.044  -73.650  -25.988 1.0000000000
10339  -14.623  -78.802  -19.771 1.0000000000
10370  -14.398  -78.804  -20.953 1.0000000000
17716  -3.362  -70.073  -38.235 1.0000000000
16605  -12.427  -71.165  -29.451 1.0000000000
13158  -15.068  -75.095  -24.469 1.0000000000
11319  -16.263  -77.833  -22.072 1.0000000000
13169  -15.082  -74.720  -25.921 1.0000000000
11337  -16.515  -77.342  -22.636 1.0000000000
18787  -3.629  -68.847  -39.709 1.0000000000
18788  -5.476  -67.620  -40.215 0.6999999881
14896  -14.691  -73.002  -30.267 1.0000000000
17764  -4.213  -69.336  -41.318 1.0000000000
17790  -5.588  -69.651  -43.533 1.0000000000
17791  -6.192  -69.947  -44.183 1.0000000000
17802  -7.758  -69.418  -45.212 0.8999999762
113882  -9.069  -68.476  -45.796 0.6999999881
10287  -0.751  -79.026  -18.775 0.6000000238
118780  -0.813  -79.048  -21.061 0.6999999881
11254  -0.640  -78.089  -19.886 0.5000000000
11273  -0.748  -78.168  -21.230 0.6000000238
11290  -2.283  -78.816  -22.200 0.6999999881
12183  -3.848  -76.645  -20.044 0.8999999762
114895  -4.625  -75.624  -20.306 1.0000000000
12196  -1.536  -77.282  -22.559 0.6000000238
11303  -2.335  -78.038  -22.646 0.6999999881
135983  -2.895  -77.345  -22.852 0.6999999881
13096  -4.357  -75.788  -21.677 0.8000000119
130015  -5.161  -75.338  -19.705 1.0000000000
13927  -6.023  -75.045  -19.292 1.0000000000
125825  -7.330  -74.559  -20.041 1.0000000000
12204  -1.773  -76.319  -22.969 0.6000000238
12213  -2.626  -76.473  -23.184 0.6000000238
13109  -3.583  -76.242  -22.991 0.6999999881
13928  -7.919  -74.522  -19.695 1.0000000000
14834  -4.128  -74.237  -22.715 0.8000000119
124032  -5.848  -74.832  -21.230 1.0000000000
13053  -10.491  -76.301  -17.423 1.0000000000
13918  -10.735  -74.986  -18.791 1.0000000000
113029  -4.125  -72.293  -33.252 0.8999999762
119837  -4.970  -72.200  -32.703 0.8999999762
13073  -12.732  -75.746  -18.277 1.0000000000
113028  -3.111  -72.227  -33.871 0.8999999762
12167  -13.377  -76.284  -18.201 1.0000000000
12152  -13.845  -76.755  -18.344 1.0000000000
16699  -3.026  -71.172  -35.090 0.8999999762
16681  -3.487  -71.907  -34.603 0.8999999762
113984  -5.301  -72.058  -33.298 0.8999999762
16625  -6.299  -72.209  -31.655 1.0000000000
16612  -7.748  -71.801  -30.795 1.0000000000
16613  -8.584  -71.320  -30.472 1.0000000000
16581  -9.847  -71.796  -28.327 1.0000000000
16603  -10.532  -71.086  -29.259 1.0000000000
15707  -11.269  -72.480  -27.503 1.0000000000
15708  -12.379  -72.586  -27.778 1.0000000000
11260  -15.209  -77.337  -19.247 1.0000000000
16725  -3.283  -70.219  -36.445 0.8999999762
16627  -8.453  -71.271  -31.562 1.0000000000
116341  -13.292  -73.394  -25.861 1.0000000000
115075  -16.041  -77.440  -19.532 1.0000000000
13099  -18.463  -75.545  -20.459 1.0000000000
18741  -3.608  -67.728  -35.886 0.8999999762
17601  -10.210  -70.561  -30.012 1.0000000000
16583  -11.907  -71.745  -28.576 1.0000000000
11281  -17.408  -77.442  -19.971 1.0000000000
18773  -3.485  -68.495  -38.582 1.0000000000
15682  -13.597  -73.148  -24.365 1.0000000000
11296  -17.871  -77.653  -20.717 1.0000000000
12205  -19.039  -76.795  -21.602 1.0000000000
19776  -3.583  -67.650  -37.784 0.8999999762
12236  -18.112  -76.555  -23.961 1.0000000000
12214  -18.726  -77.274  -22.442 1.0000000000
18774  -3.864  -67.718  -39.132 1.0000000000
18755  -4.126  -67.279  -38.080 0.8999999762
14865  -15.164  -72.123  -22.961 1.0000000000
14859  -16.043  -73.343  -22.648 1.0000000000
14860  -16.619  -73.871  -22.994 1.0000000000
12227  -19.263  -76.605  -23.643 1.0000000000
13145  -19.610  -75.919  -24.911 1.0000000000
14006  -21.306  -74.243  -24.549 1.0000000000
134095  -4.718  -67.506  -40.626 1.0000000000
19788  -4.896  -67.410  -40.077 0.8000000119
18756  -5.760  -68.525  -37.889 0.6000000238
13144  -17.336  -75.819  -23.818 1.0000000000
12238  -19.287  -76.365  -24.450 1.0000000000
122413  -20.242  -74.874  -25.970 1.0000000000
14869  -20.992  -74.178  -26.048 1.0000000000
19802  -5.371  -67.597  -41.969 1.0000000000
19796  -5.452  -67.258  -41.049 0.8000000119
18776  -5.918  -68.428  -39.030 0.6999999881
15673  -16.387  -71.904  -23.601 1.0000000000
14867  -16.636  -72.933  -23.238 1.0000000000
14868  -17.458  -73.871  -24.445 1.0000000000
14016  -17.855  -74.981  -25.265 1.0000000000
14024  -18.756  -74.962  -26.808 1.0000000000
14026  -19.988  -74.667  -26.687 1.0000000000
116382  -5.895  -67.596  -42.505 1.0000000000
19803  -6.090  -67.129  -41.942 0.6999999881
18800  -6.086  -67.413  -41.114 0.6000000238
14023  -18.111  -74.656  -26.153 1.0000000000
14029  -18.328  -74.216  -27.246 1.0000000000
116819  -17.811  -73.419  -27.130 1.0000000000
14891  -19.085  -73.436  -28.459 1.0000000000
14885  -20.023  -73.699  -27.638 1.0000000000
19823  -6.691  -68.395  -43.839 1.0000000000
136122  -7.950  -68.160  -44.832 0.6999999881
12197  -3.556  -76.987  -21.959 0.8000000119
13110  -4.297  -75.372  -22.596 0.8000000119
13111  -5.052  -75.016  -21.808 0.8999999762
14820  -5.976  -74.240  -21.907 0.8999999762
13916  -8.931  -74.697  -18.968 1.0000000000
13968  -1.878  -74.484  -22.031 0.6000000238
13969  -2.304  -74.797  -23.152 0.6000000238
13983  -3.561  -74.858  -23.275 0.6000000238
13985  -4.978  -74.340  -22.155 0.8000000119
13972  -6.575  -74.374  -21.510 0.8999999762
13951  -8.041  -74.258  -20.668 1.0000000000
13931  -10.355  -74.429  -19.775 1.0000000000
13932  -11.294  -74.524  -19.703 1.0000000000
13087  -12.766  -75.204  -19.038 1.0000000000
13088  -14.101  -75.547  -19.682 1.0000000000
16611  -7.027  -72.273  -31.012 1.0000000000
16601  -8.783  -71.474  -29.476 1.0000000000
120591  -10.703  -73.024  -26.551 1.0000000000
15695  -11.525  -73.138  -26.573 1.0000000000
12185  -14.717  -76.011  -19.520 1.0000000000
13958  -17.835  -74.943  -20.260 1.0000000000
127433  -3.122  -68.563  -35.829 0.8999999762
15696  -12.460  -73.289  -26.488 1.0000000000
13986  -19.970  -75.096  -22.263 1.0000000000
19746  -3.888  -67.447  -36.745 0.8999999762
133503  -12.598  -73.292  -25.189 1.0000000000
15672  -13.101  -72.710  -24.030 1.0000000000
125402  -18.877  -77.032  -23.119 1.0000000000
13994  -21.064  -74.600  -23.859 1.0000000000
14839  -21.125  -73.891  -22.193 1.0000000000
16542  -13.740  -71.202  -23.605 1.0000000000
127100  -14.199  -71.847  -23.343 1.0000000000
12237  -18.834  -76.605  -24.333 1.0000000000
14861  -21.789  -73.517  -24.659 1.0000000000
13160  -18.730  -75.847  -25.558 1.0000000000
134156  -21.919  -72.365  -25.952 1.0000000000
16550  -15.768  -70.726  -24.979 1.0000000000
16544  -15.595  -71.181  -23.644 1.0000000000
15674  -17.284  -72.591  -24.569 1.0000000000
15686  -21.401  -72.584  -26.841 1.0000000000
16566  -21.058  -71.167  -27.274 1.0000000000
15684  -17.541  -72.503  -26.073 1.0000000000
15685  -20.743  -72.941  -27.586 1.0000000000
16588  -20.584  -70.960  -27.961 1.0000000000
17581  -21.110  -70.306  -27.456 1.0000000000
19813  -6.703  -67.607  -42.783 0.6000000238
134633  -17.970  -72.949  -28.395 1.0000000000
13982  -2.862  -74.622  -23.377 0.6000000238
14836  -6.584  -73.623  -22.078 0.8000000119
14837  -7.414  -73.318  -22.111 0.8999999762
13930  -9.455  -74.391  -19.849 1.0000000000
131334  -3.197  -72.878  -22.698 0.6000000238
121338  -4.976  -73.549  -22.232 0.6999999881
13952  -9.003  -74.102  -20.762 1.0000000000
13954  -10.801  -74.046  -20.407 1.0000000000
13955  -11.579  -74.060  -20.356 1.0000000000
113017  -4.123  -72.526  -31.437 0.8999999762
15755  -5.355  -72.480  -31.022 1.0000000000
17525  -4.865  -70.549  -22.515 0.6999999881
15623  -8.748  -72.892  -21.864 0.8999999762
13933  -12.326  -74.606  -19.813 1.0000000000
14791  -13.825  -74.232  -20.209 1.0000000000
17527  -7.116  -70.896  -22.546 0.6999999881
117437  -14.151  -74.949  -20.199 1.0000000000
16663  -2.498  -70.952  -33.205 0.8999999762
113992  -3.038  -72.412  -32.990 0.8999999762
15756  -6.298  -72.552  -30.533 1.0000000000
15742  -7.076  -72.450  -29.916 1.0000000000
15726  -7.405  -72.629  -28.791 1.0000000000
16600  -7.973  -71.943  -29.728 1.0000000000
15706  -10.153  -72.621  -27.170 1.0000000000
136302  -15.414  -75.732  -19.854 1.0000000000
124309  -17.476  -73.139  -20.222 1.0000000000
17658  -2.870  -69.542  -34.597 0.8999999762
13089  -16.112  -75.846  -19.817 1.0000000000
18710  -2.974  -68.172  -34.060 0.8999999762
15681  -11.768  -73.292  -25.496 1.0000000000
13090  -16.923  -75.928  -19.867 1.0000000000
126866  -17.143  -75.149  -20.082 1.0000000000
14812  -18.955  -73.991  -21.049 1.0000000000
14826  -19.650  -73.711  -21.314 1.0000000000
18725  -3.348  -67.893  -34.955 0.8999999762
15694  -9.974  -73.196  -25.915 1.0000000000
123991  -18.456  -76.343  -20.363 1.0000000000
13976  -20.124  -74.173  -22.006 1.0000000000
14827  -20.337  -73.599  -21.530 1.0000000000
14840  -21.940  -73.607  -22.911 1.0000000000
12199  -18.591  -76.970  -20.782 1.0000000000
13987  -20.719  -74.698  -22.849 1.0000000000
14849  -21.697  -73.874  -23.827 1.0000000000
15666  -22.230  -72.631  -24.909 1.0000000000
15675  -22.316  -71.834  -25.290 1.0000000000
16551  -16.681  -71.151  -25.697 1.0000000000
16567  -21.601  -70.608  -26.886 1.0000000000
138064  -22.175  -70.159  -26.655 1.0000000000
16563  -16.790  -71.179  -26.948 1.0000000000
15712  -19.582  -72.704  -28.602 1.0000000000
17594  -20.092  -70.709  -28.714 1.0000000000
16564  -17.281  -71.653  -27.666 1.0000000000
15730  -17.939  -72.026  -29.414 1.0000000000
15731  -18.561  -72.339  -29.282 1.0000000000
15732  -19.271  -72.184  -29.150 1.0000000000
17595  -20.515  -69.990  -27.985 1.0000000000
17582  -21.870  -69.880  -27.167 1.0000000000
15645  -4.043  -73.176  -22.560 0.6000000238
13974  -8.486  -73.791  -21.456 1.0000000000
16524  -3.781  -72.147  -22.535 0.6999999881
13953  -9.873  -73.952  -20.644 1.0000000000
14805  -10.426  -73.501  -20.770 1.0000000000
14806  -11.187  -73.410  -20.644 1.0000000000
14807  -11.999  -73.531  -20.495 1.0000000000
115240  -13.371  -73.518  -20.182 1.0000000000
14808  -14.237  -73.336  -20.089 1.0000000000
116040  -3.594  -72.829  -30.594 0.8999999762
15741  -5.489  -72.952  -29.996 1.0000000000
124355  -6.227  -72.957  -29.388 1.0000000000
15727  -8.176  -72.307  -28.632 1.0000000000
16580  -8.950  -71.948  -28.437 1.0000000000
131902  -14.558  -72.562  -20.014 1.0000000000
14792  -14.654  -74.178  -20.198 1.0000000000
15594  -16.453  -72.421  -19.879 1.0000000000
15704  -8.282  -72.938  -27.455 1.0000000000
119492  -9.407  -73.053  -26.251 1.0000000000
13937  -16.495  -74.439  -20.129 1.0000000000
17645  -2.600  -69.230  -33.581 0.8999999762
136759  -2.828  -68.733  -32.503 0.8999999762
15703  -7.577  -73.207  -27.602 1.0000000000
15669  -10.369  -73.017  -24.651 1.0000000000
15608  -17.966  -72.394  -20.415 1.0000000000
131080  -18.667  -72.666  -20.722 1.0000000000
135715  -3.983  -69.857  -30.887 0.8000000119
15693  -8.776  -73.018  -25.931 1.0000000000
15679  -9.882  -73.220  -25.077 1.0000000000
15670  -11.237  -73.086  -24.700 1.0000000000
15628  -20.991  -73.137  -21.391 1.0000000000
15629  -21.749  -72.614  -21.521 1.0000000000
136681  -4.400  -70.228  -29.864 0.8000000119
16539  -11.016  -72.503  -24.395 1.0000000000
16541  -12.656  -71.804  -23.685 1.0000000000
16531  -22.508  -71.386  -22.410 1.0000000000
17531  -23.049  -70.191  -22.547 1.0000000000
17556  -11.915  -69.866  -24.555 1.0000000000
135324  -22.591  -71.596  -23.868 1.0000000000
17537  -23.009  -70.252  -24.707 1.0000000000
17559  -14.532  -70.023  -25.461 1.0000000000
17544  -14.962  -70.373  -24.881 1.0000000000
17562  -22.830  -70.322  -25.395 1.0000000000
133727  -22.579  -69.618  -26.796 1.0000000000
17560  -15.309  -70.328  -25.916 1.0000000000
17578  -14.719  -70.004  -26.671 1.0000000000
17579  -15.553  -70.357  -27.097 1.0000000000
17561  -16.127  -70.721  -26.370 1.0000000000
16586  -17.278  -71.640  -28.810 1.0000000000
18616  -22.315  -69.258  -27.424 1.0000000000
19634  -22.687  -68.632  -27.671 1.0000000000
20734  -5.444  -67.234  -30.094 0.4000000060
17591  -15.852  -70.109  -28.097 1.0000000000
16585  -16.940  -71.018  -28.022 1.0000000000
17606  -17.984  -71.317  -29.955 1.0000000000
16606  -18.698  -71.749  -29.627 1.0000000000
16607  -19.510  -71.340  -29.329 1.0000000000
17608  -19.611  -70.366  -29.462 1.0000000000
122979  -20.771  -69.346  -28.245 1.0000000000
18634  -21.353  -68.791  -28.368 1.0000000000
19635  -23.339  -68.222  -27.296 1.0000000000
21739  -19.061  -66.114  -29.829 1.0000000000
22693  -19.771  -65.971  -29.607 1.0000000000
15646  -4.960  -72.374  -22.284 0.6999999881
16526  -6.064  -72.105  -22.306 0.6999999881
15648  -6.841  -72.859  -22.285 0.8000000119
15649  -7.628  -72.568  -22.339 0.8000000119
15651  -9.058  -72.234  -21.920 0.8999999762
15624  -9.408  -72.750  -21.599 1.0000000000
16528  -7.749  -71.577  -22.500 0.8000000119
132310  -9.641  -72.156  -21.702 1.0000000000
15626  -10.900  -72.059  -21.150 1.0000000000
15602  -11.650  -72.638  -20.735 1.0000000000
16487  -11.856  -71.460  -20.970 1.0000000000
15604  -13.776  -72.624  -20.189 1.0000000000
117270  -13.725  -71.111  -20.624 1.0000000000
113911  -2.570  -72.162  -31.688 0.8999999762
122711  -4.742  -73.253  -29.480 1.0000000000
122626  -11.232  -68.386  -22.335 0.8999999762
17490  -14.463  -70.886  -20.538 1.0000000000
16489  -14.351  -71.752  -20.228 1.0000000000
16643  -2.443  -71.775  -32.358 0.8999999762
15724  -5.433  -73.363  -28.824 1.0000000000
115671  -6.914  -73.397  -27.747 1.0000000000
15593  -15.809  -72.562  -19.892 1.0000000000
17492  -16.825  -70.572  -20.741 1.0000000000
17494  -18.504  -70.920  -20.760 1.0000000000
17611  -2.185  -71.118  -29.852 0.8999999762
113007  -2.841  -73.166  -29.050 0.8999999762
115699  -7.787  -73.366  -26.892 1.0000000000
137518  -16.360  -70.799  -20.375 1.0000000000
114002  -20.121  -70.200  -20.797 1.0000000000
17590  -2.752  -70.191  -28.492 0.8999999762
18691  -4.786  -69.214  -32.424 0.6000000238
15689  -4.750  -73.359  -27.151 1.0000000000
114039  -7.230  -73.292  -27.049 1.0000000000
16509  -19.814  -71.999  -20.659 1.0000000000
125596  -20.774  -71.017  -20.732 1.0000000000
17514  -22.604  -70.579  -21.969 1.0000000000
18572  -23.523  -69.499  -22.567 0.8999999762
18678  -7.068  -69.267  -31.437 0.6000000238
117433  -10.974  -70.337  -24.830 1.0000000000
17541  -12.234  -70.779  -23.852 1.0000000000
20674  -15.745  -66.744  -26.145 0.8000000119
20650  -16.150  -68.095  -24.128 0.8999999762
132757  -23.197  -69.921  -23.153 1.0000000000
18582  -24.003  -69.044  -24.053 0.8999999762
17542  -13.258  -70.480  -23.886 1.0000000000
14884  -19.267  -73.923  -27.886 1.0000000000
121680  -24.251  -68.737  -24.712 0.8999999762
137829  -13.312  -69.572  -25.538 1.0000000000
18588  -23.316  -69.702  -25.392 1.0000000000
19618  -23.744  -69.050  -25.817 1.0000000000
19619  -24.194  -68.642  -25.394 0.8999999762
18599  -13.958  -69.672  -26.082 1.0000000000
20689  -23.863  -68.108  -26.761 1.0000000000
20690  -24.460  -67.398  -26.446 1.0000000000
18613  -14.015  -69.489  -27.366 1.0000000000
18614  -15.002  -69.825  -27.758 1.0000000000
18648  -17.143  -70.044  -30.282 1.0000000000
21712  -23.736  -66.708  -27.630 1.0000000000
18631  -15.381  -69.487  -28.685 1.0000000000
18647  -16.487  -69.538  -29.945 1.0000000000
119933  -19.025  -70.006  -30.139 1.0000000000
18649  -19.764  -69.490  -29.691 1.0000000000
18650  -20.145  -68.925  -29.137 1.0000000000
18651  -20.737  -68.491  -28.894 1.0000000000
19651  -21.399  -68.038  -28.742 1.0000000000
19652  -22.205  -68.203  -28.248 1.0000000000
20713  -23.314  -67.417  -27.767 1.0000000000
23633  -22.838  -64.506  -28.575 1.0000000000
17526  -6.276  -71.159  -22.455 0.6999999881
121124  -7.276  -69.991  -22.638 0.6999999881
133690  -8.331  -71.304  -22.431 0.8000000119
16508  -10.251  -71.535  -21.631 1.0000000000
130719  -11.085  -71.220  -21.377 1.0000000000
18564  -7.473  -69.283  -22.740 0.6999999881
124380  -8.916  -69.180  -22.603 0.6999999881
17507  -11.687  -70.516  -21.396 1.0000000000
17488  -13.279  -70.643  -20.937 1.0000000000
16578  -2.070  -72.026  -28.281 0.8999999762
18532  -13.965  -69.812  -21.132 1.0000000000
18533  -14.793  -69.815  -21.139 1.0000000000
18534  -15.644  -70.127  -20.921 1.0000000000
128981  -9.311  -67.638  -23.483 0.8000000119
127421  -14.790  -69.215  -21.775 1.0000000000
18549  -15.538  -69.586  -21.588 1.0000000000
18569  -17.698  -69.808  -22.534 1.0000000000
17493  -17.639  -70.901  -20.637 1.0000000000
113915  -2.298  -72.228  -29.859 0.8999999762
113003  -4.106  -73.746  -27.460 1.0000000000
15702  -5.247  -73.679  -27.734 1.0000000000
20645  -10.632  -67.227  -23.666 0.8000000119
130857  -14.260  -67.683  -23.271 0.8999999762
19577  -15.431  -69.007  -22.342 1.0000000000
18567  -16.134  -69.462  -22.098 1.0000000000
17511  -19.186  -70.540  -20.910 1.0000000000
112981  -3.277  -73.783  -27.207 0.8999999762
15690  -6.314  -73.287  -27.432 1.0000000000
15677  -8.195  -72.601  -26.033 1.0000000000
15678  -8.946  -72.554  -25.547 1.0000000000
17539  -10.416  -72.009  -24.386 1.0000000000
21670  -13.383  -66.522  -24.642 0.8999999762
21683  -14.906  -66.466  -25.885 0.8999999762
17513  -21.807  -70.414  -21.346 0.8999999762
114998  -21.071  -68.948  -21.234 0.8000000119
18573  -23.954  -68.942  -22.338 0.8999999762
17571  -1.772  -70.649  -27.208 0.8999999762
117897  -5.649  -69.534  -31.707 0.6000000238
137775  -3.863  -73.070  -26.391 1.0000000000
136941  -6.541  -72.399  -27.045 1.0000000000
17574  -6.987  -70.824  -27.338 1.0000000000
17554  -9.038  -71.794  -25.267 1.0000000000
21697  -17.140  -66.553  -27.230 0.8000000119
19596  -18.251  -69.600  -23.276 1.0000000000
127490  -24.243  -68.571  -23.359 0.8999999762
18604  -2.110  -69.593  -27.440 0.8999999762
17577  -10.070  -69.746  -26.278 1.0000000000
18596  -10.805  -69.554  -25.829 1.0000000000
18598  -12.583  -69.412  -25.515 1.0000000000
20663  -19.469  -68.430  -25.993 0.8000000119
20666  -24.751  -68.011  -24.861 0.8999999762
21700  -25.018  -67.200  -25.486 0.8999999762
18609  -10.709  -69.118  -26.893 1.0000000000
124811  -13.242  -69.396  -26.479 1.0000000000
21707  -18.622  -65.461  -27.340 0.6999999881
18610  -11.532  -69.031  -26.694 1.0000000000
20697  -24.174  -66.761  -27.148 1.0000000000
19633  -12.178  -68.849  -27.593 1.0000000000
18630  -14.515  -69.192  -28.430 1.0000000000
18663  -17.001  -69.251  -30.437 1.0000000000
19649  -14.148  -68.503  -29.011 1.0000000000
18646  -15.802  -69.084  -29.487 1.0000000000
19662  -16.322  -68.736  -30.169 1.0000000000
19673  -18.663  -68.485  -30.400 1.0000000000
20741  -19.281  -67.539  -30.061 1.0000000000
126010  -21.199  -67.318  -29.061 1.0000000000
21724  -23.169  -66.702  -28.148 1.0000000000
121125  -6.394  -70.241  -22.559 0.6999999881
17528  -7.921  -70.673  -22.604 0.6999999881
121126  -5.392  -69.700  -22.601 0.6999999881
19587  -6.510  -69.087  -22.690 0.6000000238
18544  -9.599  -69.826  -22.287 0.8000000119
18545  -10.421  -69.761  -22.049 1.0000000000
18566  -9.993  -68.978  -22.348 0.8000000119
18546  -11.441  -69.642  -21.783 1.0000000000
17508  -12.555  -70.580  -21.116 1.0000000000
17489  -13.856  -70.428  -20.868 1.0000000000
19592  -12.551  -67.977  -22.422 1.0000000000
19594  -16.358  -69.136  -22.803 1.0000000000
16559  -1.741  -71.985  -26.963 0.8999999762
20649  -14.211  -67.080  -24.066 0.8999999762
125053  -15.110  -67.700  -23.807 0.8999999762
112999  -3.554  -73.528  -26.679 0.8999999762
16562  -7.815  -71.871  -26.239 1.0000000000
21669  -11.148  -66.826  -24.302 0.8000000119
19602  -16.728  -68.781  -23.628 0.8999999762
19604  -18.973  -69.373  -24.084 0.8000000119
131696  -19.825  -69.227  -22.730 0.8000000119
18554  -20.175  -69.525  -21.296 0.8000000119
19598  -24.248  -68.565  -21.951 0.8000000119
112998  -3.890  -72.415  -25.894 0.8999999762
17573  -6.002  -71.290  -27.273 1.0000000000
17575  -8.675  -71.317  -26.117 1.0000000000
17576  -9.391  -70.626  -26.039 1.0000000000
21681  -13.343  -65.768  -26.046 0.8000000119
20677  -18.907  -67.631  -26.890 0.8000000119
17515  -23.187  -69.798  -21.906 0.8000000119
20638  -24.551  -67.944  -22.141 0.8000000119
18644  -5.265  -69.332  -29.625 0.6999999881
112990  -4.597  -71.520  -26.447 0.8999999762
116921  -8.087  -70.434  -27.150 1.0000000000
18607  -8.943  -69.662  -27.619 1.0000000000
134174  -8.985  -70.411  -26.793 1.0000000000
22658  -15.145  -64.668  -26.930 0.6000000238
21704  -15.828  -65.460  -27.221 0.6999999881
22660  -16.959  -64.791  -27.213 0.6999999881
22640  -21.329  -64.309  -26.216 0.6000000238
19614  -20.800  -68.217  -24.807 0.8000000119
21686  -25.211  -67.215  -24.474 0.8999999762
18626  -3.116  -69.458  -28.436 0.8000000119
19641  -3.719  -68.928  -28.618 0.8000000119
18645  -5.848  -68.974  -29.924 0.6000000238
129208  -25.432  -66.640  -24.918 0.8999999762
22642  -25.771  -66.024  -24.897 0.8000000119
19632  -11.304  -68.784  -27.733 1.0000000000
126405  -17.795  -68.232  -30.525 1.0000000000
23590  -22.905  -64.594  -23.534 0.5000000000
21709  -25.216  -65.770  -26.366 0.8999999762
19646  -10.937  -68.273  -28.478 1.0000000000
19647  -11.931  -68.282  -28.491 1.0000000000
19671  -16.972  -68.358  -30.517 1.0000000000
21740  -19.592  -66.706  -29.773 1.0000000000
21722  -21.719  -66.656  -28.904 1.0000000000
22663  -24.758  -65.582  -27.084 0.8999999762
129861  -25.474  -65.013  -26.509 0.8999999762
132146  -12.673  -68.052  -28.822 1.0000000000
19650  -14.992  -68.780  -29.210 1.0000000000
19661  -15.521  -68.330  -29.853 1.0000000000
21741  -20.260  -66.474  -29.516 1.0000000000
21742  -20.945  -66.572  -29.256 1.0000000000
22675  -21.516  -65.896  -29.051 1.0000000000
22667  -23.652  -65.904  -27.988 1.0000000000
23622  -24.789  -64.818  -27.361 1.0000000000
24592  -16.143  -63.777  -30.270 1.0000000000
21753  -18.313  -66.160  -30.101 1.0000000000
23651  -21.350  -65.059  -29.114 1.0000000000
22692  -19.265  -65.573  -29.695 1.0000000000
113001  -2.284  -72.993  -25.923 0.8999999762
19591  -11.858  -68.190  -22.343 1.0000000000
20644  -9.675  -67.206  -24.158 0.8000000119
20648  -13.426  -67.283  -23.389 1.0000000000
19593  -13.245  -68.389  -22.161 1.0000000000
112994  -4.664  -72.531  -26.697 1.0000000000
16548  -2.396  -72.230  -25.567 0.8999999762
20636  -21.173  -68.129  -22.482 0.8000000119
19565  -22.582  -67.724  -20.915 0.8000000119
113030  -4.013  -71.492  -25.740 0.8999999762
125136  -14.760  -65.623  -26.698 0.8000000119
20652  -22.244  -66.768  -24.179 0.8000000119
21648  -22.346  -66.848  -21.692 0.8000000119
21636  -23.816  -66.741  -20.514 0.8000000119
21664  -25.403  -66.359  -21.926 0.8000000119
19629  -1.776  -68.790  -26.397 0.8999999762
21685  -22.436  -65.624  -25.033 0.6999999881
19581  -24.096  -68.419  -21.461 0.8000000119
21675  -25.153  -67.271  -23.467 0.8000000119
21687  -25.704  -66.482  -23.931 0.8000000119
20718  -3.891  -67.720  -29.121 0.6999999881
113812  -5.259  -69.327  -27.426 1.0000000000
18628  -8.106  -69.317  -28.089 1.0000000000
19630  -9.710  -69.173  -27.831 1.0000000000
22652  -17.662  -64.602  -26.897 0.5000000000
21729  -3.512  -66.485  -29.595 0.6000000238
19643  -7.954  -68.400  -28.499 1.0000000000
19644  -8.970  -68.625  -28.397 1.0000000000
18629  -13.635  -68.882  -28.292 1.0000000000
117916  -14.681  -68.031  -29.575 1.0000000000
20708  -10.452  -67.651  -29.023 1.0000000000
19659  -13.043  -67.632  -29.205 1.0000000000
20737  -15.908  -67.147  -30.473 1.0000000000
21751  -16.587  -66.481  -30.519 1.0000000000
22694  -20.612  -65.716  -29.376 1.0000000000
23623  -25.313  -64.236  -27.124 0.8999999762
20710  -12.239  -67.595  -29.099 1.0000000000
20725  -12.661  -66.985  -29.417 1.0000000000
20728  -15.258  -67.512  -30.134 1.0000000000
22709  -17.839  -65.519  -30.145 1.0000000000
22676  -22.265  -65.309  -28.755 1.0000000000
23634  -23.645  -64.545  -28.257 1.0000000000
24556  -24.166  -63.931  -28.097 1.0000000000
127305  -24.743  -64.079  -27.654 1.0000000000
24577  -21.140  -64.211  -29.084 1.0000000000
24554  -22.538  -63.739  -28.649 1.0000000000
24553  -21.707  -63.602  -28.817 1.0000000000
23648  -18.727  -64.088  -29.608 1.0000000000
25528  -20.063  -63.064  -29.131 1.0000000000
20630  -8.505  -67.994  -23.151 0.6999999881
20633  -11.922  -67.544  -22.806 0.8999999762
21657  -11.932  -66.957  -23.606 0.8999999762
118966  -11.745  -66.417  -25.110 0.8000000119
16558  -1.852  -72.225  -25.919 0.8999999762
18605  -6.280  -69.756  -27.622 1.0000000000
21680  -12.522  -66.073  -25.697 0.8000000119
18603  -1.629  -69.837  -26.088 0.8999999762
18595  -1.922  -70.248  -25.438 0.8999999762
17538  -2.684  -70.879  -25.244 0.8999999762
18606  -7.338  -69.775  -27.760 1.0000000000
22649  -13.601  -65.031  -26.626 0.6000000238
21674  -22.955  -65.320  -23.545 0.6999999881
22606  -23.429  -64.633  -21.859 0.6999999881
21637  -24.469  -66.330  -20.569 0.8000000119
22621  -26.041  -65.641  -22.355 0.8000000119
23591  -26.719  -64.777  -23.349 0.8000000119
18627  -7.152  -68.866  -28.166 1.0000000000
118910  -25.916  -66.144  -23.016 0.8000000119
23600  -26.488  -64.960  -24.307 0.8000000119
123230  -1.879  -68.119  -25.906 0.8999999762
20702  -2.794  -67.941  -28.204 0.8999999762
112986  -4.916  -70.233  -27.079 1.0000000000
134922  -7.350  -68.219  -28.442 1.0000000000
134515  -23.316  -63.870  -22.277 0.6000000238
126535  -26.125  -65.719  -24.196 0.8000000119
118031  -26.066  -65.399  -24.886 0.8000000119
116621  -2.116  -67.937  -26.912 0.8999999762
20695  -5.719  -67.771  -27.825 1.0000000000
20706  -8.484  -67.701  -28.901 1.0000000000
21735  -12.245  -66.198  -29.586 1.0000000000
22688  -12.191  -65.050  -29.812 1.0000000000
23611  -26.166  -64.782  -25.443 0.8000000119
24533  -26.357  -63.598  -26.223 0.8999999762
21746  -3.801  -66.041  -30.503 0.5000000000
20724  -11.791  -66.926  -29.329 1.0000000000
21736  -13.173  -66.383  -29.727 1.0000000000
24590  -14.492  -63.706  -30.409 1.0000000000
129158  -16.469  -65.011  -30.428 1.0000000000
24545  -25.272  -63.543  -27.417 0.8999999762
20726  -13.523  -67.125  -29.566 1.0000000000
21750  -15.542  -66.363  -30.460 1.0000000000
23665  -16.523  -64.391  -30.327 1.0000000000
119399  -17.182  -61.557  -29.079 1.0000000000
24555  -23.392  -63.809  -28.421 1.0000000000
117759  -24.674  -63.313  -27.876 0.8999999762
23647  -17.794  -64.086  -29.827 1.0000000000
126728  -23.053  -62.947  -28.517 1.0000000000
24574  -18.730  -63.086  -29.366 1.0000000000
25506  -21.445  -62.694  -28.715 1.0000000000
128306  -22.211  -63.079  -28.654 1.0000000000
25507  -22.299  -62.331  -28.598 1.0000000000
113783  -3.863  -70.030  -25.487 0.8999999762
113888  -2.435  -69.611  -25.308 0.8999999762
112988  -4.955  -70.732  -25.483 0.8999999762
113594  -6.026  -68.663  -27.818 1.0000000000
23567  -23.773  -64.035  -21.437 0.6000000238
22591  -24.393  -65.031  -20.561 0.8000000119
23556  -26.129  -64.540  -20.948 0.8000000119
24503  -26.631  -64.244  -21.576 0.8000000119
112984  -4.025  -70.964  -25.511 0.8999999762
129696  -5.233  -68.397  -27.008 1.0000000000
23555  -25.589  -64.467  -20.649 0.6999999881
23592  -26.988  -64.235  -23.163 0.8000000119
25456  -27.068  -63.629  -24.438 0.8000000119
20670  -3.183  -67.767  -25.716 0.8999999762
125281  -5.667  -69.345  -24.715 0.8999999762
112985  -6.038  -69.608  -24.956 0.8999999762
20722  -9.970  -66.955  -29.355 1.0000000000
20723  -10.889  -66.950  -29.343 1.0000000000
22639  -20.367  -64.269  -25.906 0.6000000238
22641  -22.262  -64.334  -25.410 0.5000000000
24514  -26.904  -64.267  -23.947 0.8000000119
24522  -26.673  -64.195  -24.860 0.8000000119
20701  -2.417  -67.086  -27.425 0.8999999762
20705  -7.439  -67.554  -28.663 1.0000000000
118648  -8.003  -66.825  -29.115 1.0000000000
124538  -12.880  -64.870  -30.062 1.0000000000
25483  -26.664  -62.876  -26.250 0.8999999762
130553  -2.353  -67.687  -25.864 0.8999999762
21728  -2.924  -65.937  -29.206 0.5000000000
21733  -10.448  -66.275  -29.502 1.0000000000
125309  -10.908  -65.617  -29.568 1.0000000000
24591  -15.307  -63.744  -30.382 1.0000000000
115036  -26.234  -62.289  -26.948 0.8999999762
22689  -12.853  -65.587  -29.869 1.0000000000
22705  -14.372  -65.214  -30.381 1.0000000000
119333  -23.977  -63.163  -28.264 1.0000000000
25509  -24.511  -62.408  -28.094 0.8999999762
26464  -17.916  -61.779  -29.001 1.0000000000
132940  -19.834  -62.423  -28.935 1.0000000000
128992  -20.501  -62.545  -28.837 1.0000000000
124083  -23.102  -61.962  -28.499 1.0000000000
117850  -23.895  -61.735  -28.327 0.8999999762
124341  -21.634  -61.879  -28.604 1.0000000000
125118  -20.011  -61.891  -28.714 1.0000000000
125317  -20.851  -61.901  -28.651 1.0000000000
24494  -24.665  -63.683  -20.578 0.6999999881
24496  -26.187  -63.817  -20.749 0.6999999881
113761  -4.158  -68.532  -25.548 0.8999999762
20704  -6.319  -66.962  -28.354 1.0000000000
24515  -27.163  -63.685  -23.515 0.8000000119
20703  -5.552  -66.977  -27.706 1.0000000000
21721  -7.659  -66.074  -29.006 1.0000000000
24501  -23.687  -63.282  -21.768 0.6000000238
25471  -27.219  -63.020  -24.821 0.8000000119
134628  -2.470  -66.408  -26.577 0.8999999762
125074  -7.145  -66.644  -28.722 1.0000000000
20721  -9.002  -66.906  -29.321 1.0000000000
25484  -27.147  -62.600  -25.526 0.8000000119
26412  -26.872  -61.992  -26.302 0.8000000119
115572  -2.680  -66.169  -26.124 0.8999999762
116344  -2.637  -65.643  -26.121 0.8000000119
21717  -2.587  -66.198  -27.959 0.6999999881
130567  -2.781  -64.967  -27.830 0.6000000238
25536  -14.070  -62.945  -30.378 1.0000000000
24571  -15.705  -63.027  -30.133 1.0000000000
24573  -17.420  -63.251  -29.684 1.0000000000
25505  -19.311  -62.019  -28.842 1.0000000000
113025  -6.147  -69.080  -25.058 0.8999999762
26373  -24.484  -62.204  -20.890 0.6000000238
120620  -26.324  -62.235  -20.467 0.6000000238
25425  -27.020  -61.878  -20.696 0.6000000238
112989  -5.024  -69.475  -24.565 0.8999999762
20658  -5.771  -68.600  -24.732 0.8999999762
112992  -4.912  -68.729  -26.757 0.8999999762
21719  -5.800  -66.170  -28.124 1.0000000000
22674  -8.050  -65.080  -29.039 1.0000000000
26386  -27.683  -61.557  -22.453 0.6000000238
20671  -4.593  -67.861  -25.145 0.8999999762
21691  -5.596  -66.981  -25.219 0.8999999762
112997  -6.341  -67.345  -26.047 0.8999999762
21720  -6.518  -66.011  -28.541 1.0000000000
22687  -11.350  -64.959  -29.650 1.0000000000
121123  -10.981  -64.141  -29.538 1.0000000000
25447  -27.519  -62.298  -22.647 0.6000000238
131296  -27.891  -60.983  -23.329 0.6000000238
26405  -27.675  -61.582  -24.028 0.6999999881
20684  -2.669  -66.934  -26.022 0.8999999762
21690  -4.701  -67.073  -25.301 0.8999999762
112991  -6.116  -68.203  -25.236 0.8999999762
112996  -6.549  -66.779  -25.741 0.8999999762
22684  -8.783  -65.055  -29.220 1.0000000000
26413  -27.310  -61.743  -25.592 0.8000000119
26422  -27.015  -61.086  -26.294 0.8000000119
22657  -2.920  -65.652  -25.892 0.8999999762
112995  -6.459  -66.562  -25.500 0.8999999762
113005  -7.087  -65.799  -26.920 0.8999999762
22686  -10.046  -65.599  -29.507 1.0000000000
24569  -12.252  -63.491  -30.030 1.0000000000
134481  -13.392  -63.022  -30.345 1.0000000000
26463  -15.684  -61.569  -29.523 1.0000000000
27323  -16.086  -60.941  -29.099 1.0000000000
127546  -25.756  -61.794  -27.334 0.8999999762
27285  -26.535  -60.446  -26.631 0.8999999762
23620  -2.808  -64.396  -26.280 0.6999999881
23628  -2.942  -64.406  -27.564 0.6000000238
113010  -6.717  -63.986  -28.072 0.8999999762
121839  -10.015  -64.009  -29.270 1.0000000000
24568  -11.481  -63.368  -29.737 1.0000000000
120772  -12.763  -62.781  -30.260 1.0000000000
26461  -13.932  -61.313  -30.020 1.0000000000
25522  -14.412  -62.158  -30.244 1.0000000000
136116  -17.102  -60.583  -28.585 1.0000000000
26444  -19.368  -61.292  -28.563 1.0000000000
27293  -25.292  -60.351  -27.422 0.8999999762
27284  -25.979  -60.382  -27.024 0.8999999762
134132  -14.404  -59.740  -28.547 1.0000000000
28204  -15.227  -59.542  -28.518 1.0000000000
114491  -16.973  -60.002  -28.388 1.0000000000
27309  -17.767  -60.379  -28.405 1.0000000000
27310  -18.770  -60.586  -28.345 1.0000000000
27311  -19.779  -60.551  -28.301 1.0000000000
26445  -20.333  -61.220  -28.528 1.0000000000
27315  -23.560  -60.368  -28.165 0.8999999762
27292  -24.442  -60.215  -27.784 0.8999999762
28195  -24.357  -59.381  -27.619 0.8999999762
26447  -22.303  -61.329  -28.514 1.0000000000
28203  -14.429  -59.148  -28.548 1.0000000000
29162  -16.003  -58.840  -28.471 1.0000000000
28208  -19.251  -59.824  -28.001 1.0000000000
28209  -20.253  -59.796  -28.059 1.0000000000
28210  -21.292  -59.715  -28.182 1.0000000000
28211  -22.241  -59.727  -28.185 0.8999999762
29163  -16.887  -58.506  -28.356 1.0000000000
29141  -22.289  -58.172  -27.597 1.0000000000
27239  -24.246  -60.399  -21.519 0.3000000119
27227  -24.821  -59.927  -20.906 0.4000000060
27228  -25.589  -60.374  -20.393 0.5000000000
124471  -23.748  -59.966  -21.770 0.3000000119
28131  -27.814  -59.875  -20.808 0.5000000000
114760  -28.185  -60.176  -22.932 0.6000000238
22666  -5.700  -65.898  -27.990 1.0000000000
113006  -6.444  -65.095  -27.742 0.8999999762
23630  -7.351  -64.447  -28.633 1.0000000000
130898  -28.150  -60.191  -23.922 0.6000000238
117970  -5.885  -66.147  -25.357 0.8999999762
23643  -9.068  -64.204  -29.125 1.0000000000
133249  -9.969  -63.162  -29.197 1.0000000000
136377  -27.991  -60.164  -24.705 0.6000000238
28170  -27.681  -59.710  -25.357 0.6999999881
22644  -3.570  -66.597  -26.084 0.8999999762
128333  -3.805  -65.138  -25.677 0.8999999762
113917  -7.849  -65.165  -26.391 0.8999999762
113018  -7.296  -63.246  -28.306 1.0000000000
26460  -11.844  -61.640  -29.950 1.0000000000
28180  -26.334  -59.677  -26.601 0.8999999762
24537  -2.843  -63.724  -25.459 0.8000000119
24531  -7.825  -64.420  -25.489 0.8999999762
24566  -9.324  -63.348  -29.044 1.0000000000
25519  -11.150  -62.355  -29.711 1.0000000000
28196  -24.981  -59.730  -27.446 0.8999999762
28179  -25.615  -59.718  -27.099 0.8999999762
24544  -3.114  -63.769  -27.032 0.6999999881
25495  -3.577  -62.353  -26.736 0.6000000238
26439  -4.851  -61.163  -28.067 0.6000000238
113663  -11.695  -59.889  -27.773 1.0000000000
29143  -24.180  -58.576  -27.483 0.8999999762
29161  -14.568  -58.334  -28.990 1.0000000000
28205  -16.828  -59.271  -28.320 1.0000000000
28206  -17.543  -59.558  -28.241 1.0000000000
28191  -20.773  -59.024  -27.808 1.0000000000
30098  -14.669  -57.268  -29.225 0.8999999762
28189  -18.821  -59.068  -27.809 1.0000000000
29140  -21.249  -58.265  -27.621 1.0000000000
29055  -25.408  -58.671  -20.472 0.3000000119
28099  -26.897  -59.325  -20.063 0.4000000060
28146  -28.335  -59.456  -22.555 0.5000000000
22647  -6.776  -65.680  -25.410 0.8999999762
28160  -28.141  -59.464  -24.522 0.5000000000
22646  -5.534  -65.426  -25.519 0.8999999762
23614  -6.224  -64.085  -25.694 0.8999999762
25518  -10.302  -62.485  -29.328 1.0000000000
29124  -26.314  -58.736  -26.377 0.8000000119
28169  -26.983  -59.180  -25.986 0.6999999881
23604  -5.013  -64.575  -25.837 0.8999999762
24539  -3.998  -64.020  -24.813 0.8999999762
24540  -7.423  -63.905  -25.630 0.8999999762
113023  -6.973  -63.195  -26.800 0.8999999762
113019  -7.538  -62.515  -28.172 1.0000000000
25517  -9.569  -62.562  -29.043 1.0000000000
26457  -9.793  -61.770  -29.092 1.0000000000
27303  -11.844  -60.307  -28.431 1.0000000000
29144  -25.081  -58.984  -27.230 0.8999999762
25488  -3.080  -62.724  -25.176 0.6999999881
26426  -3.911  -61.356  -26.209 0.6000000238
113867  -10.877  -59.579  -27.253 1.0000000000
114464  -12.783  -59.473  -28.372 1.0000000000
29142  -23.279  -58.357  -27.580 0.8999999762
30083  -24.808  -58.047  -27.089 0.8000000119
115484  -16.273  -57.914  -28.588 1.0000000000
128199  -13.937  -57.744  -29.304 1.0000000000
28190  -19.759  -59.088  -27.739 1.0000000000
29139  -20.299  -58.345  -27.623 1.0000000000
30078  -20.627  -57.558  -27.513 1.0000000000
30079  -21.618  -57.537  -27.444 0.8999999762
30081  -22.988  -57.642  -27.397 0.8000000119
117380  -8.687  -61.873  -28.454 1.0000000000
29112  -26.932  -58.143  -25.797 0.6999999881
25491  -6.475  -62.834  -25.723 0.8999999762
26428  -7.056  -61.921  -26.443 0.8999999762
113834  -7.566  -62.101  -27.661 0.8999999762
113952  -10.214  -60.975  -28.662 1.0000000000
26458  -10.575  -61.579  -29.399 1.0000000000
30064  -25.440  -57.526  -26.630 0.6999999881
31030  -26.085  -57.011  -26.206 0.6999999881
30065  -26.197  -57.861  -26.289 0.6999999881
26403  -3.581  -61.808  -24.086 0.8000000119
132690  -5.323  -61.264  -24.074 0.8999999762
122910  -8.291  -59.903  -25.848 0.8999999762
134442  -23.371  -57.181  -27.161 0.8000000119
30082  -23.888  -57.696  -27.293 0.8999999762
31029  -25.281  -56.675  -26.490 0.6999999881
26409  -3.611  -61.535  -24.322 0.6999999881
26427  -4.470  -60.730  -26.924 0.6000000238
28200  -5.812  -59.023  -28.413 0.6000000238
29176  -6.401  -57.911  -29.073 0.5000000000
28201  -11.792  -58.948  -28.354 1.0000000000
29159  -12.557  -58.483  -28.975 1.0000000000
31061  -15.150  -56.392  -28.805 0.8999999762
115720  -13.137  -57.655  -29.348 0.8999999762
117702  -13.671  -56.988  -29.392 0.8000000119
121519  -16.446  -57.186  -28.607 1.0000000000
30099  -17.126  -57.632  -28.392 1.0000000000
31060  -14.196  -56.330  -28.961 0.8000000119
114818  -9.348  -61.467  -28.563 1.0000000000
24530  -3.168  -63.305  -24.116 0.8999999762
135175  -8.575  -61.458  -27.132 1.0000000000
113646  -8.014  -61.270  -26.709 0.8999999762
113026  -9.723  -60.917  -27.727 1.0000000000
114048  -10.414  -60.362  -27.212 1.0000000000
27302  -11.019  -60.787  -29.121 1.0000000000
114387  -12.432  -59.993  -28.193 1.0000000000
26410  -6.080  -60.596  -24.161 0.8000000119
113024  -9.533  -60.314  -26.835 0.8999999762
126490  -22.949  -55.917  -26.685 0.6999999881
27277  -3.983  -60.400  -24.595 0.6000000238
27269  -4.882  -60.528  -24.071 0.8999999762
28187  -10.769  -58.997  -26.906 0.8999999762
113031  -11.313  -59.275  -27.697 1.0000000000
114425  -10.948  -58.229  -28.900 0.8999999762
115996  -11.680  -58.124  -29.158 0.8999999762
31068  -12.788  -56.867  -29.358 0.8999999762
31043  -19.456  -56.346  -27.736 0.8999999762
31046  -21.986  -56.899  -27.253 0.8000000119
27290  -4.469  -59.695  -26.326 0.6000000238
30093  -6.196  -57.348  -28.281 0.6000000238
29158  -10.077  -58.279  -28.518 0.8000000119
30110  -12.039  -56.844  -29.251 0.8000000119
32887  -12.131  -54.960  -27.833 0.8000000119
32904  -14.067  -55.028  -27.761 0.8000000119
31062  -16.090  -56.443  -28.636 1.0000000000
31942  -22.287  -55.561  -26.740 0.6999999881
31025  -8.295  -55.600  -26.549 0.6999999881
31955  -9.290  -55.429  -26.687 0.6999999881
31980  -17.178  -55.210  -28.170 0.8999999762
31045  -21.170  -56.848  -27.366 0.8999999762
25480  -3.725  -62.541  -23.898 0.8999999762
26411  -7.291  -61.104  -25.134 0.8999999762
27283  -7.769  -60.489  -25.690 0.8999999762
28166  -4.615  -59.012  -24.719 0.8000000119
28168  -6.055  -58.970  -24.824 0.8000000119
130611  -9.378  -59.071  -26.667 0.8999999762
29136  -10.920  -58.925  -27.883 0.8999999762
30096  -10.305  -57.512  -28.808 0.8000000119
32889  -14.465  -54.292  -27.620 0.8000000119
31979  -15.649  -55.524  -28.352 0.8999999762
32905  -14.959  -54.949  -27.830 0.8000000119
32891  -16.157  -54.266  -27.487 0.8999999762
31962  -20.816  -55.513  -27.284 0.8999999762
127451  -22.524  -54.918  -26.502 0.6999999881
124981  -4.651  -58.894  -25.807 0.6000000238
28167  -5.039  -58.553  -24.862 0.8000000119
29111  -5.808  -58.041  -25.506 0.8000000119
31052  -6.076  -56.560  -27.433 0.6999999881
29135  -9.956  -58.663  -27.872 0.8000000119
31056  -10.545  -56.618  -28.524 0.8000000119
31057  -11.472  -56.351  -28.693 0.8000000119
31958  -17.040  -54.401  -27.602 0.8999999762
31961  -20.119  -55.812  -27.529 0.8999999762
30061  -7.184  -56.454  -26.318 0.6999999881
31041  -10.033  -56.046  -27.416 0.8000000119
31957  -11.240  -54.962  -27.407 0.8000000119
32892  -17.920  -54.329  -27.468 0.8000000119
32894  -20.038  -54.836  -27.420 0.8999999762
136349  -10.113  -58.942  -26.677 0.8999999762
28176  -7.860  -59.135  -26.327 0.8000000119
29134  -9.380  -58.686  -26.979 0.8000000119
29121  -6.854  -58.042  -25.933 0.8000000119
30075  -7.989  -57.620  -27.135 0.8000000119
30095  -8.923  -57.600  -27.878 0.8000000119
33804  -13.102  -53.185  -27.769 0.8000000119
33806  -14.878  -53.398  -27.561 0.8000000119
33809  -17.423  -53.696  -27.113 0.8000000119
31941  -21.979  -54.931  -26.646 0.6999999881
29133  -6.962  -57.135  -26.205 0.8000000119
31040  -9.165  -56.467  -27.137 0.6999999881
121121  -12.440  -52.237  -27.652 0.8000000119
32870  -19.725  -54.070  -27.131 0.8000000119
34756  -15.645  -52.751  -27.280 0.6999999881
33788  -17.071  -53.237  -26.896 0.5000000000
29122  -7.901  -58.200  -27.166 0.8000000119
29156  -8.627  -57.967  -27.785 0.8000000119
32890  -15.321  -54.260  -27.545 0.8000000119
33807  -15.889  -53.622  -27.248 0.6000000238
136353  -13.305  -52.390  -27.698 0.6999999881
35683  -12.978  -51.617  -27.615 0.6000000238
125016  -14.472  -50.828  -27.373 0.6000000238
34757  -16.475  -53.035  -26.989 0.5000000000
34744  -17.609  -52.136  -26.523 0.6000000238
124984  -15.524  -51.947  -27.268 0.5000000000
123576  -17.461  -51.286  -26.499 0.5000000000
37590  -14.168  -49.498  -27.199 0.5000000000
35672  -16.679  -51.247  -26.631 0.5000000000
38518  -14.568  -48.666  -26.922 0.4000000060
36628  -15.341  -50.428  -27.037 0.5000000000
126344  -16.151  -48.934  -26.573 0.4000000060
39345  -14.492  -47.600  -26.901 0.3000000119
117092  -4.383  -96.319  -19.905 0.6999999881
1114  -2.420  -94.006  -17.420 0.8999999762
1448  -6.620  -93.057  -19.591 1.0000000000
2679  -6.735  -91.021  -25.987 1.0000000000
1564  -19.926  -93.259  -28.685 0.5000000000
2159  -5.148  -90.897  -15.806 1.0000000000
136192  -5.574  -90.810  -16.435 1.0000000000
2631  -9.648  -90.279  -20.624 1.0000000000
3088  -10.598  -90.445  -24.555 1.0000000000
3089  -11.208  -89.994  -24.414 1.0000000000
3588  -10.632  -88.256  -29.066 0.8999999762
118760  -9.857  -96.699  -30.808 0.8999999762
2021  -4.259  -91.867  -2.386 0.6000000238
131602  -11.545  -92.375  -31.676 0.8999999762
2144  -0.232  -91.637  -14.758 1.0000000000
3061  -10.992  -89.284  -21.457 1.0000000000
452  -13.764  -98.092  -31.479 0.8000000119
3488  -1.019  -89.449  -20.486 1.0000000000
123492  -1.038  -90.562  -6.852 0.8999999762
5163  -13.760  -85.773  -33.083 0.8999999762
120170  -13.382  -92.852  -31.079 0.8999999762
1602  -13.314  -93.702  -31.334 0.8000000119
3512  -1.370  -88.938  -22.938 1.0000000000
4483  -10.125  -86.077  -21.935 1.0000000000
5797  -14.452  -84.921  -31.055 0.8999999762
3937  -1.062  -87.127  -20.717 1.0000000000
3363  -1.149  -89.238  -8.691 1.0000000000
3569  -2.990  -88.286  -26.936 1.0000000000
3991  -6.124  -87.047  -25.365 1.0000000000
8877  -9.052  -80.363  -35.886 1.0000000000
7299  -12.284  -82.541  -27.129 1.0000000000
4020  -4.783  -87.625  -28.274 1.0000000000
5696  -4.226  -84.612  -19.546 1.0000000000
5708  -4.139  -84.104  -20.131 1.0000000000
3853  -3.375  -87.073  -11.352 1.0000000000
7236  -2.837  -82.218  -22.430 1.0000000000
9636  -5.553  -79.121  -31.322 1.0000000000
9631  -5.121  -79.110  -30.728 1.0000000000
117837  -4.128  -78.525  -36.328 1.0000000000
10521  -3.323  -78.181  -33.310 1.0000000000
10537  -3.470  -78.253  -34.838 1.0000000000
7275  -2.143  -81.709  -24.900 1.0000000000
10513  -4.058  -78.411  -32.640 1.0000000000
9630  -4.616  -79.053  -30.138 1.0000000000
8819  -2.554  -78.978  -27.097 1.0000000000
5561  -2.709  -84.959  -9.453 0.8000000119
4955  -5.188  -84.753  -12.261 1.0000000000
12349  -4.837  -75.670  -33.716 1.0000000000
6440  -8.070  -83.635  -18.980 1.0000000000
8769  -9.091  -80.297  -23.839 1.0000000000
12379  -8.519  -76.357  -36.423 1.0000000000
114727  -6.835  -75.838  -35.335 1.0000000000
132075  -6.200  -75.737  -34.688 1.0000000000
12351  -6.924  -76.215  -33.293 1.0000000000
131743  -9.522  -81.620  -20.218 1.0000000000
7134  -6.602  -82.480  -14.288 1.0000000000
7135  -7.260  -82.757  -14.528 1.0000000000
6442  -9.257  -82.526  -19.167 1.0000000000
10490  -7.771  -77.623  -29.224 1.0000000000
13205  -7.921  -76.161  -31.922 1.0000000000
12294  -6.864  -76.460  -29.890 1.0000000000
8718  -6.063  -80.851  -19.109 1.0000000000
11315  -9.837  -76.994  -22.404 1.0000000000
16831  -11.177  -71.356  -44.608 0.6000000238
10366  -10.531  -77.771  -20.920 1.0000000000
116468  -12.949  -78.846  -20.535 1.0000000000
16805  -6.832  -71.637  -41.728 1.0000000000
9509  -2.496  -80.290  -20.870 0.8000000119
129250  -15.409  -77.989  -22.088 1.0000000000
12251  -15.266  -76.304  -25.224 1.0000000000
11279  -15.305  -78.032  -19.420 1.0000000000
16645  -7.191  -71.767  -32.718 1.0000000000
10358  -16.507  -78.331  -20.453 1.0000000000
10359  -17.131  -78.175  -21.016 1.0000000000
11320  -17.155  -77.734  -22.209 1.0000000000
11338  -17.488  -77.359  -22.825 1.0000000000
14866  -14.871  -73.323  -23.241 1.0000000000
122050  -4.891  -69.769  -42.488 1.0000000000
114622  -1.440  -79.170  -21.901 0.6999999881
13917  -9.809  -74.825  -18.913 1.0000000000
18775  -4.824  -67.569  -38.580 0.8000000119
14030  -18.901  -74.567  -27.492 1.0000000000
13121  -3.777  -75.462  -23.148 0.8000000119
135766  -3.379  -67.815  -35.304 0.8999999762
14883  -18.695  -73.862  -27.945 1.0000000000
14822  -7.883  -73.542  -21.835 0.8999999762
13975  -9.169  -73.692  -21.244 1.0000000000
14838  -8.108  -73.064  -22.071 0.8999999762
17607  -18.821  -70.922  -29.928 1.0000000000
16490  -15.294  -71.284  -20.175 1.0000000000
17555  -9.929  -70.849  -25.106 1.0000000000
19672  -17.683  -68.958  -30.549 1.0000000000
20729  -20.287  -67.405  -29.561 1.0000000000
18568  -16.866  -69.636  -22.333 1.0000000000
18571  -19.468  -69.597  -21.986 0.8000000119
113959  -2.694  -73.406  -27.650 0.8999999762
20740  -18.334  -67.587  -30.354 1.0000000000
123703  -22.835  -65.994  -28.454 1.0000000000
19575  -13.415  -69.183  -21.610 1.0000000000
20620  -21.421  -68.238  -21.559 0.8000000119
113904  -5.418  -70.239  -27.348 1.0000000000
19660  -13.845  -67.803  -29.356 1.0000000000
21752  -17.517  -66.241  -30.367 1.0000000000
21754  -18.777  -66.803  -30.069 1.0000000000
19573  -10.892  -68.941  -22.145 0.8999999762
20631  -10.146  -67.668  -23.112 0.8000000119
20647  -12.627  -66.673  -24.058 0.8999999762
22654  -20.279  -64.655  -26.710 0.6999999881
21738  -14.873  -66.813  -30.225 1.0000000000
23666  -17.281  -64.769  -30.205 1.0000000000
19589  -8.021  -68.860  -22.836 0.6999999881
22607  -25.535  -65.761  -21.200 0.8000000119
137151  -19.551  -64.639  -26.861 0.6000000238
23664  -15.790  -64.547  -30.438 1.0000000000
120184  -18.000  -62.654  -29.368 1.0000000000
26421  -26.315  -61.194  -26.909 0.8999999762
25524  -16.134  -62.325  -29.678 1.0000000000
118515  -18.226  -61.098  -28.595 1.0000000000
116000  -25.342  -62.240  -20.370 0.6000000238
115300  -26.650  -63.038  -20.799 0.6000000238
118807  -23.478  -62.136  -21.668 0.4000000060
132724  -26.877  -63.611  -21.427 0.6999999881
25457  -27.308  -63.012  -24.016 0.8000000119
21689  -3.883  -67.275  -26.083 0.8999999762
125800  -27.638  -61.349  -24.949 0.8000000119
128104  -13.464  -62.147  -30.337 1.0000000000
27307  -15.677  -60.288  -28.727 1.0000000000
122039  -24.269  -61.274  -21.359 0.5000000000
26357  -24.849  -60.834  -20.673 0.5000000000
27270  -27.894  -60.820  -24.375 0.6000000238
22673  -6.887  -65.185  -28.595 1.0000000000
25494  -3.188  -63.136  -26.467 0.6000000238
27321  -14.369  -60.734  -29.378 1.0000000000
27306  -14.802  -60.201  -28.781 1.0000000000
26358  -25.650  -61.365  -20.325 0.5000000000
28130  -24.219  -59.468  -21.680 0.3000000119
129301  -13.373  -60.647  -29.438 1.0000000000
25489  -3.477  -61.974  -25.461 0.6000000238
30100  -18.020  -57.529  -28.123 1.0000000000
115756  -18.808  -57.671  -27.860 1.0000000000
30053  -27.265  -57.313  -25.375 0.4000000060
26420  -6.290  -61.700  -24.742 0.8999999762
31058  -12.372  -56.214  -28.783 0.8000000119
31063  -17.009  -56.679  -28.467 1.0000000000
33803  -11.484  -54.125  -27.412 0.6999999881
31943  -23.655  -55.776  -26.557 0.8000000119
31945  -25.107  -55.844  -26.339 0.6000000238
31960  -18.379  -55.057  -27.811 0.8999999762
31038  -6.248  -55.972  -26.848 0.6999999881
123549  -12.410  -53.982  -27.729 0.8000000119
123826  -9.628  -57.714  -28.441 0.8000000119
32872  -21.376  -54.412  -26.692 0.6999999881
33810  -18.234  -53.637  -26.988 0.6000000238
33791  -20.000  -53.479  -26.716 0.6999999881
36627  -14.571  -50.141  -27.228 0.6000000238
576  -4.432  -96.250  -20.906 0.6999999881
831  -3.543  -95.716  -21.018 0.8000000119
596  -4.507  -95.992  -22.608 0.8000000119
126301  -4.989  -96.236  -23.471 0.8000000119
1186  -3.547  -94.154  -25.528 0.8999999762
876  -4.778  -95.402  -25.552 0.8000000119
888  -5.527  -95.309  -26.302 0.8000000119
915  -6.669  -95.907  -27.728 0.8000000119
1217  -5.753  -94.655  -28.680 0.8000000119
120805  -8.749  -96.546  -29.041 0.6000000238
1036  -4.826  -95.055  -6.021 0.8000000119
120150  -9.771  -73.795  -43.959 0.6999999881
124240  -7.654  -67.852  -43.721 0.6000000238
129629  -9.900  -67.967  -46.159 0.6999999881
18742  -4.090  -67.452  -36.619 0.8000000119
113987  -4.970  -68.150  -37.115 0.5000000000
18702  -3.629  -68.190  -34.146 0.8000000119
18726  -3.726  -67.695  -35.746 0.8000000119
18675  -4.344  -69.376  -31.803 0.8000000119
18676  -5.215  -69.801  -30.982 0.8000000119
135976  -4.956  -70.046  -30.257 0.8000000119
18660  -5.649  -69.570  -30.184 0.6999999881
18562  -4.439  -68.880  -22.651 0.6999999881
18643  -4.280  -69.736  -29.060 0.8000000119
19657  -5.553  -68.579  -29.696 0.6000000238
20720  -5.774  -67.922  -29.896 0.6000000238
20753  -6.789  -67.204  -30.931 0.5000000000
20719  -5.055  -67.865  -29.590 0.6000000238
21730  -4.459  -66.902  -29.815 0.5000000000
20675  -16.597  -67.318  -26.193 0.8000000119
19611  -17.821  -68.644  -24.981 0.8000000119
20679  -21.095  -66.697  -26.394 0.6999999881
123889  -2.597  -65.584  -27.235 0.6999999881
25504  -4.498  -61.930  -28.335 0.6000000238
119824  -16.198  -59.739  -28.467 1.0000000000
115859  -13.161  -60.092  -28.534 1.0000000000
116186  -27.822  -57.725  -24.918 0.4000000060
30076  -18.740  -56.897  -27.964 1.0000000000
28199  -5.365  -59.334  -27.866 0.6000000238
31953  -6.653  -55.520  -26.878 0.6000000238
31940  -9.149  -54.532  -26.594 0.6999999881
122492  -4.999  -58.372  -26.224 0.6000000238
29154  -5.230  -58.501  -27.423 0.6000000238
32875  -23.893  -54.956  -26.269 0.6000000238
31929  -24.804  -55.110  -26.140 0.6000000238
118609  -5.239  -58.070  -25.727 0.6999999881
30059  -5.946  -56.447  -26.518 0.6999999881
30060  -6.421  -56.471  -26.253 0.6999999881
34748  -21.325  -52.876  -26.053 0.6000000238
32874  -23.027  -54.415  -26.225 0.6000000238
114004  -6.140  -57.106  -25.997 0.6999999881
35682  -11.792  -51.266  -27.513 0.5000000000
34746  -18.944  -52.376  -26.397 0.6000000238
34747  -20.360  -52.722  -26.236 0.6000000238
133854  -12.650  -50.562  -27.511 0.5000000000
37591  -15.028  -49.536  -26.930 0.4000000060
37575  -15.811  -49.650  -26.658 0.5000000000
37577  -17.410  -49.667  -26.489 0.5000000000
38500  -15.446  -48.349  -26.771 0.3000000119
113625  -8.714  -67.958  -45.189 0.6999999881
1187  -4.175  -94.805  -25.990 0.8999999762
654  -7.222  -96.734  -27.917 0.8000000119
920  -6.998  -95.646  -29.198 0.8000000119
423  -7.748  -97.486  -27.834 0.6999999881
433  -7.700  -96.974  -28.599 0.6999999881
1216  -5.028  -94.086  -28.881 0.8000000119
1553  -3.976  -93.270  -27.905 0.8999999762
919  -6.428  -95.009  -29.267 0.8000000119
128503  -7.437  -95.212  -29.803 0.8000000119
1218  -8.413  -94.470  -29.130 0.8000000119
923  -9.295  -95.855  -28.802 0.6999999881
1585  -5.160  -93.115  -30.724 0.8999999762
1234  -6.255  -94.248  -30.133 0.8000000119
562  -4.376  -96.713  -17.732 0.6999999881
569  -4.505  -96.410  -19.052 0.6000000238
835  -3.081  -95.221  -21.505 1.0000000000
597  -5.333  -96.501  -22.730 0.8000000119
655  -10.100  -96.890  -28.437 0.6000000238
1219  -9.162  -94.798  -28.638 0.6999999881
117542  -9.491  -96.663  -28.719 0.6000000238
136414  -11.280  -95.331  -27.350 0.6999999881
657  -12.760  -96.318  -26.784 0.5000000000
123344  -10.150  -93.087  -27.275 0.6999999881
1901  -8.496  -91.907  -28.540 0.8000000119
800  -2.907  -95.289  -17.607 0.8999999762
515  -3.172  -96.718  -12.625 0.8000000119
834  -2.431  -94.393  -21.148 1.0000000000
1161  -2.328  -93.390  -22.906 1.0000000000
434  -8.350  -97.768  -28.326 0.6000000238
1194  -12.010  -94.291  -26.608 0.6999999881
115326  -12.179  -93.579  -26.462 0.6999999881
1930  -4.633  -92.387  -30.821 1.0000000000
2299  -7.203  -91.577  -30.046 0.8999999762
1919  -7.065  -91.981  -29.704 0.8999999762
118419  -5.336  -91.507  -31.686 1.0000000000
1888  -9.297  -91.946  -27.882 0.8000000119
2286  -9.494  -91.465  -28.588 0.8000000119
739  -5.505  -95.906  -7.138 0.8000000119
1037  -5.745  -95.645  -6.203 0.6000000238
498  -6.982  -96.794  -7.532 0.6999999881
744  -6.053  -96.611  -7.700 0.8999999762
114404  -3.315  -97.316  -13.913 0.6999999881
1079  -2.876  -94.799  -13.342 0.8999999762
1837  -3.233  -92.626  -24.077 1.0000000000
1864  -3.467  -92.639  -25.406 1.0000000000
904  -14.516  -95.186  -26.446 0.6000000238
119280  -14.818  -94.393  -26.353 0.6000000238
1571  -6.231  -93.300  -30.337 0.8000000119
1931  -5.150  -92.391  -31.195 1.0000000000
1520  -12.831  -93.159  -26.366 0.6000000238
123293  -14.193  -92.575  -26.439 0.6000000238
2302  -9.970  -91.432  -28.992 0.8000000119
2288  -11.326  -91.483  -27.897 0.6999999881
1922  -11.358  -92.307  -28.895 0.8000000119
750  -4.658  -96.439  -10.152 0.8999999762
811  -2.533  -94.794  -18.323 1.0000000000
1477  -2.320  -93.169  -22.135 1.0000000000
1132  -2.394  -93.444  -20.763 1.0000000000
131425  -5.070  -95.958  -24.890 0.8000000119
3156  -4.586  -89.533  -31.939 1.0000000000
2320  -6.845  -91.670  -32.364 1.0000000000
2310  -8.592  -91.546  -30.030 0.8999999762
2289  -12.283  -91.615  -27.831 0.6999999881
1560  -14.222  -92.896  -28.506 0.8000000119
2290  -13.206  -91.723  -27.855 0.6999999881
1588  -8.850  -93.424  -30.890 0.8999999762
1589  -9.895  -93.332  -30.123 0.8999999762
1573  -10.934  -93.237  -29.496 0.8999999762
1221  -13.058  -94.137  -28.794 0.8000000119
1058  -4.451  -94.970  -10.334 0.8999999762
125502  -4.705  -95.222  -7.544 0.8999999762
125189  -4.339  -93.828  -11.984 0.8999999762
753  -4.018  -95.784  -10.892 0.8999999762
1456  -3.304  -93.049  -20.504 1.0000000000
1446  -3.897  -93.437  -19.818 1.0000000000
1457  -4.311  -93.300  -20.566 1.0000000000
1419  -3.234  -93.582  -17.961 1.0000000000
1420  -4.379  -93.505  -17.803 1.0000000000
1465  -3.592  -92.929  -21.156 1.0000000000
1814  -5.218  -92.987  -22.025 1.0000000000
1408  -3.065  -93.689  -16.442 0.8999999762
1824  -4.428  -92.701  -22.918 1.0000000000
1389  -3.993  -93.684  -14.329 0.8999999762
1380  -4.394  -93.412  -12.757 0.8999999762
1865  -4.644  -91.982  -25.319 1.0000000000
2250  -4.421  -91.675  -26.077 1.0000000000
2680  -7.423  -91.339  -25.461 1.0000000000
2260  -5.025  -91.312  -26.535 1.0000000000
2261  -5.931  -91.154  -26.229 1.0000000000
5222  -6.328  -86.552  -39.214 0.6000000238
133403  -5.369  -88.437  -39.828 0.5000000000
4629  -6.302  -88.560  -37.182 0.6999999881
5197  -7.908  -86.293  -37.154 0.6999999881
2714  -4.099  -89.996  -29.731 1.0000000000
5877  -9.131  -84.663  -37.853 0.8000000119
5861  -8.918  -85.411  -37.108 0.8000000119
5895  -11.903  -84.926  -37.984 0.8000000119
5223  -11.459  -85.295  -38.732 0.8000000119
5214  -12.891  -84.943  -37.006 0.8999999762
3663  -11.398  -89.015  -38.007 0.6999999881
1907  -16.617  -92.303  -27.773 0.6999999881
1563  -19.060  -93.332  -27.907 0.6000000238
1562  -17.269  -92.993  -28.251 0.6999999881
1224  -15.190  -93.877  -28.943 0.8000000119
123981  -13.763  -95.337  -29.185 0.8000000119
125310  -11.934  -97.406  -29.527 0.8000000119
1031  -5.331  -94.357  -4.415 0.6999999881
1041  -4.132  -94.663  -6.874 0.8999999762
1360  -3.378  -93.619  -9.163 0.8999999762
1346  -3.382  -93.877  -7.408 0.8999999762
752  -3.566  -96.296  -11.507 0.8999999762
1799  -7.140  -92.514  -19.383 1.0000000000
1728  -4.240  -92.639  -11.449 0.8999999762
1735  -4.460  -92.295  -12.779 0.8999999762
2707  -4.846  -89.818  -28.789 1.0000000000
3135  -4.347  -89.445  -30.606 1.0000000000
3584  -6.267  -88.442  -30.703 1.0000000000
122009  -7.261  -88.418  -29.320 1.0000000000
3160  -8.354  -89.518  -32.406 0.8999999762
2737  -9.146  -90.144  -32.494 0.8999999762
120115  -7.753  -91.095  -33.905 0.8999999762
2330  -7.123  -91.222  -33.621 1.0000000000
118438  -7.809  -84.689  -39.351 0.6000000238
5891  -8.468  -84.617  -38.536 0.6999999881
5909  -10.421  -85.026  -39.574 0.8000000119
5924  -10.037  -85.160  -40.664 0.5000000000
130675  -9.206  -84.754  -40.120 0.5000000000
131393  -11.591  -86.079  -40.170 0.5000000000
4652  -11.861  -86.547  -39.747 0.6000000238
2785  -10.635  -90.102  -36.489 0.8000000119
3197  -11.555  -88.860  -35.192 0.8999999762
1598  -7.952  -94.380  -32.391 0.8999999762
441  -15.246  -97.581  -30.251 0.8000000119
118663  -13.931  -98.809  -30.279 0.8000000119
670  -15.626  -96.508  -30.288 0.8000000119
1244  -17.662  -94.330  -30.210 0.6999999881
124775  -17.056  -95.197  -30.441 0.6999999881
938  -16.300  -95.755  -30.370 0.6999999881
947  -17.438  -96.010  -31.176 0.6000000238
1327  -4.291  -93.556  -3.923 0.8000000119
1032  -4.091  -94.492  -6.014 0.8000000119
125645  -4.228  -93.394  -16.143 0.8999999762
1409  -4.642  -93.276  -16.958 1.0000000000
1791  -6.713  -92.579  -18.835 1.0000000000
2133  -4.556  -91.922  -13.665 1.0000000000
3127  -8.354  -89.193  -27.589 1.0000000000
3578  -7.943  -88.584  -28.513 1.0000000000
2750  -8.547  -91.023  -33.499 0.8999999762
2333  -9.763  -91.990  -32.709 0.8999999762
1946  -7.795  -92.741  -33.413 0.8999999762
1273  -8.631  -95.273  -32.383 0.8999999762
125261  -12.395  -87.761  -39.846 0.5000000000
3680  -13.224  -89.369  -40.254 0.5000000000
3679  -12.425  -88.797  -39.287 0.5000000000
3217  -11.946  -89.640  -38.845 0.6000000238
3202  -10.524  -90.420  -37.295 0.6999999881
2776  -10.226  -90.835  -36.604 0.6999999881
2766  -10.602  -90.937  -35.223 0.6999999881
136959  -18.296  -94.343  -30.631 0.5000000000
120443  -11.503  -98.337  -29.902 0.8000000119
1763  -4.727  -92.281  -15.137 1.0000000000
132880  -5.359  -92.065  -16.434 1.0000000000
2172  -6.223  -91.454  -17.376 1.0000000000
2192  -8.188  -91.641  -19.672 1.0000000000
3558  -9.294  -89.287  -27.428 0.8999999762
120326  -13.337  -85.972  -36.035 0.8999999762
1948  -9.412  -93.197  -32.953 0.8999999762
2800  -11.209  -90.816  -38.700 0.5000000000
2350  -10.777  -91.550  -34.885 0.6999999881
115533  -10.424  -97.279  -31.052 0.8999999762
1625  -10.164  -93.670  -35.209 0.6999999881
2397  -11.121  -91.627  -38.991 0.5000000000
445  -16.374  -97.094  -31.017 0.6999999881
127501  -6.953  -90.008  -17.756 1.0000000000
2584  -6.350  -90.082  -17.211 1.0000000000
2601  -7.935  -90.346  -18.777 1.0000000000
3101  -10.656  -90.010  -25.468 1.0000000000
3116  -9.602  -89.798  -26.695 0.8999999762
4021  -10.108  -88.356  -28.202 0.8999999762
1687  -2.596  -92.312  -5.600 0.8000000119
2998  -0.444  -90.323  -17.483 1.0000000000
1699  -1.384  -92.119  -7.730 0.8999999762
2617  -1.972  -90.989  -19.638 1.0000000000
2581  -0.827  -91.016  -17.331 1.0000000000
2525  -3.397  -90.848  -12.824 1.0000000000
3476  -8.644  -88.361  -19.331 1.0000000000
132269  -3.999  -89.819  -14.679 1.0000000000
2974  -4.691  -89.594  -15.937 1.0000000000
3506  -11.222  -87.684  -21.167 1.0000000000
131476  -3.802  -86.400  -36.299 0.6999999881
4599  -3.897  -86.950  -35.687 0.6999999881
114788  -5.286  -84.513  -36.195 0.6999999881
3533  -12.075  -88.813  -25.172 0.8999999762
4097  -4.898  -88.824  -36.579 0.6999999881
7361  -12.300  -82.043  -33.606 0.8999999762
8112  -13.902  -81.817  -33.551 0.8999999762
116096  -7.012  -81.491  -42.031 0.6999999881
5849  -13.271  -84.215  -36.137 0.8999999762
123928  -13.500  -85.574  -35.237 0.8999999762
121802  -13.327  -86.991  -33.809 0.8999999762
4051  -13.949  -87.864  -31.045 0.8999999762
120381  -13.737  -89.117  -31.837 0.8999999762
1942  -12.766  -92.276  -31.061 0.8999999762
136097  -13.338  -91.957  -32.977 0.8000000119
2343  -12.279  -91.444  -33.718 0.8000000119
1957  -13.646  -92.608  -32.854 0.8000000119
1287  -12.248  -94.848  -33.909 0.6999999881
1617  -13.445  -93.445  -33.177 0.8000000119
124013  -13.452  -97.793  -31.615 0.8000000119
252  -11.939  -98.832  -30.384 0.8000000119
702  -13.920  -96.814  -32.659 0.8000000119
122205  -12.831  -98.646  -30.908 0.8000000119
1641  -9.719  -94.157  -36.293 0.5000000000
979  -11.570  -95.880  -34.008 0.6000000238
258  -13.783  -98.249  -31.270 0.8000000119
259  -14.015  -98.591  -30.698 0.6999999881
977  -10.334  -95.620  -35.079 0.5000000000
701  -12.107  -97.015  -34.280 0.6999999881
114072  -13.013  -97.343  -33.721 0.6999999881
1295  -9.959  -95.060  -36.049 0.5000000000
269  -14.016  -97.936  -33.406 0.6000000238
265  -15.288  -98.182  -32.309 0.6000000238
120947  -15.232  -98.340  -34.387 0.5000000000
268  -17.855  -97.866  -32.609 0.4000000060
2437  -3.124  -90.407  -2.083 0.8000000119
2055  -1.933  -91.301  -5.478 0.8000000119
126339  -2.445  -90.993  -20.837 1.0000000000
2500  -0.507  -90.805  -8.441 0.8999999762
2515  0.292  -91.534  -11.286 1.0000000000
2092  -0.426  -92.322  -10.174 0.8999999762
2560  -1.933  -90.685  -15.275 1.0000000000
3921  -6.988  -87.957  -19.104 1.0000000000
3942  -9.052  -87.259  -20.339 1.0000000000
4485  -12.863  -86.057  -22.868 1.0000000000
4465  -11.689  -86.532  -21.819 1.0000000000
118409  -12.288  -87.671  -26.143 0.8999999762
4005  -12.308  -87.089  -26.699 0.8999999762
6577  -14.532  -83.141  -32.858 0.8999999762
5790  -14.798  -83.973  -30.592 0.8999999762
6549  -14.992  -82.375  -30.297 0.8999999762
3150  -14.245  -89.567  -30.465 0.8999999762
2866  -2.629  -89.691  -2.578 0.6000000238
2054  -1.823  -90.427  -5.158 0.8000000119
3471  -0.859  -89.096  -19.765 1.0000000000
3877  -0.505  -87.756  -15.093 1.0000000000
122445  -3.472  -90.349  -23.359 1.0000000000
3078  -3.045  -90.212  -24.241 1.0000000000
3977  -6.061  -87.760  -23.361 1.0000000000
3525  -5.254  -88.536  -23.858 1.0000000000
3462  -4.027  -88.963  -18.329 1.0000000000
120975  -4.620  -88.535  -18.929 1.0000000000
3957  -7.852  -87.117  -21.065 1.0000000000
3956  -6.473  -87.596  -21.772 1.0000000000
5057  -11.666  -85.465  -22.435 1.0000000000
114056  -2.576  -89.173  -3.603 0.6999999881
4479  -1.949  -86.786  -22.544 1.0000000000
124168  -2.253  -88.970  -25.423 1.0000000000
125568  -4.484  -89.252  -24.354 1.0000000000
3983  -5.701  -87.883  -24.302 1.0000000000
4494  -7.769  -86.408  -23.344 1.0000000000
4462  -8.080  -86.804  -21.757 1.0000000000
5719  -12.356  -85.048  -22.911 1.0000000000
115230  -11.418  -83.313  -31.374 1.0000000000
8931  -7.610  -80.004  -40.633 0.6999999881
4509  -2.340  -87.396  -26.379 1.0000000000
4000  -4.619  -88.102  -27.467 1.0000000000
6546  -10.097  -84.171  -29.454 1.0000000000
7286  -12.471  -82.814  -26.064 1.0000000000
7325  -12.034  -82.528  -29.617 1.0000000000
134656  -13.507  -81.511  -29.377 1.0000000000
3782  -3.110  -86.906  -4.369 0.6000000238
3399  -0.978  -87.548  -12.844 1.0000000000
9647  -7.826  -79.471  -33.412 1.0000000000
7399  -8.657  -81.907  -36.392 1.0000000000
6521  -14.723  -82.763  -27.427 1.0000000000
4247  -0.819  -86.328  -2.941 0.5000000000
3365  -2.901  -88.157  -8.274 1.0000000000
4404  -2.171  -86.359  -14.974 1.0000000000
119381  -2.902  -84.307  -23.449 1.0000000000
118340  -3.267  -84.021  -26.716 1.0000000000
5772  -2.811  -85.209  -29.765 1.0000000000
5780  -2.992  -85.302  -31.149 1.0000000000
4547  -4.357  -87.015  -30.152 1.0000000000
134220  -5.994  -81.774  -31.474 1.0000000000
6544  -3.965  -83.527  -30.723 1.0000000000
6543  -3.323  -83.673  -30.424 1.0000000000
5128  -6.051  -85.290  -30.102 1.0000000000
5127  -5.215  -85.958  -30.408 1.0000000000
4532  -6.280  -86.301  -27.657 1.0000000000
5788  -6.439  -84.553  -30.386 1.0000000000
5098  -8.347  -85.028  -26.221 1.0000000000
5761  -10.259  -84.006  -26.807 1.0000000000
8142  -8.581  -81.202  -36.812 1.0000000000
116716  -1.101  -86.153  -4.237 0.6000000238
4285  -2.660  -86.078  -5.559 0.6000000238
4398  -2.886  -86.406  -14.216 1.0000000000
3377  -3.029  -87.888  -9.189 1.0000000000
4388  -3.279  -86.543  -13.393 1.0000000000
6563  -6.744  -82.702  -31.517 1.0000000000
5789  -7.176  -83.950  -30.352 1.0000000000
134926  -1.784  -85.870  -5.636 0.6000000238
122424  -3.793  -86.198  -13.969 1.0000000000
4327  -3.995  -86.024  -8.959 0.8000000119
4366  -3.893  -86.610  -11.796 1.0000000000
7311  -3.964  -81.994  -28.894 1.0000000000
8078  -4.981  -81.702  -30.231 1.0000000000
8068  -4.466  -81.617  -29.588 1.0000000000
5009  -5.144  -85.166  -17.226 1.0000000000
120669  -2.433  -82.357  -24.492 1.0000000000
115748  -2.117  -81.000  -25.542 1.0000000000
131112  -3.131  -81.618  -26.750 1.0000000000
117536  -4.667  -79.788  -29.615 1.0000000000
8053  -3.933  -80.880  -28.454 1.0000000000
8820  -3.571  -79.727  -28.108 1.0000000000
8807  -1.991  -79.289  -26.139 1.0000000000
10508  -4.416  -78.363  -31.485 1.0000000000
129988  -3.242  -76.414  -32.964 1.0000000000
4897  -2.871  -85.435  -8.017 0.8000000119
4975  -4.725  -85.654  -13.931 1.0000000000
5562  -3.492  -84.972  -9.742 1.0000000000
4367  -4.519  -85.991  -11.367 1.0000000000
5685  -6.939  -84.346  -18.129 1.0000000000
7227  -5.624  -82.273  -21.451 1.0000000000
4933  -4.032  -84.986  -10.266 1.0000000000
5598  -3.411  -84.210  -11.102 1.0000000000
6326  -4.615  -83.891  -11.952 1.0000000000
6394  -7.769  -83.412  -15.296 1.0000000000
7259  -4.305  -81.232  -22.178 1.0000000000
8006  -3.738  -80.180  -22.960 1.0000000000
10529  -3.419  -78.272  -34.111 1.0000000000
138042  -1.569  -79.087  -25.254 1.0000000000
127104  -3.748  -78.188  -29.982 1.0000000000
9577  -3.197  -77.825  -25.051 1.0000000000
9596  -2.104  -78.147  -26.978 1.0000000000
11411  -6.406  -77.141  -27.734 1.0000000000
8758  -9.389  -80.819  -22.949 1.0000000000
119189  -9.503  -81.216  -21.996 1.0000000000
7152  -8.186  -82.592  -15.686 1.0000000000
7228  -6.716  -82.439  -21.570 1.0000000000
6462  -7.187  -82.908  -20.936 1.0000000000
7998  -5.892  -81.345  -23.378 1.0000000000
7261  -6.623  -81.802  -22.884 1.0000000000
7262  -7.893  -81.982  -23.157 1.0000000000
114221  -8.178  -81.637  -23.993 1.0000000000
7230  -8.895  -82.342  -21.512 1.0000000000
8008  -6.343  -81.302  -24.461 1.0000000000
8030  -6.727  -80.996  -25.884 1.0000000000
12377  -5.858  -75.789  -36.533 1.0000000000
12378  -6.879  -75.872  -36.252 1.0000000000
132318  -8.156  -76.375  -37.582 1.0000000000
12407  -8.596  -76.509  -38.968 1.0000000000
8733  -8.762  -80.699  -19.828 1.0000000000
6453  -8.144  -83.344  -19.876 1.0000000000
7180  -8.756  -82.156  -17.058 1.0000000000
16702  -6.666  -71.650  -35.622 1.0000000000
121033  -6.913  -71.627  -36.833 1.0000000000
8011  -9.138  -80.253  -24.582 1.0000000000
8795  -8.959  -80.494  -26.772 1.0000000000
120666  -11.624  -73.694  -38.184 1.0000000000
13265  -11.203  -75.625  -37.287 1.0000000000
12360  -6.054  -75.844  -33.927 1.0000000000
123695  -9.015  -76.512  -38.056 1.0000000000
126598  -0.790  -82.568  -12.090 0.5000000000
7119  -0.713  -82.462  -13.550 0.6000000238
5615  -0.432  -84.751  -12.703 0.8000000119
7927  -5.646  -81.692  -18.215 1.0000000000
8696  -4.277  -81.362  -18.780 1.0000000000
10397  -8.503  -77.798  -24.181 1.0000000000
116784  -9.369  -78.737  -25.392 1.0000000000
116474  -9.344  -77.595  -25.324 1.0000000000
9580  -9.627  -79.732  -26.976 1.0000000000
16705  -10.257  -71.274  -35.971 1.0000000000
115393  -11.571  -72.656  -37.118 1.0000000000
14934  -12.522  -73.171  -34.764 1.0000000000
15772  -13.299  -72.222  -33.713 1.0000000000
134504  -8.770  -76.336  -35.901 1.0000000000
12370  -9.435  -76.213  -35.565 1.0000000000
13289  -11.245  -75.232  -39.400 1.0000000000
15893  -10.169  -73.035  -44.665 0.6000000238
7893  -2.105  -81.471  -13.810 0.5000000000
7147  -0.381  -82.619  -15.287 0.6999999881
7915  -6.015  -81.757  -16.839 1.0000000000
116200  -8.630  -76.954  -22.401 1.0000000000
115486  -5.656  -71.834  -34.037 1.0000000000
16700  -4.498  -71.620  -35.927 1.0000000000
16666  -9.906  -70.706  -34.113 1.0000000000
17647  -10.386  -70.424  -33.299 1.0000000000
10422  -10.178  -77.097  -25.958 1.0000000000
10439  -10.380  -77.945  -26.595 1.0000000000
14918  -13.293  -73.597  -33.289 1.0000000000
12311  -11.649  -77.307  -31.183 1.0000000000
12310  -10.683  -76.955  -31.239 1.0000000000
15855  -10.232  -73.256  -40.199 1.0000000000
15883  -9.042  -72.300  -41.541 1.0000000000
7200  -2.799  -82.579  -19.024 1.0000000000
7146  -0.251  -83.186  -15.661 0.8000000119
11295  -9.656  -77.513  -20.875 1.0000000000
16745  -4.705  -71.459  -37.724 1.0000000000
11383  -11.476  -76.809  -26.429 1.0000000000
10465  -11.136  -77.946  -27.885 1.0000000000
13223  -13.010  -75.126  -32.474 1.0000000000
13210  -12.838  -75.806  -32.114 1.0000000000
10464  -10.813  -78.624  -28.430 1.0000000000
8730  -1.745  -80.869  -20.716 0.8000000119
7176  -0.914  -83.117  -18.147 0.8999999762
11256  -8.891  -77.806  -18.892 1.0000000000
11306  -10.705  -77.543  -21.709 1.0000000000
17618  -11.014  -70.046  -31.394 1.0000000000
114992  -11.592  -77.011  -24.055 1.0000000000
10398  -12.797  -77.974  -23.073 1.0000000000
16744  -3.783  -71.480  -37.979 1.0000000000
15743  -13.504  -71.491  -30.697 1.0000000000
17614  -11.576  -70.108  -30.670 1.0000000000
11351  -12.120  -76.914  -24.795 1.0000000000
119088  -13.044  -77.035  -26.362 1.0000000000
11334  -13.553  -77.878  -23.331 1.0000000000
116609  -14.144  -78.415  -21.876 1.0000000000
11385  -13.750  -77.046  -26.893 1.0000000000
14039  -15.398  -74.558  -29.296 1.0000000000
13178  -15.330  -75.693  -28.010 1.0000000000
12283  -14.699  -76.397  -28.056 1.0000000000
133493  -14.184  -75.015  -31.630 1.0000000000
17803  -8.181  -70.306  -45.232 0.8999999762
12129  -8.444  -76.988  -16.720 1.0000000000
12128  -7.682  -76.947  -16.663 1.0000000000
14881  -14.341  -73.517  -27.558 1.0000000000
133730  -14.598  -73.915  -26.965 1.0000000000
14033  -15.381  -74.711  -27.920 1.0000000000
14887  -14.570  -72.926  -29.018 1.0000000000
118504  -13.996  -73.046  -28.100 1.0000000000
17752  -3.920  -69.828  -40.446 1.0000000000
15758  -13.948  -72.411  -31.285 1.0000000000
12274  -15.312  -76.165  -27.185 1.0000000000
11365  -14.930  -77.135  -25.365 1.0000000000
11353  -15.069  -77.090  -23.667 1.0000000000
11336  -15.170  -77.288  -23.090 1.0000000000
14897  -15.230  -73.720  -29.722 1.0000000000
14048  -14.651  -74.974  -30.970 1.0000000000
12223  -15.716  -76.837  -23.049 1.0000000000
13132  -15.874  -75.932  -23.162 1.0000000000
127427  -15.327  -74.893  -23.104 1.0000000000
17754  -5.273  -70.833  -41.296 1.0000000000
16814  -6.130  -71.059  -42.545 1.0000000000
13051  -8.684  -75.773  -17.569 1.0000000000
11239  -11.576  -77.607  -17.582 1.0000000000
135004  -6.814  -74.774  -19.445 1.0000000000
10295  -12.116  -78.124  -17.894 1.0000000000
16602  -9.608  -71.209  -29.332 1.0000000000
15729  -14.022  -72.308  -29.519 1.0000000000
12267  -15.351  -75.713  -26.151 1.0000000000
12266  -15.190  -76.632  -26.294 1.0000000000
14874  -14.538  -73.986  -25.413 1.0000000000
13133  -16.453  -75.777  -23.199 1.0000000000
14004  -16.433  -74.832  -23.058 1.0000000000
17765  -4.753  -70.140  -41.769 1.0000000000
17801  -6.787  -69.484  -44.585 1.0000000000
9508  -1.729  -80.326  -21.182 0.6999999881
125470  -3.370  -77.840  -21.099 0.8000000119
13071  -9.245  -75.275  -18.178 1.0000000000
13054  -11.416  -76.085  -17.597 1.0000000000
122179  -13.964  -77.461  -18.394 1.0000000000
17672  -3.095  -69.828  -35.457 0.8999999762
11259  -14.613  -77.774  -18.948 1.0000000000
14873  -14.148  -73.111  -23.881 1.0000000000
10357  -15.691  -78.594  -20.334 1.0000000000
18754  -3.331  -68.761  -37.632 1.0000000000
10372  -16.503  -78.364  -21.122 1.0000000000
18799  -4.021  -68.398  -40.678 1.0000000000
19795  -4.642  -67.908  -41.391 1.0000000000
18827  -5.200  -68.857  -42.801 1.0000000000
18842  -6.221  -69.380  -44.083 1.0000000000
134852  -1.924  -77.842  -22.774 0.6999999881
13949  -6.526  -74.734  -20.411 1.0000000000
13973  -7.563  -74.013  -21.533 1.0000000000
16680  -2.706  -71.007  -34.235 0.8999999762
13075  -13.995  -76.145  -18.861 1.0000000000
16582  -10.892  -71.713  -28.376 1.0000000000
12186  -15.501  -76.499  -19.463 1.0000000000
12187  -16.486  -76.621  -19.633 1.0000000000
13959  -18.442  -74.544  -20.686 1.0000000000
13112  -18.923  -76.157  -20.894 1.0000000000
13113  -19.446  -75.795  -21.672 1.0000000000
12198  -18.050  -76.913  -20.108 1.0000000000
11321  -17.983  -77.643  -22.386 1.0000000000
132799  -19.785  -75.854  -22.496 1.0000000000
13159  -18.043  -75.562  -24.963 1.0000000000
11339  -18.300  -77.258  -23.005 1.0000000000
13134  -17.296  -76.403  -23.496 1.0000000000
14005  -17.280  -74.809  -23.879 1.0000000000
13135  -19.912  -75.930  -23.926 1.0000000000
13161  -19.184  -75.821  -25.720 1.0000000000
13136  -20.534  -75.220  -23.656 1.0000000000
137307  -20.891  -74.674  -24.536 1.0000000000
14025  -19.133  -75.026  -26.959 1.0000000000
14876  -20.651  -73.838  -27.025 1.0000000000
135718  -21.149  -73.229  -27.027 1.0000000000
14870  -21.695  -73.330  -25.543 1.0000000000
13170  -18.477  -75.331  -25.990 1.0000000000
15698  -17.613  -72.591  -27.512 1.0000000000
15711  -18.235  -72.644  -28.901 1.0000000000
13934  -13.371  -75.017  -19.871 1.0000000000
14810  -17.689  -74.029  -20.399 1.0000000000
14795  -17.005  -73.704  -20.099 1.0000000000
13960  -19.446  -74.627  -21.472 1.0000000000
16543  -14.821  -70.750  -23.924 1.0000000000
16553  -21.631  -71.521  -26.613 1.0000000000
15683  -17.073  -71.716  -25.063 1.0000000000
15699  -21.149  -72.021  -27.242 1.0000000000
15713  -20.239  -72.552  -28.199 1.0000000000
125475  -3.307  -71.230  -22.520 0.6000000238
15740  -4.518  -72.877  -30.377 0.8999999762
17524  -3.848  -70.486  -22.553 0.6000000238
13957  -13.006  -74.262  -20.130 1.0000000000
13936  -15.831  -75.105  -20.123 1.0000000000
15606  -16.657  -71.743  -19.940 1.0000000000
14811  -18.310  -73.414  -20.669 1.0000000000
124664  -16.497  -75.277  -20.045 1.0000000000
133446  -3.138  -68.338  -33.478 0.8000000119
15627  -20.004  -72.904  -20.967 1.0000000000
15653  -22.405  -72.811  -22.646 1.0000000000
15661  -22.215  -73.027  -23.872 1.0000000000
16554  -22.080  -70.716  -26.300 1.0000000000
17536  -22.567  -71.039  -25.081 1.0000000000
16535  -22.505  -71.816  -24.471 1.0000000000
131201  -22.693  -70.067  -26.089 1.0000000000
17580  -16.332  -70.685  -27.511 1.0000000000
17593  -16.957  -70.987  -29.130 1.0000000000
18633  -20.119  -69.634  -28.727 1.0000000000
18615  -21.447  -69.478  -27.792 1.0000000000
15603  -12.749  -72.883  -20.429 1.0000000000
117001  -12.474  -72.034  -20.679 1.0000000000
113008  -3.649  -73.298  -29.502 0.8999999762
113013  -2.918  -72.776  -30.267 0.8999999762
14809  -15.188  -73.157  -19.989 1.0000000000
14793  -15.560  -74.193  -20.162 1.0000000000
16471  -15.943  -71.857  -19.873 1.0000000000
14794  -16.208  -73.319  -20.004 1.0000000000
17630  -2.320  -70.284  -32.190 0.8999999762
18674  -2.723  -69.613  -31.274 0.8999999762
132984  -3.110  -69.011  -31.902 0.8000000119
16493  -18.221  -71.530  -20.549 1.0000000000
16492  -17.409  -71.651  -20.217 1.0000000000
15609  -19.258  -72.362  -20.712 1.0000000000
17617  -3.033  -70.114  -30.311 0.8999999762
16510  -20.724  -72.102  -20.829 1.0000000000
16512  -22.026  -71.232  -21.681 1.0000000000
15654  -22.586  -72.006  -22.804 1.0000000000
17612  -2.574  -70.602  -29.726 0.8999999762
129203  -22.896  -70.534  -23.262 1.0000000000
15662  -22.540  -72.181  -23.630 1.0000000000
17533  -22.723  -70.947  -24.088 1.0000000000
18581  -23.503  -69.632  -24.429 1.0000000000
18617  -23.007  -68.999  -27.045 1.0000000000
19625  -23.579  -68.738  -26.583 1.0000000000
17592  -16.455  -70.491  -28.536 1.0000000000
17604  -16.698  -70.305  -29.557 1.0000000000
20696  -23.820  -67.434  -27.213 1.0000000000
23650  -20.506  -64.781  -29.361 1.0000000000
17529  -8.854  -70.552  -22.382 0.8999999762
17505  -9.876  -70.617  -22.020 1.0000000000
113016  -2.410  -72.137  -30.916 0.8999999762
113741  -3.431  -73.684  -28.179 1.0000000000
122838  -2.189  -71.281  -30.565 0.8999999762
17509  -17.409  -70.340  -21.275 1.0000000000
17510  -18.283  -70.490  -21.165 1.0000000000
17616  -2.357  -70.430  -30.695 0.8999999762
17598  -2.238  -70.934  -28.904 0.8999999762
16561  -7.558  -72.537  -26.310 1.0000000000
114103  -15.790  -70.702  -20.419 1.0000000000
133655  -19.532  -69.928  -21.213 1.0000000000
128116  -20.694  -69.637  -21.037 1.0000000000
130386  -21.432  -70.949  -21.150 1.0000000000
122503  -19.925  -71.153  -20.604 1.0000000000
16579  -2.013  -71.132  -28.028 0.8999999762
18692  -5.898  -69.418  -32.494 0.6000000238
16560  -5.841  -72.762  -27.083 1.0000000000
18577  -23.842  -68.954  -23.090 0.8999999762
18662  -6.844  -68.920  -30.720 0.6000000238
20660  -15.714  -67.305  -25.012 0.8000000119
21696  -16.192  -66.329  -26.924 0.8000000119
135025  -16.545  -67.880  -24.990 0.8999999762
19601  -15.746  -68.521  -23.232 1.0000000000
19610  -17.037  -68.461  -24.506 0.8000000119
128332  -24.946  -67.785  -24.028 0.8999999762
19626  -24.082  -68.411  -26.143 1.0000000000
134950  -24.941  -66.835  -26.144 0.8999999762
18665  -18.371  -69.489  -30.461 1.0000000000
18632  -16.099  -69.816  -29.041 1.0000000000
18666  -19.354  -69.133  -30.235 1.0000000000
118816  -20.015  -68.873  -29.975 1.0000000000
19664  -20.291  -68.307  -29.501 1.0000000000
20712  -22.713  -67.411  -28.239 1.0000000000
23632  -21.979  -64.414  -28.851 1.0000000000
17506  -10.778  -70.544  -21.712 1.0000000000
19588  -7.333  -68.562  -22.838 0.5000000000
18565  -8.085  -69.779  -22.692 0.6999999881
120959  -12.156  -69.274  -21.754 1.0000000000
125177  -13.171  -69.945  -21.193 1.0000000000
19576  -14.119  -68.749  -22.045 1.0000000000
130716  -14.740  -68.355  -22.760 1.0000000000
18553  -18.848  -70.092  -21.609 1.0000000000
19595  -17.274  -69.391  -23.139 1.0000000000
21668  -10.191  -66.732  -25.010 0.8000000119
20659  -14.846  -66.967  -24.668 0.8999999762
20635  -13.806  -68.028  -22.650 0.8999999762
21682  -14.130  -66.434  -25.223 0.8000000119
122391  -22.367  -69.785  -21.433 0.8000000119
18556  -22.962  -69.162  -21.334 0.8000000119
19578  -20.464  -68.915  -21.895 0.8000000119
128730  -21.926  -68.284  -21.165 0.8000000119
18557  -23.775  -69.077  -21.796 0.8000000119
17570  -1.671  -71.061  -25.965 0.8999999762
21706  -17.601  -65.567  -27.390 0.8000000119
20686  -18.246  -66.579  -27.387 0.8000000119
20676  -17.719  -67.575  -26.704 0.8000000119
20661  -17.299  -68.130  -25.542 0.8000000119
18570  -18.558  -69.842  -22.431 1.0000000000
117944  -19.132  -69.533  -23.079 1.0000000000
20653  -24.613  -67.971  -23.099 0.8000000119
19640  -2.433  -68.764  -27.775 0.8999999762
20664  -20.574  -67.977  -25.775 0.8000000119
20678  -20.078  -67.380  -26.706 0.8000000119
19613  -19.863  -68.882  -24.870 0.8000000119
20662  -18.318  -68.391  -25.946 0.8000000119
19612  -18.737  -68.974  -25.045 0.8000000119
21701  -25.304  -66.343  -25.764 0.8999999762
20687  -19.502  -66.281  -27.305 0.6999999881
19670  -16.112  -67.926  -30.318 1.0000000000
22677  -23.199  -65.233  -28.377 1.0000000000
18563  -5.296  -68.571  -22.715 0.5000000000
123267  -12.529  -68.734  -21.955 1.0000000000
120010  -10.816  -66.326  -25.808 0.6999999881
19603  -17.832  -69.168  -24.124 0.8000000119
19605  -19.766  -69.186  -23.733 0.8000000119
19606  -20.416  -68.676  -24.098 0.8000000119
19597  -20.444  -68.708  -23.070 0.8000000119
21693  -14.447  -64.961  -26.860 0.8000000119
22635  -12.722  -65.347  -26.443 0.6999999881
20639  -24.941  -67.005  -21.880 0.8000000119
21650  -24.428  -67.158  -20.792 0.8000000119
20654  -24.846  -67.399  -22.474 0.8000000119
19656  -4.773  -68.794  -29.238 0.8000000119
22651  -16.808  -64.476  -26.877 0.6000000238
21684  -21.910  -65.477  -26.054 0.6000000238
22629  -20.887  -64.250  -24.983 0.5000000000
21699  -21.009  -65.366  -26.736 0.6999999881
20665  -21.698  -67.082  -25.289 0.8000000119
20651  -21.275  -67.942  -23.868 0.8000000119
20717  -2.943  -66.912  -28.668 0.8000000119
19668  -6.712  -68.375  -30.487 0.6000000238
22655  -25.713  -65.561  -25.645 0.8999999762
20738  -16.697  -67.444  -30.514 1.0000000000
119276  -17.248  -66.947  -30.495 1.0000000000
23576  -22.629  -64.143  -23.166 0.5000000000
22619  -22.325  -64.222  -23.704 0.5000000000
22631  -22.605  -64.767  -24.350 0.6999999881
23617  -25.969  -64.247  -26.309 0.8999999762
23635  -24.274  -64.650  -27.860 1.0000000000
24593  -16.973  -63.909  -30.096 1.0000000000
24572  -16.562  -63.098  -29.865 1.0000000000
23667  -18.219  -64.849  -29.877 1.0000000000
128356  -19.056  -64.972  -29.690 1.0000000000
20621  -22.065  -67.619  -21.266 0.8000000119
20637  -21.787  -67.459  -22.051 0.8000000119
19579  -22.627  -68.398  -21.017 0.8000000119
20612  -23.835  -67.564  -20.680 0.8000000119
20622  -22.618  -67.044  -20.910 0.8000000119
22634  -11.693  -65.823  -26.337 0.6999999881
21673  -22.693  -65.745  -24.157 0.8000000119
21649  -22.757  -66.382  -21.294 0.8000000119
21635  -23.227  -66.340  -20.714 0.8000000119
22590  -23.901  -65.767  -20.519 0.8000000119
135611  -26.056  -65.941  -23.667 0.8000000119
123597  -26.449  -64.060  -25.642 0.8000000119
22707  -16.123  -65.651  -30.506 1.0000000000
24541  -25.794  -63.745  -26.816 0.8999999762
24576  -20.309  -63.927  -29.258 1.0000000000
24552  -20.873  -63.364  -28.957 1.0000000000
138240  -18.134  -63.457  -29.574 1.0000000000
21662  -22.438  -66.506  -23.024 0.8000000119
21663  -22.825  -65.942  -22.310 0.6999999881
22589  -23.140  -65.586  -21.570 0.6999999881
22620  -23.213  -64.965  -22.849 0.6999999881
131516  -23.544  -65.484  -20.867 0.6999999881
125427  -23.883  -64.878  -20.748 0.6999999881
21638  -25.038  -65.994  -20.737 0.8000000119
23578  -26.501  -65.098  -22.687 0.8000000119
23579  -26.747  -64.534  -22.501 0.8000000119
22630  -21.795  -64.198  -24.315 0.4000000060
24500  -23.086  -63.345  -22.120 0.5000000000
24505  -22.868  -63.838  -22.649 0.6000000238
21734  -11.337  -66.259  -29.511 1.0000000000
23645  -12.564  -64.275  -30.026 1.0000000000
25470  -26.866  -63.453  -25.405 0.8000000119
23646  -13.286  -64.332  -30.244 1.0000000000
23662  -14.051  -64.417  -30.381 1.0000000000
22706  -15.318  -65.348  -30.472 1.0000000000
25497  -25.338  -62.651  -27.560 0.8999999762
21749  -14.654  -66.041  -30.336 1.0000000000
127120  -16.516  -61.611  -29.307 1.0000000000
26442  -17.497  -61.080  -28.718 1.0000000000
25525  -17.106  -62.308  -29.428 1.0000000000
26448  -23.281  -61.117  -28.398 1.0000000000
24493  -24.145  -63.662  -20.986 0.6999999881
23553  -24.305  -64.288  -20.687 0.6999999881
22592  -25.157  -65.235  -20.606 0.6999999881
22593  -25.779  -65.055  -20.898 0.8000000119
24506  -27.075  -63.786  -22.439 0.8000000119
24495  -25.354  -63.724  -20.491 0.6999999881
25424  -25.817  -63.009  -20.439 0.6999999881
25434  -23.258  -62.707  -21.804 0.5000000000
21731  -8.575  -65.976  -29.319 1.0000000000
26429  -25.116  -61.766  -27.736 0.8999999762
26446  -21.284  -61.200  -28.539 1.0000000000
24502  -24.276  -63.027  -21.044 0.6000000238
25423  -24.960  -62.985  -20.433 0.6999999881
25446  -27.350  -63.035  -23.019 0.8000000119
21718  -5.441  -66.935  -27.449 0.8999999762
25435  -23.882  -62.514  -21.664 0.4000000060
26423  -27.421  -60.989  -25.704 0.8000000119
23613  -2.768  -64.711  -25.625 0.8999999762
25523  -15.273  -62.251  -29.985 1.0000000000
27238  -23.913  -60.947  -21.698 0.3000000119
26372  -23.961  -61.754  -21.663 0.4000000060
26359  -26.413  -61.499  -20.374 0.6000000238
135726  -27.012  -62.478  -20.885 0.6000000238
132781  -24.880  -61.593  -20.524 0.6000000238
25437  -27.432  -62.126  -21.633 0.6000000238
27230  -27.201  -60.570  -20.438 0.6000000238
27229  -26.415  -60.718  -20.274 0.6000000238
26397  -27.651  -61.745  -23.227 0.6000000238
27251  -27.884  -60.808  -22.253 0.6000000238
27240  -27.690  -60.683  -21.221 0.6000000238
126864  -9.617  -64.916  -29.354 1.0000000000
22645  -4.546  -66.098  -25.593 0.8999999762
135283  -7.777  -65.170  -25.806 0.8999999762
26462  -14.828  -61.454  -29.776 1.0000000000
27322  -15.254  -60.834  -29.261 1.0000000000
113823  -8.053  -63.851  -25.557 0.8999999762
23629  -6.970  -64.510  -28.506 1.0000000000
25521  -12.583  -61.860  -30.234 1.0000000000
129288  -12.521  -61.015  -29.855 1.0000000000
27305  -13.958  -60.165  -28.741 1.0000000000
28202  -13.711  -59.585  -28.496 1.0000000000
115358  -15.133  -58.806  -28.593 1.0000000000
28207  -18.338  -59.742  -28.117 1.0000000000
27312  -20.795  -60.481  -28.389 1.0000000000
27313  -21.783  -60.470  -28.412 1.0000000000
27314  -22.712  -60.450  -28.351 1.0000000000
28212  -23.090  -59.744  -28.075 0.8999999762
29160  -13.600  -58.719  -28.794 1.0000000000
28192  -21.775  -58.975  -27.851 1.0000000000
28188  -18.001  -59.013  -27.997 1.0000000000
29054  -24.738  -58.928  -21.100 0.3000000119
28111  -25.527  -59.455  -20.480 0.3000000119
115744  -26.340  -59.824  -20.207 0.4000000060
118474  -27.049  -59.969  -20.185 0.4000000060
28112  -27.377  -59.198  -20.238 0.3000000119
116635  -28.126  -60.078  -21.893 0.4000000060
116751  -28.260  -59.344  -21.604 0.4000000060
129686  -7.782  -63.861  -28.673 1.0000000000
28153  -28.340  -59.437  -23.548 0.5000000000
29113  -27.718  -58.664  -25.219 0.6000000238
23621  -3.165  -64.655  -24.881 0.8999999762
113659  -7.704  -63.199  -28.497 1.0000000000
27320  -11.787  -60.860  -29.461 1.0000000000
24529  -2.924  -62.947  -24.470 0.8999999762
127297  -25.801  -59.116  -26.789 0.8999999762
26438  -4.216  -61.667  -27.474 0.6000000238
25503  -3.880  -62.442  -28.128 0.6000000238
117673  -12.037  -59.589  -28.049 1.0000000000
115485  -15.405  -58.045  -28.828 1.0000000000
29138  -19.388  -58.245  -27.709 1.0000000000
29037  -26.266  -58.861  -20.099 0.3000000119
29080  -28.382  -58.606  -21.503 0.3000000119
114968  -5.499  -63.417  -25.696 0.8999999762
136702  -27.439  -57.911  -25.340 0.6000000238
25490  -4.651  -63.354  -24.868 0.8999999762
113022  -8.011  -61.815  -27.982 1.0000000000
25479  -2.994  -62.496  -24.219 0.8000000119
26419  -3.712  -61.249  -24.881 0.6000000238
31044  -20.323  -56.696  -27.517 0.8999999762
30077  -19.623  -57.325  -27.682 1.0000000000
31047  -22.743  -57.023  -27.176 0.8000000119
30062  -23.907  -56.995  -27.000 0.8000000119
30052  -26.650  -57.383  -25.846 0.5000000000
25481  -5.059  -62.276  -24.407 0.8999999762
27268  -4.090  -60.955  -24.322 0.8000000119
28177  -9.008  -59.651  -26.347 0.8999999762
31028  -24.329  -56.376  -26.650 0.6000000238
29155  -5.785  -57.992  -28.047 0.6000000238
31059  -13.256  -56.234  -28.890 0.8000000119
31064  -17.901  -56.540  -28.262 1.0000000000
31978  -14.619  -55.647  -28.326 0.8000000119
31977  -13.679  -55.652  -28.276 0.8000000119
27279  -6.759  -60.013  -24.663 0.8999999762
116312  -5.295  -59.449  -24.242 0.8000000119
127393  -23.061  -55.261  -26.491 0.6999999881
117036  -11.261  -57.313  -29.205 0.8000000119
28186  -4.847  -59.078  -26.950 0.6000000238
31053  -6.648  -56.071  -27.658 0.5000000000
32903  -13.108  -54.989  -27.783 0.8000000119
31976  -12.737  -55.622  -28.263 0.8000000119
31975  -11.786  -55.599  -28.227 0.8000000119
31981  -17.878  -55.586  -28.170 0.8999999762
31964  -21.578  -56.111  -27.137 0.6999999881
31039  -8.203  -56.620  -26.761 0.6999999881
31939  -8.270  -54.584  -26.563 0.6999999881
31937  -6.907  -55.359  -26.731 0.6999999881
31956  -10.254  -55.061  -26.805 0.6999999881
128802  -16.394  -54.910  -28.063 0.8999999762
31959  -17.672  -54.886  -27.880 0.8999999762
28175  -4.694  -58.614  -25.168 0.6999999881
122229  -7.360  -59.572  -25.382 0.8000000119
32888  -13.535  -54.210  -27.685 0.8000000119
32906  -15.707  -54.761  -27.861 0.8000000119
33808  -16.689  -53.713  -27.185 0.8000000119
32895  -20.822  -54.841  -27.107 0.8000000119
32873  -22.210  -54.345  -26.422 0.6999999881
29132  -5.256  -57.635  -26.686 0.6999999881
31974  -10.855  -55.696  -28.006 0.8000000119
121373  -19.267  -55.378  -27.689 0.8999999762
32893  -18.928  -54.371  -27.397 0.8000000119
33811  -19.100  -53.533  -26.873 0.6999999881
32871  -20.475  -54.204  -26.947 0.6999999881
33805  -14.001  -53.601  -27.666 0.6999999881
127602  -13.992  -52.816  -27.714 0.6999999881
33789  -17.726  -52.966  -26.676 0.6000000238
136601  -11.466  -53.348  -27.471 0.6999999881
34742  -16.360  -52.125  -26.853 0.5000000000
34755  -14.754  -52.259  -27.547 0.6999999881
121838  -13.861  -51.972  -27.636 0.6999999881
35684  -13.691  -51.150  -27.513 0.6999999881
36626  -13.799  -50.324  -27.405 0.5000000000
35685  -15.057  -51.367  -27.339 0.6000000238
119717  -17.033  -51.912  -26.585 0.5000000000
34745  -18.303  -52.290  -26.468 0.6000000238
35671  -15.906  -51.239  -26.921 0.5000000000
36616  -17.025  -50.471  -26.512 0.5000000000
36615  -16.231  -50.437  -26.647 0.5000000000
37576  -16.578  -49.693  -26.530 0.4000000060
31042  -18.637  -55.962  -28.005 1.0000000000
33802  -10.278  -53.212  -26.857 0.6000000238
128630  -19.398  -52.858  -26.485 0.6000000238
34732  -20.989  -52.156  -25.785 0.6000000238
505  -5.153  -97.671  -10.320 0.6999999881
289  -5.038  -98.292  -11.124 0.6000000238
115792  -4.527  -68.779  -33.203 0.6999999881
18712  -4.202  -68.147  -34.790 0.5000000000
32858  -23.775  -54.114  -25.874 0.5000000000
33793  -21.742  -53.627  -26.304 0.5000000000
33794  -22.503  -53.666  -26.093 0.5000000000
34733  -21.829  -52.294  -25.611 0.5000000000
34734  -22.653  -52.484  -25.448 0.5000000000
124769  -20.272  -52.012  -25.891 0.5000000000
35664  -21.561  -51.514  -25.541 0.5000000000
126574  -19.592  -52.177  -26.171 0.5000000000
35674  -18.942  -51.644  -26.272 0.5000000000
35675  -19.823  -51.484  -25.968 0.5000000000
35663  -20.689  -51.457  -25.748 0.5000000000
36618  -18.502  -50.820  -26.351 0.4000000060
130253  -3.458  -97.404  -13.204 0.6999999881
31014  -25.948  -56.134  -26.092 0.4000000060
35673  -18.128  -51.558  -26.418 0.4000000060
36617  -17.772  -50.542  -26.458 0.4000000060
31930  -25.663  -55.284  -25.921 0.5000000000
36619  -19.401  -50.826  -26.128 0.5000000000
388  -6.461  -97.265  -23.281 0.5000000000
402  -6.571  -96.966  -24.061 0.5000000000
404  -7.506  -96.413  -24.210 0.6000000238
1180  -8.956  -94.698  -24.557 0.5000000000
621  -6.064  -96.456  -24.468 0.6000000238
125971  -7.320  -95.264  -25.212 0.6000000238
892  -8.996  -94.943  -25.243 0.5000000000
128818  -9.317  -95.757  -25.485 0.5000000000
135288  -5.638  -96.121  -24.878 0.6000000238
118706  -6.913  -95.371  -25.792 0.6000000238
632  -8.574  -95.681  -25.942 0.5000000000
889  -6.199  -95.439  -26.073 0.6000000238
899  -6.891  -96.075  -27.224 0.6999999881
639  -7.483  -96.844  -27.355 0.5000000000
19814  -8.271  -67.698  -44.200 0.5000000000
18828  -7.407  -67.779  -43.211 0.5000000000
18813  -6.502  -67.420  -41.767 0.5000000000
25502  -3.388  -63.068  -27.721 0.5000000000
118842  -6.208  -60.550  -28.906 0.5000000000
28220  -6.338  -58.607  -29.098 0.5000000000
32886  -10.621  -54.279  -26.876 0.6000000238
18844  -10.238  -67.761  -44.973 0.5000000000
24550  -3.233  -63.776  -28.361 0.5000000000
23641  -3.331  -64.548  -29.890 0.4000000060
26455  -6.141  -61.553  -29.164 0.5000000000
26440  -5.614  -60.912  -28.516 0.5000000000
18703  -5.169  -68.912  -34.039 0.4000000060
23659  -3.385  -64.869  -30.556 0.4000000060
24551  -3.663  -63.205  -28.838 0.5000000000
27301  -5.770  -59.962  -28.478 0.5000000000
27300  -5.045  -60.132  -27.705 0.5000000000
608  -5.769  -96.725  -23.434 0.5000000000
620  -5.504  -96.356  -24.197 0.6999999881
631  -5.527  -95.703  -25.501 0.6999999881
640  -8.107  -96.792  -26.656 0.5000000000
622  -6.752  -96.147  -24.567 0.6000000238
878  -7.762  -95.255  -24.567 0.6000000238
1179  -8.158  -94.788  -24.907 0.6000000238
877  -6.231  -95.799  -25.255 0.6000000238
900  -7.669  -95.655  -26.416 0.6000000238
32883  -7.943  -53.994  -27.036 0.5000000000
32884  -8.315  -53.305  -26.911 0.5000000000
33816  -8.795  -52.483  -27.051 0.5000000000
128257  -9.637  -52.232  -26.832 0.5000000000
34754  -9.287  -51.869  -27.062 0.4000000060
116214  -9.936  -51.632  -26.930 0.4000000060
130236  -9.770  -51.220  -27.225 0.4000000060
122156  -10.748  -52.494  -27.118 0.5000000000
35680  -10.147  -50.693  -27.568 0.4000000060
120516  -11.224  -51.899  -27.381 0.4000000060
35681  -10.408  -51.109  -27.292 0.4000000060
36625  -10.348  -49.928  -27.778 0.4000000060
37588  -12.002  -49.556  -27.497 0.4000000060
132452  -12.638  -48.999  -27.415 0.3000000119
120224  -13.496  -48.852  -27.233 0.3000000119
119197  -11.057  -50.307  -27.531 0.4000000060
39367  -13.501  -47.940  -26.978 0.3000000119
38516  -11.655  -48.515  -27.530 0.3000000119
31938  -7.420  -54.875  -26.752 0.5000000000
37589  -13.162  -49.659  -27.420 0.3000000119
31954  -7.432  -54.665  -26.945 0.5000000000
32869  -8.354  -53.855  -26.683 0.5000000000
32885  -9.402  -53.776  -26.658 0.5000000000
32868  -7.799  -54.074  -26.918 0.5000000000
32902  -8.560  -53.369  -27.358 0.5000000000
33801  -8.928  -52.560  -26.809 0.5000000000
37587  -10.904  -49.236  -27.695 0.3000000119
27319  -6.928  -59.386  -29.677 0.4000000060
28228  -7.214  -58.630  -30.015 0.4000000060
29177  -6.807  -57.992  -29.605 0.4000000060
28221  -6.673  -58.358  -29.535 0.4000000060
29180  -7.454  -58.080  -30.140 0.4000000060
30113  -7.839  -57.626  -30.174 0.4000000060
29181  -8.149  -58.052  -30.638 0.4000000060
132601  -6.944  -57.320  -29.135 0.4000000060
123279  -7.106  -56.660  -28.784 0.4000000060
31070  -8.578  -56.680  -30.157 0.3000000119
31989  -8.932  -55.872  -29.835 0.4000000060
31054  -7.380  -55.742  -28.158 0.4000000060
31067  -7.960  -56.297  -29.267 0.4000000060
31986  -8.328  -55.405  -28.710 0.4000000060
31987  -9.152  -54.927  -29.418 0.4000000060
32916  -9.975  -54.432  -30.112 0.3000000119
32901  -8.494  -54.416  -28.109 0.4000000060
32911  -9.203  -53.910  -28.838 0.4000000060
33822  -9.781  -52.475  -28.923 0.3000000119
34770  -10.211  -51.777  -29.226 0.3000000119
33817  -9.213  -52.067  -27.537 0.3000000119
34763  -9.644  -51.497  -27.795 0.3000000119
35689  -9.936  -50.797  -27.682 0.3000000119
130167  -10.144  -50.318  -27.784 0.3000000119
36649  -10.575  -50.339  -29.130 0.3000000119
31973  -7.692  -54.862  -27.488 0.4000000060
33821  -9.166  -52.877  -28.097 0.4000000060
30108  -7.130  -57.657  -29.612 0.4000000060
31990  -9.702  -55.285  -30.547 0.3000000119
115943  -9.880  -53.551  -29.498 0.3000000119
33835  -10.661  -53.561  -29.806 0.3000000119
35699  -10.115  -50.961  -28.582 0.3000000119
35700  -10.955  -51.214  -29.520 0.3000000119
36648  -10.147  -50.252  -28.223 0.3000000119
114  -12.436  -98.938  -30.563 0.8000000119
246  -11.428  -98.416  -29.923 0.8000000119
247  -11.994  -98.952  -29.943 0.8000000119
249  -13.789  -98.840  -29.996 0.8000000119
250  -14.710  -98.289  -30.307 0.8000000119
251  -11.534  -98.313  -30.526 0.8000000119
253  -12.555  -99.068  -30.163 0.8000000119
255  -16.886  -97.491  -31.589 0.6000000238
256  -11.916  -98.609  -30.889 0.8000000119
257  -12.156  -98.741  -30.779 0.8000000119
266  -16.158  -98.122  -32.219 0.6000000238
267  -17.002  -97.849  -32.106 0.5000000000
274  -14.203  -98.183  -34.211 0.4000000060
275  -16.308  -98.306  -34.593 0.5000000000
288  -4.368  -97.957  -11.661 0.6000000238
316  -3.709  -97.642  -15.270 0.6999999881
389  -6.956  -97.571  -23.631 0.5000000000
403  -7.187  -97.312  -24.046 0.5000000000
417  -7.913  -97.654  -27.219 0.5000000000
435  -9.120  -97.943  -28.288 0.5000000000
437  -10.896  -97.991  -30.000 0.8000000119
438  -12.355  -98.460  -29.683 0.8000000119
439  -13.381  -98.288  -29.707 0.8000000119
442  -15.885  -97.155  -30.654 0.6999999881
446  -16.963  -97.123  -31.428 0.6000000238
449  -11.210  -98.085  -30.804 0.8000000119
451  -12.765  -98.434  -31.119 0.8000000119
454  -18.468  -97.185  -32.012 0.5000000000
461  -12.848  -97.448  -34.049 0.5000000000
462  -18.447  -97.853  -33.415 0.4000000060
465  -11.815  -96.931  -35.084 0.4000000060
499  -6.694  -97.256  -8.327 0.6000000238
501  -5.392  -97.077  -9.561 0.8999999762
509  -3.533  -97.018  -11.844 0.8000000119
522  -3.015  -96.515  -13.448 0.8000000119
530  -2.958  -95.919  -14.648 0.8000000119
531  -3.226  -96.985  -14.634 0.6999999881
548  -3.024  -95.640  -16.089 0.8000000119
609  -6.231  -96.917  -23.874 0.6000000238
663  -8.347  -97.073  -28.915 0.6000000238
664  -9.064  -97.315  -28.669 0.6000000238
665  -8.017  -96.351  -29.350 0.8000000119
667  -10.956  -97.692  -29.885 0.8000000119
669  -14.783  -96.889  -29.922 0.8000000119
676  -9.607  -96.432  -31.464 0.8999999762
687  -13.656  -96.864  -31.733 0.8000000119
688  -14.253  -95.963  -31.877 0.8000000119
689  -19.639  -96.549  -31.802 0.4000000060
694  -14.039  -97.507  -31.983 0.8000000119
700  -11.491  -96.553  -34.510 0.5000000000
707  -11.611  -96.686  -34.701 0.5000000000
713  -11.563  -96.662  -35.927 0.4000000060
759  -3.065  -96.033  -12.171 0.8999999762
772  -2.535  -94.967  -14.548 0.8000000119
792  -2.629  -95.064  -16.827 1.0000000000
824  -2.758  -95.117  -19.807 0.8999999762
836  -3.987  -95.856  -21.709 0.8000000119
863  -8.675  -94.871  -24.257 0.5000000000
875  -4.486  -95.530  -24.832 0.8000000119
887  -4.826  -95.109  -26.224 0.8000000119
890  -7.737  -95.053  -25.627 0.6000000238
891  -8.274  -95.057  -25.655 0.5000000000
898  -6.295  -95.544  -26.877 0.8000000119
901  -11.888  -95.105  -26.865 0.6000000238
903  -13.232  -94.685  -26.426 0.6999999881
922  -8.476  -95.632  -29.330 0.8000000119
929  -6.819  -95.008  -29.894 0.8000000119
932  -10.281  -95.933  -30.227 0.8999999762
955  -8.676  -95.811  -32.043 0.8999999762
957  -9.880  -95.901  -32.215 0.8999999762
964  -9.016  -96.008  -32.211 0.8999999762
972  -13.669  -96.464  -33.137 0.6999999881
978  -10.865  -96.104  -34.768 0.5000000000
989  -10.422  -95.758  -35.708 0.5000000000
1033  -4.672  -94.594  -5.212 0.8000000119
1034  -6.245  -94.526  -4.684 0.6000000238
1042  -4.952  -95.357  -6.727 0.8000000119
1053  -4.421  -94.768  -9.518 0.8999999762
1071  -3.127  -95.195  -12.512 0.8999999762
1072  -3.922  -94.654  -12.009 0.8999999762
1078  -2.650  -94.874  -13.928 0.8999999762
1086  -2.579  -94.528  -14.538 0.8999999762
1087  -2.758  -94.171  -14.421 0.8999999762
1105  -2.472  -94.428  -16.768 0.8999999762
1137  -2.203  -93.725  -21.669 1.0000000000
1138  -2.608  -94.516  -21.997 1.0000000000
1162  -2.704  -94.104  -23.944 0.8999999762
1191  -3.739  -94.157  -26.148 0.8999999762
1192  -4.145  -94.389  -26.637 0.8999999762
1193  -4.810  -94.539  -27.131 0.8999999762
1195  -12.684  -94.103  -26.432 0.6999999881
1197  -14.010  -94.303  -26.341 0.6000000238
1206  -5.554  -94.855  -27.689 0.8000000119
1209  -11.319  -94.489  -27.024 0.6999999881
1220  -9.780  -95.127  -28.252 0.6999999881
1222  -13.705  -94.448  -28.907 0.8000000119
1225  -16.038  -93.945  -29.041 0.6999999881
1256  -18.725  -94.865  -31.200 0.6000000238
1265  -8.647  -95.758  -31.794 0.8999999762
1269  -13.885  -94.558  -31.534 0.8000000119
1325  -4.817  -93.257  -3.316 0.8000000119
1328  -5.161  -93.818  -3.818 0.6999999881
1334  -4.323  -94.017  -4.524 0.6999999881
1345  -2.668  -93.263  -7.853 0.8999999762
1352  -3.298  -93.763  -8.323 0.8999999762
1353  -3.962  -94.249  -8.829 0.8999999762
1373  -4.365  -93.563  -11.280 0.8999999762
1398  -2.620  -93.981  -15.668 0.8999999762
1400  -4.231  -93.377  -15.197 0.8999999762
1421  -5.364  -93.047  -17.574 1.0000000000
1431  -2.535  -93.835  -18.665 0.8999999762
1433  -3.929  -93.568  -18.773 1.0000000000
1434  -5.186  -93.436  -18.418 1.0000000000
1445  -2.663  -93.595  -19.317 1.0000000000
1463  -2.467  -92.972  -21.430 1.0000000000
1464  -2.797  -92.834  -20.929 1.0000000000
1486  -2.736  -92.848  -23.339 1.0000000000
1498  -2.796  -93.297  -24.231 1.0000000000
1519  -11.990  -92.837  -26.443 0.6999999881
1522  -14.685  -93.364  -26.315 0.6000000238
1538  -8.872  -92.582  -28.149 0.8000000119
1554  -4.439  -93.347  -28.745 0.8999999762
1559  -13.597  -93.481  -28.645 0.8000000119
1561  -16.395  -93.010  -28.510 0.6999999881
1570  -5.333  -93.561  -30.226 0.8999999762
1577  -19.105  -93.266  -30.021 0.5000000000
1584  -4.782  -93.070  -30.285 0.8999999762
1586  -5.590  -93.003  -30.820 1.0000000000
1590  -18.947  -93.924  -30.719 0.5000000000
1603  -14.252  -93.665  -31.611 0.8000000119
1608  -8.660  -94.635  -32.793 0.8999999762
1610  -14.258  -93.581  -32.393 0.8000000119
1616  -12.516  -93.785  -33.781 0.6999999881
1627  -11.564  -94.177  -34.285 0.6999999881
1633  -9.668  -93.493  -35.870 0.6999999881
1670  -4.370  -92.569  -2.847 0.8000000119
1683  -4.000  -93.148  -3.550 0.8000000119
1700  -2.122  -92.662  -7.354 0.8999999762
1706  -1.156  -92.311  -8.683 0.8999999762
1722  -4.168  -93.084  -10.753 0.8999999762
1726  -1.578  -92.290  -10.789 0.8999999762
1727  -3.726  -92.429  -10.973 0.8999999762
1764  -5.073  -91.940  -15.828 1.0000000000
1770  -4.972  -92.734  -16.343 1.0000000000
1771  -5.750  -91.616  -16.822 1.0000000000
1779  -6.631  -91.798  -18.052 1.0000000000
1790  -6.099  -92.802  -18.156 1.0000000000
1816  -7.507  -92.970  -21.920 1.0000000000
1823  -3.176  -92.549  -22.652 1.0000000000
1827  -8.256  -92.298  -23.055 1.0000000000
1840  -6.391  -92.516  -23.584 1.0000000000
1841  -7.393  -92.473  -23.333 1.0000000000
1873  -11.753  -92.163  -26.671 0.6000000238
1878  -17.566  -92.546  -26.909 0.6000000238
1886  -3.738  -92.476  -27.421 0.8999999762
1889  -10.176  -92.159  -27.358 0.6999999881
1890  -17.321  -92.312  -27.069 0.6000000238
1900  -7.873  -91.656  -29.260 0.8000000119
1902  -11.776  -91.796  -28.293 0.6999999881
1906  -15.660  -92.313  -28.152 0.6999999881
1920  -9.406  -91.747  -29.680 0.8999999762
1938  -7.242  -91.960  -33.303 1.0000000000
1944  -14.420  -92.842  -31.502 0.8999999762
1947  -8.323  -93.797  -33.210 0.8999999762
1984  -9.681  -92.801  -37.067 0.5000000000
2043  -2.812  -91.515  -3.881 0.8000000119
2066  -1.357  -91.083  -6.305 0.8999999762
2078  -0.853  -91.494  -8.129 0.8999999762
2079  -1.626  -91.946  -6.836 0.8999999762
2100  0.018  -92.148  -10.676 0.8999999762
2101  -0.396  -92.355  -10.974 0.8999999762
2102  -2.875  -92.141  -10.805 0.8999999762
2120  -2.961  -91.207  -12.096 1.0000000000
2121  -3.929  -91.444  -12.331 0.8999999762
2132  -0.122  -91.782  -13.835 1.0000000000
2145  -4.623  -91.538  -14.445 1.0000000000
2157  -0.495  -91.484  -15.431 1.0000000000
2158  -4.808  -91.168  -15.160 1.0000000000
2166  -6.079  -90.809  -16.994 1.0000000000
2191  -7.666  -92.113  -19.510 1.0000000000
2211  -9.239  -91.757  -21.741 1.0000000000
2216  -9.539  -91.389  -22.407 1.0000000000
2225  -8.028  -92.159  -23.883 1.0000000000
2238  -6.406  -92.213  -24.307 1.0000000000
2258  -3.847  -91.902  -26.875 1.0000000000
2262  -11.489  -91.757  -27.013 0.8000000119
2263  -12.248  -91.793  -26.830 0.6999999881
2267  -16.565  -91.936  -26.928 0.6000000238
2271  -4.515  -90.982  -27.262 1.0000000000
2276  -12.751  -91.604  -27.222 0.6999999881
2278  -14.655  -91.577  -27.191 0.8000000119
2279  -15.541  -91.614  -27.126 0.6999999881
2287  -10.342  -91.474  -28.235 0.8000000119
2293  -16.016  -91.814  -27.400 0.6999999881
2311  -12.400  -90.879  -30.774 0.8999999762
2313  -14.188  -91.634  -30.695 0.8999999762
2314  -14.522  -91.423  -30.843 0.8999999762
2319  -6.718  -91.283  -33.181 1.0000000000
2322  -10.893  -91.693  -31.869 0.8999999762
2324  -14.682  -91.559  -31.033 0.8999999762
2334  -13.868  -91.752  -32.502 0.8000000119
2342  -11.827  -90.890  -33.972 0.8000000119
2344  -13.004  -91.475  -33.139 0.8999999762
2370  -9.841  -91.649  -36.503 0.6999999881
2396  -10.576  -91.946  -38.525 0.5000000000
2449  -2.889  -91.023  -3.036 0.8000000119
2450  -3.734  -91.229  -2.276 0.8000000119
2489  -0.807  -90.641  -7.597 0.8999999762
2499  -0.206  -90.923  -9.273 0.8999999762
2523  0.487  -91.626  -12.400 1.0000000000
2533  -1.343  -91.332  -13.626 1.0000000000
2546  0.011  -91.419  -15.127 1.0000000000
2547  -0.976  -91.491  -15.055 1.0000000000
2550  -4.382  -90.500  -14.505 1.0000000000
2559  -0.793  -91.382  -16.095 1.0000000000
2569  -0.545  -91.155  -16.571 1.0000000000
2570  -1.324  -91.196  -16.079 1.0000000000
2571  -5.787  -90.081  -16.681 1.0000000000
2582  -1.196  -91.082  -17.817 1.0000000000
2583  -1.540  -91.036  -17.928 1.0000000000
2599  -1.462  -90.688  -19.049 1.0000000000
2600  -1.947  -90.968  -18.775 1.0000000000
2616  -1.738  -90.675  -19.848 1.0000000000
2619  -7.819  -91.291  -19.081 1.0000000000
2628  -2.013  -90.875  -20.398 1.0000000000
2629  -2.429  -90.909  -20.173 1.0000000000
2630  -9.148  -90.930  -20.327 1.0000000000
2641  -2.724  -91.089  -21.399 1.0000000000
2643  -10.009  -90.610  -21.519 1.0000000000
2657  -10.000  -90.981  -23.460 1.0000000000
2708  -5.605  -89.823  -28.093 1.0000000000
2733  -4.334  -90.089  -32.000 1.0000000000
2735  -5.819  -89.864  -32.801 1.0000000000
2739  -11.229  -90.805  -31.390 0.8999999762
2751  -14.019  -90.948  -32.166 0.8999999762
2752  -14.514  -90.897  -31.319 0.8999999762
2791  -10.393  -90.942  -37.656 0.6000000238
2807  -11.699  -91.690  -39.639 0.5000000000
2856  -3.015  -89.524  -1.646 0.6000000238
2916  -1.097  -89.658  -7.937 0.8999999762
2928  -0.171  -90.217  -9.439 1.0000000000
2929  -0.608  -89.651  -9.402 1.0000000000
2935  0.228  -90.059  -10.631 1.0000000000
2936  -0.456  -89.319  -10.121 1.0000000000
2959  0.333  -90.840  -14.784 1.0000000000
2960  -3.239  -90.165  -14.381 1.0000000000
2971  0.148  -90.816  -15.532 1.0000000000
2972  -3.220  -89.853  -15.177 1.0000000000
2973  -4.119  -89.464  -15.478 1.0000000000
2982  -2.315  -90.291  -16.192 1.0000000000
2984  -4.352  -89.159  -16.285 1.0000000000
2986  -5.957  -89.530  -17.012 1.0000000000
3000  -3.447  -89.287  -17.627 1.0000000000
3017  -0.742  -89.673  -18.954 1.0000000000
3019  -7.943  -89.457  -18.617 1.0000000000
3028  -3.153  -90.373  -19.772 1.0000000000
3030  -8.564  -89.800  -19.103 1.0000000000
3031  -9.061  -89.100  -19.391 1.0000000000
3057  -1.925  -90.553  -22.183 1.0000000000
3059  -4.342  -89.677  -21.615 1.0000000000
3070  -1.505  -89.885  -22.595 1.0000000000
3071  -2.227  -90.497  -22.787 1.0000000000
3072  -3.046  -90.831  -22.753 1.0000000000
3073  -3.846  -90.259  -22.485 1.0000000000
3077  -2.230  -89.765  -24.172 1.0000000000
3098  -3.451  -89.490  -25.464 1.0000000000
3100  -9.881  -90.272  -25.957 1.0000000000
3114  -7.887  -89.877  -26.994 1.0000000000
3115  -8.760  -89.833  -26.917 1.0000000000
3125  -6.473  -89.626  -27.931 1.0000000000
3138  -13.266  -88.725  -29.681 0.8999999762
3139  -13.895  -89.030  -29.973 0.8999999762
3142  -4.133  -89.847  -31.470 1.0000000000
3143  -4.699  -89.092  -31.460 1.0000000000
3157  -5.660  -89.259  -32.344 1.0000000000
3161  -9.905  -89.614  -31.454 0.8999999762
3170  -7.542  -89.720  -33.199 1.0000000000
3179  -13.067  -89.482  -32.645 0.8999999762
3187  -11.212  -89.662  -34.850 0.8999999762
3203  -10.873  -89.484  -36.847 0.8000000119
3315  -3.032  -88.394  -4.419 0.6000000238
3316  -3.206  -87.519  -4.366 0.6000000238
3329  -2.944  -88.667  -5.270 0.6999999881
3355  -2.307  -88.953  -7.043 0.8999999762
3356  -3.206  -88.237  -6.801 0.6999999881
3376  -2.053  -88.587  -8.898 1.0000000000
3389  0.217  -88.959  -11.947 1.0000000000
3439  -0.082  -89.648  -16.724 1.0000000000
3452  -4.342  -88.718  -17.541 1.0000000000
3453  -5.123  -88.548  -17.625 1.0000000000
3454  -5.763  -88.457  -17.958 1.0000000000
3465  -6.366  -88.265  -18.520 1.0000000000
3466  -7.175  -88.433  -18.546 1.0000000000
3473  -4.543  -88.841  -19.820 1.0000000000
3474  -5.301  -88.207  -19.497 1.0000000000
3475  -7.795  -88.038  -19.171 1.0000000000
3477  -9.358  -88.496  -19.715 1.0000000000
3492  -10.601  -87.959  -20.591 1.0000000000
3505  -10.996  -88.446  -20.971 1.0000000000
3513  -4.429  -89.535  -22.919 1.0000000000
3515  -6.100  -87.899  -22.542 1.0000000000
3516  -11.834  -87.940  -21.817 1.0000000000
3517  -12.235  -88.097  -22.697 1.0000000000
3529  -1.939  -89.085  -24.726 1.0000000000
3530  -4.173  -89.322  -25.250 1.0000000000
3531  -4.997  -88.659  -24.778 1.0000000000
3542  -10.275  -89.741  -26.327 0.8999999762
3554  -2.768  -88.493  -26.435 1.0000000000
3556  -4.050  -88.740  -27.051 1.0000000000
3571  -3.983  -88.381  -27.733 1.0000000000
3574  -10.581  -88.563  -27.680 0.8999999762
3579  -8.765  -88.268  -28.828 0.8999999762
3581  -10.562  -88.183  -28.364 0.8999999762
3595  -7.096  -88.292  -30.686 1.0000000000
3597  -8.989  -88.201  -30.138 0.8999999762
3600  -13.753  -88.236  -30.042 0.8999999762
3618  -13.303  -88.247  -32.424 0.8999999762
3637  -12.383  -88.422  -33.963 0.8999999762
3638  -12.712  -87.815  -34.323 0.8999999762
3672  -11.840  -88.478  -38.274 0.6999999881
3773  -2.879  -87.230  -3.675 0.6000000238
3806  -3.609  -87.355  -6.541 0.6999999881
3826  -3.605  -87.336  -8.511 0.8999999762
3846  -3.633  -87.079  -10.523 1.0000000000
3858  -1.883  -87.080  -12.968 1.0000000000
3870  -2.707  -86.883  -12.804 1.0000000000
3879  -1.754  -86.706  -14.234 1.0000000000
3887  -0.226  -88.367  -15.995 1.0000000000
3888  -0.770  -87.175  -15.815 1.0000000000
3919  -0.553  -87.237  -18.529 1.0000000000
3927  -6.750  -87.742  -19.647 1.0000000000
3930  -9.263  -87.843  -19.883 1.0000000000
3938  -1.434  -86.960  -21.457 1.0000000000
3940  -6.883  -87.523  -20.285 1.0000000000
3943  -9.965  -87.456  -20.428 1.0000000000
3944  -10.654  -87.377  -20.847 1.0000000000
3958  -11.084  -86.866  -21.262 1.0000000000
3960  -12.363  -86.586  -22.320 1.0000000000
3976  -1.595  -87.972  -23.269 1.0000000000
3979  -12.596  -87.314  -22.740 1.0000000000
3986  -12.821  -87.366  -23.450 1.0000000000
3999  -2.535  -88.007  -26.782 1.0000000000
4001  -5.461  -87.468  -26.800 1.0000000000
4003  -11.347  -88.169  -27.495 0.8999999762
4018  -3.648  -87.931  -28.333 1.0000000000
4024  -12.231  -86.965  -27.426 0.8999999762
4028  -3.092  -87.199  -29.723 1.0000000000
4030  -4.076  -87.793  -29.196 1.0000000000
4031  -11.505  -87.788  -28.110 0.8999999762
4036  -3.557  -87.278  -30.064 1.0000000000
4039  -12.841  -87.420  -29.164 0.8999999762
4043  -13.850  -87.681  -30.398 0.8999999762
4057  -13.798  -86.823  -31.707 0.8999999762
4067  -8.485  -88.098  -33.524 0.8999999762
4068  -9.166  -87.845  -33.470 1.0000000000
4077  -6.636  -88.709  -34.184 0.8999999762
4079  -8.724  -88.340  -34.051 0.8999999762
4080  -9.533  -87.828  -34.136 0.8999999762
4081  -13.067  -87.167  -34.687 0.8999999762
4085  -5.074  -88.787  -35.543 0.6999999881
4086  -6.111  -89.065  -35.189 0.8000000119
4089  -12.374  -87.747  -35.695 0.8999999762
4098  -5.584  -89.100  -36.281 0.6999999881
4111  -5.143  -88.849  -37.403 0.6000000238
4113  -11.975  -87.445  -37.340 0.8000000119
4125  -12.080  -87.243  -39.274 0.6000000238
4248  -2.386  -86.990  -3.082 0.5000000000
4249  -2.796  -86.748  -3.976 0.6000000238
4284  -0.951  -86.043  -5.232 0.5000000000
4286  -3.280  -86.580  -5.668 0.6000000238
4314  -3.600  -86.624  -7.190 0.8000000119
4357  -4.227  -86.377  -10.205 1.0000000000
4358  -4.336  -85.625  -10.139 1.0000000000
4376  -4.384  -86.107  -12.255 1.0000000000
4389  -4.159  -86.182  -13.171 1.0000000000
4406  -3.987  -85.774  -15.324 1.0000000000
4417  -3.913  -85.618  -16.113 1.0000000000
4443  -1.259  -86.157  -19.158 1.0000000000
4447  -1.428  -86.049  -19.931 1.0000000000
4463  -9.484  -86.445  -21.467 1.0000000000
4464  -10.337  -86.531  -21.301 1.0000000000
4481  -8.295  -86.402  -22.428 1.0000000000
4484  -11.945  -86.059  -22.092 1.0000000000
4495  -8.449  -85.844  -23.808 1.0000000000
4498  -13.323  -86.002  -23.514 1.0000000000
4503  -6.627  -86.767  -24.683 1.0000000000
4505  -8.051  -85.743  -24.792 1.0000000000
4506  -13.086  -86.752  -24.874 0.8999999762
4516  -2.495  -86.596  -26.698 1.0000000000
4519  -7.146  -85.919  -26.136 1.0000000000
4531  -5.636  -86.853  -28.168 1.0000000000
4533  -12.687  -86.149  -27.532 0.8999999762
4539  -4.845  -87.259  -29.043 1.0000000000
4540  -12.450  -86.609  -28.054 0.8999999762
4545  -2.876  -86.937  -29.986 1.0000000000
4549  -13.635  -86.445  -29.777 0.8999999762
4553  -4.217  -86.283  -31.074 1.0000000000
4562  -14.051  -86.294  -31.232 0.8999999762
4566  -8.822  -86.545  -31.945 1.0000000000
4567  -9.424  -86.849  -32.240 1.0000000000
4569  -13.546  -86.735  -32.816 0.8999999762
4581  -9.662  -87.259  -32.886 1.0000000000
4582  -10.505  -86.978  -33.141 1.0000000000
4583  -13.520  -86.313  -33.658 0.8999999762
4592  -7.058  -87.977  -33.536 1.0000000000
4594  -13.398  -86.383  -34.497 0.8999999762
4600  -4.459  -87.480  -35.103 0.6999999881
4602  -9.117  -88.104  -34.761 0.8000000119
4614  -4.295  -88.042  -36.111 0.6999999881
4619  -12.997  -86.626  -36.225 0.8999999762
4627  -4.794  -88.631  -38.721 0.6000000238
4641  -5.138  -88.678  -39.456 0.5000000000
4650  -4.057  -88.175  -40.087 0.6000000238
4651  -11.714  -85.997  -39.228 0.8000000119
4834  0.413  -85.802  -4.988 0.5000000000
4866  0.231  -86.093  -5.824 0.5000000000
4880  0.267  -85.975  -6.671 0.5000000000
4883  -3.286  -85.883  -7.478 0.8000000119
4895  0.050  -85.689  -8.750 0.6000000238
4898  -3.641  -85.993  -8.178 0.8000000119
4911  0.178  -85.312  -10.448 0.6999999881
4912  -0.212  -85.508  -9.767 0.8000000119
4913  -1.513  -85.155  -9.496 0.8000000119
4915  -3.917  -85.505  -9.571 1.0000000000
4930  0.089  -85.271  -11.221 0.8000000119
4943  -4.526  -85.187  -10.917 1.0000000000
4944  -4.695  -84.520  -11.657 1.0000000000
4976  -6.090  -84.833  -14.816 1.0000000000
4980  -4.808  -85.473  -15.705 1.0000000000
4982  -6.681  -84.528  -15.632 1.0000000000
4993  -5.399  -85.159  -16.441 1.0000000000
5010  -5.864  -84.876  -17.029 1.0000000000
5031  -3.747  -85.001  -19.174 1.0000000000
5035  -2.147  -85.568  -20.168 1.0000000000
5053  -2.332  -85.912  -22.187 1.0000000000
5054  -2.598  -85.128  -22.224 1.0000000000
5072  -2.536  -86.033  -22.897 1.0000000000
5081  -8.843  -85.346  -24.448 1.0000000000
5082  -9.552  -85.065  -24.124 1.0000000000
5083  -10.326  -84.773  -23.809 1.0000000000
5084  -13.964  -85.197  -24.776 1.0000000000
5089  -7.883  -85.487  -25.692 1.0000000000
5100  -14.027  -84.899  -26.332 0.8999999762
5105  -2.656  -86.539  -28.575 1.0000000000
5107  -6.781  -85.742  -27.700 1.0000000000
5108  -7.426  -85.177  -27.820 1.0000000000
5111  -13.986  -84.796  -27.386 0.8999999762
5120  -6.230  -86.072  -28.404 1.0000000000
5123  -13.911  -85.125  -28.946 0.8999999762
5125  -2.773  -86.317  -29.429 1.0000000000
5126  -2.892  -86.254  -30.501 1.0000000000
5131  -3.254  -86.111  -31.215 1.0000000000
5132  -3.718  -85.874  -31.549 1.0000000000
5134  -5.424  -85.129  -30.777 1.0000000000
5144  -14.114  -85.690  -31.678 0.8999999762
5150  -10.532  -86.154  -31.768 1.0000000000
5161  -10.988  -86.306  -32.601 1.0000000000
5173  -10.765  -85.856  -34.759 0.8000000119
5185  -13.510  -84.651  -35.599 0.8999999762
5210  -3.712  -87.404  -37.516 0.6999999881
5220  -3.797  -87.135  -38.651 0.6000000238
5221  -4.752  -88.542  -40.227 0.5000000000
5224  -11.981  -85.906  -38.280 0.8000000119
5233  -5.286  -88.378  -40.593 0.5000000000
5235  -11.108  -85.577  -39.733 0.5000000000
5242  -3.941  -87.700  -41.018 0.6000000238
5538  0.496  -85.245  -7.546 0.5000000000
5560  -2.158  -84.800  -10.079 0.8000000119
5579  0.284  -85.134  -11.054 0.8000000119
5581  -2.739  -84.490  -10.587 1.0000000000
5599  -4.165  -84.391  -11.105 1.0000000000
5614  0.022  -84.607  -12.690 0.8000000119
5617  -5.623  -84.225  -12.721 1.0000000000
5630  -0.167  -84.266  -13.594 0.8000000119
5632  -6.566  -83.999  -13.774 1.0000000000
5633  -6.943  -83.673  -14.199 1.0000000000
5649  -7.392  -83.931  -15.381 1.0000000000
5655  -6.818  -84.489  -16.448 1.0000000000
5695  -3.455  -84.664  -19.927 1.0000000000
5709  -5.143  -83.815  -19.984 1.0000000000
5714  -2.805  -84.079  -21.051 1.0000000000
5731  -11.207  -84.467  -23.551 1.0000000000
5732  -12.196  -84.295  -23.404 1.0000000000
5733  -12.815  -84.678  -23.366 1.0000000000
5734  -13.332  -84.700  -23.682 1.0000000000
5739  -11.567  -83.887  -24.110 1.0000000000
5740  -13.778  -84.410  -24.229 1.0000000000
5743  -8.967  -84.723  -26.048 1.0000000000
5745  -10.373  -84.260  -25.206 1.0000000000
5746  -14.333  -84.060  -25.294 1.0000000000
5751  -10.237  -84.142  -26.009 1.0000000000
5752  -14.482  -84.216  -25.989 1.0000000000
5758  -8.070  -84.769  -27.966 1.0000000000
5760  -9.562  -84.227  -27.381 1.0000000000
5774  -8.525  -84.437  -28.512 1.0000000000
5783  -14.738  -84.082  -29.725 0.8999999762
5785  -3.385  -85.399  -31.525 1.0000000000
5786  -3.860  -84.991  -31.608 1.0000000000
5796  -10.331  -84.905  -31.014 1.0000000000
5817  -8.148  -84.175  -32.697 1.0000000000
5818  -11.241  -85.329  -33.120 1.0000000000
5819  -11.174  -84.143  -34.223 0.8999999762
5833  -11.546  -83.315  -35.129 0.8999999762
5844  -5.012  -85.285  -35.518 0.6999999881
5847  -11.045  -84.422  -35.920 0.8000000119
5862  -9.860  -84.811  -37.196 0.8000000119
5863  -11.377  -84.082  -36.767 0.8000000119
5865  -12.902  -84.245  -36.691 0.8999999762
5874  -3.872  -85.942  -37.289 0.6999999881
5876  -8.065  -85.115  -37.827 0.8000000119
5889  -4.765  -84.329  -38.294 0.6999999881
5892  -9.422  -84.516  -38.567 0.8000000119
5903  -4.266  -86.156  -40.100 0.6000000238
5904  -4.667  -84.478  -39.455 0.6999999881
5908  -8.825  -84.515  -39.339 0.6999999881
6292  0.578  -84.600  -9.826 0.5000000000
6293  0.115  -83.660  -9.561 0.5000000000
6322  0.464  -84.569  -11.221 0.6000000238
6340  0.318  -84.086  -13.015 0.6000000238
6341  -1.101  -84.530  -13.349 0.8999999762
6344  -4.473  -83.375  -12.360 1.0000000000
6358  -0.033  -83.740  -14.259 0.6999999881
6360  -1.894  -84.118  -13.687 0.8999999762
6362  -6.174  -83.206  -13.419 1.0000000000
6364  -7.164  -83.213  -14.317 1.0000000000
6376  -0.349  -83.571  -14.990 0.8000000119
6380  -7.782  -83.008  -14.960 1.0000000000
6390  -0.416  -83.166  -16.590 0.8000000119
6395  -8.140  -83.081  -15.544 1.0000000000
6401  -7.942  -83.540  -15.889 1.0000000000
6402  -8.461  -83.019  -16.119 1.0000000000
6410  -1.038  -83.373  -17.547 0.8999999762
6412  -8.743  -82.826  -16.854 1.0000000000
6413  -8.981  -82.637  -17.634 1.0000000000
6431  -9.144  -82.635  -18.485 1.0000000000
6441  -8.816  -83.092  -19.288 1.0000000000
6451  -6.599  -83.291  -20.356 1.0000000000
6452  -7.496  -83.279  -20.313 1.0000000000
6458  -2.965  -83.324  -21.394 1.0000000000
6489  -12.878  -83.330  -24.605 1.0000000000
6491  -14.067  -84.014  -24.777 1.0000000000
6496  -10.847  -83.897  -25.664 1.0000000000
6498  -12.368  -83.160  -25.279 1.0000000000
6508  -11.622  -83.233  -26.606 1.0000000000
6509  -14.455  -83.524  -25.864 1.0000000000
6518  -3.438  -83.206  -26.983 1.0000000000
6519  -10.405  -83.880  -27.581 1.0000000000
6530  -9.169  -84.259  -29.143 1.0000000000
6531  -9.326  -84.247  -28.273 1.0000000000
6532  -10.610  -83.774  -28.318 1.0000000000
6533  -11.238  -83.384  -28.476 1.0000000000
6534  -14.878  -82.566  -28.588 0.8999999762
6545  -8.576  -84.249  -29.861 1.0000000000
6554  -5.999  -82.961  -30.838 1.0000000000
6555  -6.987  -83.398  -30.900 1.0000000000
6556  -8.005  -83.830  -30.569 1.0000000000
6557  -8.995  -84.262  -30.407 1.0000000000
6559  -10.849  -84.000  -29.856 1.0000000000
6565  -9.928  -84.558  -30.515 1.0000000000
6567  -11.386  -83.475  -30.393 1.0000000000
6568  -14.759  -83.002  -32.015 0.8999999762
6590  -14.288  -83.268  -33.569 0.8999999762
6600  -8.269  -83.628  -33.942 1.0000000000
6602  -13.433  -82.858  -35.173 0.8999999762
6616  -8.077  -83.589  -35.450 1.0000000000
6618  -12.539  -83.125  -36.041 0.8999999762
6633  -7.205  -83.820  -35.975 0.8999999762
6636  -12.952  -83.559  -36.254 0.8999999762
6646  -6.034  -83.259  -37.304 0.8000000119
6695  -4.577  -84.581  -41.219 0.5000000000
7118  0.022  -83.304  -14.048 0.6999999881
7120  -4.119  -82.796  -13.419 1.0000000000
7121  -4.902  -82.538  -13.634 1.0000000000
7123  -6.759  -82.975  -13.919 1.0000000000
7131  -3.944  -82.727  -14.853 1.0000000000
7133  -5.718  -82.345  -14.120 1.0000000000
7151  -7.671  -82.516  -15.116 1.0000000000
7177  -1.592  -83.189  -18.278 0.8999999762
7201  -9.338  -82.187  -18.774 1.0000000000
7210  -9.263  -82.580  -19.886 1.0000000000
7222  -9.549  -82.044  -20.441 1.0000000000
7237  -3.793  -81.893  -21.701 1.0000000000
7238  -4.989  -81.731  -21.820 1.0000000000
7239  -6.120  -81.903  -22.064 1.0000000000
7240  -7.300  -82.184  -22.292 1.0000000000
7241  -8.497  -82.188  -22.367 1.0000000000
7242  -9.328  -81.781  -22.185 1.0000000000
7277  -13.719  -82.893  -25.644 1.0000000000
7278  -14.219  -82.993  -25.909 1.0000000000
7285  -2.898  -82.271  -26.107 1.0000000000
7287  -13.092  -82.253  -26.611 1.0000000000
7288  -13.909  -82.485  -26.383 1.0000000000
7289  -14.549  -82.928  -26.535 1.0000000000
7300  -12.539  -82.038  -27.924 1.0000000000
7302  -14.570  -82.292  -27.977 1.0000000000
7310  -3.666  -82.312  -28.139 1.0000000000
7313  -12.318  -82.114  -28.837 1.0000000000
7314  -14.687  -82.013  -29.056 1.0000000000
7331  -4.628  -82.546  -30.298 1.0000000000
7332  -5.215  -82.512  -30.611 1.0000000000
7334  -14.760  -81.887  -30.931 0.8999999762
7341  -11.874  -82.726  -30.824 1.0000000000
7342  -14.778  -82.120  -31.762 0.8999999762
7348  -11.873  -82.368  -32.503 1.0000000000
7349  -12.692  -81.624  -32.904 0.8999999762
7362  -13.865  -82.064  -34.049 0.8999999762
7363  -14.275  -82.344  -33.463 0.8999999762
7371  -12.017  -82.406  -34.353 0.8999999762
7384  -12.332  -82.429  -35.021 0.8999999762
7385  -12.813  -82.582  -35.339 0.8999999762
7409  -7.191  -82.234  -37.408 0.8999999762
7449  -5.276  -83.286  -40.253 0.6999999881
7450  -6.191  -82.430  -39.802 0.6999999881
7895  -6.314  -81.991  -14.857 1.0000000000
7896  -7.126  -82.162  -14.900 1.0000000000
7904  -6.079  -81.789  -15.669 1.0000000000
7906  -7.751  -81.947  -15.609 1.0000000000
7912  -0.410  -82.646  -17.175 0.8000000119
7917  -7.980  -81.676  -16.322 1.0000000000
7918  -8.375  -82.044  -16.255 1.0000000000
7923  -0.652  -82.771  -18.134 0.8000000119
7924  -1.213  -82.723  -18.834 0.8999999762
7925  -3.772  -82.109  -18.817 1.0000000000
7928  -6.563  -81.371  -18.371 1.0000000000
7941  -1.939  -82.360  -19.441 0.8999999762
7946  -9.242  -81.706  -18.891 1.0000000000
7957  -9.306  -81.341  -19.651 1.0000000000
7971  -9.542  -81.469  -20.976 1.0000000000
7995  -2.838  -81.468  -22.829 1.0000000000
7996  -3.526  -80.876  -22.617 1.0000000000
8000  -9.278  -81.073  -23.464 1.0000000000
8007  -5.077  -80.606  -23.583 1.0000000000
8020  -7.106  -81.361  -25.341 1.0000000000
8021  -7.834  -81.439  -25.355 1.0000000000
8029  -2.582  -80.561  -26.464 1.0000000000
8032  -13.642  -82.035  -27.147 1.0000000000
8044  -14.352  -81.904  -28.521 1.0000000000
8055  -13.605  -81.652  -28.601 1.0000000000
8069  -12.524  -81.821  -29.720 1.0000000000
8070  -12.925  -81.588  -29.129 1.0000000000
8071  -14.174  -81.664  -29.257 1.0000000000
8079  -12.212  -82.185  -30.328 1.0000000000
8082  -14.183  -81.496  -30.819 0.8999999762
8089  -12.360  -81.925  -31.095 1.0000000000
8090  -12.984  -81.383  -31.356 1.0000000000
8092  -14.349  -81.606  -31.624 0.8999999762
8095  -6.552  -81.263  -31.878 1.0000000000
8097  -8.229  -81.740  -33.173 1.0000000000
8100  -13.942  -81.486  -32.302 0.8999999762
8110  -8.647  -81.302  -33.805 1.0000000000
8113  -14.176  -81.749  -32.913 0.8999999762
8120  -9.094  -81.005  -35.268 1.0000000000
8121  -13.435  -81.851  -33.944 0.8999999762
8132  -9.052  -81.158  -36.159 1.0000000000
8141  -7.916  -81.700  -37.189 1.0000000000
8151  -8.064  -80.694  -37.516 1.0000000000
8162  -7.320  -81.449  -38.221 0.8000000119
8178  -7.282  -81.348  -38.729 0.8000000119
8193  -7.002  -81.697  -39.463 0.6999999881
8209  -7.590  -80.816  -41.271 0.6999999881
8221  -7.423  -80.608  -42.184 0.6999999881
8694  -0.726  -81.538  -19.232 0.8000000119
8699  -8.206  -81.211  -18.232 1.0000000000
8716  -3.079  -81.187  -19.734 1.0000000000
8717  -5.367  -80.751  -19.049 1.0000000000
8719  -8.202  -80.894  -18.847 1.0000000000
8720  -8.864  -81.073  -19.122 1.0000000000
8732  -7.284  -80.511  -19.503 1.0000000000
8743  -8.752  -80.267  -20.991 1.0000000000
8751  -9.314  -80.722  -21.415 1.0000000000
8808  -6.596  -79.874  -26.966 1.0000000000
8809  -7.621  -80.448  -27.455 1.0000000000
8810  -8.392  -80.487  -27.645 1.0000000000
8811  -9.103  -80.186  -27.611 1.0000000000
8839  -5.274  -80.072  -30.224 1.0000000000
8855  -8.340  -80.429  -33.682 1.0000000000
8886  -8.712  -80.494  -36.692 1.0000000000
8897  -8.246  -79.814  -37.148 1.0000000000
8922  -7.437  -80.383  -38.891 0.8000000119
9475  -0.704  -80.701  -19.196 0.6000000238
9476  -3.842  -80.416  -18.488 1.0000000000
9524  -6.997  -78.625  -21.593 1.0000000000
9531  -7.104  -77.884  -22.106 1.0000000000
9539  -8.115  -78.715  -23.132 1.0000000000
9567  -2.482  -78.645  -24.710 1.0000000000
9569  -9.554  -79.683  -26.004 1.0000000000
9597  -5.284  -77.666  -26.023 1.0000000000
9611  -3.910  -79.226  -28.861 1.0000000000
9640  -5.192  -78.617  -31.914 1.0000000000
9642  -7.137  -79.218  -32.615 1.0000000000
9651  -7.773  -78.700  -34.034 1.0000000000
9652  -8.507  -79.660  -34.402 1.0000000000
9665  -8.734  -79.538  -35.467 1.0000000000
9698  -7.580  -79.261  -37.315 1.0000000000
9711  -6.169  -79.131  -38.841 1.0000000000
9719  -6.734  -79.499  -39.280 0.8000000119
9720  -7.032  -79.627  -39.917 0.8000000119
10274  -4.053  -79.299  -17.356 1.0000000000
10291  -6.920  -78.086  -17.455 1.0000000000
10293  -9.741  -77.833  -17.599 1.0000000000
10294  -10.503  -78.054  -17.933 1.0000000000
10307  -0.710  -79.372  -20.180 0.6999999881
10308  -3.466  -78.783  -18.396 1.0000000000
10311  -7.904  -77.718  -18.674 1.0000000000
10313  -10.893  -78.249  -18.600 1.0000000000
10314  -13.919  -78.289  -18.718 1.0000000000
10315  -14.625  -78.438  -19.333 1.0000000000
10329  -1.372  -79.855  -21.322 0.6999999881
10330  -2.838  -79.497  -21.106 0.8000000119
10333  -7.157  -77.734  -19.480 1.0000000000
10337  -12.687  -78.794  -19.664 1.0000000000
10338  -13.220  -78.748  -19.017 1.0000000000
10340  -15.965  -78.203  -19.819 1.0000000000
10351  -2.128  -79.658  -21.601 0.6999999881
10352  -6.629  -78.343  -20.919 1.0000000000
10355  -12.079  -78.583  -20.357 1.0000000000
10371  -15.353  -78.682  -20.918 1.0000000000
10373  -17.590  -77.896  -21.655 1.0000000000
10379  -11.608  -78.016  -21.951 1.0000000000
10380  -12.453  -78.199  -22.316 1.0000000000
10382  -14.993  -78.417  -21.572 1.0000000000
10383  -15.939  -78.325  -21.452 1.0000000000
10384  -16.789  -78.058  -21.585 1.0000000000
10410  -8.915  -77.808  -24.854 1.0000000000
10421  -9.772  -77.958  -25.877 1.0000000000
10461  -3.327  -76.761  -26.518 1.0000000000
10462  -4.652  -76.812  -26.406 1.0000000000
10479  -9.546  -79.127  -29.415 1.0000000000
10480  -10.130  -79.188  -28.940 1.0000000000
10497  -2.823  -77.331  -29.167 1.0000000000
10498  -3.255  -77.725  -30.535 1.0000000000
10499  -4.137  -78.269  -30.708 1.0000000000
10512  -3.217  -78.035  -32.637 1.0000000000
10515  -6.580  -78.620  -32.899 1.0000000000
10525  -6.858  -78.376  -33.728 1.0000000000
10530  -3.790  -78.648  -34.636 1.0000000000
10533  -7.177  -78.314  -34.725 1.0000000000
10538  -3.755  -78.487  -35.476 1.0000000000
10540  -7.459  -78.414  -35.765 1.0000000000
10551  -6.555  -78.418  -36.488 1.0000000000
10562  -3.925  -78.358  -38.405 1.0000000000
10575  -5.232  -78.784  -38.863 1.0000000000
10586  -3.601  -77.019  -40.655 1.0000000000
10587  -3.952  -78.834  -40.131 1.0000000000
10599  -3.744  -78.212  -41.112 1.0000000000
10627  -6.259  -77.624  -42.712 0.6999999881
11217  -3.949  -78.600  -17.003 1.0000000000
11218  -4.437  -77.980  -16.732 1.0000000000
11219  -5.379  -77.788  -16.541 1.0000000000
11220  -6.314  -77.849  -16.615 1.0000000000
11223  -9.021  -77.305  -16.916 1.0000000000
11233  -3.707  -78.097  -17.496 1.0000000000
11236  -8.614  -77.728  -16.985 1.0000000000
11240  -12.435  -77.432  -17.614 1.0000000000
11241  -13.313  -77.210  -17.863 1.0000000000
11258  -13.489  -77.894  -18.152 1.0000000000
11280  -16.726  -77.834  -19.867 1.0000000000
11289  -1.519  -78.222  -22.360 0.6999999881
11292  -6.983  -77.596  -21.000 1.0000000000
11293  -7.845  -77.304  -20.567 1.0000000000
11294  -9.157  -77.538  -20.357 1.0000000000
11302  -2.185  -77.351  -22.999 0.6999999881
11307  -18.404  -77.510  -21.611 1.0000000000
11313  -8.001  -76.941  -23.045 1.0000000000
11316  -10.877  -77.293  -22.522 1.0000000000
11318  -14.914  -77.701  -22.666 1.0000000000
11331  -9.521  -76.662  -23.901 1.0000000000
11360  -9.843  -76.945  -25.362 1.0000000000
11364  -14.040  -77.305  -25.967 1.0000000000
11382  -10.822  -76.905  -26.209 1.0000000000
11384  -12.685  -76.985  -26.992 1.0000000000
11396  -2.990  -76.617  -27.511 1.0000000000
11399  -12.323  -77.121  -27.710 1.0000000000
11409  -2.912  -76.683  -28.478 1.0000000000
11425  -6.385  -76.563  -29.132 1.0000000000
11426  -7.340  -76.819  -29.354 1.0000000000
11427  -8.794  -77.278  -30.351 1.0000000000
11429  -10.981  -78.304  -30.104 1.0000000000
11430  -11.618  -78.120  -29.680 1.0000000000
11431  -12.288  -77.608  -29.996 1.0000000000
11441  -10.921  -77.728  -30.724 1.0000000000
11461  -3.073  -77.772  -33.676 1.0000000000
11465  -3.163  -77.571  -34.292 1.0000000000
11470  -3.430  -77.984  -35.523 1.0000000000
11493  -3.661  -77.667  -38.629 1.0000000000
11511  -3.658  -77.205  -39.623 1.0000000000
11526  -3.749  -76.944  -41.822 0.8000000119
11536  -5.132  -76.495  -42.857 0.6999999881
11545  -5.589  -76.019  -43.786 0.6000000238
11553  -6.169  -76.109  -44.716 0.5000000000
12127  -6.752  -77.007  -16.601 1.0000000000
12145  -7.168  -76.142  -17.155 1.0000000000
12146  -8.123  -76.334  -17.093 1.0000000000
12147  -8.967  -76.601  -17.036 1.0000000000
12151  -12.691  -76.521  -17.720 1.0000000000
12168  -14.522  -76.823  -18.958 1.0000000000
12188  -17.321  -76.718  -19.801 1.0000000000
12215  -19.378  -76.594  -22.570 1.0000000000
12224  -16.733  -76.725  -23.149 1.0000000000
12225  -17.834  -76.914  -23.369 1.0000000000
12226  -18.593  -76.852  -23.609 1.0000000000
12235  -15.351  -76.373  -23.601 1.0000000000
12252  -18.395  -76.209  -24.694 1.0000000000
12253  -19.034  -76.316  -25.073 1.0000000000
12272  -13.992  -76.823  -27.663 1.0000000000
12273  -14.672  -76.759  -27.105 1.0000000000
12278  -3.419  -76.347  -28.833 1.0000000000
12279  -4.445  -76.302  -28.553 1.0000000000
12282  -13.720  -76.764  -28.398 1.0000000000
12292  -3.945  -76.150  -29.367 1.0000000000
12309  -7.960  -76.340  -30.667 1.0000000000
12324  -7.337  -76.163  -31.139 1.0000000000
12327  -11.275  -76.322  -31.587 1.0000000000
12329  -13.238  -76.162  -31.682 1.0000000000
12337  -3.696  -76.131  -32.535 1.0000000000
12340  -6.759  -76.242  -32.259 1.0000000000
12352  -8.071  -76.272  -33.444 1.0000000000
12357  -3.335  -76.450  -34.366 1.0000000000
12358  -3.515  -76.487  -35.264 1.0000000000
12361  -7.167  -76.074  -34.315 1.0000000000
12362  -8.346  -76.266  -34.439 1.0000000000
12368  -5.553  -75.618  -35.349 1.0000000000
12369  -7.862  -76.228  -35.854 1.0000000000
12381  -10.491  -76.079  -36.909 1.0000000000
12393  -7.249  -76.157  -37.695 1.0000000000
12409  -10.479  -76.204  -38.840 1.0000000000
12426  -4.274  -75.606  -40.051 1.0000000000
12429  -8.045  -76.435  -39.944 1.0000000000
12446  -4.556  -75.302  -41.010 1.0000000000
12448  -7.870  -76.286  -41.005 1.0000000000
12450  -9.669  -76.133  -40.625 1.0000000000
12462  -4.126  -75.674  -42.036 1.0000000000
12478  -7.418  -75.370  -43.014 0.6999999881
13049  -6.476  -75.609  -17.726 1.0000000000
13052  -9.576  -76.040  -17.453 1.0000000000
13055  -12.144  -75.987  -17.764 1.0000000000
13068  -6.786  -75.077  -18.577 1.0000000000
13072  -10.143  -75.438  -18.023 1.0000000000
13074  -13.421  -75.630  -18.910 1.0000000000
13086  -4.194  -76.104  -20.542 1.0000000000
13097  -5.111  -75.235  -20.843 0.8999999762
13098  -17.821  -75.952  -20.021 1.0000000000
13100  -18.966  -75.226  -20.995 1.0000000000
13119  -2.266  -75.725  -23.251 0.6000000238
13120  -3.006  -75.507  -23.398 0.6000000238
13122  -19.736  -76.144  -23.124 1.0000000000
13123  -20.179  -75.533  -23.026 1.0000000000
13143  -15.486  -75.457  -23.230 1.0000000000
13146  -20.430  -75.218  -24.524 1.0000000000
13162  -19.940  -75.363  -25.473 1.0000000000
13171  -18.928  -75.505  -26.374 1.0000000000
13172  -19.428  -75.314  -26.308 1.0000000000
13177  -15.390  -75.224  -28.732 1.0000000000
13188  -14.533  -75.585  -30.435 1.0000000000
13207  -9.479  -76.053  -31.763 1.0000000000
13228  -8.989  -76.127  -32.876 1.0000000000
13235  -10.720  -75.465  -34.580 1.0000000000
13240  -10.925  -75.521  -35.509 1.0000000000
13249  -11.640  -75.021  -36.820 1.0000000000
13266  -11.664  -74.930  -37.694 1.0000000000
13279  -11.473  -75.129  -38.568 1.0000000000
13288  -10.814  -75.751  -39.536 1.0000000000
13300  -10.914  -75.231  -40.293 1.0000000000
13309  -9.686  -75.040  -42.544 0.8999999762
13311  -10.497  -75.153  -41.265 0.8999999762
13323  -6.672  -75.009  -44.004 0.6000000238
13348  -7.524  -73.964  -45.790 0.6000000238
13914  -7.437  -74.703  -19.135 1.0000000000
13915  -8.148  -74.665  -18.995 1.0000000000
13929  -8.607  -74.433  -19.830 1.0000000000
13935  -14.916  -75.168  -20.158 1.0000000000
13938  -17.236  -74.441  -20.196 1.0000000000
13950  -7.220  -74.391  -20.949 1.0000000000
13956  -12.321  -74.107  -20.261 1.0000000000
13970  -4.956  -74.739  -22.018 0.8000000119
13971  -5.714  -74.599  -21.744 0.8999999762
13984  -4.256  -74.972  -22.760 0.8000000119
14015  -15.177  -74.152  -23.153 1.0000000000
14017  -20.757  -74.658  -25.186 1.0000000000
14018  -21.373  -74.024  -25.205 1.0000000000
14031  -19.579  -74.380  -27.370 1.0000000000
14064  -11.852  -74.773  -32.987 1.0000000000
14065  -12.705  -74.504  -32.916 1.0000000000
14070  -11.206  -75.001  -34.042 1.0000000000
14071  -11.753  -74.568  -33.633 1.0000000000
14129  -11.657  -74.404  -38.394 1.0000000000
14146  -11.412  -74.573  -39.219 1.0000000000
14173  -9.876  -73.964  -43.171 0.8999999762
14174  -10.628  -74.669  -41.272 0.8999999762
14804  -9.660  -73.488  -21.067 1.0000000000
14821  -7.032  -73.806  -21.862 0.8999999762
14823  -9.153  -73.308  -21.489 1.0000000000
14824  -9.865  -73.077  -21.207 1.0000000000
14825  -10.643  -72.883  -20.943 1.0000000000
14833  -3.190  -73.868  -23.103 0.6000000238
14835  -5.772  -73.877  -22.098 0.6999999881
14848  -21.402  -74.172  -23.102 1.0000000000
14858  -15.515  -73.466  -22.691 1.0000000000
14875  -17.773  -73.570  -25.976 1.0000000000
14877  -21.388  -73.293  -26.433 1.0000000000
14880  -13.762  -73.391  -27.192 1.0000000000
14882  -15.003  -73.904  -27.937 1.0000000000
14888  -15.172  -73.706  -28.808 1.0000000000
14889  -18.098  -73.514  -27.924 1.0000000000
14890  -18.513  -73.245  -28.460 1.0000000000
14892  -19.824  -73.249  -28.109 1.0000000000
14905  -15.027  -74.080  -30.598 1.0000000000
14914  -14.189  -73.390  -31.816 1.0000000000
14919  -13.797  -73.558  -32.532 1.0000000000
14963  -12.213  -73.712  -36.515 1.0000000000
14992  -11.040  -73.282  -38.698 1.0000000000
15003  -11.136  -74.156  -39.897 1.0000000000
15605  -15.204  -72.155  -19.944 1.0000000000
15607  -17.148  -72.354  -19.985 1.0000000000
15625  -10.091  -72.470  -21.382 1.0000000000
15647  -5.905  -73.101  -22.191 0.8000000119
15650  -8.356  -72.230  -22.260 0.8000000119
15652  -21.788  -73.331  -22.010 1.0000000000
15665  -15.818  -72.760  -22.793 1.0000000000
15671  -12.144  -72.949  -24.421 1.0000000000
15680  -10.722  -73.257  -25.487 1.0000000000
15691  -7.648  -72.927  -26.472 1.0000000000
15692  -8.252  -73.128  -26.512 1.0000000000
15705  -9.068  -72.738  -27.132 1.0000000000
15710  -17.636  -72.318  -28.557 1.0000000000
15725  -6.185  -73.582  -28.111 1.0000000000
15757  -13.667  -71.607  -31.767 1.0000000000
15786  -12.673  -72.284  -34.499 1.0000000000
15816  -10.809  -71.926  -36.922 1.0000000000
15817  -11.507  -72.142  -36.512 1.0000000000
15829  -10.592  -72.357  -37.617 1.0000000000
15830  -11.286  -72.987  -37.909 1.0000000000
15853  -8.804  -72.267  -39.126 1.0000000000
15868  -9.681  -72.837  -41.158 1.0000000000
15885  -9.848  -73.185  -42.637 0.8999999762
15892  -9.714  -72.936  -44.500 0.8000000119
15904  -10.187  -72.845  -44.670 0.8000000119
15905  -11.015  -72.414  -44.325 0.6000000238
16488  -12.900  -71.257  -20.795 1.0000000000
16491  -16.153  -71.236  -20.072 1.0000000000
16494  -19.091  -71.452  -20.645 1.0000000000
16507  -9.420  -71.467  -21.980 0.8999999762
16511  -21.510  -71.693  -21.236 1.0000000000
16525  -4.399  -71.352  -22.472 0.6999999881
16527  -6.962  -71.849  -22.405 0.6999999881
16529  -8.807  -71.575  -22.198 0.8000000119
16530  -22.243  -72.036  -21.994 1.0000000000
16532  -22.661  -71.386  -23.259 1.0000000000
16538  -2.499  -71.572  -25.290 0.8999999762
16540  -11.722  -72.266  -24.045 1.0000000000
16545  -22.163  -71.366  -25.851 1.0000000000
16549  -9.559  -72.613  -24.803 1.0000000000
16552  -17.241  -71.721  -26.469 1.0000000000
16565  -20.705  -71.945  -27.880 1.0000000000
16584  -12.720  -71.795  -28.815 1.0000000000
16587  -20.056  -71.805  -28.602 1.0000000000
16599  -2.164  -71.829  -29.158 0.8999999762
16614  -9.383  -70.871  -30.183 1.0000000000
16615  -12.811  -70.763  -30.249 1.0000000000
16623  -2.268  -71.093  -31.428 0.8999999762
16624  -5.161  -72.228  -31.966 0.8999999762
16667  -11.104  -70.560  -34.206 1.0000000000
16703  -7.505  -71.526  -35.529 1.0000000000
16728  -6.304  -71.636  -36.404 1.0000000000
16743  -3.589  -71.214  -37.335 1.0000000000
16747  -7.139  -71.628  -37.469 1.0000000000
16749  -9.783  -71.803  -37.264 1.0000000000
16775  -5.924  -71.312  -40.081 1.0000000000
16804  -5.875  -71.232  -41.584 1.0000000000
16816  -8.535  -71.632  -42.947 1.0000000000
16841  -10.729  -70.667  -45.578 0.6000000238
17491  -15.067  -70.502  -20.625 1.0000000000
17512  -20.996  -70.236  -20.919 1.0000000000
17530  -22.739  -70.812  -22.694 1.0000000000
17534  -23.116  -70.094  -23.866 1.0000000000
17540  -11.322  -71.258  -24.143 1.0000000000
17543  -14.214  -70.334  -24.291 1.0000000000
17545  -22.465  -70.709  -25.759 1.0000000000
17552  -2.040  -71.369  -25.447 0.8999999762
17553  -8.533  -72.078  -25.760 1.0000000000
17557  -12.860  -69.814  -24.594 1.0000000000
17558  -13.736  -69.896  -24.936 1.0000000000
17572  -5.169  -71.310  -27.067 1.0000000000
17599  -3.752  -70.382  -29.211 0.8000000119
17600  -4.861  -69.977  -29.687 0.8000000119
17602  -11.114  -70.463  -29.964 1.0000000000
17605  -17.312  -70.841  -30.005 1.0000000000
17613  -10.776  -70.265  -30.586 1.0000000000
17615  -17.983  -70.416  -30.357 1.0000000000
17631  -9.790  -70.492  -32.484 1.0000000000
17632  -10.757  -70.153  -32.386 1.0000000000
17646  -9.346  -70.764  -33.309 1.0000000000
17698  -3.344  -70.162  -37.393 0.8999999762
17717  -3.685  -71.095  -38.669 1.0000000000
17734  -3.443  -69.887  -39.013 1.0000000000
17736  -4.438  -70.731  -39.968 1.0000000000
17753  -4.616  -70.464  -40.895 1.0000000000
17776  -5.180  -69.894  -42.961 1.0000000000
17792  -7.256  -70.399  -44.326 1.0000000000
17815  -8.701  -69.114  -45.796 0.6999999881
18547  -12.312  -69.859  -21.459 1.0000000000
18548  -14.196  -69.357  -21.508 1.0000000000
18550  -16.488  -69.985  -21.424 1.0000000000
18551  -17.287  -69.973  -21.891 1.0000000000
18552  -18.002  -70.128  -21.857 1.0000000000
18555  -21.427  -69.582  -21.132 0.8999999762
18576  -23.528  -69.511  -23.531 0.8999999762
18589  -23.870  -69.186  -24.985 0.8999999762
18597  -11.699  -69.348  -25.560 1.0000000000
18600  -23.208  -69.375  -26.304 1.0000000000
18608  -9.587  -69.839  -27.004 1.0000000000
18611  -12.406  -69.162  -26.598 1.0000000000
18612  -13.053  -69.089  -27.485 1.0000000000
18635  -22.061  -68.902  -27.945 1.0000000000
18661  -6.300  -68.952  -30.324 0.6000000238
18664  -17.607  -69.661  -30.461 1.0000000000
18677  -6.237  -69.459  -30.843 0.6000000238
18689  -2.576  -69.240  -31.997 0.8999999762
18690  -3.454  -68.660  -32.652 0.8000000119
18701  -2.850  -68.479  -33.131 0.8999999762
18704  -6.114  -69.324  -33.287 0.6000000238
18711  -3.288  -67.876  -34.963 0.8999999762
18740  -3.275  -68.689  -36.693 1.0000000000
18812  -4.658  -68.905  -42.076 1.0000000000
18841  -5.888  -68.545  -43.353 1.0000000000
18843  -8.983  -67.696  -44.473 0.5000000000
18857  -7.320  -68.836  -44.885 0.6999999881
18869  -8.168  -68.616  -45.261 0.6999999881
19566  -23.254  -67.955  -20.790 0.8000000119
19567  -23.902  -68.136  -20.999 0.8000000119
19574  -11.700  -68.845  -22.036 1.0000000000
19580  -23.527  -68.577  -21.211 0.8000000119
19590  -10.512  -68.291  -22.536 0.8000000119
19607  -24.238  -68.489  -22.625 0.8999999762
19615  -24.560  -68.394  -24.051 0.8999999762
19617  -5.958  -68.871  -24.746 0.8999999762
19623  -1.889  -69.095  -25.616 0.8999999762
19624  -2.472  -68.485  -25.541 0.8999999762
19631  -10.486  -68.900  -27.856 1.0000000000
19642  -6.671  -68.007  -28.295 1.0000000000
19645  -10.022  -68.383  -28.483 1.0000000000
19648  -12.805  -68.576  -28.293 1.0000000000
19653  -22.887  -68.013  -27.866 1.0000000000
19658  -6.120  -68.414  -30.101 0.6000000238
19663  -19.776  -68.358  -30.063 1.0000000000
19745  -3.565  -67.638  -37.054 0.8999999762
19747  -4.051  -67.304  -37.293 0.8000000119
19761  -3.859  -67.377  -37.512 0.8999999762
19777  -3.857  -67.409  -38.318 0.8999999762
19778  -4.363  -67.437  -39.054 0.8000000119
19779  -4.951  -67.504  -39.446 0.6999999881
19787  -4.265  -67.700  -39.900 1.0000000000
19804  -6.473  -67.431  -42.446 0.5000000000
19824  -8.276  -67.784  -44.507 0.6000000238
19831  -7.404  -68.241  -44.414 1.0000000000
20611  -23.187  -67.225  -20.648 0.8000000119
20613  -24.274  -67.861  -21.124 0.8000000119
20623  -24.651  -67.463  -21.491 0.8000000119
20624  -24.981  -66.630  -21.088 0.8000000119
20628  -7.223  -67.697  -23.178 0.5000000000
20632  -11.110  -67.750  -22.768 0.8999999762
20634  -12.604  -67.343  -23.047 1.0000000000
20646  -11.383  -67.258  -23.313 0.8000000119
20657  -5.256  -68.641  -24.628 0.8999999762
20672  -5.379  -67.956  -24.781 0.8999999762
20673  -6.068  -67.942  -25.191 0.8999999762
20680  -24.574  -67.956  -25.686 0.8999999762
20685  -4.897  -68.005  -26.769 0.8999999762
20688  -20.458  -66.264  -26.987 0.6999999881
20693  -2.248  -67.345  -26.370 0.8999999762
20694  -5.000  -67.692  -27.268 1.0000000000
20707  -9.494  -67.709  -29.006 1.0000000000
20709  -11.374  -67.619  -29.022 1.0000000000
20711  -21.980  -67.387  -28.648 1.0000000000
20727  -14.376  -67.309  -29.786 1.0000000000
20730  -20.797  -67.929  -29.162 1.0000000000
20735  -6.305  -67.650  -30.376 0.6000000238
20736  -7.053  -67.817  -30.692 0.6000000238
20739  -17.486  -67.598  -30.507 1.0000000000
21676  -25.324  -66.810  -22.661 0.8000000119
21692  -7.277  -65.778  -25.666 0.8999999762
21694  -14.127  -65.632  -26.394 0.8000000119
21695  -15.393  -65.980  -26.780 0.8000000119
21698  -20.228  -65.435  -27.123 0.6999999881
21705  -16.601  -65.507  -27.320 0.6999999881
21708  -24.693  -66.360  -26.734 1.0000000000
21713  -24.213  -66.103  -27.417 0.8999999762
21723  -22.452  -66.711  -28.535 1.0000000000
21732  -9.552  -66.226  -29.468 1.0000000000
21737  -14.061  -66.593  -29.956 1.0000000000
21745  -3.324  -65.574  -30.208 0.4000000060
21748  -5.831  -66.829  -30.735 0.4000000060
21766  -4.067  -65.817  -31.215 0.5000000000
22608  -26.258  -64.996  -21.690 0.8000000119
22650  -15.191  -65.119  -27.153 0.6000000238
22653  -18.771  -64.700  -26.982 0.6000000238
22661  -17.925  -64.916  -27.213 0.6999999881
22662  -19.547  -65.052  -27.179 0.6999999881
22668  -24.269  -65.373  -27.640 1.0000000000
22671  -2.787  -65.381  -28.531 0.6999999881
22672  -6.342  -65.547  -28.381 1.0000000000
22678  -23.850  -65.149  -28.050 1.0000000000
22683  -3.061  -65.138  -29.652 0.5000000000
22685  -9.311  -65.571  -29.411 1.0000000000
22690  -13.775  -65.829  -30.130 1.0000000000
22691  -18.623  -65.535  -29.861 1.0000000000
22704  -13.535  -65.064  -30.228 1.0000000000
22708  -16.996  -65.600  -30.417 1.0000000000
23554  -24.907  -64.402  -20.507 0.6999999881
23577  -23.116  -64.333  -22.902 0.6999999881
23605  -6.729  -64.883  -25.436 0.8999999762
23606  -7.644  -65.056  -25.559 0.8999999762
23631  -8.211  -64.387  -28.912 1.0000000000
23644  -11.809  -64.225  -29.777 1.0000000000
23649  -19.665  -64.447  -29.501 1.0000000000
23663  -14.887  -64.485  -30.452 1.0000000000
24521  -3.001  -62.534  -23.936 0.8000000119
24532  -8.244  -64.157  -25.488 0.8999999762
24538  -2.835  -63.875  -24.781 0.8999999762
24567  -10.669  -63.280  -29.431 1.0000000000
24570  -12.986  -63.614  -30.238 1.0000000000
24575  -19.478  -63.543  -29.354 1.0000000000
24589  -13.715  -63.683  -30.365 1.0000000000
25436  -27.266  -62.958  -21.801 0.6000000238
25458  -27.492  -62.321  -23.607 0.8000000119
25468  -3.181  -62.209  -24.053 0.8000000119
25469  -3.401  -62.189  -23.969 0.8000000119
25472  -27.427  -62.249  -24.650 0.8000000119
25482  -8.092  -64.169  -25.469 0.8999999762
25492  -26.004  -63.136  -26.926 0.8999999762
25496  -7.306  -62.737  -27.720 0.8999999762
25508  -23.746  -62.462  -28.372 1.0000000000
25520  -11.983  -62.578  -30.068 1.0000000000
25526  -18.669  -62.275  -29.082 1.0000000000
25527  -19.345  -62.705  -29.133 1.0000000000
25537  -14.875  -62.969  -30.322 1.0000000000
26374  -27.550  -61.395  -21.457 0.6000000238
26404  -4.208  -61.655  -23.919 0.8000000119
26418  -3.254  -62.105  -24.450 0.6000000238
26430  -25.594  -61.048  -27.384 0.8999999762
26441  -16.816  -61.041  -28.875 1.0000000000
26443  -18.703  -61.600  -28.747 1.0000000000
26449  -24.098  -60.986  -28.147 0.8999999762
26454  -5.211  -61.811  -28.724 0.6000000238
26459  -11.250  -61.414  -29.629 1.0000000000
27278  -4.413  -59.770  -24.446 0.8000000119
27281  -4.029  -60.307  -25.466 0.6000000238
27282  -4.203  -59.263  -24.978 0.6000000238
27291  -23.804  -59.750  -27.888 0.8999999762
27304  -12.538  -60.397  -28.950 1.0000000000
27308  -16.476  -60.433  -28.653 1.0000000000
27318  -6.355  -59.663  -29.038 0.4000000060
28178  -10.099  -59.385  -26.677 0.8999999762
28181  -27.114  -60.179  -26.125 0.8000000119
28193  -22.711  -59.012  -27.817 0.8999999762
28194  -23.571  -59.126  -27.744 0.8999999762
29093  -28.418  -58.890  -22.221 0.3000000119
29120  -5.587  -57.287  -26.260 0.6999999881
29123  -25.614  -58.379  -26.741 0.8999999762
29137  -18.422  -58.327  -27.903 1.0000000000
29157  -9.292  -58.139  -28.210 0.8000000119
29164  -17.644  -58.350  -28.165 1.0000000000
30063  -24.604  -57.213  -26.870 0.6999999881
30074  -5.538  -56.986  -27.108 0.6999999881
30080  -22.328  -57.460  -27.379 0.8999999762
30094  -6.572  -57.001  -28.484 0.6000000238
30097  -12.240  -57.511  -29.343 0.8999999762
30107  -6.643  -57.604  -29.081 0.4000000060
30109  -7.585  -57.121  -29.671 0.4000000060
30115  -9.090  -56.940  -30.915 0.3000000119
31023  -6.477  -55.832  -26.506 0.6999999881
31024  -7.351  -55.702  -26.461 0.6999999881
31026  -22.470  -56.360  -26.962 0.6999999881
31027  -23.336  -56.530  -26.867 0.8000000119
31055  -9.697  -57.045  -28.257 0.8000000119
31944  -24.372  -55.606  -26.403 0.6000000238
31963  -21.484  -55.256  -26.939 0.6999999881
31972  -7.027  -55.229  -27.176 0.5000000000
33775  -22.131  -53.000  -25.870 0.5000000000
33776  -22.729  -53.127  -25.745 0.5000000000
33790  -18.577  -52.950  -26.603 0.6000000238
33792  -20.883  -53.553  -26.497 0.6000000238
34743  -17.047  -52.608  -26.693 0.5000000000
112980  -3.113  -72.418  -32.095 0.8999999762
112982  -2.740  -73.504  -26.496 0.8999999762
112983  -5.653  -69.011  -24.646 0.8999999762
112987  -6.076  -69.244  -25.188 0.8999999762
112993  -3.176  -71.893  -25.382 0.8999999762
113000  -6.750  -66.492  -26.433 0.8999999762
113002  -3.057  -73.039  -25.803 0.8999999762
113004  -7.435  -65.857  -25.983 0.8999999762
113009  -8.489  -64.482  -25.688 0.8999999762
113011  -6.941  -64.108  -28.455 1.0000000000
113012  -8.236  -64.092  -26.733 0.8999999762
113014  -3.027  -72.574  -31.242 0.8999999762
113015  -7.018  -63.629  -28.368 1.0000000000
113020  -8.699  -64.343  -25.725 0.8999999762
113021  -8.884  -62.617  -28.818 1.0000000000
113027  -8.482  -60.550  -26.711 0.8999999762
113032  -11.157  -60.385  -27.851 1.0000000000
113643  -4.928  -69.287  -26.937 1.0000000000
113670  -5.203  -69.887  -25.074 0.8999999762
113700  -8.463  -63.457  -28.802 1.0000000000
113764  -7.401  -64.487  -27.456 0.8999999762
113815  -2.099  -73.015  -26.622 0.8999999762
113878  -3.651  -69.187  -25.496 0.8999999762
113889  -8.879  -61.273  -27.721 1.0000000000
113931  -4.464  -72.063  -33.978 0.8999999762
113934  -4.447  -73.627  -28.468 1.0000000000
113948  -6.133  -68.853  -24.961 0.8999999762
114098  -7.801  -93.814  -32.963 0.8999999762
114155  -9.327  -73.116  -25.456 1.0000000000
114243  -17.378  -58.945  -28.187 1.0000000000
114294  -2.386  -72.724  -28.679 0.8999999762
114467  -6.356  -87.697  -20.959 1.0000000000
114602  -11.676  -84.430  -37.588 0.8000000119
114613  -6.942  -95.502  -26.341 0.6999999881
114920  -13.350  -71.908  -20.474 1.0000000000
115006  -17.969  -66.862  -30.342 1.0000000000
115164  -6.125  -69.032  -24.951 0.8999999762
115181  -9.313  -70.394  -46.236 0.8000000119
115287  -2.039  -86.087  -4.853 0.6000000238
115406  -7.033  -63.868  -28.411 1.0000000000
115422  0.235  -85.768  -7.456 0.5000000000
115466  -5.995  -71.717  -34.923 1.0000000000
115536  -8.555  -86.075  -23.005 1.0000000000
115629  -9.292  -79.913  -25.224 1.0000000000
115665  -8.525  -83.218  -34.847 1.0000000000
115753  -13.440  -83.716  -35.564 0.8999999762
115775  -15.220  -78.562  -19.781 1.0000000000
115818  -16.838  -71.131  -20.242 1.0000000000
116009  -8.188  -85.603  -32.088 1.0000000000
116033  -3.994  -75.590  -34.434 1.0000000000
116067  -12.210  -76.797  -26.305 1.0000000000
116100  -10.145  -70.963  -35.371 1.0000000000
116206  -2.077  -88.256  -9.792 1.0000000000
116349  -14.652  -98.345  -30.713 0.6999999881
116619  -17.191  -77.961  -20.332 1.0000000000
116707  -8.947  -81.588  -34.574 1.0000000000
116772  -7.490  -76.358  -39.063 1.0000000000
116915  -13.751  -77.594  -24.167 1.0000000000
117061  -3.419  -92.521  -23.395 1.0000000000
117151  -1.947  -81.512  -24.068 1.0000000000
117204  -6.596  -95.782  -6.303 0.6999999881
117321  -5.630  -85.019  -14.052 1.0000000000
117327  -7.766  -93.723  -32.574 0.8999999762
117415  -0.429  -92.047  -12.298 1.0000000000
117680  -6.820  -58.771  -25.536 0.8000000119
117711  -1.224  -81.803  -14.816 0.6000000238
117732  -3.924  -76.709  -37.390 1.0000000000
117805  -3.552  -87.267  -5.738 0.6000000238
117818  -2.747  -93.760  -17.303 0.8999999762
118014  -13.691  -78.902  -20.563 1.0000000000
118146  -12.669  -73.716  -20.278 1.0000000000
118247  0.688  -90.334  -12.815 1.0000000000
118279  -3.035  -64.559  -28.860 0.4000000060
118294  -2.440  -93.656  -19.907 1.0000000000
118307  -17.482  -71.416  -29.569 1.0000000000
118328  -11.009  -89.483  -35.831 0.8999999762
118453  -14.079  -89.934  -30.219 0.8999999762
118531  -1.997  -89.619  -5.423 0.8999999762
118599  -3.859  -76.168  -30.883 1.0000000000
118627  -4.530  -93.774  -28.137 0.8999999762
118761  -12.950  -81.983  -27.284 1.0000000000
118848  -15.674  -57.211  -28.833 1.0000000000
118908  -7.014  -72.104  -26.748 1.0000000000
119071  -0.743  -90.175  -7.928 1.0000000000
119093  -5.642  -84.150  -19.479 1.0000000000
119094  -14.627  -98.194  -31.417 0.6999999881
119112  -9.570  -68.229  -22.778 0.8000000119
119286  -7.526  -87.335  -20.464 1.0000000000
119522  -8.647  -92.317  -21.067 1.0000000000
119530  -7.450  -71.929  -41.097 1.0000000000
119583  -2.721  -82.603  -25.339 1.0000000000
119619  -2.232  -91.128  -4.674 0.8000000119
119633  -13.296  -95.446  -31.495 0.8000000119
119881  -1.168  -89.750  -21.266 1.0000000000
120118  -11.846  -89.271  -24.225 1.0000000000
120137  -9.844  -94.418  -35.631 0.5000000000
120215  -8.242  -72.176  -41.017 1.0000000000
120332  -6.837  -91.909  -24.830 1.0000000000
120345  -26.346  -65.484  -23.401 0.8000000119
120353  0.093  -85.811  -7.983 0.5000000000
120427  -13.679  -71.775  -32.812 1.0000000000
120554  -13.352  -68.239  -28.871 1.0000000000
120564  -8.855  -77.018  -24.293 1.0000000000
120786  -8.580  -76.318  -35.250 1.0000000000
120801  -7.069  -72.864  -26.815 1.0000000000
120854  -3.346  -93.692  -15.651 0.8999999762
120921  -10.964  -83.599  -27.089 1.0000000000
120964  -8.779  -86.464  -21.727 1.0000000000
120967  -8.328  -57.238  -30.365 0.4000000060
121017  -17.623  -98.125  -33.666 0.4000000060
121028  -2.613  -87.384  -11.622 1.0000000000
121054  -5.584  -95.066  -5.323 0.6999999881
121144  -7.026  -76.179  -38.406 1.0000000000
121207  -14.271  -85.378  -30.355 0.8999999762
121437  -5.238  -88.727  -30.611 1.0000000000
121504  -11.062  -95.081  -29.751 0.8999999762
121545  -24.881  -60.993  -27.756 0.8999999762
121577  -13.764  -97.708  -33.203 0.6999999881
121631  -10.123  -76.753  -23.220 1.0000000000
121682  -17.583  -96.921  -31.584 0.6999999881
121704  -10.980  -90.331  -34.763 0.8999999762
121705  -14.536  -92.152  -31.357 0.8999999762
121707  -7.726  -76.235  -36.846 1.0000000000
121865  -10.481  -64.898  -29.498 1.0000000000
121872  -7.052  -87.323  -21.031 1.0000000000
121903  -4.084  -86.551  -10.995 1.0000000000
121916  -11.747  -88.245  -26.684 0.8999999762
121958  -11.206  -90.831  -34.498 0.8000000119
121988  -16.621  -55.743  -28.432 0.8999999762
121991  -11.954  -52.896  -27.682 0.6999999881
122006  -7.812  -68.112  -23.120 0.5000000000
122058  -5.736  -75.650  -41.107 0.8999999762
122060  -10.886  -75.724  -31.884 1.0000000000
122082  -8.660  -64.482  -26.150 0.8999999762
122103  -19.373  -93.303  -29.044 0.5000000000
122243  -2.718  -84.415  -22.585 1.0000000000
122312  -15.307  -98.021  -30.792 0.6000000238
122316  -5.252  -76.426  -17.157 1.0000000000
122317  -4.007  -71.465  -37.279 1.0000000000
122411  -9.812  -91.966  -37.160 0.6000000238
122444  -0.674  -87.050  -17.110 1.0000000000
122466  -0.321  -90.718  -16.892 1.0000000000
122490  -8.986  -77.954  -17.959 1.0000000000
122511  -12.155  -71.535  -34.981 1.0000000000
122593  -2.412  -94.065  -23.198 1.0000000000
122788  -13.079  -81.448  -29.904 1.0000000000
122811  -3.684  -93.591  -17.175 0.8999999762
122846  -3.163  -93.319  -25.103 0.8999999762
122956  -9.688  -84.681  -39.391 0.8000000119
123038  -7.014  -85.389  -39.414 0.5000000000
123046  -11.093  -85.750  -32.183 1.0000000000
123050  -7.270  -87.120  -21.805 1.0000000000
123055  -14.713  -83.527  -27.131 0.8999999762
123106  -16.020  -78.556  -20.892 1.0000000000
123119  -5.546  -84.496  -18.923 1.0000000000
123228  -15.034  -95.376  -29.526 0.8000000119
123339  -12.802  -92.068  -33.400 0.8000000119
123356  -12.729  -77.263  -29.418 1.0000000000
123555  -24.391  -68.076  -21.634 0.8000000119
123684  -11.226  -96.844  -29.689 0.8999999762
123785  -2.702  -94.559  -14.036 0.8999999762
123830  -27.053  -61.206  -20.510 0.6000000238
123862  -15.635  -77.468  -22.611 1.0000000000
123947  -15.870  -98.306  -32.904 0.5000000000
123989  -10.680  -78.328  -27.511 1.0000000000
123994  -4.845  -95.630  -8.866 0.8999999762
124087  -18.648  -72.061  -20.606 1.0000000000
124098  -11.713  -65.629  -29.630 1.0000000000
124219  -14.937  -78.839  -20.292 1.0000000000
124313  -7.863  -92.907  -20.977 1.0000000000
124323  -2.835  -85.154  -19.620 1.0000000000
124469  -8.640  -79.675  -36.375 1.0000000000
124475  -21.963  -68.937  -21.138 0.8000000119
124628  -5.389  -71.346  -22.399 0.6999999881
124960  -18.874  -72.817  -28.872 1.0000000000
124989  -19.140  -73.156  -20.954 1.0000000000
125195  -16.845  -77.253  -19.708 1.0000000000
125345  -7.518  -89.928  -18.225 1.0000000000
125537  -8.724  -76.576  -30.803 1.0000000000
125585  -8.015  -77.159  -29.874 1.0000000000
125698  -12.186  -77.677  -29.136 1.0000000000
125875  -7.498  -81.493  -17.126 1.0000000000
126104  -14.542  -83.849  -32.320 0.8999999762
126398  -8.537  -73.389  -21.741 1.0000000000
126472  -12.125  -96.452  -27.096 0.5000000000
126630  -13.767  -72.732  -32.971 1.0000000000
126717  -5.145  -81.985  -30.553 1.0000000000
126796  -4.981  -89.106  -32.100 1.0000000000
126839  -20.575  -68.995  -28.607 1.0000000000
126892  -2.734  -65.000  -26.652 0.6999999881
126916  -4.347  -91.304  -2.124 0.6000000238
126983  -4.984  -88.913  -21.162 1.0000000000
127055  -11.882  -89.016  -38.503 0.6000000238
127299  -3.055  -93.392  -19.354 0.8999999762
127625  -12.712  -86.812  -25.980 0.8999999762
127668  -1.618  -92.719  -9.740 0.8999999762
127708  -22.157  -66.106  -28.749 1.0000000000
127718  -5.975  -92.220  -17.444 1.0000000000
127755  -15.437  -49.016  -26.708 0.4000000060
128095  -7.970  -95.201  -29.685 0.8000000119
128270  -6.751  -72.963  -28.796 1.0000000000
128339  -19.825  -65.250  -29.565 1.0000000000
128410  -4.446  -76.690  -17.535 1.0000000000
128609  -9.997  -74.475  -42.473 0.8999999762
128704  -4.887  -93.461  -20.025 1.0000000000
128934  -5.343  -75.639  -43.500 0.6000000238
129014  -10.416  -73.439  -44.508 0.5000000000
129047  0.287  -89.547  -14.491 1.0000000000
129083  -2.482  -69.221  -32.714 0.8999999762
129101  -3.925  -92.044  -25.686 1.0000000000
129166  -5.386  -84.755  -18.347 1.0000000000
129202  -11.954  -74.479  -36.435 1.0000000000
129343  -10.132  -69.324  -27.177 1.0000000000
129685  -8.170  -62.517  -28.476 1.0000000000
129882  -3.584  -86.902  -6.086 0.6999999881
129941  -13.096  -77.413  -24.749 1.0000000000
129994  -12.724  -69.382  -21.572 1.0000000000
129996  -0.950  -88.666  -21.068 1.0000000000
130020  -3.068  -77.722  -29.814 1.0000000000
130097  -10.933  -75.543  -17.974 1.0000000000
130291  -14.361  -51.520  -27.501 0.6000000238
130303  -9.986  -76.418  -38.221 1.0000000000
130322  -5.756  -75.046  -20.291 1.0000000000
130417  -20.821  -56.215  -27.381 0.8999999762
130587  -3.134  -80.165  -27.328 1.0000000000
130591  -4.300  -92.188  -12.033 0.8999999762
130676  -8.918  -71.667  -37.181 1.0000000000
130682  -5.680  -70.603  -22.501 0.6999999881
130747  -12.937  -81.676  -33.671 0.8999999762
130764  -0.146  -86.292  -4.830 0.5000000000
130774  -5.330  -75.706  -36.067 1.0000000000
130830  -13.118  -67.778  -22.649 1.0000000000
130937  -10.667  -84.508  -37.848 0.8000000119
130988  -1.125  -82.287  -12.712 0.6000000238
131020  -8.838  -73.562  -21.506 1.0000000000
131095  -14.427  -70.284  -20.831 1.0000000000
131231  -7.562  -71.526  -34.353 1.0000000000
131298  -12.633  -78.407  -18.413 1.0000000000
131351  -2.187  -72.749  -27.652 0.8999999762
131536  -0.717  -83.358  -16.890 0.8999999762
131772  -15.915  -65.131  -30.486 1.0000000000
132084  -1.857  -75.387  -22.988 0.6000000238
132217  -9.505  -98.312  -27.969 0.5000000000
132336  -16.217  -70.413  -20.729 1.0000000000
132382  -11.928  -69.898  -31.329 1.0000000000
132386  -5.295  -88.385  -18.054 1.0000000000
132406  -9.894  -93.040  -35.592 0.6999999881
132434  -2.983  -84.457  -30.658 1.0000000000
132535  -16.364  -97.387  -31.207 0.6999999881
132577  -14.255  -96.160  -32.308 0.6999999881
132602  -2.376  -69.951  -31.490 0.8999999762
132625  -3.200  -76.751  -32.434 1.0000000000
132655  -10.961  -84.999  -35.185 0.8999999762
132828  -27.699  -60.548  -25.250 0.8000000119
132928  -24.508  -61.573  -28.065 0.8999999762
133064  -9.659  -91.018  -24.822 1.0000000000
133168  -15.372  -74.372  -28.559 1.0000000000
133241  0.452  -85.144  -9.941 0.6999999881
133258  -16.442  -71.197  -24.506 1.0000000000
133313  -8.303  -81.297  -25.554 1.0000000000
133430  -0.362  -87.864  -17.346 1.0000000000
133431  -4.650  -96.626  -18.414 0.6000000238
133477  -9.471  -88.482  -28.423 0.8999999762
133547  -8.761  -82.953  -20.120 1.0000000000
133619  -6.223  -82.743  -13.722 1.0000000000
133817  -4.997  -71.700  -35.307 1.0000000000
133881  -5.096  -84.143  -12.268 1.0000000000
133954  -4.132  -72.369  -32.424 0.8999999762
134003  -2.197  -93.988  -22.489 1.0000000000
134165  -16.810  -96.150  -30.800 0.6000000238
134285  -13.252  -99.081  -30.119 0.8000000119
134371  -10.380  -77.119  -17.204 1.0000000000
134406  -8.474  -80.291  -20.451 1.0000000000
134512  -3.948  -91.817  -26.319 1.0000000000
134546  -4.948  -75.535  -42.544 0.8000000119
134563  -3.783  -90.624  -13.401 1.0000000000
134570  -1.926  -78.449  -26.393 1.0000000000
134589  -3.001  -84.665  -10.009 0.8000000119
134729  -2.993  -76.755  -29.172 1.0000000000
134837  -4.395  -94.172  -10.825 0.8999999762
135018  -19.993  -57.873  -27.584 1.0000000000
135042  -13.738  -85.643  -25.002 1.0000000000
135099  -15.388  -66.975  -30.371 1.0000000000
135173  -17.523  -57.122  -28.342 1.0000000000
135230  -13.977  -84.860  -24.406 1.0000000000
135351  -18.917  -74.594  -21.055 1.0000000000
135370  -14.758  -68.824  -22.205 1.0000000000
135418  -7.644  -71.493  -34.705 1.0000000000
135420  -17.336  -55.935  -28.389 0.8999999762
135428  -6.098  -87.929  -21.469 1.0000000000
135439  -1.202  -86.499  -20.312 1.0000000000
135493  -3.038  -86.062  -6.129 0.6000000238
135533  -8.598  -82.881  -34.212 1.0000000000
135545  -10.651  -96.124  -35.180 0.4000000060
135553  -13.939  -86.248  -31.723 0.8999999762
135630  -22.420  -72.429  -24.257 1.0000000000
135633  -17.968  -51.062  -26.435 0.5000000000
135659  -12.444  -86.129  -37.506 0.8000000119
135745  -6.507  -84.632  -16.892 1.0000000000
135842  -10.559  -90.348  -22.603 1.0000000000
135850  -15.207  -76.598  -24.505 1.0000000000
135868  -9.639  -97.165  -28.576 0.6000000238
135891  -3.140  -84.648  -24.195 1.0000000000
135927  -2.485  -94.348  -16.082 0.8999999762
135971  -0.930  -87.889  -20.878 1.0000000000
136075  -12.145  -97.034  -35.457 0.4000000060
136281  -6.746  -68.971  -44.517 1.0000000000
136282  -11.377  -91.603  -27.434 0.6999999881
136416  -7.111  -83.253  -36.530 0.8999999762
136436  -6.998  -64.126  -28.496 1.0000000000
136482  -2.952  -85.681  -24.805 1.0000000000
136527  -10.201  -91.095  -35.981 0.6999999881
136565  -8.865  -91.738  -33.382 0.8999999762
136630  -14.248  -72.982  -31.049 1.0000000000
136670  -10.028  -76.655  -31.250 1.0000000000
136671  0.042  -92.264  -11.256 1.0000000000
136698  -8.407  -94.810  -25.168 0.6000000238
136718  -4.436  -76.417  -27.473 1.0000000000
136743  -12.241  -65.628  -29.701 1.0000000000
136830  -11.190  -92.143  -34.570 0.8000000119
136847  -8.263  -70.956  -44.458 0.8999999762
136850  -8.272  -78.423  -29.470 1.0000000000
136903  -4.599  -67.553  -37.821 0.8000000119
136916  -18.761  -61.145  -28.558 1.0000000000
137006  -9.217  -61.994  -28.842 1.0000000000
137062  -1.948  -90.735  -21.362 1.0000000000
137075  -18.773  -97.311  -32.144 0.5000000000
137114  -3.491  -86.157  -14.437 1.0000000000
137407  -7.056  -55.125  -26.882 0.5000000000
137433  -12.071  -88.371  -25.907 0.8999999762
137454  -9.137  -80.821  -24.225 1.0000000000
137468  -5.396  -91.476  -16.272 1.0000000000
137684  -9.243  -67.614  -45.034 0.6999999881
137730  -9.216  -77.602  -17.191 1.0000000000
137755  -7.914  -91.487  -29.549 0.8999999762
137760  -6.493  -81.678  -16.014 1.0000000000
137804  -3.708  -82.813  -17.710 1.0000000000
137810  -14.819  -82.698  -27.988 1.0000000000
137812  -13.154  -61.310  -30.126 1.0000000000
137817  -7.166  -81.598  -41.090 0.6999999881
137821  -10.991  -73.736  -20.530 1.0000000000
137825  -7.332  -81.417  -38.411 0.8000000119
137887  -11.207  -88.013  -27.944 0.8999999762
137922  -21.798  -67.408  -23.080 0.8000000119
137924  -10.612  -97.239  -28.125 0.6000000238
137996  -5.709  -78.317  -16.667 1.0000000000
138068  -16.875  -72.967  -19.959 1.0000000000
138136  -24.521  -65.647  -20.544 0.8000000119
138147  -24.736  -67.453  -21.984 0.8000000119
138182  -9.700  -78.907  -25.879 1.0000000000
138254  -6.253  -81.042  -25.203 1.0000000000
138256  -10.038  -95.183  -35.443 0.5000000000
