#!ascii label  , from subject sub-v2s9x29155_ses-1 vox2ras=TkReg
5684
24911  30.441  -52.430  24.936 0.1000000015
120611  30.532  -53.008  24.155 0.1000000015
25766  30.209  -51.495  24.494 0.1000000015
25767  29.753  -50.634  24.586 0.1000000015
24920  30.492  -52.304  23.316 0.1000000015
25779  30.355  -51.578  23.505 0.1000000015
26735  30.298  -51.025  22.839 0.2000000030
129157  29.302  -49.831  23.018 0.3000000119
26750  30.172  -50.637  22.067 0.2000000030
27711  29.684  -50.055  22.235 0.2000000030
26765  30.296  -50.527  21.201 0.2000000030
29668  27.517  -47.908  23.098 0.4000000060
28676  28.738  -49.197  22.944 0.5000000000
28693  28.397  -48.562  22.367 0.4000000060
28692  29.241  -49.579  22.308 0.3000000119
27719  29.563  -49.674  21.605 0.4000000060
135230  29.952  -50.163  21.569 0.2000000030
26778  30.438  -50.383  20.427 0.3000000119
25029  33.040  -52.480  11.564 0.3000000119
23216  31.225  -54.928  11.947 0.1000000015
24142  30.667  -53.969  12.359 0.1000000015
136634  23.900  -43.484  31.095 0.4000000060
36091  25.176  -41.742  30.091 0.4000000060
33969  24.637  -43.143  31.255 0.4000000060
32857  24.582  -44.300  30.978 0.4000000060
33977  25.472  -43.906  31.183 0.4000000060
32856  25.801  -44.508  30.170 0.4000000060
136649  25.085  -44.883  29.762 0.3000000119
32873  25.331  -44.963  28.266 0.3000000119
31805  25.221  -45.249  26.105 0.3000000119
32902  25.738  -44.806  25.548 0.3000000119
31832  25.370  -45.773  24.507 0.3000000119
137602  27.930  -48.172  22.619 0.4000000060
29680  27.536  -47.575  22.335 0.4000000060
29679  28.008  -47.955  21.917 0.4000000060
27731  29.465  -49.245  20.965 0.4000000060
122077  28.945  -48.753  21.006 0.4000000060
28726  28.654  -48.113  20.657 0.4000000060
28724  29.863  -49.319  20.335 0.4000000060
24986  35.383  -52.463  15.483 0.3000000119
25864  35.176  -51.764  14.238 0.3000000119
25878  34.939  -51.515  13.392 0.3000000119
25004  34.707  -52.184  13.818 0.3000000119
27741  30.325  -49.740  19.917 0.3000000119
26861  35.204  -50.862  13.020 0.3000000119
25886  34.546  -51.201  12.457 0.3000000119
22292  33.019  -55.691  13.169 0.2000000030
138671  30.598  -49.536  18.755 0.3000000119
128977  30.622  -49.939  19.139 0.3000000119
26876  34.755  -50.468  12.195 0.3000000119
25900  34.016  -50.894  11.742 0.3000000119
136374  32.975  -53.925  12.057 0.2000000030
22313  32.053  -55.122  11.904 0.2000000030
125933  30.845  -50.964  16.211 0.3000000119
127537  30.855  -50.754  17.091 0.2000000030
25826  30.667  -51.377  17.681 0.2000000030
25822  30.644  -51.064  18.557 0.2000000030
142489  33.706  -51.129  11.634 0.3000000119
25887  33.731  -51.637  11.783 0.3000000119
128278  31.223  -54.107  11.876 0.1000000015
24120  30.251  -53.391  14.186 0.1000000015
24995  30.501  -52.513  14.671 0.1000000015
140901  33.352  -50.826  11.474 0.3000000119
25901  32.839  -51.659  11.415 0.3000000119
25020  30.891  -52.420  12.681 0.2000000030
123280  30.705  -52.003  13.723 0.1000000015
141464  30.945  -50.831  14.626 0.3000000119
26845  31.103  -50.285  14.247 0.3000000119
33968  25.341  -43.215  31.286 0.4000000060
35071  26.209  -42.514  31.258 0.5000000000
33967  26.400  -43.484  31.211 0.4000000060
32872  26.035  -44.616  28.562 0.3000000119
32886  26.065  -44.514  27.118 0.3000000119
118674  26.606  -44.191  30.483 0.4000000060
33986  26.749  -44.350  28.958 0.4000000060
33999  26.790  -44.227  27.571 0.3000000119
132189  25.714  -44.727  26.347 0.3000000119
122253  25.597  -46.255  23.968 0.3000000119
34025  26.780  -43.878  25.591 0.3000000119
32901  26.233  -44.323  26.032 0.3000000119
32916  25.796  -44.990  24.556 0.3000000119
30715  25.978  -46.131  23.210 0.3000000119
29681  26.996  -47.179  22.715 0.3000000119
34011  27.305  -43.600  26.021 0.3000000119
32915  26.279  -44.334  25.130 0.3000000119
32929  26.217  -44.736  23.670 0.3000000119
30724  26.498  -46.204  22.461 0.4000000060
30723  27.114  -46.778  22.041 0.4000000060
21254  38.081  -56.040  20.864 0.1000000015
23142  37.420  -54.749  20.232 0.2000000030
137046  27.286  -46.500  21.509 0.4000000060
29689  27.558  -47.199  21.600 0.4000000060
23151  36.717  -54.184  19.337 0.2000000030
29704  28.270  -47.187  20.306 0.3000000119
29688  28.077  -47.621  21.118 0.4000000060
127144  36.546  -53.316  17.861 0.3000000119
142423  36.236  -52.606  16.534 0.3000000119
24985  36.009  -52.301  15.887 0.3000000119
141746  35.376  -51.980  14.858 0.3000000119
25877  35.482  -51.209  13.817 0.3000000119
28736  29.991  -49.022  19.691 0.4000000060
22301  32.797  -55.087  12.524 0.2000000030
28745  30.157  -48.701  18.972 0.4000000060
24153  33.046  -53.292  11.805 0.2000000030
132221  32.379  -53.062  11.541 0.2000000030
23228  31.829  -54.357  11.694 0.2000000030
24154  31.730  -53.564  11.634 0.2000000030
27759  30.938  -49.173  17.689 0.3000000119
137318  30.334  -48.399  18.356 0.3000000119
27841  34.342  -49.007  11.479 0.3000000119
26889  33.997  -50.004  11.572 0.3000000119
24141  31.149  -53.216  11.988 0.2000000030
25889  31.278  -51.736  12.330 0.3000000119
128482  30.877  -50.987  15.364 0.2000000030
26810  31.053  -50.134  16.549 0.3000000119
27770  31.119  -49.336  16.855 0.3000000119
119417  30.761  -47.885  17.164 0.3000000119
132515  33.199  -49.955  11.382 0.3000000119
25879  30.944  -51.646  13.045 0.3000000119
118427  30.934  -51.083  13.763 0.3000000119
25865  30.743  -51.548  14.647 0.2000000030
125560  31.080  -50.266  15.098 0.2000000030
136042  31.216  -49.467  15.809 0.3000000119
141640  31.209  -48.784  16.440 0.3000000119
28771  31.120  -48.111  16.478 0.4000000060
26878  31.215  -51.039  12.752 0.3000000119
27814  31.253  -49.684  13.950 0.3000000119
27801  31.239  -49.599  14.721 0.3000000119
28785  31.296  -48.467  15.798 0.4000000060
29755  30.856  -47.330  16.392 0.4000000060
30789  30.090  -45.958  17.052 0.3000000119
29771  31.205  -47.684  15.762 0.4000000060
30814  31.038  -46.863  15.639 0.3000000119
137219  30.392  -45.378  16.566 0.3000000119
143017  27.490  -41.399  30.996 0.4000000060
36085  26.881  -41.375  30.791 0.4000000060
17276  39.065  -61.216  15.447 0.1000000015
36084  27.777  -41.741  31.118 0.4000000060
17267  38.098  -60.979  16.982 0.1000000015
33966  28.086  -43.447  30.934 0.5000000000
33976  27.525  -43.954  30.757 0.4000000060
33985  27.506  -44.144  29.331 0.4000000060
33998  27.491  -44.064  27.946 0.4000000060
17257  37.391  -60.311  17.545 0.1000000015
33975  28.358  -43.813  30.634 0.5000000000
33984  28.283  -44.044  29.757 0.3000000119
33997  28.302  -43.887  28.320 0.3000000119
128297  27.365  -43.765  26.884 0.3000000119
34037  26.791  -43.855  24.707 0.3000000119
122470  26.376  -44.370  24.363 0.3000000119
139042  37.548  -56.782  20.055 0.2000000030
23141  38.450  -54.982  20.240 0.2000000030
34052  26.812  -44.005  23.791 0.3000000119
120945  26.689  -44.383  23.019 0.4000000060
32958  26.806  -44.699  22.291 0.3000000119
24071  37.155  -53.682  18.821 0.2000000030
140377  27.043  -43.927  23.189 0.4000000060
32957  27.243  -44.375  21.818 0.4000000060
123551  27.060  -45.195  21.563 0.4000000060
26844  36.078  -51.001  14.126 0.3000000119
25863  35.675  -51.550  14.525 0.3000000119
29722  29.200  -47.460  19.074 0.3000000119
26860  35.804  -50.610  13.397 0.3000000119
28746  29.845  -47.969  18.680 0.3000000119
26875  35.459  -50.186  12.646 0.3000000119
27829  34.942  -49.673  11.940 0.3000000119
25030  32.313  -52.311  11.466 0.3000000119
25031  31.832  -52.181  11.585 0.2000000030
25888  31.649  -51.818  11.776 0.3000000119
28755  30.687  -48.477  17.798 0.4000000060
29736  30.230  -47.663  17.893 0.4000000060
29737  29.553  -47.118  18.370 0.3000000119
128178  32.336  -50.891  11.476 0.3000000119
25902  32.068  -51.668  11.475 0.3000000119
139516  29.381  -46.259  18.178 0.3000000119
28841  33.896  -48.388  11.276 0.3000000119
27842  33.415  -49.110  11.339 0.3000000119
28842  32.694  -48.654  11.470 0.3000000119
26890  32.691  -50.255  11.416 0.3000000119
28843  32.095  -49.135  11.808 0.3000000119
27830  31.627  -49.631  12.393 0.3000000119
27813  31.426  -49.275  13.286 0.3000000119
26862  31.265  -50.204  13.263 0.3000000119
30790  29.830  -46.592  17.687 0.3000000119
28829  32.172  -48.178  11.945 0.4000000060
28830  31.706  -48.774  12.531 0.4000000060
28818  31.519  -48.463  13.434 0.4000000060
27800  31.358  -48.995  14.139 0.3000000119
28784  31.360  -48.023  15.108 0.4000000060
29770  31.279  -47.297  15.040 0.4000000060
30802  30.625  -46.288  16.301 0.3000000119
132290  31.427  -47.077  14.382 0.4000000060
123898  30.964  -46.027  15.560 0.3000000119
31938  30.792  -45.289  15.970 0.3000000119
33015  30.624  -44.420  16.499 0.4000000060
30813  31.269  -46.373  14.834 0.3000000119
31937  31.192  -45.157  15.164 0.4000000060
33028  31.057  -44.511  15.815 0.4000000060
37089  29.162  -40.625  27.949 0.4000000060
37068  29.145  -40.818  30.153 0.4000000060
37077  28.268  -40.756  28.494 0.4000000060
37069  28.440  -40.819  29.624 0.4000000060
135288  28.501  -40.968  30.512 0.4000000060
37065  28.196  -41.248  30.957 0.4000000060
36082  29.508  -41.341  31.155 0.5000000000
37064  28.944  -41.051  30.980 0.4000000060
35069  28.309  -42.579  31.164 0.4000000060
35068  29.183  -42.385  31.244 0.5000000000
33965  28.777  -43.490  30.957 0.5000000000
20259  36.826  -57.508  19.152 0.1000000015
21260  38.325  -55.951  20.237 0.2000000030
141180  30.253  -43.732  30.508 0.4000000060
33974  29.007  -43.978  30.289 0.4000000060
33983  29.060  -43.949  29.109 0.3000000119
142667  28.572  -43.602  27.517 0.3000000119
34010  28.055  -43.578  27.136 0.3000000119
137700  27.752  -43.442  26.377 0.3000000119
34024  27.296  -43.485  25.163 0.3000000119
24070  38.331  -53.843  19.107 0.2000000030
33963  30.503  -43.179  30.999 0.4000000060
139878  29.842  -43.885  29.792 0.4000000060
119345  29.806  -43.635  28.665 0.4000000060
33996  29.217  -43.572  27.849 0.3000000119
35100  28.261  -43.220  26.258 0.3000000119
35113  27.782  -43.259  25.669 0.3000000119
34036  27.311  -43.471  24.283 0.3000000119
24060  37.899  -54.280  19.683 0.2000000030
35088  28.772  -43.334  26.922 0.3000000119
35099  29.000  -43.017  26.055 0.3000000119
35112  28.376  -43.035  25.406 0.3000000119
34050  27.901  -43.273  23.059 0.4000000060
138596  37.619  -53.276  18.195 0.2000000030
24965  36.947  -52.753  17.182 0.2000000030
34066  28.066  -43.408  22.201 0.4000000060
34087  27.693  -43.844  21.629 0.4000000060
31871  27.486  -45.496  20.810 0.4000000060
139656  36.964  -51.486  15.044 0.3000000119
25862  36.300  -51.466  14.789 0.3000000119
31878  28.240  -45.099  19.528 0.4000000060
29723  28.590  -46.804  19.491 0.4000000060
26859  36.543  -50.443  13.604 0.3000000119
30753  28.535  -45.774  19.157 0.3000000119
30752  28.994  -46.522  18.762 0.4000000060
27828  35.713  -49.462  12.330 0.3000000119
32992  29.338  -44.175  18.366 0.4000000060
136357  28.754  -44.773  18.840 0.4000000060
121936  29.051  -45.579  18.453 0.4000000060
28840  34.709  -48.061  11.323 0.3000000119
34136  29.858  -43.604  18.435 0.4000000060
31902  29.672  -44.524  17.733 0.4000000060
124830  29.571  -45.506  17.740 0.3000000119
29830  33.950  -47.661  11.152 0.3000000119
121395  33.321  -48.176  11.280 0.4000000060
29831  32.830  -47.792  11.468 0.4000000060
29815  31.987  -47.416  12.543 0.4000000060
29802  31.585  -47.505  13.612 0.4000000060
31920  30.041  -44.937  17.115 0.4000000060
121952  33.045  -46.808  11.470 0.5000000000
29814  32.464  -47.395  11.847 0.4000000060
30847  31.585  -46.485  13.918 0.5000000000
31953  31.563  -45.482  14.243 0.4000000060
33027  31.456  -44.080  15.347 0.4000000060
33040  31.687  -44.408  14.566 0.4000000060
121598  29.185  -40.685  29.039 0.4000000060
37067  30.055  -40.650  29.737 0.4000000060
37063  29.645  -40.934  30.748 0.4000000060
36089  30.486  -40.957  30.869 0.4000000060
16315  39.794  -61.277  14.729 0.1000000015
17268  37.429  -60.319  16.335 0.1000000015
17258  36.752  -59.440  17.428 0.1000000015
133488  30.220  -42.115  31.390 0.4000000060
126155  36.605  -58.261  18.507 0.1000000015
17285  39.068  -60.655  14.485 0.1000000015
22243  37.669  -56.261  19.087 0.2000000030
22242  38.654  -55.494  19.768 0.2000000030
133497  30.970  -42.466  31.278 0.4000000060
22233  38.901  -55.112  19.805 0.2000000030
33982  30.545  -43.595  28.865 0.4000000060
24964  38.181  -52.829  17.621 0.2000000030
24976  37.716  -52.337  16.653 0.2000000030
33981  30.700  -43.823  29.908 0.4000000060
35087  29.633  -43.131  26.811 0.3000000119
35111  29.117  -42.852  25.152 0.3000000119
25848  37.648  -51.233  14.998 0.3000000119
26858  37.416  -50.231  13.715 0.3000000119
33994  31.161  -43.584  27.959 0.5000000000
139015  31.046  -43.335  27.092 0.4000000060
34009  30.505  -43.103  26.566 0.3000000119
35098  29.935  -42.833  25.779 0.3000000119
35110  29.833  -42.787  24.886 0.3000000119
35138  28.522  -42.986  23.625 0.3000000119
34086  28.359  -43.514  21.402 0.4000000060
27811  36.920  -49.762  13.116 0.3000000119
34023  30.761  -43.029  25.802 0.3000000119
124152  30.570  -42.887  25.063 0.3000000119
35123  30.214  -42.809  24.121 0.4000000060
35124  29.229  -42.815  24.269 0.4000000060
35150  28.645  -43.111  22.752 0.4000000060
32972  27.894  -44.737  20.238 0.4000000060
34106  28.640  -43.560  20.619 0.4000000060
32982  28.483  -44.323  19.563 0.4000000060
27827  36.471  -49.287  12.549 0.3000000119
28828  36.003  -48.750  12.009 0.3000000119
34122  28.914  -43.637  19.744 0.4000000060
32993  28.949  -43.976  18.973 0.4000000060
27840  35.209  -48.857  11.708 0.3000000119
140705  29.364  -43.825  18.693 0.4000000060
29828  35.607  -47.363  11.366 0.3000000119
34147  30.530  -43.467  17.743 0.4000000060
127541  33.880  -46.871  11.107 0.5000000000
33014  31.265  -43.779  16.094 0.4000000060
34155  30.912  -43.595  16.864 0.4000000060
32014  33.263  -45.574  11.682 0.4000000060
30886  32.786  -46.051  11.874 0.4000000060
132264  32.347  -45.905  12.622 0.4000000060
30866  31.893  -46.637  13.047 0.4000000060
31968  31.938  -45.714  13.415 0.4000000060
33053  32.043  -44.683  13.730 0.4000000060
29620  36.717  -47.317  28.723 0.2000000030
28611  36.729  -47.914  28.710 0.2000000030
28626  36.701  -48.562  28.086 0.3000000119
28612  36.124  -48.075  28.879 0.2000000030
37066  31.068  -40.691  29.791 0.3000000119
27654  36.382  -48.976  27.539 0.3000000119
36081  31.142  -41.640  31.202 0.4000000060
119182  38.165  -60.839  15.895 0.1000000015
26690  36.892  -50.055  26.097 0.6000000238
27662  36.492  -49.609  27.082 0.6000000238
28689  38.020  -48.828  22.548 0.6000000238
132890  37.656  -49.564  24.012 0.6000000238
137518  37.170  -49.924  24.948 0.6999999881
33973  30.934  -43.728  30.620 0.4000000060
126840  39.515  -60.708  13.903 0.1000000015
17296  38.919  -60.265  13.724 0.1000000015
19232  36.472  -58.465  17.409 0.2000000030
20264  36.560  -57.570  18.065 0.2000000030
28703  37.937  -48.495  21.822 0.6000000238
27695  37.137  -49.220  23.682 0.6000000238
24059  38.857  -54.654  19.594 0.2000000030
140243  39.257  -47.248  19.178 0.6000000238
27709  37.683  -49.115  23.221 0.6000000238
130417  31.870  -44.231  29.019 0.4000000060
119856  38.151  -51.465  15.523 0.3000000119
124481  38.881  -47.480  19.683 0.6000000238
28721  38.394  -48.082  21.012 0.6000000238
128604  31.298  -43.813  29.001 0.4000000060
26823  38.454  -50.997  15.072 0.3000000119
26857  38.278  -49.998  13.841 0.3000000119
32885  31.783  -43.758  27.029 0.5000000000
28817  37.813  -49.399  13.176 0.3000000119
28825  38.463  -47.623  12.477 0.4000000060
32900  31.999  -43.742  25.955 0.5000000000
34021  32.186  -43.752  25.074 0.5000000000
34035  31.135  -43.045  24.424 0.5000000000
34049  30.904  -42.986  23.698 0.4000000060
35137  29.373  -42.876  23.369 0.4000000060
35149  29.472  -43.039  22.453 0.4000000060
27826  37.176  -49.115  12.680 0.3000000119
28826  37.755  -48.466  12.543 0.4000000060
143291  32.276  -43.815  23.732 0.5000000000
34048  31.697  -43.411  23.720 0.5000000000
34065  30.691  -43.141  22.381 0.4000000060
35136  30.256  -42.920  23.078 0.4000000060
35163  29.964  -43.089  21.927 0.4000000060
28827  36.845  -48.428  12.149 0.3000000119
140997  31.248  -43.300  21.325 0.4000000060
34084  30.602  -43.174  21.409 0.4000000060
119920  29.706  -43.172  21.195 0.4000000060
138755  29.347  -43.173  21.729 0.4000000060
28838  36.141  -48.040  11.700 0.3000000119
34119  31.456  -43.191  19.687 0.4000000060
34103  31.171  -43.203  20.636 0.4000000060
129705  30.596  -43.153  19.745 0.4000000060
34120  30.171  -43.290  19.049 0.4000000060
129191  29.744  -43.303  19.735 0.4000000060
29829  34.653  -47.069  11.055 0.4000000060
34118  32.261  -43.533  19.584 0.4000000060
34134  31.738  -43.184  18.818 0.4000000060
118637  31.183  -43.130  18.172 0.4000000060
34135  30.539  -43.305  18.466 0.4000000060
34145  32.044  -43.106  17.854 0.4000000060
34146  31.419  -43.212  17.318 0.4000000060
32013  33.789  -45.270  11.551 0.4000000060
31967  32.457  -44.978  12.955 0.4000000060
34176  32.581  -43.476  14.710 0.5000000000
34154  32.173  -43.114  16.861 0.4000000060
118699  31.648  -43.325  16.443 0.4000000060
33039  32.313  -43.848  14.163 0.4000000060
34177  31.983  -43.614  14.919 0.4000000060
34166  31.826  -43.453  15.652 0.4000000060
29621  36.206  -47.334  29.111 0.2000000030
36088  31.449  -41.071  30.514 0.4000000060
142315  31.807  -41.616  30.859 0.3000000119
26679  36.853  -50.321  26.842 0.6000000238
35067  31.686  -42.244  31.224 0.3000000119
33960  32.221  -42.875  31.215 0.4000000060
125506  38.376  -60.540  14.975 0.2000000030
33962  31.383  -43.224  31.100 0.3000000119
32855  31.709  -44.037  30.787 0.4000000060
127305  38.813  -48.698  22.297 0.6000000238
27670  36.537  -49.457  25.794 0.5000000000
26680  36.462  -49.523  26.504 0.6000000238
32862  31.536  -44.170  30.025 0.4000000060
32870  32.324  -44.611  28.423 0.4000000060
142222  39.327  -60.462  13.418 0.1000000015
27683  36.747  -49.323  24.513 0.6999999881
23150  39.228  -54.768  19.115 0.2000000030
24083  38.813  -53.459  18.500 0.2000000030
28690  37.298  -48.703  22.506 0.5000000000
32884  32.384  -44.439  27.411 0.4000000060
135662  32.848  -44.813  26.048 0.4000000060
18302  37.738  -59.376  12.837 0.1000000015
25833  38.375  -51.895  16.205 0.2000000030
29801  39.789  -47.204  12.976 0.4000000060
29733  38.616  -47.143  18.845 0.6000000238
32871  31.845  -44.006  28.136 0.4000000060
27810  38.603  -49.376  13.466 0.4000000060
31914  39.387  -45.886  16.320 0.5000000000
30767  39.039  -46.745  17.921 0.6000000238
132257  32.434  -44.324  26.454 0.4000000060
32899  32.552  -44.340  25.591 0.5000000000
29811  39.116  -47.182  12.620 0.4000000060
134075  39.246  -45.408  14.826 0.6000000238
29813  38.140  -46.732  12.197 0.4000000060
34047  32.334  -43.932  23.111 0.5000000000
136588  37.568  -47.519  12.064 0.4000000060
32956  32.586  -44.107  21.024 0.5000000000
29827  36.658  -47.392  11.678 0.4000000060
30882  36.298  -46.460  11.452 0.4000000060
30883  35.360  -46.358  11.146 0.4000000060
142134  32.458  -43.244  17.392 0.4000000060
32010  35.935  -45.619  11.427 0.3000000119
32011  35.149  -45.528  11.253 0.3000000119
32012  34.394  -45.393  11.348 0.4000000060
31987  33.488  -44.819  11.949 0.4000000060
31988  32.848  -45.242  12.201 0.4000000060
127169  32.769  -43.309  15.370 0.5000000000
118561  32.860  -43.309  16.217 0.5000000000
33076  34.209  -44.710  11.765 0.5000000000
33052  32.732  -44.071  13.367 0.4000000060
34187  33.027  -43.570  13.939 0.5000000000
34186  33.881  -43.688  13.878 0.5000000000
34175  33.294  -43.448  14.656 0.5000000000
26665  36.839  -50.015  27.422 0.3000000119
26734  38.253  -49.945  24.286 0.6000000238
25751  37.321  -50.459  25.788 0.6999999881
32849  32.145  -43.703  31.149 0.4000000060
27708  38.629  -49.075  23.032 0.6999999881
25765  37.738  -50.549  25.282 0.6999999881
27671  36.072  -48.902  26.248 0.5000000000
31793  32.844  -45.176  27.765 0.4000000060
31782  32.758  -45.330  28.864 0.4000000060
17277  37.574  -60.194  15.366 0.2000000030
17269  36.547  -59.084  16.521 0.2000000030
121860  36.582  -56.990  17.777 0.2000000030
22241  39.088  -55.118  19.263 0.2000000030
28702  39.005  -48.345  21.550 0.6000000238
27696  36.756  -49.003  23.762 0.5000000000
31804  32.879  -44.986  26.785 0.3000000119
18301  38.400  -59.824  13.194 0.1000000015
24082  39.794  -53.782  18.470 0.2000000030
25832  39.466  -51.967  16.574 0.2000000030
141435  33.162  -44.926  24.686 0.5000000000
19268  37.013  -58.897  12.592 0.1000000015
27799  39.088  -49.772  13.954 0.3000000119
30768  37.962  -46.887  18.106 0.5000000000
19269  36.333  -58.186  12.376 0.2000000030
19278  36.991  -58.683  11.721 0.1000000015
30800  38.556  -46.126  16.490 0.5000000000
30785  38.282  -46.530  17.287 0.5000000000
32941  33.366  -45.024  22.447 0.5000000000
32927  33.219  -44.914  24.026 0.5000000000
19279  36.337  -58.122  11.446 0.1000000015
31985  38.580  -45.719  12.764 0.4000000060
31950  38.265  -45.274  14.295 0.6000000238
128990  32.981  -44.646  23.168 0.5000000000
32914  32.724  -44.433  24.688 0.5000000000
20303  35.846  -57.465  11.029 0.1000000015
30863  38.536  -46.260  12.484 0.4000000060
31965  38.492  -45.296  13.382 0.5000000000
31870  33.670  -45.071  20.944 0.5000000000
32955  33.130  -44.667  21.591 0.5000000000
32928  32.632  -44.273  23.824 0.5000000000
21330  35.420  -56.366  9.655 0.1000000015
30864  38.016  -45.947  12.275 0.4000000060
31877  33.978  -44.973  19.550 0.5000000000
32980  33.480  -44.412  19.222 0.5000000000
32971  32.743  -44.101  20.254 0.5000000000
32942  32.738  -44.390  22.381 0.5000000000
21343  35.533  -56.413  8.813 0.1000000015
30881  37.328  -46.440  11.812 0.3000000119
32990  33.518  -44.186  18.369 0.5000000000
32981  32.944  -44.092  19.599 0.5000000000
34164  33.655  -43.671  15.580 0.5000000000
34153  32.927  -43.434  17.069 0.5000000000
32991  32.698  -43.638  18.759 0.5000000000
33066  33.923  -44.234  12.415 0.4000000060
33051  33.513  -43.880  13.172 0.4000000060
131291  35.988  -48.376  28.290 0.2000000030
31776  32.720  -45.443  29.964 0.4000000060
17286  38.522  -60.282  14.297 0.2000000030
27694  38.415  -49.531  23.709 0.6000000238
27663  36.006  -48.848  27.018 0.4000000060
31792  33.412  -45.767  27.056 0.4000000060
31781  33.332  -45.848  28.157 0.4000000060
127774  36.850  -59.598  15.752 0.2000000030
28720  39.281  -48.022  20.890 0.6000000238
27684  36.304  -48.942  24.801 0.5000000000
31803  33.266  -45.384  26.126 0.5000000000
119658  36.396  -57.536  17.128 0.2000000030
22252  37.436  -55.859  17.947 0.2000000030
24069  39.298  -54.231  18.989 0.2000000030
29699  39.564  -47.703  20.225 0.6000000238
27710  36.961  -48.851  23.107 0.5000000000
28691  36.595  -48.566  23.046 0.5000000000
31831  33.537  -45.457  24.683 0.5000000000
143123  37.764  -59.559  13.453 0.1000000015
24068  39.873  -54.292  18.437 0.2000000030
24975  38.829  -52.425  17.091 0.2000000030
26822  39.357  -50.879  15.250 0.3000000119
28722  37.437  -48.059  21.146 0.6000000238
28705  36.562  -48.101  21.979 0.6000000238
31846  33.661  -45.568  23.902 0.5000000000
132210  39.978  -48.166  13.291 0.4000000060
31932  39.786  -45.537  15.583 0.6000000238
29734  37.553  -47.141  18.925 0.6000000238
29719  37.251  -47.372  19.735 0.5000000000
130512  33.520  -45.336  23.233 0.5000000000
30786  37.394  -46.569  17.520 0.5000000000
30769  37.053  -46.844  18.323 0.5000000000
31876  34.278  -45.417  20.245 0.5000000000
126582  35.963  -57.668  11.824 0.2000000030
31916  38.018  -45.877  15.906 0.6000000238
30801  37.693  -46.257  16.718 0.5000000000
20304  35.660  -57.029  11.774 0.2000000030
127845  35.519  -56.649  11.030 0.2000000030
20312  35.581  -56.929  10.257 0.1000000015
31887  34.108  -44.864  18.837 0.5000000000
21319  35.414  -56.295  10.372 0.1000000015
131204  37.440  -45.613  12.072 0.3000000119
118403  37.822  -45.267  12.667 0.3000000119
32989  34.243  -44.766  18.016 0.5000000000
121587  35.275  -55.834  9.192 0.1000000015
33013  33.650  -43.902  16.631 0.5000000000
32009  36.768  -45.623  11.719 0.3000000119
33063  36.277  -44.976  11.831 0.3000000119
33074  35.609  -45.035  11.581 0.3000000119
34174  34.009  -43.724  14.753 0.5000000000
33075  34.975  -44.821  11.605 0.3000000119
33050  34.348  -43.954  13.001 0.5000000000
33980  34.667  -43.471  28.628 0.2000000030
30653  36.338  -46.692  29.115 0.1000000015
29617  36.027  -46.932  30.032 0.2000000030
26678  37.257  -50.611  27.078 0.4000000060
25764  38.341  -50.922  25.207 0.6999999881
25737  37.391  -50.857  26.579 0.6999999881
28688  39.877  -48.567  22.025 0.6999999881
28627  35.708  -48.387  27.820 0.3000000119
18293  38.187  -59.936  13.858 0.1000000015
17287  37.845  -60.042  14.543 0.2000000030
125628  39.770  -48.229  21.335 0.6000000238
137377  35.598  -48.435  26.719 0.4000000060
28639  35.520  -48.338  27.372 0.3000000119
28613  35.382  -47.902  28.641 0.2000000030
31816  33.535  -45.622  25.475 0.5000000000
19239  36.318  -58.237  16.378 0.2000000030
28719  40.074  -47.945  20.822 0.6000000238
28675  36.317  -48.568  23.597 0.5000000000
29660  35.949  -48.461  24.282 0.5000000000
28668  35.820  -48.489  25.178 0.5000000000
30707  34.051  -46.133  24.233 0.5000000000
22250  39.442  -54.733  18.605 0.2000000030
24974  40.047  -52.646  17.473 0.2000000030
25846  39.973  -51.484  16.015 0.3000000119
30784  39.133  -46.331  17.040 0.6000000238
29717  39.835  -47.367  19.501 0.6000000238
28723  36.719  -47.905  21.321 0.6000000238
28706  36.119  -47.862  22.208 0.6000000238
31859  33.954  -45.813  22.531 0.5000000000
19259  37.126  -59.160  13.391 0.2000000030
19260  36.551  -58.533  13.297 0.2000000030
25847  38.927  -51.442  15.745 0.3000000119
26840  39.778  -50.211  14.628 0.4000000060
130093  39.765  -45.396  14.396 0.6000000238
136188  40.332  -47.042  19.096 0.6000000238
29685  36.292  -47.688  21.446 0.6000000238
31869  34.275  -45.693  21.170 0.5000000000
137070  36.081  -57.658  13.305 0.2000000030
142760  40.315  -46.831  13.356 0.4000000060
122122  40.169  -45.361  14.945 0.6000000238
31898  40.443  -45.944  16.973 0.6000000238
20294  35.885  -57.383  12.466 0.2000000030
31934  37.471  -45.528  15.242 0.6000000238
31917  36.860  -46.200  16.993 0.5000000000
31886  34.585  -45.403  19.344 0.5000000000
20295  35.685  -56.584  12.467 0.2000000030
21308  35.516  -56.224  11.755 0.2000000030
31951  37.192  -45.162  14.297 0.5000000000
118592  37.175  -45.936  16.177 0.6000000238
33000  34.340  -44.697  17.154 0.5000000000
127773  35.397  -55.852  10.964 0.2000000030
125578  37.674  -45.031  13.459 0.5000000000
22321  35.360  -54.884  10.846 0.2000000030
132517  35.188  -54.834  9.912 0.2000000030
131099  35.141  -55.154  9.213 0.2000000030
135205  37.194  -44.879  12.850 0.4000000060
33048  36.371  -44.666  12.647 0.4000000060
33026  34.535  -44.263  15.317 0.5000000000
33049  35.346  -44.252  12.973 0.4000000060
33065  34.751  -44.330  12.264 0.5000000000
119142  34.711  -44.007  13.623 0.5000000000
31773  36.014  -45.975  29.093 0.2000000030
31768  35.894  -46.216  29.956 0.2000000030
24899  38.557  -51.836  25.775 0.6999999881
26677  37.854  -50.805  27.213 0.5000000000
26715  39.686  -50.748  24.558 0.6000000238
24900  38.072  -51.465  25.966 0.6999999881
27707  39.610  -48.981  22.876 0.6999999881
28701  40.603  -48.281  21.444 0.8000000119
29636  34.657  -47.512  27.948 0.4000000060
18277  37.055  -59.591  14.803 0.2000000030
19245  36.431  -58.743  15.665 0.2000000030
29698  40.365  -47.612  20.189 0.6000000238
130576  35.816  -48.155  23.496 0.6000000238
28669  35.480  -47.957  24.769 0.5000000000
31858  34.255  -45.956  21.843 0.5000000000
20274  36.291  -57.414  16.203 0.2000000030
24081  40.294  -53.909  18.220 0.2000000030
29716  40.710  -47.257  19.635 0.6999999881
30738  34.931  -46.131  20.717 0.5000000000
22260  39.028  -54.796  17.706 0.2000000030
23160  40.235  -54.291  17.938 0.2000000030
30783  40.659  -46.257  17.778 0.6000000238
133899  40.468  -46.692  18.547 0.6000000238
29720  36.503  -47.188  20.075 0.5000000000
30751  35.088  -45.972  19.882 0.5000000000
24080  40.576  -53.634  17.707 0.3000000119
25831  40.751  -52.267  16.824 0.3000000119
27808  40.218  -48.943  13.690 0.4000000060
30830  41.060  -45.962  14.298 0.6000000238
31913  40.970  -45.525  16.372 0.6999999881
31897  41.262  -45.746  17.128 0.6999999881
21290  35.972  -56.763  13.647 0.2000000030
20286  35.842  -56.916  13.020 0.2000000030
31930  41.443  -45.416  15.765 0.6999999881
30787  36.613  -46.410  17.788 0.5000000000
124166  34.767  -45.348  18.521 0.5000000000
21291  35.824  -56.189  13.116 0.2000000030
22298  36.055  -55.211  13.148 0.2000000030
22299  35.677  -55.748  12.475 0.2000000030
22312  35.546  -55.357  11.749 0.2000000030
139267  36.724  -45.638  15.760 0.5000000000
23213  35.804  -54.995  12.409 0.2000000030
23227  35.765  -54.490  11.825 0.2000000030
33012  34.440  -44.506  16.253 0.5000000000
24152  35.668  -53.916  11.145 0.2000000030
23240  35.324  -54.118  10.232 0.2000000030
31966  36.827  -44.835  13.494 0.5000000000
24171  35.653  -53.297  10.558 0.2000000030
33038  34.644  -44.070  14.445 0.5000000000
33064  35.593  -44.572  12.066 0.5000000000
24030  41.217  -53.134  25.152 0.8000000119
24907  41.290  -52.981  24.665 0.8000000119
24908  40.654  -52.733  24.879 0.8000000119
24895  39.270  -52.576  26.030 0.6999999881
25778  40.673  -51.103  24.201 0.6999999881
26731  40.990  -50.401  23.618 0.6999999881
27692  40.395  -49.542  23.417 0.6999999881
28687  40.803  -48.655  22.095 0.6999999881
28652  35.268  -48.007  26.455 0.5000000000
18284  37.414  -59.537  14.029 0.2000000030
141874  36.246  -58.043  15.643 0.2000000030
29697  41.163  -47.526  20.268 0.6999999881
124520  40.854  -47.866  20.811 0.8000000119
29677  35.672  -47.784  22.827 0.6000000238
29667  35.303  -47.559  23.490 0.6000000238
18285  36.698  -58.935  14.188 0.2000000030
19252  36.329  -58.282  14.855 0.2000000030
21277  36.401  -56.541  15.955 0.2000000030
22262  36.859  -55.783  16.690 0.2000000030
29715  41.585  -47.151  19.718 0.6999999881
29686  35.769  -47.391  21.590 0.6000000238
29687  35.198  -46.943  21.896 0.5000000000
30730  34.785  -46.330  21.504 0.5000000000
30765  41.287  -46.401  18.414 0.6000000238
118503  35.997  -47.224  20.755 0.5000000000
30729  35.394  -46.801  21.126 0.5000000000
30772  35.262  -45.870  19.059 0.5000000000
23172  40.101  -54.327  17.333 0.2000000030
24961  40.873  -53.042  17.476 0.3000000119
26821  40.370  -50.877  15.462 0.3000000119
28814  40.833  -48.223  13.594 0.5000000000
30844  41.379  -46.756  13.998 0.5000000000
31948  41.058  -45.441  14.963 0.6000000238
30749  36.197  -46.733  19.366 0.5000000000
31885  35.412  -45.775  18.264 0.5000000000
31900  35.533  -45.661  17.462 0.5000000000
31901  34.896  -45.295  17.693 0.5000000000
23203  36.488  -54.420  13.430 0.2000000030
126855  36.417  -45.802  16.471 0.5000000000
31919  35.009  -45.205  16.843 0.5000000000
24137  37.338  -53.177  12.955 0.2000000030
24138  36.705  -53.502  12.648 0.2000000030
24151  36.278  -53.579  11.932 0.2000000030
31935  36.587  -45.311  15.079 0.5000000000
33025  35.169  -44.558  14.997 0.5000000000
126315  40.645  -51.278  12.754 0.2000000030
25876  39.824  -51.818  12.931 0.2000000030
25015  37.739  -52.600  12.529 0.2000000030
25016  36.962  -52.928  12.307 0.2000000030
24170  36.063  -53.219  11.249 0.2000000030
26874  41.044  -50.560  12.322 0.2000000030
25896  39.714  -51.145  12.226 0.2000000030
25885  39.000  -51.703  12.359 0.2000000030
25027  37.324  -52.338  11.842 0.2000000030
25043  36.198  -52.616  10.867 0.2000000030
24186  35.286  -53.398  9.560 0.2000000030
31952  36.326  -44.908  14.284 0.5000000000
26884  42.310  -49.902  12.096 0.4000000060
26886  40.301  -50.578  11.977 0.2000000030
25899  36.870  -52.084  11.182 0.2000000030
25044  35.688  -52.590  10.052 0.2000000030
33037  35.471  -44.448  14.147 0.5000000000
26885  41.468  -49.985  11.944 0.3000000119
27838  42.838  -49.245  11.574 0.5000000000
24919  42.649  -52.933  23.961 0.8000000119
123629  42.130  -52.351  23.809 0.8000000119
25761  41.244  -52.236  24.351 0.6999999881
138090  42.370  -50.775  22.807 0.6999999881
26749  41.775  -50.604  23.160 0.6999999881
28686  41.450  -49.099  22.452 0.6999999881
138523  41.507  -47.800  20.763 0.8000000119
28718  41.462  -48.174  21.260 0.8000000119
30746  42.044  -46.620  19.004 0.6999999881
118605  36.312  -58.185  13.986 0.2000000030
20280  36.120  -57.361  14.336 0.2000000030
22273  36.619  -55.583  15.603 0.2000000030
23174  38.329  -54.726  16.686 0.2000000030
31929  42.245  -45.433  15.938 0.6999999881
31912  41.785  -45.477  16.514 0.6999999881
29721  36.010  -46.858  20.023 0.5000000000
30750  35.680  -46.420  19.567 0.5000000000
30771  35.831  -46.286  18.805 0.5000000000
130299  36.129  -56.519  14.278 0.2000000030
23184  37.503  -54.653  15.677 0.2000000030
23183  38.772  -54.350  16.081 0.3000000119
23171  40.473  -54.063  17.554 0.2000000030
24973  41.415  -52.767  16.810 0.3000000119
26839  40.798  -50.268  14.963 0.4000000060
31947  41.976  -45.671  15.215 0.6999999881
30770  36.394  -46.580  18.587 0.5000000000
30788  35.993  -46.122  18.045 0.5000000000
23193  36.445  -54.920  14.106 0.2000000030
24094  40.405  -54.013  16.795 0.3000000119
24092  41.344  -53.169  16.687 0.3000000119
25830  41.450  -52.187  16.456 0.4000000060
28801  41.534  -48.780  14.042 0.4000000060
29787  42.087  -47.111  14.291 0.6000000238
24972  41.822  -52.298  16.199 0.4000000060
25844  41.791  -51.754  16.019 0.4000000060
27798  41.239  -49.589  14.502 0.4000000060
132991  42.386  -47.864  14.189 0.6000000238
31899  36.167  -45.953  17.253 0.5000000000
31918  35.715  -45.540  16.638 0.5000000000
24128  36.851  -53.743  13.262 0.2000000030
26819  42.227  -51.221  15.518 0.4000000060
27797  42.134  -49.490  14.556 0.4000000060
128241  42.957  -48.295  14.363 0.6999999881
31936  35.800  -45.006  15.052 0.5000000000
33011  35.240  -44.995  15.879 0.5000000000
25013  39.210  -52.262  13.080 0.2000000030
25026  38.106  -51.917  12.000 0.2000000030
28800  42.299  -48.569  14.221 0.6000000238
25897  38.591  -51.353  11.716 0.2000000030
33036  36.083  -44.593  13.512 0.4000000060
122930  39.112  -51.095  11.785 0.2000000030
25898  37.513  -51.775  11.433 0.2000000030
25912  36.331  -51.839  10.373 0.2000000030
131778  40.789  -50.110  11.777 0.2000000030
26887  39.554  -50.549  11.546 0.2000000030
26888  38.703  -50.677  11.194 0.2000000030
26899  37.886  -50.666  10.618 0.2000000030
25911  37.217  -51.333  10.773 0.2000000030
25920  36.085  -51.335  9.608 0.2000000030
27837  43.562  -49.166  11.702 0.5000000000
25786  45.314  -52.445  22.666 0.6999999881
25776  42.996  -52.314  23.427 0.6999999881
25799  44.988  -51.668  22.169 0.6999999881
26763  44.287  -50.650  21.824 0.6999999881
26764  43.507  -50.492  22.108 0.6999999881
26730  42.283  -51.466  23.257 0.6999999881
26762  45.066  -50.684  21.516 0.6999999881
27728  44.501  -49.887  21.330 0.6999999881
27716  43.699  -49.796  21.582 0.6999999881
27717  42.826  -49.639  21.949 0.6999999881
28716  43.565  -48.271  20.810 0.6999999881
28698  43.188  -48.968  21.353 0.6999999881
28717  42.133  -47.982  20.996 0.6999999881
131134  42.103  -46.114  18.180 0.6999999881
22282  36.317  -55.768  14.602 0.3000000119
21283  36.228  -56.554  14.998 0.3000000119
31928  42.952  -45.571  16.025 0.6999999881
31911  42.599  -45.486  16.608 0.6999999881
23185  36.670  -54.991  14.960 0.2000000030
30828  42.471  -46.460  14.787 0.6999999881
23192  37.200  -54.320  14.746 0.2000000030
24108  39.198  -53.953  15.582 0.3000000119
29786  42.796  -47.412  14.528 0.6999999881
24127  37.613  -53.483  13.642 0.2000000030
24118  37.890  -53.791  14.386 0.2000000030
24106  40.867  -53.531  16.209 0.3000000119
120050  36.059  -45.441  15.810 0.5000000000
25002  38.951  -52.816  13.613 0.2000000030
24105  41.571  -53.008  15.902 0.4000000060
25843  42.300  -51.902  15.724 0.4000000060
128479  42.852  -50.522  15.052 0.4000000060
25884  41.457  -51.060  12.856 0.3000000119
26901  36.663  -51.109  10.121 0.2000000030
27825  43.169  -49.823  12.201 0.4000000060
123958  41.958  -49.353  11.462 0.3000000119
26897  40.227  -49.885  11.294 0.2000000030
135876  36.571  -50.521  9.425 0.2000000030
27839  41.092  -49.552  11.368 0.2000000030
26898  39.363  -49.948  10.838 0.2000000030
27854  38.527  -50.004  10.357 0.2000000030
27836  44.170  -48.703  11.748 0.5000000000
118595  44.992  -48.553  12.179 0.5000000000
24924  48.142  -52.060  22.169 0.8000000119
24925  47.303  -52.103  22.360 0.8000000119
24926  46.623  -52.214  22.539 0.8000000119
124756  46.489  -52.162  21.994 0.6999999881
25796  48.239  -52.119  21.629 0.6999999881
26761  46.467  -51.657  21.550 0.6999999881
26777  45.856  -50.731  21.197 0.6999999881
132109  44.708  -49.320  20.872 0.6999999881
25809  47.321  -51.675  21.160 0.6999999881
27727  46.062  -50.015  20.564 0.6999999881
28715  44.457  -48.599  20.603 0.6999999881
29694  44.184  -47.871  20.350 0.6999999881
29695  43.503  -47.516  20.207 0.6999999881
29696  42.769  -47.756  20.593 0.6999999881
28735  44.940  -48.024  20.073 0.6999999881
29712  44.301  -47.301  19.680 0.6999999881
29713  43.471  -47.027  19.611 0.6999999881
30745  43.029  -46.632  19.115 0.6999999881
29732  44.700  -46.834  18.885 0.6999999881
30762  44.288  -46.290  18.349 0.6999999881
30763  43.460  -46.216  18.491 0.6999999881
30781  42.907  -45.835  17.953 0.6999999881
30780  43.768  -45.840  17.780 0.6999999881
31895  43.175  -45.586  17.226 0.6999999881
31896  42.189  -45.668  17.347 0.6999999881
30799  44.019  -45.940  16.392 0.6999999881
30812  42.771  -45.913  15.436 0.6999999881
24117  38.769  -53.668  14.767 0.2000000030
129745  39.563  -53.592  15.089 0.2000000030
30811  43.565  -46.090  15.791 0.6999999881
30827  43.240  -46.776  15.044 0.6999999881
24126  38.437  -53.349  13.988 0.2000000030
24125  39.188  -53.275  14.337 0.2000000030
24115  40.917  -53.137  15.271 0.3000000119
29769  44.039  -46.976  15.382 0.6999999881
25001  39.829  -52.547  13.719 0.2000000030
25000  41.569  -52.262  14.196 0.3000000119
24993  41.614  -52.645  15.035 0.3000000119
24983  42.079  -52.207  15.837 0.4000000060
25874  41.590  -51.666  13.496 0.3000000119
25873  42.494  -51.749  13.916 0.3000000119
25861  42.584  -51.878  15.229 0.4000000060
26872  42.741  -50.565  12.710 0.4000000060
25883  42.232  -51.174  13.184 0.3000000119
26870  44.537  -50.314  12.814 0.5000000000
28824  44.812  -49.406  12.276 0.5000000000
27824  43.996  -49.641  12.219 0.5000000000
26900  37.178  -50.707  10.183 0.2000000030
27823  45.692  -49.372  12.481 0.5000000000
128406  40.729  -49.244  10.842 0.2000000030
28837  43.348  -48.494  11.283 0.4000000060
27851  41.608  -48.790  10.775 0.3000000119
133943  45.797  -48.715  12.498 0.5000000000
28836  44.228  -48.196  11.785 0.4000000060
28812  46.376  -48.611  12.839 0.5000000000
29673  47.198  -48.035  21.866 0.6999999881
28682  47.413  -48.997  21.774 0.6999999881
28697  47.806  -48.747  21.400 0.6999999881
27715  48.066  -49.721  21.621 0.6999999881
26759  49.237  -51.223  21.432 0.8000000119
25807  49.051  -51.940  21.104 0.6999999881
26775  47.773  -51.275  20.481 0.6999999881
27725  49.868  -50.105  20.610 0.6999999881
128071  48.886  -50.452  21.462 0.8000000119
26774  48.958  -51.687  20.568 0.6999999881
26790  48.598  -51.180  19.960 0.6999999881
27726  46.990  -50.269  20.181 0.6999999881
28734  45.828  -48.364  19.633 0.6999999881
27724  50.433  -50.636  20.295 0.6999999881
26788  50.533  -51.100  19.782 0.6999999881
27738  48.828  -50.462  19.167 0.6999999881
28732  47.936  -49.087  18.612 0.6999999881
28733  46.814  -48.654  19.180 0.6999999881
29710  46.212  -47.830  18.847 0.6999999881
29711  45.287  -47.462  19.224 0.6999999881
29730  46.497  -47.470  18.061 0.6999999881
133059  45.712  -47.168  18.447 0.6999999881
29731  45.159  -46.556  18.136 0.6999999881
30779  44.587  -46.066  17.556 0.6999999881
29744  45.910  -46.910  17.665 0.6999999881
30778  45.356  -46.443  17.265 0.6999999881
30797  45.396  -46.672  16.636 0.6999999881
30798  44.703  -46.201  16.679 0.6999999881
126364  44.282  -46.374  16.002 0.6999999881
30810  44.923  -46.958  15.886 0.6999999881
29785  43.655  -47.832  14.639 0.6999999881
141507  42.051  -51.998  14.086 0.3000000119
28799  43.063  -49.299  14.525 0.6000000238
27796  43.600  -50.276  14.722 0.4000000060
26856  43.246  -51.260  13.556 0.3000000119
125054  43.064  -51.669  14.440 0.4000000060
25860  43.333  -51.333  14.692 0.4000000060
25842  42.870  -51.443  15.223 0.4000000060
29783  47.226  -47.893  14.368 0.6000000238
26855  44.244  -50.993  13.616 0.4000000060
28795  47.694  -48.718  13.662 0.6000000238
129803  46.319  -49.088  12.606 0.6000000238
142766  45.240  -50.095  12.747 0.5000000000
29797  46.779  -48.248  13.521 0.6000000238
27850  42.541  -48.637  11.030 0.4000000060
28847  42.945  -48.089  10.786 0.4000000060
28813  45.467  -48.234  12.556 0.4000000060
29837  42.669  -47.733  10.658 0.4000000060
29684  47.660  -47.742  21.351 0.6999999881
30728  47.784  -46.914  21.651 0.8999999762
30727  47.986  -46.170  21.130 0.8999999762
29693  47.966  -47.778  20.634 0.8999999762
28713  48.197  -48.582  20.850 0.6999999881
28712  49.205  -49.254  20.405 0.6999999881
30736  47.797  -46.948  20.643 0.8999999762
29709  48.034  -47.422  19.906 0.8000000119
28731  49.715  -48.872  19.649 0.6999999881
27736  50.745  -50.692  19.749 0.6999999881
27747  50.236  -50.568  18.613 0.6999999881
28744  47.104  -48.138  18.384 0.6999999881
29708  48.945  -47.900  19.353 0.8000000119
28730  50.922  -49.475  19.136 0.6999999881
28740  51.264  -49.540  18.387 0.6999999881
120483  50.747  -50.175  17.907 0.6999999881
28743  48.630  -49.164  17.865 0.6999999881
28754  48.131  -48.670  17.285 0.6999999881
29729  47.235  -47.950  17.648 0.6999999881
29743  46.574  -47.428  17.298 0.6999999881
29728  49.484  -47.443  18.705 0.8000000119
29707  50.237  -48.251  18.798 0.6999999881
28751  51.255  -49.280  17.661 0.6999999881
30777  45.994  -46.910  16.945 0.6999999881
29754  45.771  -47.306  16.231 0.6999999881
29767  45.442  -47.833  15.457 0.6999999881
29768  44.600  -47.797  15.039 0.6999999881
28798  44.412  -48.790  14.607 0.6999999881
125522  43.586  -48.724  14.472 0.6000000238
29752  49.336  -47.407  16.444 0.6999999881
28780  49.001  -49.015  14.806 0.6999999881
120923  43.976  -49.574  14.567 0.5000000000
30807  48.375  -46.784  16.062 0.6999999881
121049  48.171  -48.517  14.402 0.6999999881
28794  48.535  -49.429  14.066 0.6000000238
29764  48.681  -47.964  15.595 0.6999999881
28811  47.746  -49.392  13.450 0.6000000238
27822  46.465  -49.702  12.837 0.6000000238
26869  45.898  -50.300  13.097 0.6000000238
26837  43.581  -51.037  14.825 0.4000000060
29765  47.801  -47.587  15.194 0.6999999881
28823  46.986  -49.303  12.987 0.6000000238
26854  45.135  -50.739  13.610 0.6000000238
134754  43.764  -48.157  11.455 0.4000000060
29798  45.856  -47.821  13.321 0.5000000000
28846  43.283  -47.935  11.044 0.4000000060
29825  43.709  -47.850  11.498 0.4000000060
29826  42.995  -47.549  11.050 0.4000000060
128710  47.447  -47.254  21.906 0.8000000119
30718  48.293  -46.291  22.080 0.8000000119
30719  47.695  -46.632  22.196 0.8000000119
31867  48.271  -45.254  21.229 0.8000000119
133463  47.439  -45.937  20.054 0.8000000119
136085  47.800  -48.462  17.955 0.6999999881
31868  47.591  -45.211  20.337 0.8000000119
30761  48.171  -46.277  18.766 0.8000000119
30742  48.443  -47.073  19.092 0.8000000119
27768  49.557  -50.136  16.156 0.6999999881
28753  49.241  -49.572  17.178 0.6999999881
29742  47.289  -48.076  16.891 0.6999999881
31875  47.378  -45.080  19.591 0.8000000119
29727  50.738  -47.303  18.091 0.8000000119
28752  50.579  -49.640  16.888 0.6999999881
27757  50.758  -49.837  17.300 0.6999999881
28770  47.127  -48.532  16.090 0.6999999881
31884  47.536  -45.740  19.236 0.8000000119
30758  50.644  -47.151  17.906 0.6999999881
29751  50.237  -48.060  16.789 0.6999999881
29766  46.288  -48.144  15.739 0.6999999881
134118  48.282  -45.504  18.373 0.8000000119
31883  49.337  -45.827  17.899 0.8000000119
126698  50.036  -46.839  17.213 0.6999999881
29763  49.532  -48.686  15.862 0.6999999881
28793  49.171  -49.773  14.662 0.6999999881
27791  48.878  -50.136  14.461 0.6999999881
28796  46.135  -49.586  14.737 0.6999999881
122777  45.863  -48.722  15.053 0.6999999881
28783  45.118  -48.469  14.882 0.6999999881
28797  45.343  -49.335  14.665 0.6999999881
31893  48.913  -45.024  17.565 0.8000000119
141214  49.802  -46.192  17.285 0.6999999881
27806  48.294  -50.087  13.801 0.6000000238
31908  49.255  -45.152  16.929 0.6999999881
27807  47.568  -49.957  13.364 0.6000000238
118989  44.237  -50.617  14.514 0.5000000000
30796  49.457  -46.094  16.809 0.6999999881
27821  47.014  -49.922  13.119 0.6000000238
25872  43.868  -51.303  14.201 0.4000000060
25859  44.269  -51.071  14.279 0.5000000000
31925  48.553  -45.638  16.433 0.6999999881
129889  47.775  -46.056  15.962 0.6999999881
30808  47.514  -46.648  15.569 0.6999999881
30823  46.958  -46.961  15.042 0.6000000238
29784  46.218  -47.274  14.362 0.6000000238
29810  44.530  -47.911  12.123 0.4000000060
30899  42.311  -47.211  10.577 0.4000000060
135335  43.735  -47.439  12.194 0.4000000060
30879  42.415  -46.767  11.525 0.4000000060
30878  43.167  -47.242  11.768 0.4000000060
30861  42.731  -46.552  12.272 0.4000000060
31863  48.653  -45.760  21.876 0.8000000119
31850  48.732  -45.679  22.437 0.6999999881
31851  48.137  -46.003  22.527 0.6000000238
136437  48.950  -45.237  21.845 0.6999999881
31862  49.186  -45.281  22.397 0.6999999881
32947  48.711  -44.549  21.473 0.6999999881
34073  49.410  -44.021  21.851 0.6999999881
28768  48.772  -49.495  16.666 0.6999999881
28767  50.167  -49.392  16.313 0.6999999881
26809  49.659  -50.263  15.704 0.6999999881
26818  49.194  -50.447  15.388 0.6999999881
27769  48.709  -50.131  15.798 0.6999999881
28769  47.984  -48.973  16.431 0.6999999881
27779  49.823  -50.115  15.729 0.6999999881
26831  49.428  -50.366  15.351 0.6999999881
26832  48.917  -50.513  14.948 0.6999999881
27780  48.379  -50.537  15.064 0.6999999881
28781  47.789  -49.598  15.616 0.6999999881
27792  47.729  -50.497  14.663 0.6999999881
27793  46.872  -50.247  14.593 0.6999999881
26850  48.411  -50.399  14.400 0.6000000238
27795  44.826  -49.982  14.530 0.6000000238
125269  47.691  -44.962  18.634 0.8000000119
26851  47.770  -50.535  13.963 0.6000000238
27794  45.777  -50.377  14.383 0.6000000238
26836  44.992  -50.786  14.229 0.6000000238
32998  49.280  -45.099  17.117 0.8000000119
26868  46.605  -50.353  13.403 0.6000000238
26853  46.019  -50.780  13.900 0.6000000238
25858  45.132  -50.946  14.055 0.6000000238
32999  48.844  -44.499  17.154 0.8000000119
25871  44.605  -51.130  14.069 0.5000000000
33009  48.905  -44.510  16.979 0.6999999881
31926  47.779  -45.276  16.083 0.6999999881
30809  47.050  -45.903  15.554 0.6000000238
125870  47.156  -44.848  15.734 0.6999999881
30859  44.071  -47.155  12.939 0.5000000000
30860  43.319  -46.664  12.686 0.4000000060
30841  45.295  -46.942  13.960 0.6000000238
30842  44.518  -46.630  13.645 0.5000000000
31836  48.711  -45.447  22.832 0.6999999881
32946  49.483  -44.865  22.167 0.6999999881
32918  50.006  -44.760  22.933 0.6999999881
118892  49.924  -44.315  23.330 0.6000000238
34059  50.121  -44.419  22.616 0.6999999881
32932  50.452  -44.476  22.995 0.6999999881
32917  50.590  -44.304  23.068 0.6999999881
122075  50.936  -44.030  22.902 0.6999999881
126415  49.218  -43.094  21.660 0.6999999881
32965  47.865  -44.352  20.710 0.6999999881
35157  49.545  -42.312  21.822 0.6999999881
32966  47.373  -44.335  19.933 0.8000000119
34074  48.399  -43.455  21.177 0.8000000119
35158  48.629  -42.396  21.284 0.8000000119
26834  47.374  -50.577  14.248 0.6000000238
32979  47.380  -44.266  19.041 0.8000000119
34112  47.365  -43.638  19.502 0.8000000119
35171  47.607  -42.419  20.135 0.8000000119
26833  48.136  -50.530  14.569 0.6000000238
26835  46.482  -50.653  14.130 0.6000000238
35183  47.391  -42.893  19.455 0.8000000119
133345  47.429  -42.119  19.341 0.8000000119
26852  46.945  -50.667  13.945 0.6000000238
32988  48.156  -44.075  17.750 0.8000000119
35195  47.414  -42.631  18.572 0.8000000119
133489  45.674  -50.800  14.067 0.6000000238
122004  48.058  -43.180  17.120 0.8000000119
35207  47.620  -42.592  17.361 0.8000000119
33010  48.217  -44.028  16.551 0.6999999881
35219  47.577  -42.818  16.693 0.8000000119
36224  47.054  -41.895  17.015 0.8000000119
31909  48.518  -44.774  16.554 0.6999999881
129777  47.825  -44.565  16.168 0.6999999881
35220  46.917  -42.287  16.224 0.8000000119
36240  46.196  -41.911  15.664 0.6999999881
33022  47.473  -44.044  15.906 0.6999999881
34163  46.245  -43.460  15.237 0.6999999881
33023  46.646  -44.200  15.452 0.6999999881
34172  45.500  -43.392  14.726 0.6999999881
31927  46.201  -45.279  15.291 0.6000000238
30824  46.356  -46.340  15.065 0.6000000238
31961  43.200  -45.690  13.228 0.4000000060
30826  44.834  -45.988  14.357 0.5000000000
32121  39.292  -45.219  5.072 0.1000000015
32122  38.872  -45.539  4.499 0.1000000015
32131  38.794  -45.175  3.708 0.1000000015
32153  37.460  -45.730  1.602 0.1000000015
34057  52.483  -43.051  22.835 0.8000000119
35144  53.389  -42.382  22.929 0.6000000238
34042  51.712  -43.608  23.154 0.6999999881
32931  51.075  -43.973  23.037 0.6999999881
35146  51.286  -43.285  22.608 0.6999999881
34058  51.825  -43.593  22.951 0.8000000119
34027  52.240  -43.118  23.445 0.6999999881
35156  50.560  -42.368  22.271 0.6999999881
131017  50.933  -41.492  22.229 0.6999999881
36168  48.861  -41.294  21.336 0.6999999881
36177  48.069  -41.792  20.681 0.8000000119
36178  47.628  -41.712  19.952 0.8000000119
36190  47.497  -41.276  19.231 0.8000000119
36201  47.228  -41.193  18.347 0.8000000119
125676  47.343  -41.917  18.532 0.8000000119
36212  46.513  -41.002  17.034 0.8000000119
37239  45.577  -40.357  15.547 0.6999999881
137950  47.238  -41.888  17.796 0.8000000119
36225  46.469  -41.495  16.417 0.8000000119
131824  45.950  -41.023  16.008 0.6999999881
132073  45.665  -41.241  15.439 0.6000000238
131255  45.157  -40.010  14.994 0.6000000238
37257  44.622  -41.080  14.285 0.5000000000
37271  44.102  -40.777  13.765 0.5000000000
36241  45.580  -41.837  14.990 0.5000000000
35243  44.625  -42.352  14.149 0.5000000000
36263  43.699  -41.627  13.467 0.5000000000
36265  43.076  -41.580  12.995 0.5000000000
35242  45.229  -42.536  14.562 0.5000000000
35248  43.488  -42.945  13.354 0.5000000000
35252  42.659  -42.268  12.703 0.5000000000
33024  45.787  -44.286  15.027 0.6000000238
33035  44.205  -44.240  14.011 0.6000000238
34184  43.872  -43.447  13.642 0.5000000000
35253  41.945  -42.704  12.287 0.5000000000
35259  40.939  -42.067  11.482 0.5000000000
31945  45.276  -45.174  14.787 0.5000000000
33047  42.946  -44.291  13.125 0.5000000000
34204  41.377  -43.558  11.878 0.5000000000
138369  39.883  -43.387  10.510 0.5000000000
34215  39.415  -43.009  9.858 0.4000000060
30825  45.645  -46.183  14.717 0.6000000238
127496  42.123  -44.991  12.546 0.5000000000
33088  40.077  -44.638  10.414 0.5000000000
34228  39.278  -43.736  9.213 0.5000000000
34242  38.776  -43.041  7.975 0.3000000119
34255  38.660  -43.281  6.970 0.1000000015
34288  38.690  -43.443  5.520 0.1000000015
33160  39.205  -44.375  6.955 0.3000000119
33185  38.988  -44.093  6.122 0.1000000015
132631  39.219  -44.773  4.459 0.1000000015
33222  38.917  -44.520  3.094 0.1000000015
33199  39.177  -44.355  5.231 0.1000000015
32141  38.423  -45.147  2.826 0.1000000015
32152  38.091  -45.059  1.907 0.1000000015
137568  53.998  -41.753  22.823 0.6999999881
35119  51.176  -42.488  24.292 0.5000000000
36152  54.487  -41.288  22.500 0.6999999881
35132  52.840  -42.841  23.152 0.6999999881
36165  53.084  -41.601  22.372 0.6000000238
36166  51.968  -41.531  22.359 0.6999999881
134151  50.377  -40.712  21.809 0.8000000119
37183  49.014  -40.255  21.176 0.8000000119
37171  49.560  -40.727  21.544 0.8000000119
38249  48.639  -39.786  20.491 0.8000000119
37195  48.122  -40.214  19.963 0.8000000119
37196  47.746  -40.583  19.468 0.8000000119
37207  47.493  -40.522  18.802 0.8000000119
38280  47.132  -39.595  17.854 0.8000000119
37217  47.140  -40.414  18.113 0.8000000119
37238  45.975  -40.223  16.221 0.8000000119
38299  45.829  -39.648  15.857 0.8000000119
38300  45.499  -39.433  15.334 0.6999999881
124075  44.632  -40.165  14.395 0.6999999881
132287  44.139  -39.930  13.839 0.5000000000
132940  43.595  -40.120  13.438 0.5000000000
132614  43.037  -40.255  12.941 0.5000000000
37275  42.368  -40.546  12.485 0.5000000000
36267  41.902  -41.286  12.234 0.5000000000
36270  40.684  -41.305  11.237 0.5000000000
35268  39.643  -41.996  10.130 0.5000000000
31946  44.497  -45.111  14.325 0.5000000000
31960  43.757  -45.174  13.772 0.4000000060
142515  39.336  -41.650  9.598 0.5000000000
35297  38.715  -42.267  8.177 0.2000000030
35284  38.890  -42.016  8.768 0.3000000119
128289  38.345  -42.133  6.821 0.1000000015
34271  38.426  -42.821  6.181 0.1000000015
35328  38.393  -42.645  5.490 0.1000000015
128801  39.148  -44.302  3.856 0.1000000015
135240  37.726  -45.282  1.075 0.1000000015
38197  54.114  -39.981  23.312 0.5000000000
37154  54.975  -40.992  22.292 0.6000000238
36141  54.335  -41.386  22.774 0.5000000000
37168  53.453  -40.887  21.943 0.6999999881
37169  52.362  -40.714  22.089 0.6000000238
38226  53.759  -40.205  21.529 0.6999999881
38228  51.702  -39.872  21.700 0.8000000119
38247  50.171  -39.265  21.080 0.8000000119
129963  50.724  -39.926  21.561 0.8000000119
38248  49.320  -39.473  20.856 0.8000000119
39271  49.700  -38.778  20.451 0.8000000119
38261  48.904  -39.022  20.212 0.8000000119
38262  48.342  -39.454  19.735 0.8000000119
38270  48.014  -39.173  19.002 0.8000000119
39309  48.312  -38.298  18.657 0.8000000119
39310  47.608  -38.935  18.292 0.8000000119
39324  47.767  -38.241  17.990 0.8000000119
39326  46.711  -38.809  16.830 0.8000000119
39338  47.040  -38.125  16.810 0.8000000119
39339  46.465  -38.386  16.215 0.8000000119
39354  45.598  -38.499  15.112 0.8000000119
38315  45.007  -39.167  14.689 0.8000000119
40319  45.526  -37.874  14.671 0.8000000119
39372  44.700  -38.435  14.183 0.6999999881
38333  43.284  -39.469  13.094 0.5000000000
38334  42.663  -39.630  12.599 0.5000000000
38340  40.894  -39.999  11.235 0.5000000000
36275  39.583  -41.074  9.882 0.5000000000
38345  39.980  -39.747  10.147 0.3000000119
37285  39.656  -40.309  9.882 0.3000000119
36300  38.687  -41.475  8.330 0.2000000030
36310  38.478  -41.742  7.607 0.1000000015
136388  38.296  -41.271  7.061 0.1000000015
36323  38.223  -41.254  6.344 0.1000000015
39238  54.933  -39.100  22.836 0.5000000000
39225  54.254  -39.102  23.271 0.5000000000
38211  55.450  -39.959  22.456 0.5000000000
37153  55.695  -40.478  22.061 0.8000000119
37166  55.830  -40.176  21.638 0.8000000119
38225  54.653  -40.397  21.486 0.6999999881
38244  54.060  -39.483  21.118 0.8000000119
38245  53.128  -39.268  21.308 0.8000000119
39269  51.603  -38.488  20.713 0.8000000119
39270  50.609  -38.596  20.593 0.8000000119
39290  50.159  -38.179  19.974 0.8000000119
39308  49.086  -37.987  19.187 0.8000000119
40235  48.965  -37.601  18.548 0.8000000119
40254  48.402  -37.560  17.877 0.8000000119
40274  48.974  -36.845  17.150 0.8000000119
40255  47.621  -37.840  17.362 0.8000000119
40277  46.920  -37.720  16.232 0.8000000119
40297  46.066  -37.637  15.058 0.8000000119
40318  46.533  -36.984  14.591 0.8000000119
40342  44.545  -37.718  13.626 0.6999999881
40352  42.792  -38.116  12.251 0.4000000060
39397  42.166  -38.251  11.755 0.4000000060
39399  41.021  -39.204  11.151 0.4000000060
40359  41.408  -37.607  10.760 0.3000000119
39401  40.882  -38.326  10.635 0.3000000119
142924  39.513  -38.519  9.262 0.2000000030
38354  38.914  -39.854  8.834 0.2000000030
131622  38.583  -39.935  8.098 0.2000000030
37315  38.229  -40.463  5.891 0.1000000015
40174  54.705  -37.192  23.165 0.5000000000
124299  55.915  -38.249  22.162 0.6000000238
38210  56.002  -39.840  22.074 0.6999999881
40182  56.521  -38.228  21.619 0.6000000238
39236  56.342  -39.102  21.744 0.6999999881
39266  55.243  -39.038  20.198 0.8000000119
129595  53.471  -38.800  20.838 0.8000000119
121889  53.258  -38.297  20.234 0.8000000119
39288  52.261  -37.902  19.983 0.8000000119
40215  51.538  -37.414  19.325 0.8000000119
120755  50.935  -37.051  18.749 0.8000000119
40253  50.450  -36.693  18.043 0.6999999881
122607  49.445  -37.012  17.946 0.6999999881
41264  50.081  -36.511  17.044 0.6999999881
40275  48.485  -36.813  16.433 0.8000000119
41282  47.954  -36.610  15.092 0.8000000119
40317  47.203  -36.795  14.851 0.8000000119
40340  46.533  -36.675  13.820 0.6999999881
41316  45.769  -36.710  13.338 0.6999999881
41328  45.390  -36.458  12.511 0.6000000238
40350  44.082  -37.315  12.865 0.4000000060
41336  44.601  -36.235  11.908 0.6000000238
41330  44.013  -36.696  12.298 0.6000000238
40355  43.355  -37.231  12.193 0.4000000060
122224  43.068  -36.750  11.597 0.4000000060
40357  42.016  -37.546  11.266 0.4000000060
41339  41.875  -36.863  10.736 0.4000000060
40360  40.800  -37.506  10.202 0.3000000119
39404  40.167  -38.214  9.847 0.3000000119
41360  40.440  -36.474  9.161 0.3000000119
40374  39.129  -37.623  8.137 0.3000000119
42279  55.517  -35.634  22.696 0.5000000000
41191  55.859  -36.498  22.275 0.6000000238
131008  56.232  -37.421  21.877 0.6000000238
40191  57.073  -37.645  21.225 0.8000000119
142835  56.470  -39.143  20.483 0.8999999762
39286  54.633  -38.457  19.604 0.8000000119
40214  52.560  -37.348  18.959 0.8000000119
41237  51.382  -36.655  18.051 0.8000000119
140657  50.957  -36.532  17.374 0.6999999881
41250  51.742  -36.756  17.208 0.8000000119
41263  51.125  -36.697  16.409 0.6999999881
41279  50.282  -36.610  15.971 0.8000000119
41280  49.718  -36.634  15.499 0.6999999881
41298  47.826  -36.586  14.223 0.6999999881
136135  49.132  -36.916  13.574 0.6999999881
41315  47.445  -36.551  13.507 0.6999999881
40339  49.565  -37.139  12.890 0.6999999881
41314  48.540  -36.777  13.308 0.6999999881
41327  46.789  -36.473  12.858 0.6999999881
41326  47.480  -36.500  11.900 0.6999999881
121513  46.387  -36.314  12.040 0.6999999881
41335  45.554  -36.103  11.664 0.6000000238
42423  44.896  -35.756  11.141 0.5000000000
42424  44.034  -35.816  11.247 0.5000000000
42437  42.943  -35.426  10.253 0.4000000060
42454  42.388  -35.110  9.506 0.3000000119
41349  42.369  -36.118  10.604 0.3000000119
42438  42.151  -35.625  10.019 0.3000000119
42472  41.281  -34.999  8.465 0.3000000119
42489  40.290  -35.266  7.323 0.3000000119
42278  56.321  -35.711  21.951 0.6000000238
43409  55.981  -34.886  22.392 0.6000000238
41190  56.695  -36.609  21.532 0.6999999881
40190  57.487  -37.408  20.643 0.8000000119
40211  56.855  -37.923  19.199 0.6999999881
40228  57.244  -37.183  19.163 0.8000000119
40230  55.158  -37.812  18.245 0.8000000119
40232  53.238  -37.361  18.149 0.8000000119
40252  52.344  -36.901  17.978 0.8000000119
40249  54.789  -37.556  17.395 0.8000000119
40251  52.999  -37.301  17.470 0.8000000119
118867  52.549  -37.158  16.992 0.8000000119
40272  52.976  -37.423  16.133 0.6999999881
40273  52.117  -37.145  16.257 0.8000000119
119754  51.341  -37.302  14.661 0.6999999881
40315  50.698  -37.296  13.945 0.6999999881
126726  49.715  -37.097  13.717 0.6999999881
40338  50.526  -37.273  12.874 0.6999999881
40349  49.156  -37.049  12.049 0.6999999881
41334  48.305  -36.616  10.903 0.6999999881
41345  47.817  -36.341  10.157 0.6999999881
41346  46.764  -35.997  10.558 0.6999999881
41359  47.370  -35.967  9.464 0.6000000238
42434  46.225  -35.612  9.965 0.5000000000
42452  44.698  -35.094  9.790 0.3000000119
43583  43.205  -34.839  9.468 0.3000000119
43582  44.130  -34.741  9.228 0.3000000119
43584  42.622  -34.614  8.838 0.3000000119
42471  41.945  -34.877  8.935 0.3000000119
43716  48.383  -34.266  -1.487 0.3000000119
43617  43.893  -34.203  7.595 0.3000000119
45845  45.298  -32.276  -0.513 0.2000000030
43602  41.507  -34.525  7.796 0.2000000030
42488  40.888  -34.807  7.622 0.2000000030
129402  56.712  -34.981  21.651 0.6999999881
41215  58.061  -35.851  19.985 0.8000000119
41235  57.486  -36.313  19.124 0.8000000119
40247  56.153  -37.172  17.829 0.8000000119
40269  55.264  -37.230  16.876 0.8000000119
42352  54.800  -36.121  16.138 0.6999999881
42365  54.252  -36.418  15.608 0.6999999881
40270  54.576  -37.315  16.437 0.8000000119
40289  54.129  -37.231  15.758 0.8000000119
40291  52.657  -37.428  15.322 0.6999999881
40313  53.015  -37.335  14.590 0.6999999881
40335  52.480  -37.233  13.831 0.6999999881
40346  51.668  -37.035  12.568 0.6999999881
41342  50.280  -36.488  11.179 0.6999999881
40348  50.338  -37.206  11.957 0.6999999881
41332  49.953  -36.841  11.167 0.6999999881
41343  49.702  -36.310  10.360 0.6999999881
41333  49.099  -36.855  11.203 0.6999999881
41357  49.088  -36.099  9.265 0.6999999881
41371  48.545  -35.640  8.622 0.6999999881
42468  48.110  -35.356  7.802 0.5000000000
42469  47.554  -35.272  7.545 0.4000000060
42470  46.313  -35.118  8.154 0.5000000000
43598  45.733  -34.689  7.636 0.5000000000
43581  45.143  -34.849  8.807 0.4000000060
43665  55.237  -34.560  3.342 0.1000000015
43715  48.933  -33.788  -1.152 0.2000000030
45862  47.532  -32.812  -0.981 0.3000000119
42559  53.206  -35.102  0.808 0.1000000015
42560  52.494  -34.765  0.330 0.1000000015
43702  51.130  -34.270  -0.417 0.1000000015
43704  49.677  -34.040  -0.976 0.2000000030
45842  47.910  -32.125  -0.781 0.3000000119
45844  46.224  -31.963  -0.592 0.3000000119
47605  44.436  -30.703  0.891 0.4000000060
47586  43.652  -30.841  3.050 0.3000000119
44758  44.132  -33.181  4.025 0.2000000030
43630  44.094  -34.188  5.898 0.2000000030
45827  43.530  -32.830  0.677 0.2000000030
45799  43.479  -32.339  3.373 0.2000000030
43643  43.866  -34.352  5.189 0.2000000030
45614  57.655  -32.799  21.518 0.6999999881
127348  57.706  -34.447  21.141 0.6999999881
41214  57.931  -35.719  19.726 0.8000000119
42333  56.754  -35.261  18.455 0.8000000119
42343  56.317  -35.830  17.849 0.8000000119
43481  54.835  -35.074  17.473 0.6000000238
42353  54.063  -35.714  15.785 0.6999999881
43499  54.258  -35.196  16.661 0.6999999881
42367  53.035  -35.844  14.743 0.6999999881
42400  52.137  -36.378  13.505 0.6999999881
41313  51.913  -36.928  12.883 0.6999999881
41324  50.904  -36.764  11.623 0.6999999881
44729  59.951  -34.155  6.134 0.1000000015
42402  50.838  -35.312  13.038 0.6999999881
42421  50.442  -36.242  11.244 0.6999999881
42433  49.879  -36.082  10.353 0.6999999881
44730  58.959  -34.281  6.228 0.1000000015
122154  49.760  -34.832  11.901 0.6999999881
43561  49.338  -34.757  11.204 0.6999999881
43568  49.594  -35.547  10.354 0.6999999881
44744  57.678  -34.306  5.590 0.1000000015
43562  48.752  -34.010  11.331 0.6999999881
44694  48.170  -34.148  9.902 0.6000000238
43580  48.403  -34.801  8.696 0.6000000238
43653  57.045  -34.247  5.137 0.1000000015
44756  56.686  -34.045  4.475 0.1000000015
45744  47.948  -32.383  10.785 0.6999999881
44695  47.653  -33.745  9.317 0.6000000238
44706  47.842  -34.487  8.171 0.6000000238
43613  47.544  -34.838  7.125 0.5000000000
44766  56.153  -34.036  4.092 0.1000000015
43664  55.787  -34.557  3.999 0.1000000015
46649  47.319  -31.475  9.845 0.6000000238
45748  47.036  -32.272  9.456 0.5000000000
44707  47.116  -33.782  7.726 0.4000000060
43614  46.969  -34.682  6.977 0.4000000060
43615  46.246  -34.398  6.725 0.4000000060
44779  55.189  -33.968  2.839 0.1000000015
47549  46.511  -30.483  8.402 0.5000000000
47554  45.605  -30.417  7.359 0.4000000060
138262  45.826  -32.460  7.492 0.4000000060
43627  46.265  -34.281  6.706 0.4000000060
118679  45.667  -34.206  6.109 0.2000000030
42543  54.502  -35.049  2.488 0.1000000015
48554  46.122  -29.017  5.435 0.5000000000
47565  44.770  -30.056  5.781 0.5000000000
46673  44.118  -31.388  5.303 0.4000000060
45781  45.135  -33.586  5.232 0.2000000030
43629  45.288  -34.209  5.542 0.2000000030
43682  53.851  -34.398  1.782 0.1000000015
44804  53.302  -33.677  0.795 0.1000000015
43693  52.255  -33.970  0.401 0.1000000015
45859  50.890  -32.231  -0.997 0.2000000030
119058  49.161  -32.390  -0.853 0.2000000030
47619  46.448  -30.528  -0.312 0.3000000119
48583  45.289  -29.404  1.637 0.4000000060
47580  44.053  -30.248  3.449 0.4000000060
45791  43.889  -32.390  4.530 0.2000000030
44745  45.273  -34.190  4.944 0.2000000030
119023  45.036  -34.329  5.110 0.2000000030
43683  53.333  -34.333  1.303 0.1000000015
44814  52.392  -33.327  -0.041 0.1000000015
45840  51.231  -32.872  -0.521 0.1000000015
47635  49.073  -30.841  -1.270 0.2000000030
128499  48.259  -30.733  -1.015 0.3000000119
48594  46.980  -28.981  0.002 0.5000000000
45790  44.843  -33.595  4.700 0.2000000030
45839  52.686  -32.474  -0.651 0.1000000015
45858  51.782  -32.182  -1.009 0.1000000015
47633  50.961  -30.907  -1.488 0.2000000030
48629  48.812  -29.620  -1.194 0.2000000030
47617  48.140  -29.912  -0.956 0.4000000060
46744  51.840  -31.037  -1.483 0.1000000015
58732  54.349  -19.748  -0.665 0.4000000060
45612  58.714  -32.786  21.009 0.6999999881
44547  58.943  -33.137  20.355 0.8000000119
44562  58.575  -33.708  19.840 0.8000000119
46555  58.914  -32.067  20.895 0.6999999881
45628  58.917  -32.684  20.587 0.6999999881
132308  58.849  -32.994  19.967 0.8000000119
44584  56.458  -33.865  18.986 0.8000000119
135248  54.744  -34.239  18.061 0.6999999881
44586  54.809  -33.279  18.421 0.6999999881
43482  54.070  -34.348  17.425 0.6999999881
43500  53.437  -34.392  16.837 0.6999999881
43518  53.268  -35.364  15.562 0.6999999881
44646  52.115  -34.047  15.726 0.6000000238
43537  52.170  -35.399  14.421 0.6999999881
45710  50.807  -32.550  14.482 0.6999999881
45702  51.349  -32.730  15.132 0.6999999881
43538  51.334  -34.441  14.507 0.6999999881
42384  51.487  -35.404  13.675 0.6999999881
44728  60.783  -33.963  6.215 0.1000000015
46614  50.690  -31.614  14.095 0.8000000119
45719  50.261  -32.516  13.869 0.6999999881
44675  49.950  -33.484  13.498 0.6999999881
43549  50.255  -34.437  13.290 0.6999999881
47514  50.538  -30.523  13.147 0.8000000119
46628  50.001  -31.059  12.960 0.8000000119
45720  49.753  -32.526  13.277 0.6999999881
44681  49.415  -33.285  12.830 0.6999999881
43569  48.921  -34.723  10.348 0.6999999881
118512  61.912  -33.137  4.969 0.1000000015
47513  51.021  -30.371  13.630 0.8000000119
47521  50.288  -30.241  12.585 0.8000000119
46629  49.327  -31.534  12.424 0.6999999881
45730  48.835  -32.375  12.137 0.6999999881
47527  50.010  -29.872  11.901 0.8000000119
47535  49.033  -29.984  10.885 0.6999999881
47536  48.337  -30.599  10.547 0.6999999881
126284  56.450  -33.787  3.273 0.1000000015
48516  48.293  -29.013  8.523 0.6000000238
47543  48.015  -30.059  9.807 0.6000000238
44767  55.681  -34.037  3.474 0.1000000015
48540  48.562  -28.943  6.675 0.5000000000
141259  46.860  -29.149  6.779 0.5000000000
44789  55.384  -33.589  1.719 0.1000000015
44802  55.638  -33.110  0.837 0.1000000015
45836  55.164  -32.168  -0.063 0.1000000015
49554  48.787  -28.737  5.251 0.5000000000
48553  47.108  -28.897  5.935 0.5000000000
44791  53.902  -33.741  1.254 0.1000000015
45825  54.094  -33.106  0.317 0.1000000015
46727  54.081  -31.626  -0.782 0.1000000015
46742  53.615  -30.869  -1.277 0.1000000015
50621  47.660  -27.745  1.643 0.5000000000
125120  46.903  -28.289  2.920 0.5000000000
46743  52.726  -30.921  -1.445 0.1000000015
48626  51.259  -29.566  -1.574 0.1000000015
50639  48.442  -27.404  0.283 0.4000000060
49598  47.139  -28.244  1.168 0.5000000000
47632  51.376  -30.378  -1.552 0.1000000015
141546  49.969  -29.989  -1.470 0.3000000119
49612  47.993  -27.955  -0.078 0.4000000060
49613  47.343  -28.369  0.318 0.5000000000
56774  53.588  -21.190  -1.223 0.3000000119
57717  53.835  -20.416  -1.030 0.2000000030
47449  58.253  -31.226  20.553 0.8000000119
45649  56.856  -32.198  19.636 0.8000000119
45669  55.927  -32.319  19.332 0.8000000119
48365  58.206  -29.951  21.096 0.6999999881
47461  56.948  -30.831  20.149 0.8000000119
46580  56.347  -31.562  19.599 0.8000000119
45670  55.055  -32.339  18.719 0.8000000119
45681  54.119  -32.433  18.159 0.8000000119
45691  53.019  -32.751  17.228 0.6999999881
48367  57.646  -29.546  20.694 0.8000000119
48375  56.463  -29.245  20.024 0.8000000119
139608  55.138  -30.846  18.861 0.8000000119
46586  54.592  -31.372  18.442 0.8000000119
45682  53.460  -32.175  17.576 0.6999999881
45692  52.496  -32.844  16.579 0.6000000238
46593  53.211  -31.429  17.224 0.8000000119
46598  52.634  -31.340  16.532 0.6999999881
120665  52.262  -32.079  16.226 0.6000000238
43539  50.726  -33.967  14.276 0.6999999881
47500  51.693  -31.104  15.202 0.6999999881
47506  51.263  -30.841  14.389 0.8000000119
44740  61.401  -33.662  5.512 0.1000000015
48448  50.879  -29.855  12.918 0.8000000119
48477  49.748  -29.514  11.156 0.6999999881
44755  58.106  -34.063  4.803 0.1000000015
130542  57.621  -33.927  4.173 0.1000000015
48491  49.472  -29.222  10.394 0.6000000238
44778  56.269  -33.622  2.362 0.1000000015
45824  55.773  -32.368  0.401 0.1000000015
45837  54.517  -32.314  -0.247 0.1000000015
48623  53.968  -30.064  -1.325 0.1000000015
47631  53.020  -30.008  -1.543 0.1000000015
49639  51.526  -28.650  -1.553 0.1000000015
134429  53.811  -20.245  -0.159 0.4000000060
58738  54.382  -19.957  -1.582 0.3000000119
120014  57.996  -28.923  21.338 0.6999999881
47462  55.811  -30.836  19.415 0.8000000119
124650  57.300  -28.831  20.625 0.8000000119
132177  56.141  -30.070  19.634 0.8000000119
48383  54.951  -29.496  18.478 0.8000000119
48384  54.354  -29.691  17.889 0.8000000119
51646  51.785  -27.065  5.104 0.6000000238
50573  51.465  -27.772  5.346 0.6000000238
123684  55.248  -28.577  18.536 0.8000000119
48392  53.847  -29.870  17.430 0.8000000119
48393  53.496  -29.633  16.851 0.8000000119
47491  52.621  -30.454  16.137 0.8000000119
50572  52.123  -27.550  5.677 0.6999999881
121390  54.178  -28.371  16.632 0.8000000119
49393  53.640  -28.850  16.413 0.8999999762
48414  52.506  -29.718  15.424 0.8000000119
47499  52.177  -30.558  15.497 0.8000000119
49392  54.048  -28.159  15.900 0.8999999762
120802  53.350  -28.476  14.825 0.8999999762
49409  52.827  -28.917  15.053 0.8999999762
48429  52.302  -29.376  14.573 0.8999999762
51653  51.365  -26.601  4.515 0.6000000238
49483  53.413  -28.607  12.538 0.8999999762
48446  52.188  -29.093  13.730 0.8000000119
48447  51.524  -29.498  13.310 0.8000000119
49542  52.975  -28.124  6.848 0.6999999881
51654  50.713  -26.889  4.164 0.6000000238
44741  60.596  -33.946  5.323 0.1000000015
44743  58.551  -34.193  5.491 0.1000000015
48475  52.334  -28.924  10.857 0.8000000119
49485  51.849  -28.750  11.568 0.8000000119
48489  51.319  -28.809  10.868 0.6999999881
51664  50.351  -26.417  3.481 0.6000000238
52780  50.990  -26.138  3.871 0.6000000238
124817  58.734  -33.859  3.798 0.1000000015
44764  58.122  -33.727  3.197 0.1000000015
50591  50.040  -27.137  3.823 0.5000000000
51680  49.595  -26.317  2.130 0.5000000000
52791  50.674  -25.703  3.207 0.6000000238
44752  61.132  -33.472  4.663 0.1000000015
44765  57.040  -33.810  3.642 0.1000000015
52803  50.550  -25.442  2.524 0.6000000238
45789  61.495  -32.578  4.224 0.1000000015
139892  61.450  -31.936  3.816 0.1000000015
45797  60.916  -32.209  3.545 0.1000000015
44788  56.408  -33.183  1.300 0.1000000015
53931  50.985  -24.824  1.432 0.6000000238
46687  61.337  -31.340  3.542 0.1000000015
46688  60.671  -31.369  3.069 0.1000000015
46694  60.122  -31.477  2.634 0.1000000015
140595  51.204  -26.655  -1.077 0.2000000030
128538  51.115  -24.989  0.654 0.5000000000
140248  61.033  -29.631  3.010 0.1000000015
48580  58.930  -29.593  1.726 0.1000000015
48581  58.177  -29.436  1.358 0.1000000015
48592  57.464  -29.311  0.871 0.1000000015
49624  56.157  -28.776  -0.158 0.1000000015
49637  53.879  -28.482  -1.383 0.1000000015
52886  52.030  -25.968  -1.088 0.2000000030
49610  57.912  -28.517  1.180 0.1000000015
123062  56.411  -27.970  -0.012 0.1000000015
127217  55.740  -27.941  -0.429 0.1000000015
50674  54.254  -27.815  -1.259 0.2000000030
51755  53.109  -26.684  -1.430 0.2000000030
53955  52.798  -24.365  -0.585 0.3000000119
53967  53.194  -24.804  -0.925 0.2000000030
55864  52.624  -22.867  0.103 0.3000000119
57714  53.397  -20.914  -0.473 0.4000000060
58731  54.926  -19.310  -1.180 0.3000000119
59778  55.474  -18.876  -0.817 0.3000000119
59777  56.073  -18.537  -0.898 0.4000000060
123558  56.865  -18.196  -0.994 0.4000000060
49352  57.651  -28.187  20.969 0.8000000119
51478  56.714  -26.522  19.933 0.6999999881
51487  56.430  -26.501  18.813 0.6999999881
50405  56.245  -27.256  19.463 0.8000000119
50413  55.384  -27.701  18.136 0.8000000119
140742  55.462  -27.168  16.504 0.8999999762
50456  55.597  -27.231  15.561 0.8999999762
48485  55.167  -29.589  10.913 0.8000000119
49519  54.742  -28.854  9.404 0.8000000119
50561  53.739  -27.773  7.286 0.8000000119
50566  52.782  -27.404  6.184 0.6999999881
50438  54.768  -27.692  16.345 0.8999999762
50457  54.718  -27.680  15.289 0.8999999762
49534  53.384  -28.560  7.641 0.8000000119
51644  53.134  -25.960  5.673 0.6999999881
51645  52.537  -26.713  5.540 0.6999999881
49433  53.791  -28.254  14.209 0.8999999762
48500  54.353  -29.405  9.794 0.8000000119
48511  54.052  -29.228  9.171 0.8000000119
49501  53.046  -28.729  11.892 0.8999999762
135124  50.644  -28.866  9.379 0.6999999881
49535  52.669  -28.940  7.380 0.6999999881
138510  51.760  -28.144  5.828 0.6000000238
50582  50.413  -27.600  4.492 0.5000000000
125470  52.542  -25.944  5.231 0.6999999881
44754  59.246  -34.009  4.507 0.1000000015
44776  58.348  -33.297  2.475 0.1000000015
49551  51.179  -28.450  5.667 0.5000000000
53894  51.855  -24.961  4.121 0.6999999881
44753  60.258  -33.776  4.498 0.1000000015
44775  59.035  -33.468  3.005 0.1000000015
53904  51.538  -24.560  3.406 0.6999999881
53917  51.384  -24.294  2.650 0.6000000238
139517  60.300  -32.160  2.958 0.1000000015
130978  57.177  -29.964  0.648 0.1000000015
53930  51.403  -24.184  1.829 0.6000000238
136577  60.331  -32.816  3.379 0.1000000015
47589  59.139  -30.339  1.813 0.1000000015
128647  57.743  -30.103  1.086 0.1000000015
48593  56.754  -29.387  0.363 0.1000000015
54922  51.925  -23.460  1.384 0.4000000060
46695  59.543  -31.097  2.187 0.1000000015
54921  52.354  -22.933  0.869 0.4000000060
56752  52.980  -21.277  0.865 0.3000000119
57696  54.148  -20.344  1.676 0.5000000000
57706  53.911  -20.199  0.756 0.5000000000
58724  54.463  -19.685  0.314 0.5000000000
58723  55.166  -19.171  -0.165 0.4000000060
59785  57.035  -18.131  -1.871 0.5000000000
51468  57.641  -26.634  20.864 0.6999999881
48443  56.839  -29.420  13.437 0.8999999762
48428  57.434  -29.388  13.858 0.8999999762
48470  57.024  -29.528  12.407 0.8999999762
127276  55.790  -26.845  17.076 0.8000000119
48460  55.840  -29.645  12.380 0.8000000119
48484  55.926  -29.464  11.294 0.8000000119
49511  56.468  -28.697  10.746 0.8000000119
50553  54.790  -27.787  8.256 0.8000000119
50560  54.441  -27.429  7.586 0.8000000119
48472  55.475  -29.650  11.699 0.8000000119
48486  54.328  -29.576  10.465 0.8000000119
50564  54.080  -27.148  7.080 0.8000000119
49482  54.301  -28.801  12.609 0.8999999762
48501  53.704  -29.616  9.734 0.8000000119
51639  53.989  -26.635  6.673 0.6999999881
48520  52.997  -29.334  8.144 0.6999999881
52769  54.624  -25.471  6.507 0.6999999881
52775  52.858  -25.310  5.229 0.6999999881
52768  55.325  -25.222  6.853 0.6999999881
53881  53.244  -24.702  5.228 0.6999999881
44763  59.781  -33.520  3.647 0.1000000015
45807  58.433  -32.616  1.931 0.1000000015
54880  54.491  -23.682  5.490 0.6999999881
54895  52.836  -23.751  4.366 0.6999999881
119088  60.706  -33.154  3.941 0.1000000015
45798  59.771  -32.867  2.927 0.1000000015
45806  59.071  -32.785  2.438 0.1000000015
46702  58.277  -31.784  1.550 0.1000000015
54893  54.157  -23.165  4.955 0.6999999881
54908  52.484  -23.416  3.660 0.6000000238
45805  59.675  -32.056  2.506 0.1000000015
46696  59.019  -31.900  1.989 0.1000000015
47601  56.539  -30.260  0.246 0.1000000015
55830  53.426  -22.421  3.686 0.6999999881
125045  52.263  -23.061  2.936 0.6000000238
46701  58.765  -31.042  1.657 0.1000000015
47600  57.228  -30.778  0.756 0.1000000015
55841  53.464  -21.862  3.132 0.6999999881
55842  52.776  -22.336  2.833 0.6000000238
56736  54.075  -21.836  3.679 0.6999999881
56746  54.062  -21.262  2.974 0.6000000238
57695  54.881  -20.082  2.133 0.5000000000
58714  54.629  -19.791  1.272 0.5000000000
58713  56.254  -19.164  1.571 0.6000000238
124283  55.300  -19.296  0.921 0.5000000000
58722  56.020  -18.837  0.546 0.5000000000
59776  57.679  -18.116  -0.245 0.5000000000
59772  55.865  -18.741  -0.275 0.4000000060
60748  59.131  -17.305  -1.548 0.5000000000
60749  58.395  -17.612  -1.358 0.4000000060
60736  57.664  -17.878  -1.177 0.4000000060
60775  59.750  -17.546  -3.604 0.3000000119
60776  58.953  -17.581  -3.116 0.3000000119
52543  58.566  -25.037  21.157 0.5000000000
51486  57.011  -25.826  19.350 0.6000000238
52582  57.819  -25.420  17.660 0.6000000238
51540  58.055  -26.453  15.942 0.8000000119
50453  58.745  -27.115  15.478 0.8999999762
133252  58.905  -28.112  15.059 0.8999999762
51499  56.994  -25.952  17.162 0.8000000119
50454  57.642  -26.973  15.356 0.8999999762
49429  57.688  -28.792  14.345 0.8999999762
48427  58.230  -29.769  14.096 0.8999999762
48457  58.347  -29.582  13.212 0.8999999762
131352  56.626  -26.948  15.389 0.8999999762
50470  56.225  -27.494  14.654 0.8999999762
49430  56.770  -28.486  14.010 0.8999999762
49510  57.329  -28.366  10.996 0.8000000119
50552  55.517  -27.456  8.560 0.8000000119
50471  55.411  -27.589  14.733 0.8999999762
49456  55.435  -28.532  13.464 0.8999999762
48444  56.093  -29.417  13.043 0.8999999762
48461  54.979  -29.570  12.051 0.8000000119
50545  57.410  -27.290  9.679 0.8999999762
50551  56.255  -27.189  8.822 0.8000000119
50559  55.144  -27.105  7.867 0.8000000119
48462  54.002  -29.210  11.721 0.8000000119
48473  54.717  -29.635  11.279 0.8000000119
50533  58.577  -27.413  10.489 0.8999999762
123977  57.793  -26.659  9.313 0.8000000119
51632  56.175  -26.190  7.878 0.8000000119
48487  53.552  -29.616  10.275 0.8000000119
52745  57.642  -25.666  8.480 0.8000000119
52746  56.877  -25.904  8.226 0.6999999881
48521  52.296  -29.494  7.872 0.6000000238
52744  58.402  -25.428  8.689 0.8999999762
53850  57.140  -25.204  7.958 0.6999999881
54853  56.941  -23.872  7.217 0.6999999881
140799  55.446  -22.992  5.612 0.6999999881
54865  56.509  -23.439  6.596 0.6999999881
128554  56.597  -31.010  0.389 0.1000000015
54879  54.938  -22.927  5.271 0.6999999881
55791  55.954  -23.022  5.983 0.6999999881
46703  57.978  -30.934  1.289 0.1000000015
56723  54.672  -21.911  4.273 0.6999999881
55815  55.208  -22.205  4.849 0.6999999881
56735  54.786  -21.336  3.714 0.6999999881
57673  54.880  -20.791  3.164 0.6999999881
57686  55.615  -19.999  2.643 0.6000000238
58700  56.765  -19.439  2.402 0.6000000238
141981  56.071  -19.565  2.279 0.6999999881
118464  57.264  -19.008  1.823 0.6000000238
59770  57.515  -18.417  0.532 0.6000000238
59760  56.929  -18.672  0.996 0.5000000000
59771  56.709  -18.477  -0.028 0.5000000000
127847  58.955  -17.569  -0.587 0.5000000000
60735  58.224  -17.792  -0.678 0.6000000238
60774  60.511  -17.159  -3.279 0.4000000060
60763  59.247  -17.296  -2.334 0.4000000060
127270  59.008  -24.020  21.120 0.4000000060
53646  58.727  -24.376  20.578 0.5000000000
52562  57.644  -25.242  18.838 0.6000000238
52561  58.342  -24.882  18.384 0.6000000238
52601  58.738  -25.493  17.097 0.8000000119
50452  59.793  -27.888  15.558 0.8999999762
49406  59.381  -29.056  15.086 0.8999999762
137092  59.786  -29.985  14.362 0.8999999762
48456  59.088  -29.380  13.145 0.8999999762
48439  60.724  -29.968  14.559 0.8999999762
50518  58.875  -27.783  11.161 0.8999999762
49478  60.496  -28.701  12.780 0.8999999762
50517  59.699  -27.619  11.311 0.8999999762
50515  61.523  -27.503  11.666 0.8999999762
51601  59.036  -26.830  10.080 0.8999999762
50531  60.131  -27.106  10.806 0.8999999762
51614  58.638  -26.421  9.511 0.8999999762
52729  58.905  -25.764  9.184 0.8999999762
52743  59.032  -25.201  8.854 0.8000000119
54852  57.741  -23.654  7.456 0.6999999881
55781  58.057  -22.919  7.131 0.6999999881
55790  56.798  -22.726  6.289 0.6999999881
56707  57.522  -21.508  5.566 0.6999999881
55803  56.384  -22.319  5.677 0.6999999881
56720  57.144  -21.224  5.045 0.6999999881
56708  56.757  -21.690  5.372 0.6999999881
118899  56.794  -20.359  3.809 0.6999999881
139076  55.436  -20.448  3.145 0.6000000238
58685  56.995  -19.850  3.199 0.6999999881
57685  56.308  -19.797  2.808 0.6999999881
58698  58.625  -19.102  2.428 0.8000000119
58699  57.710  -19.369  2.618 0.6999999881
58712  58.054  -18.948  1.965 0.6000000238
140941  58.540  -18.504  1.130 0.6000000238
59769  58.328  -18.291  0.567 0.6000000238
119215  59.686  -17.562  0.085 0.5000000000
60734  59.841  -16.979  -0.907 0.5000000000
61678  61.929  -16.602  -2.885 0.4000000060
61679  61.106  -16.763  -2.978 0.5000000000
61663  60.555  -16.558  -1.715 0.5000000000
60762  59.784  -17.151  -2.871 0.4000000060
49404  61.522  -29.186  15.598 0.8000000119
48438  61.674  -29.908  14.714 0.8999999762
48409  62.480  -29.734  15.036 1.0000000000
121288  61.355  -28.620  12.838 0.8999999762
50497  62.165  -28.240  12.544 1.0000000000
51599  61.267  -26.288  10.536 1.0000000000
140863  60.055  -25.557  9.538 0.8999999762
53832  59.526  -24.616  8.753 0.8999999762
57627  63.599  -20.413  6.558 1.0000000000
130028  62.911  -20.394  6.344 0.8999999762
54850  59.296  -23.197  7.902 0.6999999881
57626  64.440  -20.074  6.055 0.8999999762
57615  64.406  -20.542  7.032 0.8999999762
57628  62.215  -20.621  6.621 0.8999999762
56693  61.286  -20.975  6.916 0.8999999762
57629  60.710  -20.650  6.104 0.8999999762
55780  58.833  -22.698  7.352 0.6999999881
58641  65.467  -19.898  6.074 0.8000000119
57637  64.092  -19.674  5.292 0.8999999762
58654  62.834  -19.725  5.108 0.8999999762
57639  62.475  -20.205  5.825 0.8999999762
118549  61.597  -20.427  5.988 0.8999999762
58664  64.560  -19.303  4.757 0.8000000119
58665  63.623  -19.413  4.678 0.8999999762
127521  62.870  -19.387  4.432 0.8999999762
57640  61.013  -20.181  5.247 0.8999999762
57654  58.633  -20.457  4.717 0.8000000119
57642  57.881  -20.906  5.072 0.6999999881
58679  63.284  -19.033  4.001 0.8000000119
59719  62.889  -18.682  3.367 0.8000000119
58681  61.399  -19.372  3.903 0.8000000119
57651  60.879  -19.798  4.540 0.8999999762
57653  59.433  -20.012  4.299 0.8000000119
58684  57.824  -19.761  3.354 0.8000000119
60699  62.136  -17.932  2.139 0.6999999881
59721  61.290  -18.918  3.087 0.6999999881
118263  60.604  -19.180  3.283 0.8000000119
118262  59.265  -19.226  2.948 0.6999999881
57669  58.442  -20.009  3.906 0.8000000119
60714  62.663  -17.265  1.719 0.6000000238
59737  61.627  -18.484  2.505 0.6999999881
59738  60.760  -18.741  2.506 0.6000000238
59740  59.422  -18.870  2.257 0.6000000238
124546  61.807  -17.545  1.525 0.6999999881
59755  61.098  -18.384  1.992 0.6000000238
60718  59.701  -18.118  0.815 0.6000000238
60723  61.444  -17.174  0.849 0.6000000238
60724  60.384  -17.109  0.012 0.5000000000
60717  60.309  -17.735  0.704 0.5000000000
61651  60.758  -16.569  -0.738 0.5000000000
119532  62.006  -16.003  -2.078 0.5000000000
61662  61.344  -16.191  -1.451 0.5000000000
49403  62.507  -29.156  15.531 0.6999999881
49426  63.276  -28.955  14.544 0.6999999881
49452  63.127  -28.807  13.591 0.8999999762
49451  63.601  -28.856  13.905 0.8000000119
50496  63.498  -28.224  12.816 1.0000000000
51586  62.920  -26.813  11.481 1.0000000000
52708  62.148  -25.314  10.278 1.0000000000
52709  61.502  -25.648  10.251 1.0000000000
53820  62.298  -24.553  9.897 1.0000000000
53830  60.879  -24.148  9.149 1.0000000000
57616  62.917  -20.695  7.041 1.0000000000
54840  61.269  -23.382  8.815 1.0000000000
55770  60.044  -22.986  8.141 1.0000000000
57624  66.718  -20.268  6.954 0.8000000119
142737  65.094  -20.281  6.564 0.8999999762
56681  63.151  -21.115  7.755 1.0000000000
56682  62.206  -21.190  7.525 1.0000000000
56683  61.427  -21.549  7.634 1.0000000000
55778  60.374  -22.319  7.764 1.0000000000
55787  59.148  -22.031  7.003 0.8999999762
57623  67.581  -19.963  7.034 0.8000000119
58640  66.525  -19.816  6.327 0.8000000119
121204  65.926  -19.484  5.552 0.6999999881
56694  60.325  -21.211  6.742 1.0000000000
56695  59.506  -21.445  6.566 0.8999999762
56705  59.081  -21.115  5.890 0.8000000119
127190  67.363  -19.538  6.410 0.8000000119
58651  66.823  -19.323  5.785 0.6999999881
58663  65.431  -19.184  4.918 0.6999999881
57630  59.872  -20.849  6.051 0.8999999762
130648  59.449  -20.535  5.240 0.8000000119
137513  58.655  -20.845  5.356 0.8000000119
59699  65.749  -18.595  4.592 0.6999999881
59700  64.938  -18.784  4.373 0.8000000119
59701  64.111  -18.925  4.180 0.8000000119
59718  63.712  -18.535  3.559 0.6999999881
59716  65.278  -18.204  4.042 0.6999999881
60678  64.114  -17.952  3.224 0.6999999881
59735  63.324  -18.089  2.864 0.6999999881
60698  63.359  -17.372  2.261 0.6999999881
61621  63.532  -16.542  1.560 0.6000000238
61622  62.838  -16.565  1.135 0.6000000238
60715  62.167  -16.851  1.052 0.6000000238
61635  62.579  -16.235  0.466 0.6000000238
61637  61.091  -16.755  0.121 0.5000000000
61636  61.830  -16.494  0.297 0.5000000000
120811  67.557  -19.920  10.378 0.6000000238
58589  68.106  -18.782  10.729 0.6000000238
50495  64.586  -28.193  13.175 0.8999999762
52687  64.422  -26.367  11.542 0.8999999762
51584  64.953  -27.327  12.410 0.8000000119
57597  67.944  -20.846  9.041 0.8000000119
56654  67.432  -21.498  9.527 0.8999999762
134061  66.834  -22.200  9.588 0.8000000119
54828  66.742  -22.638  10.114 0.8000000119
54816  65.861  -23.825  10.570 0.8999999762
54818  64.079  -24.084  10.357 0.8999999762
53806  63.770  -24.857  10.584 1.0000000000
51597  63.225  -26.182  11.133 0.8999999762
58606  68.127  -19.929  9.424 0.6999999881
57605  67.483  -20.908  8.297 0.8999999762
56664  67.669  -21.217  8.890 0.8999999762
56665  66.956  -21.410  8.644 0.8999999762
55754  66.023  -22.381  9.516 0.8999999762
55766  64.236  -22.015  8.970 1.0000000000
130197  64.683  -23.318  10.089 1.0000000000
55757  62.938  -22.909  9.265 1.0000000000
54831  62.595  -23.706  9.579 1.0000000000
58605  68.554  -18.796  9.745 0.6999999881
57604  68.667  -20.004  8.113 0.6999999881
142453  67.894  -20.597  8.082 0.8999999762
56666  65.754  -21.330  8.398 0.8999999762
56667  64.599  -21.438  8.424 1.0000000000
56668  63.636  -21.560  8.380 1.0000000000
55767  63.289  -22.225  8.822 1.0000000000
54839  61.587  -22.615  8.515 1.0000000000
58618  68.913  -19.344  8.611 0.6999999881
57612  68.256  -20.212  7.801 0.8999999762
124449  66.259  -20.575  7.324 0.8999999762
56679  65.768  -20.832  7.751 0.8999999762
56669  62.731  -21.695  8.272 1.0000000000
58630  68.859  -19.663  7.625 0.6999999881
58639  68.203  -19.467  6.812 0.8000000119
58650  67.722  -19.096  6.218 0.6999999881
59684  67.159  -18.765  5.533 0.6999999881
59697  67.537  -18.203  5.409 0.6999999881
59698  66.645  -18.263  4.831 0.6999999881
60659  65.935  -17.986  4.314 0.6999999881
127557  65.632  -17.523  3.730 0.8000000119
60696  65.217  -16.994  3.116 0.6999999881
61608  64.070  -16.880  2.286 0.6999999881
61607  64.843  -16.527  2.434 0.6999999881
61619  65.291  -15.749  1.862 0.6999999881
61634  63.316  -15.988  0.695 0.6000000238
62567  64.725  -15.229  0.251 0.6000000238
61649  62.311  -15.944  -0.359 0.6000000238
52641  66.561  -26.550  13.051 0.4000000060
54814  67.058  -23.426  11.178 0.6999999881
121384  67.032  -23.991  11.447 0.6999999881
53803  66.693  -24.341  11.317 0.6999999881
52685  66.700  -26.357  12.776 0.6999999881
120813  65.746  -26.872  12.442 0.6999999881
51569  65.926  -27.514  12.956 0.6000000238
60590  67.691  -17.423  11.435 0.3000000119
59598  67.635  -18.130  11.671 0.4000000060
57588  67.566  -20.995  10.005 0.8000000119
55752  67.302  -21.956  10.386 0.8000000119
55739  67.215  -22.767  10.902 0.6999999881
54815  66.822  -23.430  10.754 0.6999999881
53805  64.768  -24.791  10.757 0.8000000119
52705  65.617  -25.499  11.401 0.8000000119
59597  68.365  -17.644  10.633 0.3000000119
121435  67.779  -16.888  10.795 0.3000000119
59619  68.933  -18.036  9.427 0.6000000238
58629  69.072  -19.477  7.843 0.6999999881
58638  69.291  -18.970  7.336 0.5000000000
59666  69.349  -18.746  6.951 0.5000000000
59667  68.747  -19.006  6.650 0.6999999881
59683  68.145  -18.557  6.020 0.6999999881
60658  66.525  -17.349  4.183 0.6999999881
60676  66.008  -16.713  3.379 0.6999999881
61606  65.630  -16.213  2.629 0.6999999881
62550  64.981  -15.391  1.071 0.6999999881
62584  66.266  -15.373  -0.621 0.6000000238
54797  65.896  -24.001  12.597 0.3000000119
57575  66.501  -20.824  11.658 0.6000000238
53778  66.559  -25.406  12.813 0.4000000060
58570  66.700  -19.701  12.050 0.4000000060
57589  67.062  -20.425  11.000 0.6000000238
56645  67.099  -21.499  10.975 0.6999999881
55731  66.611  -22.698  11.864 0.6999999881
55717  66.950  -23.451  11.978 0.6999999881
54804  67.144  -24.076  11.808 0.6999999881
53777  66.942  -25.196  12.469 0.5000000000
52662  66.712  -26.303  12.792 0.5000000000
123847  67.387  -19.299  11.431 0.6000000238
56628  67.136  -22.271  11.111 0.6999999881
55730  66.967  -22.810  11.527 0.6999999881
59579  67.168  -17.527  12.254 0.3000000119
59634  69.454  -17.728  8.097 0.5000000000
59649  69.592  -18.018  7.456 0.5000000000
60632  69.733  -17.350  6.805 0.5000000000
59681  69.562  -18.079  6.862 0.6000000238
60643  69.584  -17.463  6.463 0.6000000238
61559  69.249  -16.973  5.673 0.6999999881
60644  68.507  -17.781  5.715 0.6999999881
60657  67.447  -17.601  4.910 0.6999999881
61587  68.409  -15.817  4.219 0.6000000238
61570  67.403  -16.778  4.356 0.6999999881
61589  66.826  -16.388  3.626 0.6000000238
62522  68.048  -15.446  3.415 0.6000000238
62523  67.222  -15.595  3.117 0.6999999881
61605  66.415  -15.877  2.860 0.6999999881
63469  68.460  -14.736  1.901 0.6000000238
62535  67.794  -15.066  2.503 0.6000000238
62536  66.950  -15.184  2.220 0.6999999881
62537  66.110  -15.426  2.029 0.6999999881
62547  67.592  -14.749  1.517 0.6000000238
62564  67.392  -14.786  0.607 0.6000000238
62565  66.407  -14.844  0.476 0.6999999881
62583  67.718  -15.330  -0.085 0.6000000238
134949  66.096  -14.939  -0.109 0.6000000238
61647  68.047  -16.267  -0.486 0.5000000000
60733  67.468  -16.723  -1.065 0.6000000238
58569  66.996  -18.431  12.541 0.4000000060
59618  69.147  -17.255  8.858 0.4000000060
61521  68.585  -16.631  9.046 0.2000000030
60603  67.458  -16.691  10.414 0.3000000119
61520  69.224  -16.644  8.354 0.3000000119
60615  67.570  -16.691  9.348 0.3000000119
60622  69.810  -17.258  7.077 0.5000000000
61532  69.413  -16.205  7.755 0.4000000060
61541  69.803  -16.419  7.146 0.4000000060
60631  69.900  -16.586  6.480 0.5000000000
62534  68.618  -14.990  2.910 0.6000000238
124857  68.335  -15.073  0.462 0.5000000000
62582  68.679  -15.762  -0.038 0.4000000060
61646  69.112  -16.739  -0.355 0.4000000060
60732  68.426  -17.265  -0.832 0.4000000060
63417  69.916  -14.529  6.546 0.4000000060
63416  70.407  -14.788  6.303 0.3000000119
63406  69.799  -14.922  6.623 0.4000000060
131861  70.818  -14.842  6.002 0.3000000119
63407  69.459  -15.002  6.849 0.2000000030
62485  70.465  -15.382  6.154 0.3000000119
62469  69.590  -15.757  7.181 0.4000000060
62503  70.607  -15.297  5.780 0.3000000119
61557  70.218  -16.008  5.942 0.4000000060
137929  38.820  -47.795  20.422 0.6000000238
30862  39.158  -46.365  12.771 0.4000000060
142704  39.788  -46.071  16.809 0.6000000238
30766  39.915  -46.646  18.083 0.6000000238
30748  39.637  -47.000  18.732 0.6000000238
135871  40.182  -45.678  16.271 0.6999999881
33992  35.195  -43.801  27.696 0.2000000030
33970  34.916  -44.091  29.417 0.2000000030
132670  33.810  -46.706  29.476 0.3000000119
30684  33.802  -46.162  26.105 0.5000000000
29623  34.796  -47.338  29.413 0.2000000030
29622  35.443  -47.396  29.229 0.2000000030
30695  34.414  -46.794  25.609 0.5000000000
29629  34.231  -47.122  28.775 0.3000000119
30721  34.604  -46.438  22.232 0.5000000000
121683  35.508  -47.962  24.038 0.6000000238
30706  34.520  -46.763  24.684 0.6000000238
128991  35.083  -47.386  24.301 0.6000000238
45788  62.273  -32.281  4.697 0.1000000015
48476  50.495  -29.213  11.431 0.8000000119
48490  50.342  -28.916  10.539 0.6000000238
121780  49.129  -28.843  8.806 0.6000000238
48538  50.433  -29.261  6.702 0.5000000000
51713  50.256  -26.149  -0.099 0.5000000000
52842  50.667  -25.567  0.285 0.5000000000
52818  50.493  -25.329  1.828 0.6000000238
52843  50.057  -25.927  0.670 0.5000000000
120778  52.645  -27.967  -1.555 0.1000000015
51714  49.591  -26.482  0.279 0.5000000000
125679  50.811  -29.371  7.273 0.5000000000
51736  49.881  -26.794  -0.423 0.4000000060
138132  49.681  -27.793  4.232 0.5000000000
121918  57.080  -33.320  1.854 0.1000000015
45823  56.635  -32.328  0.786 0.1000000015
51758  51.091  -27.136  -1.224 0.1000000015
46715  55.552  -31.613  -0.077 0.1000000015
49625  55.308  -28.642  -0.690 0.1000000015
47614  56.172  -29.606  -0.113 0.1000000015
47615  55.734  -30.188  -0.329 0.1000000015
48536  51.990  -29.248  7.073 0.6000000238
49552  50.438  -28.652  5.498 0.5000000000
120993  52.116  -29.509  9.031 0.6999999881
44787  57.783  -33.108  1.903 0.1000000015
48537  51.233  -29.273  6.816 0.5000000000
46713  56.866  -31.495  0.652 0.1000000015
47602  56.009  -30.945  -0.035 0.1000000015
51735  50.693  -26.563  -0.751 0.2000000030
133655  55.245  -30.872  -0.479 0.1000000015
48474  53.223  -29.226  11.044 0.8000000119
123908  30.528  -53.080  23.135 0.1000000015
26718  30.027  -50.847  23.686 0.1000000015
25789  30.463  -51.682  22.705 0.2000000030
26719  29.453  -50.152  23.890 0.2000000030
28677  28.432  -49.108  23.888 0.3000000119
29669  26.827  -47.431  23.450 0.3000000119
28707  28.939  -49.100  21.791 0.3000000119
27730  30.031  -49.856  20.854 0.3000000119
138674  30.569  -50.303  19.774 0.3000000119
33978  24.450  -43.730  31.339 0.4000000060
31847  25.801  -45.540  23.738 0.3000000119
28708  28.503  -48.374  21.477 0.3000000119
28725  29.367  -48.666  20.279 0.4000000060
140155  30.709  -50.344  18.686 0.2000000030
27749  30.389  -49.352  19.147 0.4000000060
120392  30.606  -49.054  18.428 0.3000000119
125427  30.794  -49.755  18.309 0.2000000030
126635  30.988  -49.910  17.449 0.3000000119
26891  32.036  -50.061  11.672 0.3000000119
34012  26.776  -44.003  26.507 0.3000000119
31860  26.260  -45.292  22.860 0.3000000119
30733  26.914  -45.994  21.788 0.4000000060
31865  26.661  -45.454  22.158 0.4000000060
22227  37.848  -55.575  20.762 0.2000000030
20253  37.302  -57.646  20.498 0.1000000015
30732  27.248  -45.952  21.285 0.4000000060
30731  27.625  -46.588  20.898 0.4000000060
29703  28.907  -47.807  19.855 0.3000000119
24966  36.039  -52.975  17.055 0.3000000119
25850  35.805  -51.908  15.209 0.3000000119
28737  29.577  -48.305  19.429 0.4000000060
23215  32.559  -54.473  11.971 0.2000000030
25019  31.422  -52.363  11.911 0.2000000030
26824  31.040  -50.377  15.822 0.2000000030
29745  30.365  -46.982  17.057 0.3000000119
37071  26.913  -40.979  29.627 0.4000000060
127941  26.942  -41.835  31.195 0.4000000060
37070  27.727  -41.013  30.358 0.4000000060
35070  27.321  -42.759  31.233 0.4000000060
22234  38.450  -55.471  20.325 0.2000000030
34051  27.366  -43.561  23.450 0.4000000060
34067  27.307  -43.862  22.555 0.4000000060
24977  36.772  -52.291  16.233 0.3000000119
25849  36.505  -51.881  15.484 0.3000000119
27812  36.140  -49.978  12.960 0.3000000119
26877  31.565  -50.443  12.222 0.3000000119
142327  31.855  -50.629  11.726 0.3000000119
28803  31.435  -48.230  14.337 0.4000000060
33002  30.204  -44.059  17.264 0.4000000060
123868  27.758  -40.846  29.325 0.4000000060
36083  28.673  -41.530  31.120 0.4000000060
33964  29.659  -43.560  30.955 0.4000000060
21261  36.855  -56.911  18.636 0.2000000030
35126  27.807  -43.162  24.803 0.3000000119
35139  27.828  -43.134  23.925 0.3000000119
34107  28.016  -43.939  20.835 0.4000000060
30739  27.948  -45.967  19.981 0.4000000060
25834  37.425  -51.807  15.722 0.3000000119
26843  36.969  -50.938  14.372 0.3000000119
135074  36.908  -59.799  16.682 0.2000000030
26842  37.921  -50.624  14.421 0.3000000119
34085  28.985  -43.271  21.201 0.4000000060
34022  31.416  -43.275  25.313 0.4000000060
27653  36.965  -49.526  27.976 0.2000000030
127226  38.419  -55.580  18.971 0.2000000030
24963  39.397  -53.074  17.963 0.2000000030
29718  38.009  -47.397  19.478 0.6000000238
29700  37.940  -47.700  20.285 0.6000000238
28704  37.044  -48.364  21.852 0.6000000238
26841  38.802  -50.412  14.525 0.3000000119
29812  38.715  -46.803  12.446 0.4000000060
34034  31.766  -43.411  24.570 0.5000000000
142589  31.050  -43.147  23.136 0.5000000000
34083  31.350  -43.383  21.914 0.5000000000
34082  31.896  -43.585  21.340 0.5000000000
34102  32.040  -43.502  20.419 0.5000000000
139445  32.260  -43.378  15.311 0.4000000060
32861  32.248  -44.709  29.488 0.4000000060
32854  32.252  -44.659  30.457 0.4000000060
21266  36.890  -56.541  18.073 0.2000000030
118887  36.776  -48.478  22.499 0.5000000000
31817  33.114  -44.974  25.336 0.5000000000
30846  39.839  -46.243  13.299 0.4000000060
28815  39.237  -48.009  12.901 0.4000000060
27809  39.344  -48.952  13.434 0.4000000060
28816  38.537  -48.668  12.986 0.4000000060
31915  38.900  -45.704  15.703 0.6000000238
135343  39.174  -45.311  13.985 0.5000000000
31963  39.846  -45.587  13.828 0.6000000238
34133  32.885  -43.534  17.837 0.5000000000
26733  39.078  -50.035  24.186 0.6000000238
25750  37.719  -50.843  25.673 0.6999999881
21271  36.586  -56.615  17.106 0.2000000030
22251  38.643  -55.236  18.359 0.2000000030
27697  36.442  -48.876  24.186 0.6000000238
31864  33.754  -45.383  21.755 0.5000000000
31964  39.206  -45.658  13.318 0.5000000000
31933  38.388  -45.537  15.168 0.6000000238
32970  33.468  -44.679  20.094 0.5000000000
31775  33.307  -45.994  29.205 0.4000000060
27693  39.379  -49.511  23.580 0.6999999881
141738  36.474  -48.265  22.514 0.5000000000
23161  39.859  -54.509  17.937 0.2000000030
29701  36.974  -47.668  20.560 0.6000000238
30713  34.024  -46.032  23.394 0.5000000000
135743  40.375  -47.538  13.349 0.4000000060
136688  39.757  -49.522  13.994 0.4000000060
119137  35.260  -55.614  10.004 0.2000000030
29618  35.144  -47.003  30.192 0.2000000030
26664  37.369  -50.158  27.595 0.2000000030
25736  37.757  -51.164  26.738 0.6000000238
24910  38.828  -51.689  25.488 0.6999999881
30659  33.740  -46.542  28.556 0.4000000060
128263  33.890  -46.453  26.922 0.4000000060
28640  35.196  -47.997  27.271 0.4000000060
28614  34.780  -47.576  28.807 0.2000000030
30696  33.948  -46.160  25.129 0.5000000000
30712  34.654  -46.760  23.673 0.6000000238
24962  40.250  -53.397  17.957 0.2000000030
119155  39.818  -46.358  17.442 0.6000000238
29702  36.459  -47.542  20.842 0.5000000000
126094  40.425  -49.609  14.314 0.4000000060
30747  41.048  -46.811  19.099 0.6000000238
29735  36.766  -46.993  19.160 0.5000000000
29800  40.893  -47.233  13.598 0.4000000060
30845  40.557  -46.219  13.768 0.4000000060
31931  40.626  -45.436  15.620 0.6999999881
31949  40.390  -45.565  14.384 0.6000000238
23252  35.126  -54.351  9.354 0.2000000030
31780  35.704  -45.338  28.848 0.2000000030
31774  35.542  -45.350  29.545 0.2000000030
24891  38.221  -51.622  26.359 0.6999999881
24909  39.782  -51.816  25.119 0.8000000119
25763  39.227  -51.304  25.049 0.6999999881
26732  40.098  -50.104  24.070 0.6999999881
27706  40.597  -48.992  22.719 0.6999999881
29624  34.309  -47.151  29.536 0.2000000030
29643  34.776  -47.486  26.944 0.4000000060
18278  36.581  -59.070  15.033 0.2000000030
29651  34.868  -47.430  26.064 0.5000000000
121024  36.214  -57.397  15.298 0.2000000030
22261  37.892  -55.223  17.297 0.2000000030
23149  40.356  -54.113  18.042 0.2000000030
23173  39.381  -54.510  17.044 0.2000000030
28802  40.873  -49.047  13.953 0.4000000060
30829  41.713  -46.176  14.549 0.6000000238
30782  41.493  -46.019  17.774 0.6999999881
22290  36.091  -55.915  13.807 0.2000000030
124780  36.256  -54.272  12.669 0.2000000030
25762  40.240  -51.720  24.766 0.8000000119
25777  41.532  -51.405  23.684 0.8000000119
27691  41.289  -49.652  23.112 0.6999999881
28700  41.460  -48.631  21.826 0.6999999881
128980  41.961  -47.539  20.387 0.6999999881
121621  35.574  -47.458  22.236 0.6000000238
30737  35.552  -46.606  20.336 0.5000000000
24079  41.062  -53.248  17.236 0.3000000119
25845  41.032  -51.588  16.157 0.3000000119
133018  41.677  -47.807  13.873 0.5000000000
25003  38.108  -52.954  13.265 0.2000000030
25014  38.525  -52.392  12.802 0.2000000030
25028  36.614  -52.767  11.594 0.2000000030
26873  41.853  -50.540  12.519 0.3000000119
26748  42.843  -50.528  22.450 0.6999999881
27705  42.119  -49.884  22.594 0.6999999881
27718  42.072  -49.155  22.092 0.6999999881
22272  37.317  -55.141  16.378 0.2000000030
30764  42.733  -46.277  18.557 0.6999999881
23182  39.695  -54.218  16.451 0.3000000119
24093  40.856  -53.641  17.109 0.3000000119
26820  41.357  -50.986  15.599 0.4000000060
23202  36.993  -54.019  13.976 0.2000000030
24984  41.677  -52.624  16.212 0.4000000060
26838  41.776  -50.339  15.095 0.4000000060
25875  40.698  -52.060  13.549 0.3000000119
25910  38.004  -51.276  11.304 0.2000000030
25913  35.730  -51.992  9.665 0.2000000030
142073  45.637  -51.421  21.713 0.6999999881
24927  46.015  -52.363  22.635 0.8000000119
26747  43.374  -51.145  22.490 0.6999999881
25800  44.052  -51.388  22.361 0.6999999881
124945  45.261  -49.905  20.994 0.6999999881
27729  44.022  -49.126  21.125 0.6999999881
28699  42.281  -48.669  21.537 0.6999999881
129095  42.789  -48.296  21.097 0.6999999881
29714  42.617  -47.164  19.825 0.6999999881
31910  43.405  -45.640  16.513 0.6999999881
23191  38.267  -54.101  15.195 0.3000000119
24107  40.018  -53.853  15.916 0.3000000119
120799  40.276  -53.502  15.392 0.2000000030
142718  39.470  -52.962  14.059 0.2000000030
132993  42.002  -52.404  15.553 0.4000000060
26871  43.667  -50.498  12.825 0.4000000060
25797  47.375  -52.204  21.730 0.6999999881
25808  48.183  -51.989  21.140 0.6999999881
26776  46.725  -50.934  20.853 0.6999999881
28714  45.369  -49.043  20.383 0.6999999881
27740  46.395  -49.306  19.930 0.6999999881
30744  43.896  -46.644  19.074 0.6999999881
140095  45.210  -46.980  18.693 0.6999999881
31894  44.004  -45.693  17.035 0.6999999881
24116  40.002  -53.156  14.572 0.2000000030
131452  40.776  -52.664  14.370 0.3000000119
28696  48.777  -49.661  21.065 0.6999999881
26760  48.370  -50.690  21.916 0.6999999881
25794  49.490  -51.561  21.035 0.6999999881
27739  47.864  -50.579  19.844 0.6999999881
28711  50.412  -49.873  20.042 0.6999999881
26789  49.618  -51.353  19.894 0.6999999881
139802  47.419  -49.662  19.472 0.6999999881
26798  50.598  -50.893  19.006 0.6999999881
27748  49.051  -49.787  18.399 0.6999999881
24992  42.323  -52.157  14.681 0.3000000119
122993  47.163  -48.847  13.171 0.6000000238
29692  48.550  -48.289  20.117 0.8999999762
30743  47.701  -46.530  19.650 0.8000000119
27737  50.784  -50.052  19.881 0.6999999881
26797  51.046  -50.421  18.677 0.6999999881
28742  49.822  -49.943  17.819 0.6999999881
127670  51.412  -48.574  18.012 0.6999999881
27756  51.154  -49.999  17.994 0.6999999881
27758  50.235  -49.850  17.049 0.6999999881
30760  49.496  -46.639  18.331 0.8000000119
29726  51.196  -47.808  17.981 0.6999999881
133224  51.306  -48.302  17.823 0.6999999881
29753  46.529  -47.642  16.562 0.6999999881
28779  49.583  -49.687  15.300 0.6999999881
29799  44.928  -47.517  13.107 0.5000000000
30759  50.084  -46.529  17.771 0.8000000119
139796  50.185  -49.937  16.315 0.6999999881
29741  50.811  -47.531  17.666 0.6999999881
30776  50.010  -46.527  17.587 0.6999999881
28782  46.810  -49.274  15.238 0.6999999881
31892  49.568  -45.806  17.423 0.8000000119
31982  42.783  -46.007  12.760 0.4000000060
31835  49.345  -45.152  22.757 0.6999999881
27781  47.544  -50.251  15.001 0.6999999881
34141  48.452  -43.794  17.117 0.8000000119
30843  43.789  -46.232  13.456 0.4000000060
123030  44.255  -45.815  13.948 0.4000000060
34072  50.176  -43.389  22.285 0.6999999881
35170  47.994  -42.663  20.755 0.8000000119
36167  49.935  -41.464  21.909 0.6999999881
34093  47.602  -43.381  20.279 0.8000000119
34127  47.462  -43.407  18.641 0.8000000119
119340  47.860  -43.161  17.665 0.8000000119
142849  47.497  -42.471  17.938 0.8000000119
34152  48.087  -43.434  16.802 0.8000000119
34161  47.635  -43.430  16.277 0.8000000119
35232  47.213  -42.917  16.031 0.6999999881
122463  46.915  -41.133  17.651 0.8000000119
35234  45.922  -42.659  15.096 0.6999999881
34162  46.986  -43.453  15.701 0.6999999881
33034  44.969  -44.245  14.537 0.6000000238
31962  42.650  -45.148  12.938 0.4000000060
132263  39.362  -44.867  5.641 0.2000000030
32142  37.697  -45.661  2.486 0.1000000015
32132  37.975  -45.743  3.350 0.1000000015
30994  37.045  -46.422  1.286 0.1000000015
36155  51.592  -42.402  22.457 0.6999999881
36154  52.616  -42.473  22.625 0.6999999881
37184  48.437  -40.604  20.678 0.8000000119
37185  47.886  -41.023  20.147 0.8000000119
137281  46.201  -40.800  16.522 0.8000000119
37218  46.740  -40.306  17.464 0.8000000119
37256  45.184  -40.925  14.871 0.6000000238
36255  44.920  -41.747  14.459 0.6000000238
36256  44.358  -41.689  13.911 0.5000000000
37272  43.376  -40.888  13.256 0.5000000000
125260  44.022  -42.514  13.664 0.5000000000
35251  43.315  -42.309  13.206 0.5000000000
127461  42.123  -41.933  12.371 0.5000000000
37274  42.875  -40.942  12.842 0.5000000000
34173  44.629  -43.240  14.184 0.5000000000
34195  42.721  -43.591  12.846 0.5000000000
128550  42.508  -43.002  12.643 0.5000000000
35258  41.297  -42.671  11.753 0.5000000000
33046  43.537  -44.264  13.532 0.5000000000
34196  42.139  -43.571  12.443 0.5000000000
121772  40.523  -43.065  11.192 0.5000000000
137107  39.917  -42.714  10.535 0.5000000000
35267  40.298  -42.070  10.873 0.5000000000
131347  43.177  -44.904  13.376 0.5000000000
33061  42.418  -44.316  12.692 0.5000000000
34205  40.693  -44.037  11.368 0.5000000000
33062  41.807  -44.390  12.281 0.5000000000
131175  40.168  -44.021  10.788 0.5000000000
33089  39.637  -44.073  10.063 0.5000000000
35296  38.981  -42.819  8.846 0.3000000119
131387  39.181  -42.144  9.370 0.4000000060
34241  39.057  -43.532  8.463 0.3000000119
34254  39.044  -43.868  7.777 0.3000000119
35307  38.565  -42.493  7.521 0.1000000015
140352  38.646  -43.399  6.215 0.1000000015
127575  39.041  -43.884  4.625 0.1000000015
33230  38.607  -44.631  2.411 0.1000000015
36163  54.926  -41.098  21.986 0.6000000238
37170  51.327  -40.662  22.038 0.8000000119
38263  47.853  -39.945  19.239 0.8000000119
38271  47.522  -39.755  18.549 0.8000000119
39325  47.203  -38.715  17.487 0.8000000119
38281  46.703  -39.486  17.162 0.8000000119
39353  45.948  -38.916  15.753 0.8000000119
38329  44.429  -39.274  14.045 0.6999999881
38330  43.863  -39.343  13.561 0.6000000238
38335  41.986  -39.753  12.157 0.5000000000
37276  41.660  -40.550  11.979 0.5000000000
37280  40.551  -40.562  10.988 0.5000000000
36274  40.155  -41.245  10.591 0.5000000000
36287  39.043  -41.362  9.118 0.3000000119
125525  38.252  -42.015  5.921 0.1000000015
34303  38.944  -43.561  4.037 0.1000000015
38227  52.725  -39.977  21.674 0.8000000119
39252  52.123  -39.143  21.343 0.8000000119
39291  49.333  -38.391  19.821 0.8000000119
39292  48.626  -38.695  19.469 0.8000000119
40276  47.578  -37.370  16.549 0.8000000119
136813  46.084  -38.205  15.596 0.8000000119
40343  43.926  -38.061  13.266 0.5000000000
39388  43.588  -38.712  13.212 0.5000000000
39392  43.019  -38.823  12.703 0.5000000000
39393  42.354  -38.936  12.233 0.4000000060
39394  41.726  -39.059  11.725 0.5000000000
38344  40.512  -39.836  10.745 0.4000000060
39405  39.771  -39.069  9.734 0.3000000119
39402  40.407  -39.067  10.399 0.3000000119
38353  39.416  -39.765  9.490 0.2000000030
37293  39.193  -40.501  9.296 0.2000000030
37302  38.444  -40.779  7.698 0.2000000030
37306  38.264  -40.409  6.780 0.1000000015
36333  38.204  -41.221  5.484 0.1000000015
38243  54.972  -39.661  20.964 0.8000000119
38224  56.345  -39.533  21.103 0.8999999762
39289  51.111  -37.974  20.016 0.8000000119
40216  50.568  -37.620  19.400 0.8000000119
40217  49.779  -37.895  19.462 0.8000000119
40234  49.882  -37.369  18.797 0.8000000119
40295  47.979  -36.800  15.881 0.8000000119
120814  47.228  -37.140  15.679 0.8000000119
40341  45.771  -37.216  14.256 0.6999999881
41317  44.879  -36.929  13.174 0.6000000238
40351  43.435  -38.046  12.771 0.5000000000
40356  42.644  -37.442  11.717 0.4000000060
39398  41.528  -38.342  11.252 0.3000000119
40364  39.571  -37.808  9.031 0.3000000119
39418  39.127  -38.448  8.628 0.2000000030
38365  39.193  -39.131  9.069 0.2000000030
38366  38.806  -39.174  8.373 0.1000000015
131082  38.389  -39.938  7.409 0.1000000015
131370  55.447  -37.294  22.522 0.6000000238
127603  56.656  -39.137  21.177 0.6999999881
39267  54.210  -38.815  20.377 0.8000000119
129967  53.094  -37.865  19.544 0.8000000119
40233  51.774  -36.960  18.651 0.8000000119
41265  49.398  -36.581  16.268 0.6999999881
41281  48.850  -36.573  15.468 0.8000000119
41299  47.095  -36.644  14.206 0.6999999881
41329  44.589  -36.683  12.572 0.6000000238
41337  43.690  -36.414  11.740 0.5000000000
41348  43.165  -36.038  11.099 0.4000000060
131866  41.300  -36.975  10.363 0.3000000119
40363  40.275  -37.276  9.477 0.3000000119
41351  40.892  -36.738  9.845 0.3000000119
127388  41.028  -36.096  9.521 0.3000000119
42456  40.764  -35.726  8.884 0.3000000119
40373  39.742  -36.980  8.684 0.3000000119
39283  57.277  -38.411  20.252 0.8000000119
39284  56.940  -38.671  19.858 0.8000000119
39285  55.468  -38.535  19.476 0.8000000119
40213  53.524  -37.745  18.914 0.8000000119
39307  54.212  -38.053  19.044 0.8000000119
40293  50.970  -36.928  15.513 0.6000000238
40294  50.432  -36.941  15.049 0.6999999881
41297  48.799  -36.680  14.312 0.6999999881
40316  49.687  -36.823  14.676 0.6999999881
118932  48.400  -36.758  11.724 0.6999999881
41325  47.942  -36.622  12.583 0.6999999881
119112  47.166  -36.305  11.181 0.6999999881
136392  46.324  -36.101  11.309 0.6000000238
41347  45.810  -35.821  10.885 0.6000000238
137578  43.651  -35.537  10.673 0.4000000060
42436  44.361  -35.429  10.576 0.5000000000
42455  41.569  -35.485  9.384 0.3000000119
42294  57.371  -35.635  21.171 0.6999999881
41202  57.455  -36.679  20.896 0.8000000119
40210  57.386  -37.907  19.683 0.8000000119
41201  57.714  -36.706  20.268 0.8000000119
124318  56.050  -37.742  18.491 0.6999999881
136978  56.985  -36.647  18.636 0.8000000119
40231  54.223  -37.739  18.262 0.8000000119
40248  55.583  -37.438  17.588 0.8000000119
119285  53.223  -37.402  16.793 0.8000000119
40292  51.757  -37.251  15.425 0.6999999881
134163  52.333  -37.415  14.470 0.6999999881
40314  51.791  -37.363  13.781 0.6999999881
40347  51.218  -37.110  12.074 0.6999999881
135464  48.438  -36.134  9.130 0.6999999881
42435  45.238  -35.445  10.339 0.4000000060
41358  47.973  -35.770  8.340 0.6999999881
42450  46.843  -35.522  8.786 0.5000000000
42451  45.692  -35.245  9.366 0.4000000060
43600  43.512  -34.446  8.613 0.3000000119
43599  44.554  -34.485  8.229 0.3000000119
43601  42.025  -34.506  8.290 0.3000000119
129888  49.092  -34.695  -1.545 0.2000000030
132447  42.147  -34.200  7.469 0.2000000030
118977  43.117  -33.980  6.917 0.2000000030
46732  44.688  -31.839  -0.044 0.3000000119
46716  44.896  -31.061  0.226 0.4000000060
46731  45.473  -31.484  -0.271 0.2000000030
45864  45.843  -32.703  -0.852 0.2000000030
127545  58.160  -34.899  20.523 0.6999999881
42309  58.285  -35.167  20.111 0.6999999881
136430  55.961  -36.262  17.288 0.6999999881
41236  57.016  -36.004  18.443 0.8000000119
41262  55.142  -36.761  16.443 0.8000000119
42344  55.611  -35.719  17.292 0.6999999881
41277  54.563  -36.844  15.842 0.6999999881
42382  53.234  -36.669  14.508 0.6999999881
41278  53.988  -36.940  15.322 0.6999999881
41296  52.970  -37.140  14.133 0.6999999881
40336  52.052  -37.138  13.175 0.6999999881
40337  51.414  -37.252  12.984 0.6999999881
40354  50.814  -36.959  11.556 0.6999999881
124707  48.847  -36.431  9.829 0.6999999881
41356  49.389  -36.103  9.649 0.6999999881
43579  48.736  -35.550  8.796 0.6999999881
43596  48.240  -35.260  7.891 0.6999999881
42486  47.885  -35.076  7.353 0.5000000000
42487  47.491  -34.998  7.068 0.4000000060
43616  45.127  -34.399  7.102 0.3000000119
44831  48.809  -33.096  -0.877 0.3000000119
44830  49.578  -33.140  -0.724 0.2000000030
45843  47.169  -32.056  -0.713 0.3000000119
118978  44.550  -34.239  6.499 0.2000000030
42551  53.641  -34.946  1.441 0.1000000015
43701  51.826  -34.437  -0.054 0.1000000015
44805  52.738  -33.701  0.503 0.1000000015
44816  50.807  -33.550  -0.448 0.2000000030
44815  51.627  -33.594  -0.138 0.1000000015
44817  50.167  -33.553  -0.645 0.2000000030
46747  48.600  -31.658  -0.935 0.3000000119
46729  47.706  -31.374  -0.767 0.3000000119
47620  45.676  -30.743  -0.048 0.3000000119
46730  46.859  -31.246  -0.543 0.3000000119
48576  44.492  -29.693  2.976 0.4000000060
47591  44.818  -30.009  1.249 0.4000000060
47585  44.032  -30.299  2.563 0.4000000060
46704  43.802  -31.174  1.314 0.3000000119
46682  43.656  -31.507  4.246 0.4000000060
47581  43.744  -30.826  3.885 0.4000000060
47593  43.619  -30.953  2.161 0.3000000119
46697  43.435  -31.584  2.727 0.1000000015
46705  43.430  -31.761  1.813 0.2000000030
136818  43.575  -32.142  3.986 0.3000000119
46718  43.578  -31.980  0.972 0.3000000119
45613  58.576  -32.080  21.209 0.6999999881
44536  58.371  -33.502  21.024 0.6999999881
43420  58.581  -34.009  20.524 0.6999999881
43446  58.685  -34.257  20.044 0.8000000119
42332  57.598  -35.381  19.143 0.8000000119
43463  56.274  -34.551  18.596 0.8000000119
43462  57.168  -34.596  18.979 0.8000000119
42334  55.643  -34.996  18.126 0.6999999881
141661  53.522  -35.028  16.248 0.6999999881
42401  51.495  -36.320  12.809 0.6999999881
42422  49.944  -35.607  11.052 0.6999999881
43550  49.697  -34.190  12.755 0.6999999881
44685  49.148  -33.918  12.084 0.6999999881
44682  48.993  -33.067  12.363 0.6999999881
44686  48.667  -33.223  11.756 0.6999999881
44688  48.286  -33.456  10.880 0.6999999881
140985  47.978  -35.087  7.343 0.6000000238
46637  48.772  -31.579  11.756 0.6999999881
46645  47.810  -31.499  10.459 0.6000000238
45745  47.432  -32.308  10.126 0.6000000238
44689  47.688  -33.151  10.218 0.6999999881
139351  47.320  -32.909  9.659 0.6000000238
44696  47.096  -33.175  8.823 0.6000000238
44719  46.844  -34.193  6.959 0.5000000000
46653  46.408  -31.288  8.632 0.5000000000
47537  47.728  -30.832  10.056 0.6000000238
47545  46.791  -30.779  8.923 0.5000000000
45753  46.033  -31.864  8.137 0.4000000060
142825  46.739  -33.000  8.321 0.5000000000
45761  46.406  -33.005  7.777 0.4000000060
44720  46.128  -33.518  6.861 0.4000000060
43628  45.884  -34.119  6.247 0.2000000030
44780  54.721  -33.984  2.419 0.1000000015
47550  45.959  -30.918  8.074 0.5000000000
47544  47.331  -30.588  9.425 0.6000000238
47548  47.090  -30.061  8.726 0.5000000000
48518  46.753  -29.755  8.030 0.5000000000
134117  44.458  -31.022  6.092 0.4000000060
47561  45.054  -30.276  6.575 0.5000000000
46657  45.533  -31.517  7.552 0.5000000000
46665  44.947  -31.238  6.925 0.4000000060
45762  45.398  -32.579  6.782 0.4000000060
137292  44.800  -32.053  6.354 0.4000000060
44731  45.903  -33.865  6.117 0.3000000119
44732  45.535  -34.056  5.646 0.2000000030
44790  54.410  -33.855  1.848 0.1000000015
135941  45.699  -29.015  4.661 0.5000000000
48562  45.099  -29.293  4.284 0.5000000000
48542  46.227  -29.298  6.407 0.5000000000
48543  45.456  -29.603  6.070 0.5000000000
48528  45.685  -29.786  6.778 0.5000000000
48563  44.620  -29.815  4.684 0.5000000000
127080  44.170  -30.304  4.284 0.5000000000
47566  44.369  -30.439  5.150 0.5000000000
45772  44.563  -32.305  5.714 0.3000000119
143283  43.847  -31.676  4.808 0.3000000119
47573  43.898  -30.946  4.630 0.4000000060
45771  45.302  -33.266  5.874 0.3000000119
44803  54.808  -33.397  0.952 0.1000000015
44813  53.193  -33.151  0.011 0.1000000015
124396  51.942  -32.876  -0.429 0.1000000015
45860  50.007  -32.280  -0.899 0.2000000030
46745  50.472  -31.545  -1.279 0.2000000030
138386  51.324  -31.577  -1.316 0.1000000015
138591  48.717  -30.238  -1.215 0.2000000030
47603  45.967  -30.021  0.158 0.4000000060
48595  46.311  -29.350  0.433 0.5000000000
47618  47.373  -30.406  -0.632 0.5000000000
49590  45.692  -28.778  2.871 0.4000000060
49600  45.773  -28.848  2.026 0.5000000000
48596  45.583  -29.671  0.844 0.4000000060
47604  45.203  -30.334  0.521 0.4000000060
48575  45.102  -29.232  2.493 0.4000000060
48569  44.517  -29.706  3.863 0.5000000000
45838  53.673  -32.415  -0.465 0.1000000015
47634  50.008  -30.739  -1.426 0.2000000030
48610  47.509  -29.440  -0.513 0.4000000060
49614  46.689  -28.758  0.754 0.5000000000
44757  45.210  -34.424  4.296 0.2000000030
45857  52.385  -31.652  -1.233 0.1000000015
48627  50.655  -30.170  -1.527 0.1000000015
49628  48.479  -28.403  -0.601 0.4000000060
48628  49.520  -29.467  -1.362 0.3000000119
49629  47.712  -28.660  -0.316 0.4000000060
121353  52.088  -30.219  -1.578 0.1000000015
132848  58.093  -33.197  19.644 0.8000000119
119420  57.744  -30.918  21.858 0.4000000060
46568  58.805  -31.579  20.956 0.6000000238
45647  58.737  -32.379  20.259 0.8000000119
45648  58.065  -32.465  19.859 0.8000000119
45668  56.847  -32.998  19.423 0.8000000119
44585  55.705  -33.150  18.951 0.8000000119
43464  55.554  -34.017  18.536 0.8000000119
44610  53.453  -33.580  17.352 0.6999999881
43501  52.794  -34.447  16.191 0.6999999881
44630  52.853  -33.623  16.824 0.6999999881
43519  52.502  -34.931  15.333 0.6999999881
43520  51.897  -34.500  15.086 0.6999999881
45701  51.921  -32.987  15.876 0.6999999881
125125  51.736  -31.984  15.549 0.8000000119
44662  51.002  -33.445  14.683 0.6999999881
44647  51.546  -33.699  15.229 0.6999999881
142508  50.852  -30.964  13.925 0.8000000119
46620  50.143  -31.742  13.477 0.6999999881
44742  59.660  -34.139  5.306 0.1000000015
47522  49.669  -30.634  12.261 0.8000000119
45729  49.313  -32.426  12.707 0.6999999881
48430  51.646  -29.864  14.118 0.8000000119
47528  49.386  -30.296  11.583 0.6999999881
46636  49.175  -30.967  11.889 0.6999999881
127295  51.126  -29.024  11.718 0.8000000119
48492  48.699  -29.619  10.156 0.6999999881
44777  57.382  -33.555  2.591 0.1000000015
48503  49.230  -28.975  9.647 0.6000000238
48504  48.462  -29.275  9.383 0.6000000238
48525  48.123  -28.930  7.554 0.5000000000
48517  47.492  -29.351  8.270 0.5000000000
48526  47.165  -29.244  7.453 0.5000000000
48539  49.483  -29.100  6.787 0.5000000000
48524  49.114  -28.902  7.800 0.5000000000
48552  48.204  -28.874  5.917 0.5000000000
48541  47.638  -28.961  6.724 0.5000000000
126476  55.020  -32.778  0.335 0.1000000015
46726  54.847  -31.587  -0.458 0.1000000015
48551  49.143  -29.031  5.963 0.5000000000
49553  49.633  -28.740  5.381 0.5000000000
133001  48.431  -28.425  4.486 0.5000000000
49555  47.848  -28.690  5.138 0.5000000000
49567  47.439  -28.483  4.270 0.5000000000
49556  46.985  -28.698  5.065 0.5000000000
46728  53.231  -31.674  -1.063 0.1000000015
49577  48.095  -28.115  3.659 0.5000000000
125212  48.551  -27.561  3.114 0.5000000000
50605  47.698  -27.888  2.731 0.5000000000
50604  48.352  -27.364  2.138 0.5000000000
49578  47.386  -28.255  3.445 0.5000000000
49588  47.029  -28.199  2.088 0.5000000000
49589  46.349  -28.510  2.437 0.5000000000
49579  46.717  -28.480  3.676 0.5000000000
134120  46.277  -28.526  3.136 0.5000000000
119712  50.298  -29.441  -1.489 0.2000000030
49640  50.619  -28.721  -1.472 0.2000000030
50638  49.135  -27.054  -0.077 0.5000000000
49627  49.246  -28.200  -0.916 0.4000000060
50620  48.304  -27.297  1.130 0.5000000000
49641  49.763  -28.775  -1.321 0.3000000119
50640  47.751  -27.786  0.667 0.5000000000
47450  57.963  -30.368  20.675 0.6999999881
47448  58.592  -30.829  21.011 0.6000000238
46585  55.400  -31.546  19.098 0.8000000119
48366  58.236  -29.929  21.067 0.6999999881
140052  53.075  -32.104  17.256 0.6999999881
47473  54.720  -30.360  18.428 0.8000000119
47472  55.331  -30.154  18.997 0.8000000119
47482  54.060  -30.613  17.855 0.8000000119
47483  53.462  -30.492  17.210 0.8000000119
47490  52.974  -30.766  16.770 0.8000000119
46605  52.191  -31.259  15.850 0.6999999881
47505  51.892  -30.236  14.892 0.8000000119
48464  51.456  -29.117  12.422 0.8000000119
46714  56.245  -31.631  0.339 0.1000000015
134712  53.496  -29.345  -1.469 0.1000000015
47616  54.455  -30.844  -0.923 0.1000000015
48625  52.198  -29.375  -1.595 0.1000000015
48624  52.866  -29.191  -1.574 0.1000000015
50678  50.884  -27.914  -1.388 0.2000000030
50677  51.814  -27.738  -1.499 0.1000000015
49638  52.376  -28.591  -1.582 0.1000000015
50396  58.077  -27.505  21.498 0.6000000238
49363  56.449  -28.197  20.075 0.8000000119
50397  56.969  -27.336  20.518 0.8000000119
48376  55.571  -29.362  19.193 0.8000000119
49374  54.648  -28.848  17.858 0.8000000119
50574  50.800  -28.054  5.078 0.5000000000
49364  55.811  -28.653  19.369 0.8000000119
50406  55.725  -27.883  19.016 0.8000000119
49383  54.976  -28.168  17.795 0.8000000119
49384  54.040  -29.034  17.215 0.8000000119
48401  53.019  -29.476  16.132 0.8999999762
50425  54.574  -28.238  17.200 0.8000000119
139931  52.888  -29.160  15.576 0.8999999762
49408  53.354  -28.690  15.588 0.8999999762
49407  53.954  -28.106  15.030 0.8999999762
49434  52.900  -28.631  14.173 0.8999999762
51652  52.024  -26.289  4.881 0.6999999881
49459  52.757  -28.598  13.239 0.8999999762
49458  53.574  -28.410  13.367 0.8999999762
138699  52.706  -28.616  12.555 0.8000000119
49502  52.558  -28.796  11.489 0.8000000119
49543  52.333  -28.681  6.749 0.6999999881
119011  52.051  -29.116  9.978 0.6999999881
48488  52.905  -29.497  10.263 0.8000000119
135274  51.036  -28.789  10.032 0.6999999881
51665  49.686  -26.649  3.085 0.5000000000
51679  50.135  -26.033  2.772 0.6000000238
52779  51.587  -25.786  4.302 0.6999999881
50592  49.320  -27.350  3.476 0.5000000000
50603  49.041  -26.976  2.603 0.5000000000
51696  48.906  -26.806  1.607 0.5000000000
51715  48.928  -26.843  0.681 0.5000000000
51695  49.483  -26.329  1.127 0.5000000000
52790  51.265  -25.358  3.625 0.6999999881
52804  50.138  -25.779  2.161 0.6000000238
53918  50.944  -24.831  2.210 0.6000000238
53905  51.034  -25.016  2.932 0.6000000238
45813  57.241  -32.744  1.388 0.1000000015
122990  50.519  -25.382  1.055 0.5000000000
47579  61.047  -30.401  3.131 0.1000000015
128351  60.255  -30.685  2.597 0.1000000015
124728  59.683  -30.158  2.220 0.1000000015
52869  50.942  -25.854  -0.378 0.4000000060
51757  51.752  -26.754  -1.278 0.1000000015
51734  51.354  -26.214  -0.895 0.2000000030
53943  51.695  -24.614  0.231 0.4000000060
52868  51.613  -25.563  -0.587 0.2000000030
52841  51.289  -25.251  -0.035 0.4000000060
141393  59.112  -29.047  1.890 0.1000000015
48574  59.529  -29.332  2.151 0.1000000015
49611  56.999  -28.461  0.512 0.1000000015
135382  53.189  -28.604  -1.530 0.1000000015
50675  53.362  -27.670  -1.474 0.1000000015
139575  54.890  -29.180  -0.931 0.1000000015
140157  53.690  -28.925  -1.435 0.1000000015
120473  54.203  -29.234  -1.273 0.1000000015
50676  52.501  -27.212  -1.481 0.2000000030
51756  52.424  -26.471  -1.324 0.2000000030
52867  52.361  -25.150  -0.706 0.2000000030
122845  54.993  -27.920  -0.898 0.1000000015
50653  55.385  -27.203  -0.707 0.1000000015
51754  54.025  -26.874  -1.298 0.2000000030
50654  54.708  -27.284  -1.065 0.1000000015
49626  54.584  -28.562  -1.114 0.2000000030
128085  52.882  -25.782  -1.192 0.2000000030
136796  53.605  -26.119  -1.314 0.2000000030
53942  52.269  -24.434  -0.230 0.3000000119
54935  52.731  -23.643  -0.329 0.3000000119
136194  53.394  -23.783  -0.873 0.2000000030
55863  52.876  -22.132  -0.121 0.3000000119
55854  52.677  -22.100  0.632 0.3000000119
126720  53.166  -22.738  -0.630 0.3000000119
57707  53.367  -20.759  0.347 0.5000000000
50412  55.880  -27.116  18.473 0.8000000119
50424  55.196  -27.546  17.264 0.8000000119
51501  55.662  -27.124  17.749 0.8000000119
50455  56.122  -26.724  16.241 0.8999999762
49512  55.689  -28.997  10.461 0.8000000119
48499  54.952  -29.282  10.125 0.8000000119
49518  55.447  -28.557  9.685 0.8000000119
49525  55.165  -28.164  8.951 0.8000000119
49526  54.435  -28.517  8.665 0.8000000119
50565  53.482  -27.297  6.681 0.8000000119
51640  53.303  -26.665  6.149 0.6999999881
49432  54.762  -27.935  14.276 0.8999999762
49527  53.713  -28.905  8.416 0.8000000119
49457  54.504  -28.387  13.418 0.8999999762
48512  53.308  -29.595  8.960 0.8000000119
119543  49.898  -28.957  8.282 0.6000000238
48515  49.883  -28.805  9.110 0.6000000238
121592  50.687  -29.293  7.950 0.6000000238
49544  51.673  -28.753  6.329 0.5000000000
49565  50.070  -28.270  4.862 0.5000000000
53893  52.634  -24.604  4.666 0.6999999881
53903  52.167  -24.141  3.922 0.6999999881
54909  51.841  -23.773  3.168 0.6999999881
54916  51.781  -23.550  2.335 0.5000000000
120433  51.522  -24.275  0.970 0.5000000000
47590  58.449  -30.240  1.479 0.1000000015
54928  52.169  -23.748  0.408 0.3000000119
118758  51.830  -25.006  -0.275 0.3000000119
140312  52.242  -22.915  1.405 0.5000000000
55847  52.463  -22.447  1.395 0.4000000060
128081  53.160  -21.216  1.628 0.5000000000
57688  53.668  -20.896  2.074 0.6000000238
57687  54.451  -20.607  2.496 0.6999999881
136741  55.068  -20.390  2.738 0.5000000000
131857  58.149  -25.889  21.039 0.6000000238
51477  57.301  -25.907  20.228 0.6999999881
52563  56.944  -25.861  18.223 0.6999999881
51500  56.253  -26.518  17.769 0.8000000119
48459  56.741  -29.654  12.863 0.8999999762
49455  56.181  -28.802  13.588 0.8999999762
48442  57.571  -29.619  13.496 0.8999999762
48458  57.577  -29.642  13.143 0.8999999762
48471  56.224  -29.674  12.099 0.8999999762
49481  57.869  -29.285  12.474 0.8999999762
49500  56.717  -29.218  11.576 0.8000000119
51522  56.416  -26.415  16.872 0.8999999762
49517  56.186  -28.246  9.955 0.8000000119
124408  54.022  -29.604  10.921 0.8000000119
51634  54.664  -26.690  7.210 0.6999999881
48445  55.221  -29.124  12.775 0.8999999762
127528  54.454  -26.146  6.709 0.6999999881
52774  53.555  -25.236  5.649 0.6999999881
52760  55.708  -25.742  7.377 0.6999999881
52773  54.175  -25.096  6.030 0.6999999881
52761  55.049  -25.976  7.009 0.6999999881
52759  56.411  -25.497  7.660 0.6999999881
53869  55.785  -24.546  6.822 0.6999999881
53870  54.900  -24.456  6.189 0.6999999881
53880  53.922  -24.407  5.540 0.6999999881
53892  53.316  -24.075  4.958 0.6999999881
54866  55.252  -23.493  5.800 0.6999999881
54881  53.846  -23.717  5.158 0.6999999881
54907  53.113  -23.082  4.062 0.6999999881
45822  57.473  -31.784  1.106 0.1000000015
55817  53.777  -22.801  4.389 0.6999999881
55831  52.770  -22.823  3.451 0.6000000238
55829  54.077  -22.289  4.159 0.6999999881
56747  53.168  -21.605  2.346 0.6000000238
52552  57.790  -25.111  20.109 0.6000000238
52581  58.687  -25.002  17.762 0.6999999881
51521  57.903  -25.897  16.646 0.8000000119
51541  57.067  -26.343  16.161 0.8999999762
50468  58.131  -27.855  14.864 0.8999999762
49428  58.541  -28.971  14.669 0.8999999762
50469  57.192  -27.617  14.668 0.8999999762
48441  58.295  -29.797  13.758 0.8999999762
130664  59.044  -30.019  14.152 0.8999999762
49480  58.732  -28.928  12.470 0.8999999762
48440  58.999  -29.937  13.807 0.8999999762
49498  58.309  -28.493  11.691 0.8999999762
49431  55.797  -28.013  14.047 0.8999999762
142337  57.817  -28.404  11.342 0.8999999762
50534  57.769  -27.635  10.359 0.8999999762
50535  56.949  -27.907  10.213 0.8000000119
49499  57.504  -28.917  11.747 0.8999999762
50547  55.861  -27.819  9.253 0.8000000119
50544  58.229  -27.053  9.865 0.8999999762
51615  57.005  -26.921  9.076 0.8000000119
51623  56.587  -26.556  8.490 0.8000000119
51624  55.844  -26.799  8.215 0.8000000119
50546  56.616  -27.545  9.482 0.8000000119
50532  59.353  -27.254  10.657 0.8999999762
51621  58.145  -26.072  8.953 0.8999999762
51622  57.357  -26.321  8.732 0.6999999881
121807  52.936  -29.709  9.542 0.8000000119
121779  52.002  -29.600  8.333 0.5000000000
53834  57.907  -24.946  8.266 0.6999999881
53851  56.546  -24.664  7.381 0.6999999881
136825  57.429  -24.446  7.709 0.6999999881
123419  55.759  -23.817  6.387 0.6999999881
56709  55.977  -21.875  5.108 0.6999999881
56722  55.531  -21.432  4.383 0.6999999881
56721  56.458  -21.286  4.749 0.6999999881
57671  56.117  -20.274  3.368 0.6000000238
59758  58.777  -18.707  1.658 0.6999999881
60725  59.049  -18.018  0.302 0.6000000238
59768  59.052  -18.392  1.000 0.6000000238
60747  59.801  -16.935  -1.997 0.5000000000
61673  60.502  -16.773  -2.583 0.5000000000
51539  59.693  -26.872  15.934 0.6999999881
48413  59.881  -29.771  15.001 0.8999999762
48425  60.550  -30.087  14.802 0.8999999762
48412  60.796  -30.041  15.111 0.8999999762
48455  59.944  -29.525  13.565 0.8999999762
49479  59.578  -28.756  12.597 0.8999999762
49454  61.207  -29.337  13.703 0.8999999762
48424  61.523  -30.079  15.064 0.8000000119
49497  59.217  -28.249  11.828 0.8999999762
50498  61.007  -28.060  12.175 0.8999999762
49496  60.082  -28.094  11.997 0.8999999762
50516  60.560  -27.516  11.462 0.8999999762
127201  59.714  -26.747  10.328 0.8999999762
51588  60.964  -26.935  10.984 0.8999999762
51587  61.897  -26.826  11.201 1.0000000000
51613  59.645  -26.142  9.727 0.8999999762
51600  60.398  -26.479  10.372 0.8999999762
52728  59.578  -25.370  9.242 0.8999999762
53833  58.680  -24.734  8.486 0.6999999881
54843  58.986  -23.948  8.263 0.8000000119
54851  58.530  -23.425  7.675 0.6999999881
54864  57.288  -23.175  6.866 0.6999999881
55789  57.609  -22.494  6.525 0.6999999881
56697  57.930  -21.853  6.185 0.6999999881
55802  57.166  -22.089  5.935 0.6999999881
57655  57.119  -20.717  4.465 0.6999999881
57656  56.229  -20.774  4.115 0.6999999881
57670  57.524  -20.199  3.855 0.6999999881
57668  59.201  -19.625  3.600 0.8000000119
59757  59.709  -18.510  1.558 0.6000000238
60716  60.967  -17.885  1.353 0.5000000000
60773  61.422  -17.335  -3.535 0.4000000060
48411  61.837  -29.833  15.244 0.6999999881
50450  62.367  -28.288  16.067 0.6999999881
48410  62.459  -29.626  15.150 0.8000000119
48423  62.884  -29.245  15.104 0.6999999881
48437  63.078  -29.183  14.553 0.8000000119
49477  62.026  -28.859  13.332 0.8999999762
131430  62.640  -27.533  11.973 1.0000000000
51598  62.233  -26.122  10.709 1.0000000000
52727  60.651  -25.716  9.911 1.0000000000
53821  60.318  -24.938  9.316 1.0000000000
53831  60.212  -24.226  8.823 0.8999999762
54842  59.757  -23.733  8.435 0.8999999762
57638  63.406  -20.029  5.755 1.0000000000
128867  64.011  -20.982  7.835 1.0000000000
55779  59.609  -22.502  7.551 0.6999999881
57614  65.362  -20.563  7.164 0.8999999762
56670  61.881  -21.875  8.181 1.0000000000
57641  60.260  -20.469  5.481 0.8999999762
57625  65.884  -20.265  6.685 0.8999999762
58652  64.996  -19.614  5.394 0.8999999762
58653  63.485  -19.701  5.205 0.8999999762
58666  62.148  -19.554  4.549 0.8999999762
58655  61.911  -19.950  5.246 0.8999999762
56696  58.713  -21.660  6.379 0.6999999881
56706  58.292  -21.319  5.746 0.6999999881
58680  62.447  -19.165  3.892 0.8000000119
57652  60.234  -20.119  4.790 0.8999999762
59736  62.481  -18.347  2.722 0.6999999881
59720  62.030  -18.830  3.240 0.6999999881
58668  60.302  -19.643  4.015 0.8000000119
137926  59.702  -19.671  3.836 0.8999999762
123667  62.783  -17.818  2.353 0.6999999881
60700  61.525  -18.081  1.910 0.6000000238
58697  60.003  -19.009  2.768 0.6999999881
59756  60.500  -18.436  1.797 0.6000000238
59739  60.092  -18.712  2.175 0.6000000238
49402  62.854  -29.088  15.332 0.6999999881
49450  63.738  -28.692  13.865 0.6000000238
49427  63.086  -28.912  15.085 0.6000000238
49476  64.030  -28.462  13.518 0.6999999881
49475  64.278  -28.274  13.476 0.6000000238
50514  63.999  -27.614  12.400 0.8000000119
51585  63.857  -26.854  11.718 0.8999999762
130372  62.773  -25.658  10.638 1.0000000000
52726  61.360  -24.913  9.714 1.0000000000
54832  61.723  -23.948  9.402 1.0000000000
54841  60.502  -23.550  8.604 1.0000000000
55769  60.800  -22.798  8.341 1.0000000000
56680  64.939  -20.903  7.803 1.0000000000
56684  60.723  -21.640  7.414 1.0000000000
55777  61.111  -22.106  8.018 1.0000000000
143152  68.477  -19.741  7.342 0.8000000119
59717  64.509  -18.392  3.789 0.6999999881
60677  64.867  -17.745  3.465 0.6999999881
126252  63.870  -17.552  2.694 0.6999999881
50513  65.150  -27.942  12.968 0.6000000238
50494  65.105  -27.965  13.008 0.6000000238
132057  65.368  -26.179  11.635 0.8999999762
52707  63.543  -25.592  10.863 0.8999999762
131496  68.100  -20.588  8.426 0.8000000119
56655  67.246  -21.731  9.340 0.8000000119
56656  66.430  -21.865  9.066 0.8999999762
55755  64.954  -22.513  9.528 0.8999999762
55740  67.116  -22.851  10.635 0.6999999881
54829  65.885  -22.984  10.097 0.8000000119
54817  64.990  -24.124  10.503 0.8999999762
54830  63.528  -23.493  9.788 1.0000000000
53819  63.139  -24.275  10.127 1.0000000000
53804  65.809  -24.668  11.057 0.6999999881
52706  64.500  -25.502  11.128 0.8999999762
56678  66.603  -20.928  8.021 0.8999999762
55765  65.279  -21.876  9.023 0.8999999762
55756  63.896  -22.700  9.446 1.0000000000
131353  62.070  -23.143  9.059 1.0000000000
55768  62.415  -22.426  8.668 1.0000000000
129224  68.997  -19.354  7.129 0.6000000238
61620  64.471  -16.131  1.694 0.6999999881
61633  64.119  -15.697  0.930 0.6999999881
53779  65.631  -24.909  12.851 0.4000000060
51567  66.701  -26.838  12.985 0.5000000000
51582  66.860  -26.736  12.925 0.6000000238
53776  67.203  -24.804  12.202 0.6999999881
52661  66.892  -25.529  12.433 0.6999999881
53789  66.779  -25.484  11.857 0.6999999881
52686  66.304  -26.319  12.246 0.6999999881
51583  66.526  -26.918  12.937 0.6999999881
51557  66.374  -27.046  13.079 0.5000000000
50480  65.844  -27.412  13.069 0.6000000238
60591  67.226  -17.155  11.703 0.3000000119
128186  67.227  -16.935  11.104 0.3000000119
60602  68.516  -16.934  9.898 0.2000000030
59635  69.289  -18.277  8.574 0.6000000238
59682  69.156  -18.378  6.534 0.6999999881
62549  65.831  -15.126  1.188 0.6999999881
60614  69.647  -17.018  7.719 0.5000000000
61522  68.075  -16.413  9.939 0.3000000119
60621  69.879  -16.524  6.678 0.4000000060
60656  68.236  -16.993  5.039 0.6999999881
61569  68.851  -16.354  4.949 0.6999999881
61568  69.789  -16.249  5.545 0.5000000000
61588  67.614  -16.032  3.873 0.6999999881
124673  68.062  -16.379  4.459 0.6999999881
62521  68.895  -15.348  3.814 0.6000000238
62548  66.699  -14.858  1.310 0.6999999881
63480  68.284  -14.659  1.067 0.6000000238
138423  66.808  -15.034  -0.095 0.6999999881
61648  67.117  -15.777  -0.629 0.6000000238
61534  68.335  -16.439  9.028 0.3000000119
61533  68.828  -16.173  8.319 0.4000000060
61542  68.921  -15.853  8.001 0.4000000060
138890  69.144  -15.776  7.758 0.3000000119
61548  70.160  -15.926  6.368 0.4000000060
62581  69.818  -16.165  0.026 0.5000000000
62468  69.705  -15.385  6.778 0.5000000000
62476  70.154  -15.409  6.414 0.4000000060
62470  69.162  -15.429  7.389 0.5000000000
31769  35.308  -45.442  30.382 0.2000000030
32853  34.678  -44.091  30.284 0.2000000030
30654  33.950  -46.779  30.123 0.2000000030
29637  34.098  -46.954  28.065 0.4000000060
30649  35.266  -46.271  30.392 0.3000000119
30650  34.571  -46.453  30.773 0.2000000030
30683  34.344  -46.880  26.493 0.4000000060
123118  34.977  -47.373  25.184 0.5000000000
48550  50.014  -29.106  6.030 0.5000000000
48523  50.091  -29.190  7.436 0.5000000000
52819  50.023  -25.830  1.502 0.5000000000
50655  50.319  -27.290  -1.004 0.2000000030
50656  49.544  -27.489  -0.680 0.4000000060
50679  50.033  -28.036  -1.204 0.4000000060
50583  48.920  -27.978  3.940 0.5000000000
48607  55.518  -29.405  -0.531 0.1000000015
48608  54.868  -29.984  -0.885 0.1000000015
48568  45.066  -29.190  3.392 0.5000000000
49580  45.819  -28.784  3.797 0.5000000000
48582  46.016  -29.088  1.208 0.5000000000
56753  52.752  -21.762  1.477 0.5000000000
121887  39.651  -50.516  26.914 0.5000000000
26676  39.033  -49.911  27.261 0.4000000060
138122  39.704  -48.006  28.159 0.2000000030
30648  34.097  -45.881  31.163 0.2000000030
31770  34.792  -45.642  30.993 0.2000000030
26675  40.592  -50.576  26.410 0.5000000000
27660  40.373  -49.661  26.780 0.4000000060
27661  39.662  -49.362  27.196 0.4000000060
27651  38.851  -49.071  27.692 0.2000000030
29628  37.408  -47.574  28.001 0.2000000030
137897  40.280  -48.910  27.285 0.3000000119
128706  38.364  -47.570  27.719 0.2000000030
119527  37.693  -47.225  27.628 0.2000000030
27659  40.961  -48.980  27.091 0.4000000060
29626  39.973  -47.437  28.021 0.2000000030
28650  42.214  -48.473  26.319 0.3000000119
27658  41.599  -48.811  26.653 0.3000000119
28621  40.949  -47.722  28.015 0.2000000030
32847  33.606  -44.375  31.243 0.1000000015
31766  33.492  -45.255  31.218 0.2000000030
31764  34.788  -44.709  30.793 0.1000000015
30658  36.480  -46.437  28.500 0.2000000030
31779  36.127  -45.744  28.331 0.1000000015
30670  36.588  -46.325  27.737 0.1000000015
30657  38.887  -47.316  27.399 0.2000000030
30668  38.329  -47.035  26.960 0.2000000030
30682  36.806  -46.339  26.744 0.2000000030
31802  36.441  -45.595  26.214 0.1000000015
30656  39.692  -47.166  27.536 0.2000000030
30681  37.710  -46.792  26.514 0.2000000030
30694  37.168  -46.273  25.704 0.1000000015
130434  41.596  -47.701  27.301 0.3000000119
29635  41.040  -47.272  27.616 0.3000000119
29625  40.520  -47.337  27.998 0.2000000030
30655  40.138  -47.086  27.692 0.2000000030
30680  38.680  -46.913  26.413 0.2000000030
31790  41.013  -46.703  26.669 0.2000000030
137884  40.382  -46.845  26.814 0.2000000030
30679  39.458  -46.832  26.168 0.2000000030
26684  26.245  -51.133  28.927 0.1000000015
26693  26.571  -51.113  27.399 0.1000000015
118823  24.790  -51.323  28.889 0.1000000015
26706  26.853  -51.067  26.299 0.1000000015
123036  34.391  -43.533  29.724 0.1000000015
33971  34.183  -43.638  30.500 0.1000000015
132426  35.673  -44.980  28.277 0.1000000015
120379  35.246  -44.216  28.470 0.1000000015
31791  36.145  -45.484  27.368 0.1000000015
32882  35.882  -44.799  26.687 0.1000000015
128459  35.550  -44.111  27.019 0.1000000015
31815  36.656  -45.489  25.320 0.1000000015
32883  35.643  -44.161  26.210 0.1000000015
32897  36.109  -44.856  25.752 0.1000000015
32898  35.751  -44.204  25.334 0.1000000015
30693  38.147  -46.672  25.688 0.2000000030
118638  40.035  -46.807  26.621 0.2000000030
30705  37.857  -46.141  24.977 0.2000000030
31814  37.175  -45.827  24.952 0.1000000015
32912  36.257  -44.823  24.922 0.1000000015
30690  41.148  -46.483  25.710 0.2000000030
30678  40.699  -46.679  26.377 0.2000000030
30691  40.232  -46.700  25.836 0.2000000030
30704  38.859  -46.375  25.050 0.2000000030
31830  36.837  -45.308  24.575 0.1000000015
31827  39.391  -45.913  24.304 0.1000000015
31828  38.424  -45.756  24.311 0.1000000015
26694  25.577  -50.933  27.370 0.1000000015
26671  23.639  -51.647  29.469 0.1000000015
26669  25.545  -50.818  30.389 0.1000000015
26659  24.908  -50.348  30.967 0.1000000015
33958  33.307  -43.599  31.136 0.1000000015
33961  33.599  -43.279  30.743 0.1000000015
35073  34.034  -42.865  29.202 0.1000000015
33972  33.802  -43.073  30.077 0.1000000015
36103  33.026  -41.478  28.258 0.1000000015
35077  34.212  -42.652  28.237 0.1000000015
35078  33.589  -42.170  28.762 0.1000000015
35085  34.296  -42.477  27.351 0.1000000015
123743  35.178  -43.496  26.808 0.1000000015
137406  34.714  -42.872  26.918 0.1000000015
30689  44.448  -46.673  25.609 0.3000000119
131982  43.616  -47.338  24.970 0.3000000119
125327  35.300  -43.550  25.802 0.1000000015
34007  34.834  -42.938  26.184 0.1000000015
30677  44.502  -46.721  27.033 0.2000000030
34019  35.393  -43.561  24.949 0.1000000015
30663  43.101  -46.848  27.203 0.3000000119
32925  36.446  -44.735  24.158 0.1000000015
128068  42.440  -46.321  27.114 0.3000000119
31801  41.541  -46.318  26.321 0.3000000119
31829  37.559  -45.587  24.376 0.1000000015
32913  35.861  -44.187  24.505 0.1000000015
30702  40.751  -46.505  24.969 0.1000000015
31844  37.988  -45.236  23.750 0.1000000015
31845  37.149  -45.103  23.891 0.1000000015
26695  24.350  -50.991  27.310 0.1000000015
119809  25.138  -50.479  26.250 0.1000000015
120290  26.136  -50.703  26.218 0.1000000015
32858  23.485  -44.251  31.073 0.3000000119
32863  23.880  -44.931  30.548 0.3000000119
26670  24.470  -51.277  30.206 0.1000000015
120332  26.537  -50.758  25.327 0.1000000015
27646  24.266  -49.612  30.928 0.1000000015
31777  22.941  -44.928  30.459 0.3000000119
28631  23.996  -48.860  29.727 0.1000000015
35064  32.920  -42.959  30.955 0.1000000015
30673  23.436  -46.847  28.129 0.3000000119
28646  23.677  -48.394  28.684 0.1000000015
35065  33.190  -42.636  30.428 0.1000000015
36087  32.900  -41.735  29.276 0.1000000015
36112  33.232  -41.299  27.305 0.1000000015
35109  34.015  -41.741  26.127 0.1000000015
35097  33.861  -41.863  26.918 0.1000000015
35108  34.509  -42.358  25.750 0.1000000015
34020  34.950  -42.973  25.384 0.1000000015
29632  43.805  -47.160  27.070 0.4000000060
136961  35.048  -42.989  24.684 0.1000000015
31789  41.909  -46.197  26.683 0.3000000119
32926  36.050  -44.145  23.711 0.1000000015
34032  35.451  -43.434  24.065 0.1000000015
30703  39.869  -46.510  24.960 0.1000000015
31843  38.939  -45.238  23.596 0.1000000015
32923  38.265  -44.891  23.181 0.1000000015
32924  37.515  -44.825  23.214 0.1000000015
137146  35.754  -43.585  23.300 0.1000000015
32940  37.036  -44.381  22.623 0.1000000015
34045  36.311  -43.989  22.942 0.1000000015
34062  35.754  -43.316  22.511 0.1000000015
32939  37.971  -44.501  22.449 0.1000000015
26685  23.500  -51.607  28.286 0.1000000015
26661  22.763  -51.036  29.989 0.1000000015
27648  22.364  -50.342  30.048 0.1000000015
28619  23.610  -49.269  30.474 0.1000000015
35066  32.452  -42.158  30.766 0.2000000030
31783  23.423  -45.584  29.696 0.3000000119
28645  23.956  -47.964  27.816 0.1000000015
29638  22.981  -47.876  28.733 0.1000000015
31784  22.446  -45.364  29.844 0.2000000030
31795  22.656  -46.154  29.380 0.2000000030
35075  32.840  -42.049  30.056 0.1000000015
140476  32.236  -41.395  30.069 0.1000000015
36094  31.731  -40.848  29.616 0.1000000015
32859  22.706  -44.488  30.543 0.3000000119
32864  22.351  -44.384  30.139 0.3000000119
36093  32.268  -40.943  28.802 0.1000000015
37073  32.031  -40.369  27.967 0.1000000015
37086  32.149  -40.100  27.153 0.1000000015
35080  23.187  -43.139  29.470 0.3000000119
33987  22.560  -43.833  29.805 0.3000000119
36104  32.526  -40.716  27.679 0.1000000015
31787  44.212  -45.489  27.232 0.2000000030
36113  32.839  -40.496  26.642 0.1000000015
37100  32.197  -39.771  26.204 0.1000000015
31786  44.763  -45.063  27.151 0.2000000030
32880  43.932  -44.449  26.663 0.2000000030
32868  43.684  -45.094  27.084 0.2000000030
140374  32.333  -39.626  25.655 0.1000000015
30688  45.070  -46.207  26.378 0.2000000030
32881  43.287  -45.032  26.606 0.2000000030
36122  33.515  -40.929  25.748 0.1000000015
36123  32.785  -40.050  25.746 0.1000000015
31788  43.403  -45.876  27.175 0.2000000030
32896  43.015  -45.223  25.842 0.2000000030
35122  34.175  -41.732  25.336 0.1000000015
35121  34.644  -42.409  24.974 0.1000000015
130764  42.821  -45.547  26.937 0.2000000030
132803  34.793  -42.504  24.084 0.1000000015
32954  36.538  -43.808  22.115 0.1000000015
32953  37.333  -44.022  21.815 0.1000000015
123425  22.823  -51.712  28.875 0.1000000015
26672  22.516  -51.520  29.214 0.1000000015
26686  22.606  -51.608  27.931 0.1000000015
26696  23.180  -51.312  27.197 0.1000000015
27649  21.896  -49.994  29.602 0.1000000015
26707  23.964  -50.479  26.101 0.1000000015
25803  21.674  -51.392  22.401 0.1000000015
28633  22.033  -48.665  29.469 0.1000000015
26722  25.333  -50.098  24.641 0.1000000015
125374  25.772  -50.405  25.329 0.1000000015
26770  22.473  -50.950  21.866 0.1000000015
29639  21.701  -47.039  28.994 0.1000000015
26721  26.309  -50.481  24.451 0.1000000015
123123  25.736  -50.058  23.874 0.1000000015
26769  23.289  -50.481  21.457 0.1000000015
30675  21.834  -46.416  28.947 0.2000000030
35076  23.651  -42.886  30.433 0.3000000119
31778  22.358  -44.821  30.098 0.2000000030
31785  22.087  -45.148  29.638 0.2000000030
31796  21.805  -45.533  28.946 0.2000000030
37087  31.619  -40.167  27.600 0.1000000015
35079  23.922  -42.489  28.940 0.3000000119
32875  22.265  -44.353  29.389 0.2000000030
32889  22.572  -44.263  28.049 0.2000000030
32890  22.214  -44.888  27.782 0.2000000030
36097  24.635  -41.927  28.220 0.3000000119
35089  24.173  -42.411  27.685 0.3000000119
35090  23.592  -42.860  28.301 0.3000000119
35102  23.676  -42.951  27.316 0.3000000119
34013  23.794  -43.076  26.229 0.2000000030
37101  31.632  -39.864  26.715 0.1000000015
38180  30.880  -39.652  25.395 0.1000000015
36107  24.747  -41.875  27.061 0.3000000119
36126  24.850  -41.765  25.102 0.2000000030
35114  24.347  -42.479  25.596 0.2000000030
32879  45.960  -44.424  26.233 0.3000000119
32866  45.250  -44.268  26.624 0.3000000119
31799  45.356  -45.517  26.405 0.3000000119
37117  31.579  -39.569  25.873 0.1000000015
34004  46.395  -43.708  26.278 0.3000000119
138650  32.051  -39.327  25.508 0.1000000015
137306  45.487  -44.831  26.413 0.3000000119
136605  42.446  -45.653  25.869 0.3000000119
38178  32.056  -39.065  24.968 0.1000000015
37129  32.950  -39.667  24.369 0.1000000015
38190  32.298  -39.072  24.330 0.1000000015
31813  41.927  -46.023  25.780 0.3000000119
36136  33.826  -41.154  24.755 0.1000000015
31825  41.534  -46.223  24.920 0.2000000030
36135  34.328  -41.855  24.582 0.1000000015
37144  33.150  -39.780  23.578 0.1000000015
142099  32.736  -39.303  23.969 0.1000000015
35135  34.678  -42.189  23.203 0.1000000015
36145  34.133  -41.547  23.826 0.1000000015
36146  33.681  -40.836  23.256 0.1000000015
37128  33.494  -40.571  24.121 0.1000000015
35161  35.403  -42.719  21.852 0.1000000015
137068  35.093  -42.568  22.578 0.1000000015
143186  34.620  -42.014  22.583 0.1000000015
123495  34.210  -41.553  22.914 0.1000000015
34081  36.070  -43.272  21.587 0.1000000015
36157  34.355  -41.595  22.217 0.1000000015
36158  33.865  -40.988  22.469 0.1000000015
35162  35.071  -42.196  21.366 0.1000000015
36170  34.547  -41.685  21.580 0.1000000015
36171  34.086  -41.106  21.762 0.1000000015
35176  34.745  -41.739  21.014 0.1000000015
124205  21.598  -50.427  28.255 0.1000000015
26687  21.844  -51.133  27.607 0.1000000015
26662  22.223  -50.962  29.524 0.1000000015
25792  20.884  -51.873  23.009 0.1000000015
36086  26.259  -41.867  31.136 0.3000000119
35072  25.365  -42.335  31.136 0.3000000119
27657  21.523  -49.562  28.830 0.1000000015
28634  21.590  -48.797  29.232 0.1000000015
26755  22.194  -50.831  22.819 0.1000000015
29640  21.311  -47.477  28.780 0.1000000015
26754  23.145  -50.425  22.281 0.1000000015
122337  24.456  -42.619  30.823 0.3000000119
121163  24.717  -49.834  24.059 0.1000000015
37074  31.541  -40.504  28.687 0.2000000030
36096  25.244  -41.535  28.743 0.3000000119
37075  30.752  -40.512  28.962 0.2000000030
37076  30.008  -40.530  28.515 0.3000000119
36105  26.003  -41.165  27.969 0.3000000119
34026  23.326  -43.782  25.988 0.2000000030
32903  22.810  -44.285  26.815 0.2000000030
37088  30.834  -40.372  28.041 0.2000000030
37102  30.867  -40.135  27.105 0.2000000030
36114  26.000  -41.167  26.881 0.3000000119
36106  25.339  -41.512  27.520 0.3000000119
36115  25.345  -41.506  26.503 0.3000000119
35127  24.389  -42.460  24.614 0.2000000030
34053  24.256  -43.002  23.215 0.2000000030
37118  30.842  -39.943  26.213 0.1000000015
118353  30.008  -40.146  25.664 0.1000000015
37119  26.344  -40.930  25.303 0.2000000030
36124  25.875  -41.192  25.951 0.1000000015
36125  25.572  -41.275  25.152 0.1000000015
36137  25.247  -41.441  24.387 0.2000000030
36138  24.759  -41.872  24.301 0.2000000030
35140  24.553  -42.302  23.678 0.1000000015
131470  43.594  -44.710  25.360 0.2000000030
37134  25.939  -40.990  24.464 0.1000000015
36148  25.577  -41.220  23.588 0.1000000015
36149  24.960  -41.655  23.796 0.1000000015
34003  47.533  -43.422  26.116 0.3000000119
136819  46.937  -43.751  26.277 0.3000000119
35084  45.693  -43.199  26.040 0.3000000119
123650  44.775  -44.309  27.104 0.3000000119
31811  43.065  -45.171  24.746 0.3000000119
38179  31.653  -39.235  25.149 0.1000000015
118928  27.142  -40.614  23.976 0.1000000015
37149  26.429  -40.800  23.802 0.1000000015
36147  26.221  -40.855  22.977 0.1000000015
124254  47.361  -41.151  26.567 0.2000000030
35083  47.107  -41.896  26.211 0.3000000119
131544  46.476  -42.463  25.994 0.3000000119
36111  46.730  -41.961  25.129 0.3000000119
31812  42.369  -45.727  24.993 0.3000000119
38191  31.735  -38.996  24.481 0.1000000015
36102  47.019  -41.569  25.831 0.3000000119
31840  41.754  -45.755  24.023 0.2000000030
123829  41.084  -46.168  24.355 0.2000000030
38204  32.457  -38.977  23.484 0.1000000015
31826  40.336  -46.106  24.311 0.1000000015
38218  32.416  -38.821  22.644 0.1000000015
31856  39.666  -44.916  23.059 0.1000000015
38217  33.082  -39.462  22.285 0.1000000015
37159  33.399  -40.166  22.748 0.1000000015
38235  33.265  -39.676  21.476 0.1000000015
31857  38.872  -44.714  22.784 0.1000000015
37189  33.821  -40.575  21.251 0.1000000015
38255  32.804  -38.907  20.952 0.1000000015
34101  36.311  -43.148  20.881 0.1000000015
127314  35.673  -42.711  21.078 0.1000000015
118630  35.254  -42.126  20.642 0.1000000015
36181  34.648  -41.426  20.374 0.1000000015
37188  34.096  -40.828  20.644 0.1000000015
37200  33.732  -39.922  19.638 0.1000000015
123476  33.568  -39.998  20.565 0.1000000015
37199  34.164  -40.707  19.955 0.1000000015
26688  21.134  -50.346  27.244 0.1000000015
25739  22.083  -51.253  27.361 0.1000000015
27666  21.137  -49.378  27.885 0.1000000015
25781  20.687  -51.620  24.912 0.1000000015
140698  21.134  -51.406  24.285 0.1000000015
25791  21.358  -51.374  23.400 0.1000000015
36090  26.055  -41.490  30.407 0.3000000119
28647  21.163  -48.523  28.507 0.1000000015
131972  21.232  -47.991  28.809 0.1000000015
26741  23.035  -50.287  23.325 0.1000000015
36095  25.995  -41.215  29.199 0.3000000119
29641  21.010  -47.881  28.275 0.1000000015
26723  24.291  -50.037  24.976 0.1000000015
138573  22.488  -50.549  25.258 0.1000000015
30676  21.367  -46.934  28.534 0.1000000015
26739  25.222  -49.736  23.307 0.1000000015
31807  21.938  -45.508  27.396 0.1000000015
37106  26.753  -40.934  27.303 0.3000000119
124609  23.296  -44.160  25.120 0.2000000030
32867  44.317  -44.563  27.165 0.2000000030
32895  43.726  -44.565  26.184 0.2000000030
37090  28.354  -40.714  27.394 0.3000000119
138925  23.806  -43.260  25.077 0.2000000030
34038  24.070  -43.116  23.998 0.2000000030
35152  24.605  -42.466  22.756 0.2000000030
136953  29.984  -40.312  26.562 0.3000000119
37103  29.154  -40.557  26.982 0.1000000015
37133  26.779  -40.754  24.593 0.1000000015
34005  44.927  -43.561  25.933 0.3000000119
119197  29.215  -40.346  25.058 0.1000000015
36160  25.574  -41.332  22.649 0.1000000015
31853  42.233  -45.266  23.282 0.3000000119
38193  30.112  -39.859  24.831 0.1000000015
129022  27.762  -40.418  22.849 0.1000000015
37148  27.046  -40.549  23.212 0.1000000015
133198  48.844  -41.081  26.213 0.3000000119
127049  47.385  -40.076  27.210 0.3000000119
37072  47.199  -40.348  27.056 0.3000000119
36101  47.213  -40.818  26.514 0.2000000030
35106  45.958  -42.827  25.137 0.3000000119
36121  47.047  -41.309  24.948 0.2000000030
38192  31.008  -39.315  24.653 0.1000000015
37147  27.908  -40.490  23.692 0.1000000015
138399  26.804  -40.642  22.484 0.1000000015
37081  48.743  -40.303  26.768 0.3000000119
38162  47.293  -39.203  26.700 0.3000000119
38173  47.257  -39.655  26.299 0.3000000119
37112  47.252  -40.354  25.578 0.2000000030
31854  41.459  -45.362  23.160 0.1000000015
38206  31.235  -39.040  23.893 0.1000000015
38221  30.529  -39.347  23.213 0.1000000015
37146  28.519  -40.200  23.068 0.1000000015
37161  28.298  -40.180  22.300 0.1000000015
38172  47.394  -39.087  26.130 0.1000000015
37111  47.395  -39.526  25.291 0.1000000015
37124  47.114  -40.499  24.340 0.1000000015
31855  40.527  -45.071  23.035 0.1000000015
38205  31.896  -38.772  23.728 0.1000000015
120837  31.534  -38.818  23.099 0.1000000015
39209  47.584  -38.715  25.477 0.1000000015
38187  47.293  -39.486  24.355 0.1000000015
31842  39.958  -45.520  23.668 0.1000000015
38254  33.110  -39.087  20.112 0.1000000015
38265  33.363  -39.062  19.319 0.1000000015
37209  34.321  -40.525  19.133 0.1000000015
28648  20.919  -48.512  27.597 0.1000000015
29647  21.058  -47.431  27.987 0.1000000015
30687  21.334  -46.837  27.427 0.1000000015
26740  24.212  -49.821  23.353 0.1000000015
37078  27.442  -40.841  28.681 0.3000000119
37092  26.755  -40.938  28.394 0.3000000119
30699  21.745  -46.157  26.780 0.1000000015
31834  22.604  -45.587  24.826 0.1000000015
37091  27.527  -40.819  27.793 0.3000000119
31819  22.823  -44.871  25.412 0.2000000030
31833  23.157  -44.837  24.304 0.1000000015
32930  23.491  -44.445  23.578 0.2000000030
119592  26.734  -40.905  26.231 0.2000000030
34039  23.581  -43.904  24.200 0.2000000030
34054  23.839  -43.773  23.238 0.2000000030
121809  27.290  -40.745  25.433 0.1000000015
34068  24.252  -43.374  22.386 0.2000000030
124586  44.788  -43.627  25.750 0.2000000030
37104  28.423  -40.675  26.614 0.3000000119
37132  27.638  -40.620  24.563 0.1000000015
35151  25.052  -41.900  22.265 0.1000000015
118818  29.008  -40.509  26.012 0.1000000015
37130  29.360  -40.092  24.226 0.1000000015
36159  26.168  -40.968  22.174 0.1000000015
38150  47.876  -39.416  27.406 0.3000000119
39200  47.603  -38.563  26.350 0.3000000119
38207  30.278  -39.617  24.018 0.1000000015
37162  27.480  -40.422  22.130 0.1000000015
39199  47.898  -38.172  26.810 0.3000000119
40157  47.952  -38.077  25.407 0.1000000015
37145  29.444  -39.868  23.329 0.1000000015
40156  48.367  -37.537  25.726 0.1000000015
39218  47.727  -38.397  24.595 0.1000000015
39219  47.387  -38.866  23.956 0.1000000015
38219  32.011  -38.602  22.926 0.1000000015
39245  31.968  -38.400  22.088 0.1000000015
29648  20.895  -48.091  27.409 0.1000000015
29656  21.061  -47.710  26.816 0.1000000015
29655  21.590  -46.886  26.147 0.1000000015
128873  22.098  -46.217  25.438 0.1000000015
32910  43.594  -44.710  24.402 0.2000000030
31824  42.596  -45.370  24.014 0.3000000119
126807  23.589  -44.611  22.850 0.2000000030
32894  44.074  -44.300  25.712 0.2000000030
32911  43.146  -45.020  23.967 0.3000000119
118951  28.002  -40.711  26.020 0.2000000030
35166  24.697  -42.654  21.866 0.1000000015
119551  28.276  -40.605  25.250 0.1000000015
35105  46.450  -42.196  24.569 0.2000000030
133944  28.729  -40.255  23.745 0.1000000015
39198  49.437  -38.923  27.035 0.3000000119
40134  48.580  -37.825  27.180 0.3000000119
38199  46.960  -39.643  23.581 0.1000000015
141793  29.875  -39.595  22.601 0.1000000015
130447  49.500  -36.615  26.308 0.1000000015
41163  48.940  -37.063  25.999 0.1000000015
37160  29.057  -39.862  22.472 0.1000000015
131356  50.649  -35.846  26.623 0.2000000030
41149  49.934  -36.537  26.612 0.2000000030
41162  49.389  -36.427  25.638 0.1000000015
41175  48.769  -37.023  25.094 0.1000000015
41184  48.479  -37.268  23.554 0.1000000015
40167  48.118  -37.788  24.270 0.1000000015
42245  49.837  -35.722  25.455 0.1000000015
134261  50.016  -35.640  24.530 0.1000000015
124858  48.790  -36.958  24.278 0.1000000015
40176  47.989  -37.699  23.098 0.1000000015
39227  47.647  -38.197  23.586 0.1000000015
41182  54.431  -36.271  23.644 0.5000000000
42266  50.532  -35.463  23.679 0.1000000015
41183  48.973  -36.712  23.577 0.1000000015
119221  48.207  -37.263  22.605 0.1000000015
43396  54.797  -34.851  23.926 0.4000000060
42255  50.606  -35.011  24.580 0.1000000015
42267  49.662  -36.033  23.514 0.1000000015
42268  49.068  -36.437  22.812 0.1000000015
36180  35.372  -41.939  19.816 0.1000000015
137435  40.059  -44.794  22.685 0.1000000015
36143  46.632  -41.213  23.702 0.1000000015
35148  34.804  -42.150  22.025 0.1000000015
39228  47.003  -38.717  23.062 0.1000000015
42232  50.017  -35.880  26.234 0.1000000015
42244  50.352  -35.104  26.013 0.1000000015
41159  53.185  -36.147  25.249 0.3000000119
42243  52.500  -35.328  26.327 0.3000000119
42229  51.763  -35.061  26.706 0.1000000015
43376  50.911  -34.558  26.326 0.1000000015
43386  50.756  -34.451  25.617 0.1000000015
130185  50.226  -35.134  25.347 0.1000000015
40184  47.698  -37.336  22.217 0.1000000015
39246  31.854  -38.544  22.297 0.1000000015
42264  54.304  -35.407  24.278 0.4000000060
42253  53.708  -35.651  24.987 0.4000000060
42254  51.022  -34.411  24.702 0.1000000015
41192  48.532  -36.866  22.516 0.1000000015
42280  51.141  -35.280  23.002 0.1000000015
42281  50.347  -35.660  22.802 0.1000000015
42282  49.543  -35.963  22.480 0.1000000015
42283  48.784  -36.248  21.879 0.1000000015
38236  32.537  -38.783  21.803 0.1000000015
126250  54.467  -32.508  24.943 0.2000000030
43410  52.392  -34.226  22.537 0.1000000015
125849  51.936  -34.895  22.171 0.1000000015
135556  55.419  -31.714  23.565 0.3000000119
46517  54.879  -31.155  24.447 0.2000000030
45581  54.159  -31.652  25.069 0.2000000030
43412  50.962  -35.216  22.066 0.1000000015
42296  49.376  -35.615  21.654 0.1000000015
35107  45.348  -43.343  25.373 0.2000000030
34017  45.168  -43.481  24.899 0.2000000030
133987  41.944  -45.034  22.678 0.2000000030
38220  30.832  -39.075  22.322 0.1000000015
42242  53.175  -35.519  25.688 0.3000000119
43360  52.242  -34.450  26.572 0.2000000030
43361  51.535  -34.197  26.565 0.1000000015
43375  51.278  -33.780  26.145 0.1000000015
42241  53.638  -34.900  25.557 0.2000000030
43374  52.994  -34.735  26.143 0.2000000030
44466  52.055  -33.607  26.533 0.2000000030
44490  51.635  -33.044  26.080 0.1000000015
43385  51.303  -33.599  25.365 0.1000000015
43373  53.270  -34.004  26.021 0.2000000030
44487  53.452  -33.151  25.821 0.2000000030
45583  52.183  -31.969  25.273 0.1000000015
44505  51.731  -32.691  25.483 0.1000000015
43398  51.492  -34.150  24.185 0.1000000015
42284  48.084  -36.555  21.573 0.1000000015
44503  54.322  -33.388  24.976 0.3000000119
45560  53.735  -32.341  25.464 0.2000000030
45594  52.370  -31.998  24.147 0.1000000015
43397  52.000  -33.757  23.622 0.1000000015
42295  50.050  -35.539  22.092 0.1000000015
47385  53.626  -30.173  24.737 0.2000000030
142739  53.537  -31.164  25.129 0.2000000030
46520  52.641  -31.312  24.635 0.1000000015
44527  52.539  -33.099  23.081 0.1000000015
43421  52.420  -34.376  21.580 0.1000000015
134025  50.862  -34.865  21.184 0.1000000015
123467  52.890  -29.449  23.931 0.2000000030
46546  53.044  -30.761  23.049 0.1000000015
45593  52.699  -31.399  23.640 0.1000000015
45604  52.764  -32.217  23.071 0.1000000015
44526  53.178  -32.780  22.163 0.1000000015
44539  52.897  -33.662  21.911 0.1000000015
43432  52.110  -34.251  20.802 0.1000000015
43422  51.673  -34.731  21.359 0.1000000015
48343  53.357  -29.265  22.853 0.1000000015
47425  53.239  -29.980  22.988 0.1000000015
139927  53.526  -30.537  22.295 0.1000000015
46570  53.535  -31.674  20.775 0.1000000015
45615  53.502  -32.246  21.512 0.1000000015
44538  53.242  -33.095  21.299 0.1000000015
44548  52.781  -33.814  21.027 0.1000000015
45630  53.354  -32.528  20.862 0.1000000015
34031  44.633  -43.854  24.454 0.2000000030
32909  44.104  -44.317  24.905 0.2000000030
37140  46.486  -40.514  23.220 0.1000000015
35133  46.360  -41.891  23.748 0.1000000015
138258  46.854  -38.329  22.518 0.1000000015
41193  47.938  -36.942  21.904 0.1000000015
43433  51.242  -34.429  20.648 0.1000000015
49353  53.468  -28.639  21.066 0.1000000015
48368  53.640  -29.552  20.970 0.1000000015
47452  53.334  -30.798  20.394 0.1000000015
45631  52.954  -32.243  20.340 0.1000000015
44564  52.807  -33.058  20.483 0.1000000015
44549  51.596  -33.835  20.179 0.1000000015
126465  53.087  -29.088  20.213 0.1000000015
48369  53.198  -29.964  20.232 0.1000000015
47463  52.683  -30.452  19.660 0.1000000015
46571  52.708  -31.474  19.863 0.1000000015
45650  52.352  -32.433  19.800 0.1000000015
44565  52.017  -33.224  19.872 0.1000000015
44566  51.065  -33.393  19.437 0.1000000015
44550  50.676  -34.035  20.035 0.1000000015
46581  51.846  -31.786  19.236 0.1000000015
45651  51.585  -32.642  19.283 0.1000000015
45652  50.939  -32.771  18.873 0.1000000015
35120  45.774  -42.919  24.556 0.1000000015
35134  45.776  -42.107  23.194 0.1000000015
40177  47.267  -37.913  22.611 0.1000000015
132453  48.253  -36.116  21.169 0.1000000015
43424  49.333  -35.081  21.019 0.1000000015
49365  52.602  -28.553  19.491 0.1000000015
48377  52.592  -29.517  19.445 0.1000000015
47474  52.093  -30.033  18.984 0.1000000015
47464  51.995  -30.883  19.164 0.1000000015
46587  51.367  -31.252  18.610 0.1000000015
46588  50.766  -31.570  18.160 0.1000000015
45672  50.465  -32.419  18.276 0.1000000015
46594  50.231  -31.781  17.689 0.1000000015
42298  47.714  -36.221  20.903 0.1000000015
41203  47.543  -36.628  21.286 0.1000000015
140614  58.484  -22.399  20.695 0.4000000060
55640  57.923  -22.342  19.853 0.4000000060
55627  57.437  -22.666  20.519 0.3000000119
55641  57.005  -22.799  19.656 0.3000000119
54689  55.629  -23.556  20.693 0.2000000030
54701  55.600  -23.502  19.579 0.2000000030
53659  53.235  -24.399  19.958 0.1000000015
52553  52.350  -25.027  19.699 0.1000000015
51479  52.378  -26.377  19.676 0.1000000015
50414  52.076  -26.988  18.910 0.1000000015
49375  52.200  -28.007  18.845 0.1000000015
134952  52.212  -28.908  18.830 0.1000000015
141359  52.148  -29.484  18.878 0.1000000015
47475  51.504  -30.412  18.476 0.1000000015
47476  50.937  -30.819  18.019 0.1000000015
45683  49.943  -32.401  17.732 0.1000000015
43425  48.717  -35.111  20.693 0.1000000015
44551  49.837  -34.245  19.991 0.1000000015
43434  50.196  -34.656  20.633 0.1000000015
54685  59.781  -22.235  20.329 0.4000000060
55639  59.211  -21.914  20.225 0.4000000060
54698  60.912  -21.966  19.337 0.4000000060
55656  60.434  -21.596  19.025 0.3000000119
128639  54.920  -23.720  19.180 0.1000000015
52564  51.881  -25.092  19.027 0.1000000015
48385  51.632  -29.452  18.305 0.1000000015
43435  49.204  -34.659  20.379 0.1000000015
54715  61.409  -22.454  18.640 0.4000000060
55674  59.318  -21.787  18.373 0.3000000119
54717  56.327  -23.209  19.115 0.1000000015
54718  55.550  -23.565  18.673 0.1000000015
51517  62.527  -26.443  17.066 0.6000000238
54703  54.006  -23.992  19.328 0.1000000015
53676  52.227  -24.817  19.044 0.1000000015
51488  51.843  -25.884  18.978 0.1000000015
51489  51.634  -26.468  18.278 0.1000000015
49376  51.765  -28.442  18.256 0.1000000015
54735  61.722  -22.966  18.135 0.3000000119
54720  53.828  -24.169  18.327 0.1000000015
50415  51.739  -27.484  18.269 0.1000000015
48394  51.066  -29.447  17.550 0.1000000015
47484  51.051  -30.092  17.806 0.1000000015
55673  60.196  -21.741  17.884 0.3000000119
55675  58.335  -22.280  17.844 0.3000000119
55676  57.423  -22.661  17.912 0.2000000030
54719  54.721  -23.841  18.489 0.1000000015
53675  52.963  -24.526  19.005 0.1000000015
51497  62.742  -25.629  17.259 0.5000000000
49385  51.282  -28.709  17.608 0.1000000015
60772  62.284  -17.232  -3.389 0.4000000060
135539  51.437  -27.897  17.729 0.1000000015
54750  61.762  -23.287  17.615 0.4000000060
53691  62.003  -24.007  17.684 0.5000000000
54736  61.505  -22.377  17.978 0.3000000119
55685  59.027  -22.204  17.347 0.3000000119
54737  56.364  -23.254  18.065 0.1000000015
51516  62.823  -26.258  16.950 0.5000000000
50435  62.619  -27.283  16.431 0.6000000238
51502  51.331  -25.915  17.614 0.1000000015
50449  62.810  -28.363  15.867 0.6000000238
118497  65.850  -18.106  -2.679 0.4000000060
60745  66.162  -17.174  -2.065 0.4000000060
61659  65.554  -16.149  -1.669 0.5000000000
62597  65.759  -15.558  -1.107 0.5000000000
142100  63.846  -15.702  -1.852 0.5000000000
62599  64.155  -15.439  -1.345 0.5000000000
60758  65.382  -17.403  -2.515 0.4000000060
60759  64.549  -16.980  -2.624 0.5000000000
61670  63.320  -15.782  -1.999 0.5000000000
61671  62.847  -16.239  -2.460 0.4000000060
120746  51.319  -26.994  17.648 0.1000000015
54751  61.130  -22.765  17.259 0.3000000119
54738  55.379  -23.707  17.824 0.1000000015
53677  51.929  -24.935  18.230 0.1000000015
62566  65.582  -15.006  0.368 0.5000000000
62568  63.877  -15.459  0.049 0.5000000000
121853  66.987  -17.100  -1.577 0.5000000000
61658  66.489  -16.210  -1.300 0.5000000000
62598  64.991  -15.463  -1.240 0.5000000000
62586  64.473  -15.262  -0.588 0.5000000000
62600  63.425  -15.560  -1.442 0.5000000000
61661  62.115  -15.838  -1.212 0.5000000000
61660  64.621  -16.003  -1.968 0.5000000000
62601  62.753  -15.735  -1.718 0.4000000060
52565  51.676  -25.502  18.276 0.1000000015
53690  62.740  -24.959  17.235 0.5000000000
53694  52.983  -24.585  18.036 0.1000000015
52597  62.934  -25.506  17.075 0.5000000000
126572  52.414  -24.765  18.437 0.1000000015
121817  62.990  -28.493  15.553 0.6000000238
128016  67.026  -17.668  -1.952 0.5000000000
54752  60.229  -22.608  16.780 0.3000000119
51537  62.737  -27.345  16.216 0.6000000238
55684  59.795  -22.247  17.012 0.3000000119
53708  62.357  -24.264  17.211 0.5000000000
52617  62.919  -25.979  16.820 0.5000000000
26674  41.162  -49.733  26.243 0.4000000060
27669  41.825  -49.239  25.804 0.4000000060
26689  41.777  -50.257  25.502 0.5000000000
27668  42.300  -48.741  25.487 0.5000000000
26699  20.458  -50.536  26.294 0.1000000015
27667  20.644  -49.427  26.889 0.1000000015
29657  20.683  -48.511  26.605 0.1000000015
124910  24.910  -50.182  25.430 0.1000000015
124340  21.387  -47.559  25.653 0.1000000015
25769  21.097  -51.512  25.732 0.1000000015
26725  21.506  -51.073  25.010 0.1000000015
31849  22.833  -45.755  23.805 0.1000000015
33993  34.744  -43.117  27.620 0.1000000015
62569  63.086  -15.676  -0.167 0.5000000000
62588  62.858  -15.580  -0.950 0.5000000000
62585  65.412  -15.153  -0.449 0.5000000000
29627  39.210  -47.605  27.892 0.2000000030
134978  36.924  -46.861  27.997 0.2000000030
28622  40.347  -47.807  28.128 0.2000000030
30669  37.294  -46.866  27.324 0.2000000030
30667  39.402  -46.986  26.973 0.2000000030
120147  41.410  -46.806  27.073 0.3000000119
30692  39.475  -46.682  25.542 0.2000000030
32869  35.612  -44.526  27.588 0.1000000015
26660  23.703  -50.946  30.423 0.1000000015
35074  33.418  -42.409  29.662 0.1000000015
35086  33.723  -41.988  27.812 0.1000000015
127448  36.719  -44.594  23.405 0.1000000015
27647  23.058  -49.973  30.485 0.1000000015
28632  22.852  -48.617  29.562 0.1000000015
137457  22.728  -49.239  30.122 0.1000000015
139542  24.945  -48.825  30.283 0.1000000015
29646  23.388  -47.279  28.114 0.2000000030
30674  22.173  -46.651  29.223 0.2000000030
126491  33.498  -41.260  26.538 0.1000000015
34046  35.246  -42.954  23.286 0.1000000015
26673  22.067  -51.317  28.777 0.1000000015
28620  22.241  -49.507  29.928 0.1000000015
29631  21.492  -48.030  29.065 0.1000000015
29630  21.874  -47.761  29.105 0.1000000015
127623  22.173  -47.204  29.045 0.1000000015
30660  22.013  -45.817  29.489 0.2000000030
32865  22.125  -44.767  29.803 0.2000000030
34000  23.043  -43.572  28.417 0.2000000030
140410  22.337  -51.522  28.383 0.1000000015
26697  22.259  -51.272  26.988 0.1000000015
141323  23.357  -50.294  25.369 0.1000000015
36092  24.432  -42.097  29.626 0.3000000119
32876  21.958  -44.878  29.151 0.2000000030
34014  23.226  -43.642  27.063 0.2000000030
32904  22.502  -44.875  26.502 0.2000000030
35101  24.293  -42.436  26.618 0.2000000030
134184  25.281  -41.505  25.736 0.2000000030
26708  22.732  -50.788  26.282 0.1000000015
121207  23.936  -49.892  22.553 0.1000000015
30686  21.526  -46.257  28.210 0.1000000015
135640  22.986  -44.387  25.924 0.2000000030
36099  47.846  -41.240  26.846 0.3000000119
25745  21.523  -51.169  26.561 0.1000000015
26709  21.950  -51.094  25.953 0.1000000015
126218  20.656  -51.836  24.022 0.1000000015
26742  21.832  -50.829  23.851 0.1000000015
26724  22.449  -50.496  24.343 0.1000000015
124303  23.497  -50.104  24.353 0.1000000015
31820  22.319  -45.519  26.019 0.1000000015
119169  48.610  -38.684  27.329 0.3000000119
30710  22.356  -46.360  24.345 0.1000000015
37105  27.598  -40.786  26.757 0.3000000119
29664  21.857  -46.970  24.998 0.1000000015
40133  49.363  -37.504  27.042 0.3000000119
42230  51.101  -35.024  26.618 0.1000000015
41174  49.333  -36.355  24.597 0.1000000015
41172  53.919  -36.144  24.255 0.4000000060
135476  55.058  -33.942  23.910 0.3000000119
43384  54.442  -34.477  24.606 0.3000000119
132148  54.042  -34.946  25.011 0.3000000119
45580  55.012  -32.217  24.314 0.2000000030
47384  54.376  -30.438  24.622 0.3000000119
47405  55.111  -30.273  23.948 0.3000000119
46518  53.869  -30.816  24.950 0.2000000030
44488  52.425  -33.098  26.272 0.2000000030
45562  51.933  -32.535  26.043 0.2000000030
43372  53.948  -34.192  25.377 0.2000000030
45561  52.696  -32.369  25.702 0.2000000030
44504  51.962  -32.660  24.478 0.1000000015
45582  53.080  -31.536  25.286 0.2000000030
142625  53.203  -30.444  24.811 0.2000000030
47386  52.822  -30.126  24.400 0.2000000030
46519  52.929  -30.760  24.895 0.2000000030
46535  52.720  -30.610  24.170 0.1000000015
47407  52.768  -30.060  23.876 0.2000000030
45603  53.236  -31.815  22.457 0.1000000015
47440  53.689  -30.130  21.750 0.1000000015
139038  53.750  -30.851  21.091 0.1000000015
54687  58.069  -22.803  21.422 0.4000000060
55658  58.377  -22.143  18.919 0.3000000119
54700  56.441  -23.143  20.090 0.2000000030
54702  54.768  -23.765  19.983 0.2000000030
54691  53.970  -24.069  20.375 0.2000000030
125073  52.081  -25.470  19.486 0.1000000015
54716  60.879  -22.475  19.302 0.4000000060
55655  61.082  -21.840  18.454 0.3000000119
52578  62.382  -24.943  17.497 0.5000000000
55672  60.800  -22.080  17.531 0.3000000119
60746  65.273  -16.699  -2.210 0.5000000000
135030  63.770  -16.200  -2.340 0.4000000060
62587  63.633  -15.404  -0.761 0.5000000000
26698  21.117  -50.894  26.786 0.1000000015
25748  42.195  -51.381  25.238 0.5000000000
131995  41.573  -51.118  25.701 0.4000000060
25733  40.082  -51.494  26.546 0.4000000060
25734  39.142  -51.622  26.895 0.4000000060
26713  43.344  -50.739  24.373 0.6000000238
25760  43.527  -51.589  24.417 0.6000000238
25747  42.942  -52.012  24.748 0.6999999881
24893  41.127  -52.562  25.709 0.6000000238
24894  40.365  -52.159  26.202 0.6000000238
25775  44.762  -51.389  23.663 0.8000000119
26712  43.973  -50.923  24.003 0.6999999881
24897  42.000  -52.569  25.084 0.6999999881
120791  45.577  -51.755  23.410 0.6999999881
25759  44.266  -52.057  24.102 0.6999999881
24905  44.157  -52.683  23.906 0.6999999881
24034  43.727  -53.030  24.015 0.6999999881
24036  42.718  -52.984  24.097 0.6999999881
25773  46.342  -51.970  23.170 0.6999999881
24916  45.564  -52.380  23.119 0.6999999881
25741  39.566  -52.242  26.387 0.6000000238
24027  40.069  -52.775  26.109 0.6000000238
27688  46.468  -50.414  22.727 0.6999999881
120087  42.101  -52.979  24.521 0.8000000119
24914  46.833  -51.850  22.806 0.6999999881
25784  47.593  -51.673  22.467 0.6999999881
24928  44.862  -52.646  23.095 0.6999999881
24917  43.934  -52.859  23.742 0.6000000238
127085  44.538  -52.393  22.779 0.6000000238
25787  43.646  -52.008  22.847 0.6000000238
27860  39.996  -48.752  9.965 0.2000000030
27853  39.228  -49.252  9.995 0.3000000119
28857  39.637  -48.499  9.381 0.3000000119
28856  40.519  -48.205  9.479 0.3000000119
28866  39.236  -48.140  8.599 0.3000000119
128227  42.368  -48.102  10.442 0.3000000119
28849  40.809  -48.583  10.212 0.3000000119
28855  41.364  -47.809  9.628 0.3000000119
28848  41.727  -48.150  10.123 0.3000000119
28864  40.963  -47.513  9.089 0.3000000119
28865  40.234  -47.865  8.829 0.3000000119
29859  40.698  -47.248  8.468 0.3000000119
29860  40.067  -47.485  8.136 0.3000000119
29861  39.345  -47.624  7.914 0.2000000030
29871  39.924  -47.218  7.398 0.2000000030
29838  41.981  -47.523  10.059 0.3000000119
29858  41.101  -47.062  8.854 0.3000000119
29872  39.028  -47.435  7.333 0.2000000030
31983  42.235  -45.873  12.362 0.3000000119
30880  41.637  -46.459  11.032 0.3000000119
30915  41.170  -46.809  9.066 0.3000000119
30956  39.207  -46.259  5.741 0.2000000030
30931  40.804  -46.793  8.375 0.3000000119
32076  40.517  -46.074  8.277 0.3000000119
30949  39.037  -46.708  6.176 0.2000000030
30948  39.700  -46.327  6.352 0.2000000030
30947  40.086  -46.055  6.704 0.2000000030
30940  40.147  -46.653  7.103 0.2000000030
32094  40.221  -45.860  7.453 0.2000000030
29870  40.438  -47.031  7.782 0.2000000030
29878  39.595  -46.979  6.747 0.2000000030
31984  41.669  -45.276  12.102 0.3000000119
32007  41.198  -45.597  11.461 0.4000000060
32033  40.342  -45.364  10.183 0.3000000119
32006  41.755  -46.046  11.783 0.3000000119
32032  40.890  -45.955  10.642 0.3000000119
30901  40.820  -46.167  9.621 0.3000000119
32054  40.264  -45.532  9.229 0.3000000119
32077  39.869  -45.221  8.447 0.2000000030
128819  39.533  -44.805  7.682 0.3000000119
33184  39.482  -45.008  6.238 0.3000000119
33073  41.179  -44.635  11.748 0.4000000060
32008  40.495  -44.945  11.040 0.4000000060
33110  39.907  -44.861  9.892 0.3000000119
33137  39.341  -44.297  8.495 0.3000000119
33111  39.634  -44.642  9.287 0.3000000119
122612  55.799  -33.187  22.873 0.3000000119
126823  55.751  -34.011  22.812 0.3000000119
43395  55.297  -34.819  23.212 0.3000000119
43408  56.553  -34.210  21.837 0.5000000000
44525  56.506  -33.386  22.086 0.5000000000
44537  57.327  -33.669  21.480 0.6000000238
142973  55.455  -33.575  23.327 0.3000000119
44515  55.308  -33.082  23.678 0.3000000119
45592  55.622  -32.425  23.184 0.3000000119
46545  56.728  -30.932  22.417 0.3000000119
44834  45.963  -33.398  -1.227 0.1000000015
45826  43.999  -32.282  0.288 0.1000000015
45814  43.337  -32.707  1.549 0.2000000030
122669  59.523  -24.966  17.613 0.6000000238
52600  59.862  -25.613  17.071 0.6999999881
51520  59.001  -26.239  16.348 0.6999999881
50451  61.167  -28.147  15.943 0.8000000119
49405  60.344  -29.126  15.413 0.8000000119
56760  53.032  -21.440  0.077 0.2000000030
60623  68.003  -16.553  8.418 0.2000000030
62471  68.791  -15.592  7.546 0.2000000030
60582  66.561  -17.402  12.512 0.1000000015
61550  66.765  -16.331  6.612 0.2000000030
60634  66.229  -17.135  7.049 0.2000000030
60633  67.384  -16.705  7.450 0.2000000030
61549  67.845  -16.047  7.015 0.2000000030
62479  67.206  -15.684  6.250 0.2000000030
62478  68.288  -15.398  6.709 0.2000000030
64354  69.740  -13.801  6.325 0.3000000119
63467  70.482  -14.318  3.188 0.4000000060
136192  69.808  -14.524  1.928 0.4000000060
57556  65.524  -20.592  12.419 0.1000000015
56630  66.089  -21.148  12.073 0.2000000030
56613  66.235  -22.077  12.003 0.5000000000
57555  65.954  -19.964  12.518 0.2000000030
59562  66.345  -18.058  13.177 0.1000000015
60592  66.569  -17.147  11.553 0.1000000015
59621  65.957  -17.845  9.713 0.2000000030
60604  66.629  -17.130  10.599 0.2000000030
59620  66.656  -17.351  9.550 0.2000000030
59636  65.851  -18.273  8.805 0.1000000015
60624  67.055  -17.367  7.953 0.2000000030
62486  67.701  -15.097  5.949 0.2000000030
63427  68.966  -14.076  6.165 0.2000000030
65232  70.293  -13.207  6.067 0.2000000030
63443  71.128  -14.262  5.635 0.2000000030
127099  70.069  -14.614  1.250 0.4000000060
63492  69.727  -15.008  0.828 0.5000000000
126558  65.159  -19.647  12.987 0.1000000015
137887  65.570  -18.656  13.260 0.1000000015
59563  65.749  -17.756  13.058 0.1000000015
59581  65.661  -17.528  12.075 0.1000000015
59599  65.616  -17.815  10.605 0.2000000030
59650  66.479  -17.803  8.418 0.2000000030
62480  66.221  -15.975  5.904 0.2000000030
62487  66.591  -15.334  5.471 0.2000000030
63428  68.092  -14.502  5.647 0.2000000030
63429  67.234  -14.801  5.342 0.2000000030
64366  69.251  -13.424  5.795 0.2000000030
64365  69.863  -13.108  5.966 0.2000000030
64364  70.760  -13.356  5.944 0.2000000030
64381  71.365  -13.578  5.073 0.2000000030
64395  70.917  -14.156  3.858 0.4000000060
64404  70.855  -13.768  2.835 0.4000000060
131658  70.553  -14.339  1.117 0.4000000060
61632  71.099  -16.368  -0.109 0.3000000119
61645  70.503  -17.272  -0.359 0.4000000060
58545  64.602  -18.827  13.339 0.1000000015
59582  64.659  -18.024  12.604 0.1000000015
122204  66.148  -17.805  7.715 0.1000000015
66224  69.045  -11.930  4.173 0.2000000030
65261  68.925  -12.532  4.598 0.2000000030
64382  68.732  -13.226  4.955 0.2000000030
63445  67.421  -14.292  4.826 0.2000000030
65244  70.150  -12.449  5.736 0.2000000030
65260  69.695  -11.789  5.111 0.2000000030
65243  70.633  -12.462  5.753 0.2000000030
122840  71.414  -12.755  5.148 0.3000000119
64394  71.234  -13.635  4.043 0.3000000119
63491  70.699  -14.814  0.544 0.3000000119
63478  70.325  -14.225  2.009 0.4000000060
62562  70.402  -15.538  0.329 0.4000000060
133878  64.829  -18.568  10.041 0.1000000015
128357  65.231  -17.001  6.414 0.1000000015
63446  66.554  -14.785  4.842 0.1000000015
64383  67.974  -13.642  4.460 0.2000000030
66207  70.468  -11.697  5.408 0.2000000030
66206  70.887  -11.788  5.485 0.1000000015
140145  71.358  -11.986  5.117 0.2000000030
124133  65.896  -16.551  6.313 0.1000000015
64384  67.101  -13.868  4.051 0.1000000015
64396  68.372  -13.081  4.190 0.2000000030
66223  69.429  -11.083  4.336 0.2000000030
61551  65.273  -16.259  5.690 0.2000000030
141304  66.638  -14.360  4.334 0.1000000015
62506  65.691  -15.246  4.814 0.1000000015
64397  67.709  -13.279  3.692 0.2000000030
123375  68.375  -12.500  3.563 0.2000000030
67232  69.075  -10.692  3.419 0.2000000030
65275  67.462  -12.827  2.924 0.2000000030
66238  68.750  -11.609  3.369 0.2000000030
65282  68.062  -12.047  2.568 0.2000000030
68255  68.902  -9.475  2.414 0.2000000030
67243  68.743  -10.390  2.529 0.2000000030
66243  68.495  -11.221  2.570 0.2000000030
70138  69.012  -7.056  1.912 0.1000000015
126088  68.726  -6.758  1.139 0.1000000015
129055  68.655  -9.046  1.633 0.1000000015
69224  69.216  -8.450  2.596 0.1000000015
69233  68.836  -8.068  1.744 0.1000000015
72073  69.168  -5.291  1.405 0.1000000015
72082  69.603  -4.603  1.288 0.1000000015
71131  68.717  -6.016  0.835 0.1000000015
120401  68.400  -6.109  -0.284 0.1000000015
73126  68.800  -4.152  -0.262 0.1000000015
72083  68.829  -5.021  0.473 0.1000000015
24918  43.258  -52.981  23.863 0.6999999881
27852  40.026  -49.288  10.558 0.2000000030
29845  41.433  -47.190  9.395 0.3000000119
30900  41.582  -46.816  9.903 0.3000000119
45863  46.631  -32.788  -0.984 0.1000000015
45602  56.488  -32.567  22.318 0.3000000119
46544  57.443  -31.726  21.813 0.4000000060
56629  66.639  -21.955  11.626 0.4000000060
58544  66.348  -18.976  12.903 0.2000000030
55718  66.470  -22.946  12.095 0.6000000238
46717  44.185  -31.482  0.590 0.2000000030
44818  45.075  -33.131  -0.845 0.1000000015
61543  68.375  -16.192  7.850 0.2000000030
25740  40.975  -51.526  26.054 0.4000000060
123725  56.166  -31.740  22.699 0.3000000119
24892  41.641  -51.927  25.685 0.6999999881
24906  43.593  -52.596  24.246 0.6000000238
26727  46.092  -51.055  23.124 0.6999999881
124392  40.473  -46.549  7.763 0.2000000030
30916  40.771  -46.313  8.852 0.3000000119
56768  53.226  -21.720  -0.628 0.2000000030
121431  68.418  -13.881  5.288 0.2000000030
63457  71.155  -14.252  4.768 0.3000000119
64363  71.172  -13.485  5.660 0.2000000030
65245  69.503  -12.706  5.465 0.2000000030
128058  71.089  -12.465  5.508 0.2000000030
28678  28.114  -48.841  24.466 0.3000000119
29661  27.450  -48.232  24.079 0.4000000060
136993  28.116  -48.572  23.365 0.4000000060
29670  26.080  -46.847  23.654 0.2000000030
140081  27.819  -48.712  25.271 0.3000000119
141253  28.230  -49.079  25.317 0.3000000119
126959  27.332  -48.459  25.655 0.3000000119
29663  25.635  -46.979  24.442 0.2000000030
30697  25.042  -46.706  25.152 0.2000000030
30709  24.985  -46.112  25.144 0.2000000030
138963  24.795  -45.901  25.911 0.2000000030
135547  47.036  -50.376  22.522 0.6000000238
26746  47.688  -50.931  22.391 0.6000000238
29654  24.720  -47.056  25.950 0.2000000030
32874  24.541  -45.519  28.239 0.2000000030
32888  24.697  -45.749  26.939 0.2000000030
31806  24.356  -46.444  26.874 0.2000000030
30698  24.719  -46.536  25.893 0.2000000030
133986  43.389  -50.172  24.112 0.6000000238
27704  44.711  -49.778  23.196 0.6999999881
26728  45.270  -50.712  23.345 0.6999999881
27703  46.589  -49.617  22.467 0.6000000238
27689  45.694  -49.855  22.814 0.6000000238
27702  47.440  -49.854  22.127 0.6000000238
31794  23.849  -46.219  28.196 0.2000000030
32943  24.025  -44.134  21.714 0.1000000015
32851  32.385  -44.482  31.039 0.3000000119
120061  38.681  -50.819  27.176 0.3000000119
28667  43.030  -48.213  24.441 0.5000000000
27682  43.080  -49.314  24.101 0.5000000000
27675  42.203  -49.588  25.072 0.5000000000
28685  44.814  -48.871  22.734 0.5000000000
139948  44.046  -49.032  23.049 0.6000000238
27690  43.823  -49.751  23.592 0.6000000238
29675  45.715  -47.580  22.466 0.6000000238
130831  44.914  -47.823  22.619 0.6000000238
29674  46.447  -47.829  22.258 0.6000000238
28684  45.875  -48.585  22.481 0.6000000238
31767  32.954  -44.749  31.262 0.3000000119
33959  32.682  -43.399  31.203 0.2000000030
31772  32.892  -45.294  30.825 0.3000000119
29650  43.101  -47.766  25.547 0.4000000060
28649  42.669  -48.102  25.982 0.3000000119
29634  42.466  -47.594  27.139 0.2000000030
29666  44.336  -47.345  22.942 0.6000000238
29659  43.739  -47.576  23.679 0.5000000000
29676  45.215  -46.774  22.717 0.6999999881
125358  46.913  -47.061  22.262 0.6000000238
30720  46.185  -46.530  22.583 0.6999999881
32922  42.906  -44.978  23.342 0.2000000030
32934  43.300  -44.496  22.800 0.2000000030
34075  43.245  -43.670  21.532 0.1000000015
34028  51.488  -43.305  23.856 0.5000000000
34061  43.752  -43.766  22.276 0.1000000015
29642  43.265  -47.657  26.631 0.3000000119
132112  45.195  -46.152  23.531 0.5000000000
36131  52.583  -42.058  23.840 0.6000000238
35118  52.051  -42.641  24.001 0.5000000000
37121  53.369  -41.525  23.535 0.5000000000
36142  53.911  -41.924  23.055 0.4000000060
132135  52.852  -40.435  23.759 0.4000000060
38184  52.421  -39.436  23.915 0.4000000060
37139  53.825  -40.733  23.425 0.4000000060
131679  53.556  -38.159  23.678 0.4000000060
38198  53.324  -39.757  23.630 0.4000000060
40175  53.890  -37.051  23.755 0.4000000060
42263  54.876  -35.547  23.470 0.3000000119
41173  53.438  -36.497  24.593 0.3000000119
48341  57.775  -29.020  22.303 0.4000000060
48340  58.226  -28.684  21.844 0.5000000000
120127  58.092  -29.471  21.974 0.4000000060
60771  63.104  -17.615  -3.470 0.2000000030
59819  61.350  -18.224  -4.266 0.3000000119
48354  58.138  -29.285  21.554 0.6000000238
60743  68.870  -18.120  -1.195 0.3000000119
59798  57.270  -18.202  -2.689 0.2000000030
49330  58.252  -27.844  22.071 0.5000000000
49342  58.414  -28.438  21.828 0.5000000000
51449  58.107  -26.422  22.111 0.5000000000
51467  58.339  -26.780  21.710 0.5000000000
139547  57.407  -25.788  22.535 0.4000000060
52520  58.294  -25.745  21.652 0.4000000060
52533  58.304  -25.899  21.560 0.4000000060
62505  69.356  -15.768  4.689 0.5000000000
62533  69.372  -14.975  3.370 0.5000000000
53636  58.203  -23.925  21.932 0.4000000060
53623  58.316  -24.764  21.829 0.4000000060
62504  70.234  -15.613  5.325 0.5000000000
53674  58.582  -24.427  19.461 0.4000000060
53658  59.326  -23.574  20.369 0.4000000060
51519  60.291  -26.362  16.640 0.5000000000
54795  67.056  -24.309  12.230 0.5000000000
54796  66.742  -24.359  12.468 0.3000000119
52599  61.130  -25.778  17.349 0.5000000000
52663  65.848  -25.856  13.224 0.3000000119
51558  65.517  -27.432  13.301 0.4000000060
50481  64.500  -28.048  13.523 0.5000000000
50437  60.756  -27.146  16.241 0.5000000000
55719  65.903  -22.272  12.211 0.3000000119
51550  63.040  -27.815  15.427 0.4000000060
51498  62.039  -25.893  17.393 0.5000000000
52642  65.690  -26.794  13.382 0.4000000060
51559  64.476  -27.746  13.816 0.4000000060
50467  63.281  -28.474  14.900 0.5000000000
50436  62.073  -27.294  16.535 0.5000000000
51538  62.785  -26.833  15.946 0.4000000060
137328  63.214  -27.381  14.267 0.4000000060
52618  62.642  -25.603  16.401 0.3000000119
52598  62.863  -24.996  16.916 0.4000000060
51551  62.364  -26.934  14.606 0.4000000060
52627  61.772  -26.352  15.102 0.3000000119
51552  61.422  -26.454  14.141 0.4000000060
32887  25.289  -45.063  27.092 0.2000000030
29662  26.527  -47.554  24.168 0.2000000030
28670  27.040  -48.139  24.858 0.3000000119
31818  25.296  -45.486  25.251 0.2000000030
30714  26.422  -46.742  23.061 0.2000000030
28683  46.848  -48.791  22.146 0.6000000238
139461  53.645  -39.148  23.541 0.4000000060
132121  54.395  -38.106  23.255 0.4000000060
41181  55.083  -36.388  22.963 0.4000000060
47439  58.434  -30.662  21.123 0.5000000000
47422  58.136  -29.720  21.544 0.5000000000
58749  54.638  -20.330  -2.377 0.2000000030
59800  55.765  -18.960  -2.330 0.2000000030
59799  56.490  -18.570  -2.518 0.2000000030
59797  58.058  -17.863  -2.878 0.3000000119
60764  57.827  -17.830  -2.044 0.2000000030
59810  58.265  -18.065  -3.633 0.2000000030
52542  58.560  -24.949  21.408 0.4000000060
62519  70.599  -15.144  4.959 0.3000000119
31771  33.418  -46.138  30.251 0.2000000030
51459  58.379  -26.777  21.800 0.5000000000
50482  63.870  -28.056  14.313 0.5000000000
119708  64.606  -25.174  12.818 0.3000000119
62520  69.916  -15.224  4.257 0.5000000000
60744  67.797  -17.675  -1.497 0.4000000060
120187  68.657  -16.221  8.468 0.2000000030
30664  41.951  -47.092  27.072 0.2000000030
130045  44.463  -46.798  23.480 0.4000000060
29633  43.180  -47.579  27.083 0.3000000119
131767  24.503  -45.280  29.389 0.2000000030
30685  24.146  -46.955  26.807 0.1000000015
32935  42.579  -44.817  22.664 0.2000000030
60761  62.728  -16.853  -3.079 0.3000000119
59808  62.259  -17.938  -3.830 0.2000000030
60757  66.675  -18.164  -2.413 0.2000000030
60760  63.514  -16.890  -2.926 0.3000000119
27674  42.546  -48.996  24.720 0.4000000060
52579  61.869  -25.112  17.642 0.5000000000
26701  42.852  -51.010  24.692 0.5000000000
26714  42.804  -50.009  24.552 0.5000000000
140572  60.084  -24.484  17.955 0.5000000000
131395  66.341  -23.365  12.320 0.4000000060
29652  26.230  -47.620  24.798 0.2000000030
29653  25.507  -47.417  25.340 0.2000000030
28674  43.483  -48.649  23.495 0.5000000000
28673  44.044  -48.178  22.899 0.5000000000
30711  45.887  -45.934  22.950 0.5000000000
133167  46.097  -47.109  22.431 0.6000000238
28658  42.676  -48.331  25.221 0.3000000119
32948  42.935  -44.297  22.035 0.1000000015
40164  53.246  -37.288  24.208 0.4000000060
60756  67.525  -18.328  -2.127 0.2000000030
58761  57.128  -18.911  -3.952 0.2000000030
50374  58.454  -27.371  21.856 0.5000000000
52521  57.908  -25.369  22.210 0.4000000060
52580  60.842  -24.874  17.751 0.4000000060
51518  61.623  -26.511  17.013 0.5000000000
52643  64.936  -26.895  13.471 0.3000000119
30701  44.772  -46.380  24.460 0.3000000119
140146  45.364  -45.908  24.506 0.3000000119
29649  43.847  -47.230  26.411 0.2000000030
30700  45.251  -46.074  25.404 0.2000000030
31809  46.413  -45.228  25.554 0.2000000030
31823  45.828  -45.559  24.992 0.3000000119
126329  49.361  -44.971  23.064 0.5000000000
32908  47.527  -44.307  24.405 0.6000000238
31821  47.128  -44.766  23.880 0.5000000000
31837  47.697  -45.422  23.050 0.6000000238
31852  46.978  -46.081  22.642 0.6000000238
32921  43.514  -44.637  23.559 0.1000000015
36120  49.953  -41.376  25.038 0.3000000119
37097  49.790  -39.971  25.639 0.3000000119
36133  50.724  -41.510  24.549 0.3000000119
37098  49.322  -40.486  25.978 0.2000000030
35103  50.186  -42.274  24.726 0.4000000060
35092  49.060  -42.032  25.926 0.2000000030
132023  50.775  -42.984  24.282 0.4000000060
35104  49.427  -42.535  25.323 0.3000000119
35093  48.371  -42.387  26.145 0.2000000030
31798  46.170  -45.139  26.076 0.2000000030
34002  48.512  -43.336  25.756 0.2000000030
34043  44.575  -43.751  23.533 0.1000000015
122912  44.372  -43.598  22.822 0.1000000015
28624  38.187  -48.589  28.078 0.1000000015
39208  50.517  -38.647  25.946 0.3000000119
38161  49.959  -39.177  26.211 0.3000000119
38171  50.361  -39.462  25.366 0.3000000119
133998  49.365  -39.718  26.519 0.2000000030
120393  52.272  -41.115  23.944 0.5000000000
37123  51.258  -40.776  24.342 0.3000000119
37110  50.317  -40.480  24.898 0.3000000119
39197  50.104  -38.318  26.709 0.3000000119
38170  50.907  -38.853  25.053 0.3000000119
136542  50.694  -37.994  26.369 0.3000000119
39217  51.508  -38.264  24.798 0.3000000119
39207  51.084  -38.097  25.706 0.3000000119
40165  52.085  -37.781  24.632 0.3000000119
42584  49.553  -35.570  -1.768 0.1000000015
50635  57.954  -27.160  0.809 0.1000000015
41148  50.533  -36.739  26.704 0.2000000030
40155  51.721  -37.512  25.365 0.3000000119
42583  50.408  -35.632  -1.521 0.1000000015
42571  50.775  -34.922  -1.027 0.1000000015
43714  50.008  -34.844  -1.337 0.1000000015
134815  48.782  -35.510  -1.948 0.1000000015
43703  50.398  -34.192  -0.740 0.1000000015
42585  48.213  -35.011  -1.881 0.1000000015
123500  59.285  -27.602  1.755 0.1000000015
51711  57.687  -26.508  0.349 0.1000000015
51677  62.133  -26.715  2.224 0.1000000015
139988  60.602  -26.968  2.013 0.1000000015
51694  59.302  -26.811  1.324 0.1000000015
50618  58.633  -27.306  1.256 0.1000000015
51710  58.589  -26.420  0.700 0.1000000015
41135  49.865  -37.145  26.833 0.3000000119
51731  56.518  -26.158  -0.431 0.1000000015
51732  55.725  -26.384  -0.692 0.1000000015
51712  56.961  -26.737  0.074 0.1000000015
51733  54.907  -26.557  -1.019 0.1000000015
52840  58.145  -25.686  0.033 0.1000000015
51692  62.724  -26.240  1.946 0.1000000015
120656  61.434  -26.096  1.378 0.1000000015
50617  60.005  -27.091  1.851 0.1000000015
51691  63.349  -25.815  1.690 0.1000000015
51693  62.058  -26.152  1.613 0.1000000015
51750  63.335  -26.793  -1.037 0.1000000015
51751  62.534  -26.727  -1.291 0.1000000015
51728  63.618  -25.989  -0.375 0.1000000015
50673  62.277  -27.209  -2.041 0.1000000015
51752  61.507  -27.015  -2.073 0.1000000015
138928  61.917  -26.725  -1.552 0.1000000015
139261  60.343  -26.632  -2.486 0.1000000015
52856  64.909  -25.533  0.425 0.1000000015
51729  62.762  -25.865  -0.589 0.1000000015
51753  60.835  -26.558  -1.948 0.1000000015
52892  60.104  -25.886  -1.906 0.1000000015
52893  59.405  -25.700  -2.292 0.1000000015
52877  61.890  -25.767  -0.935 0.1000000015
52878  60.952  -25.493  -1.228 0.1000000015
52881  58.696  -25.173  -2.277 0.1000000015
52857  63.914  -25.429  0.195 0.1000000015
52858  63.089  -25.198  -0.067 0.1000000015
52879  60.215  -25.054  -1.208 0.1000000015
52880  59.514  -25.187  -1.640 0.1000000015
52894  57.811  -25.052  -2.974 0.1000000015
52859  62.227  -25.169  -0.229 0.1000000015
52860  61.379  -25.100  -0.467 0.1000000015
129325  60.728  -24.979  -0.740 0.1000000015
53961  59.054  -24.908  -1.459 0.1000000015
53969  58.039  -24.704  -2.152 0.1000000015
52835  62.591  -25.132  0.219 0.1000000015
52837  60.811  -25.018  -0.092 0.1000000015
125790  60.152  -24.892  -0.651 0.1000000015
53962  58.461  -24.773  -1.594 0.1000000015
53963  57.781  -24.645  -1.644 0.1000000015
53972  55.911  -23.974  -2.127 0.1000000015
138444  56.343  -24.373  -1.755 0.1000000015
52836  61.717  -25.050  0.088 0.1000000015
53952  58.911  -24.767  -1.048 0.1000000015
53953  58.204  -24.788  -1.096 0.1000000015
53954  57.558  -24.807  -1.155 0.1000000015
53965  55.715  -24.358  -1.604 0.1000000015
52862  58.590  -25.064  -0.521 0.1000000015
52882  56.286  -24.820  -1.292 0.1000000015
52883  55.496  -24.951  -1.230 0.1000000015
52838  59.890  -25.208  0.047 0.1000000015
52864  56.924  -25.229  -0.821 0.1000000015
52865  56.046  -25.543  -0.887 0.1000000015
52839  59.011  -25.452  0.132 0.1000000015
52863  57.795  -25.187  -0.625 0.1000000015
52866  55.228  -25.723  -1.047 0.1000000015
52885  53.762  -25.327  -1.193 0.1000000015
51730  57.314  -25.911  -0.208 0.1000000015
131557  54.360  -25.928  -1.217 0.1000000015
51709  60.345  -25.753  0.705 0.1000000015
137874  59.951  -26.436  1.259 0.1000000015
123457  59.511  -26.017  0.727 0.1000000015
50616  60.672  -26.414  1.476 0.1000000015
52802  64.074  -25.768  1.967 0.1000000015
52920  58.586  -25.368  -5.075 0.1000000015
53986  57.663  -24.249  -4.959 0.1000000015
54959  57.654  -23.427  -5.261 0.1000000015
51771  60.960  -27.026  -2.709 0.1000000015
51785  60.291  -26.855  -3.212 0.1000000015
51787  58.906  -26.124  -3.873 0.1000000015
53977  57.924  -24.985  -4.644 0.1000000015
55883  57.073  -22.784  -4.990 0.1000000015
55884  56.543  -22.162  -4.575 0.1000000015
51786  59.563  -26.516  -3.533 0.1000000015
54953  57.115  -23.661  -4.655 0.1000000015
52901  57.725  -25.186  -3.868 0.1000000015
53978  57.230  -24.472  -4.146 0.1000000015
54954  56.570  -23.066  -4.344 0.1000000015
51727  64.526  -26.150  -0.240 0.1000000015
51772  59.721  -26.417  -2.718 0.1000000015
53979  56.694  -23.807  -4.037 0.1000000015
52900  58.330  -25.625  -3.409 0.1000000015
53974  57.300  -24.698  -3.340 0.1000000015
54948  56.187  -23.374  -3.575 0.1000000015
53975  56.692  -24.173  -3.240 0.1000000015
141404  55.821  -23.340  -3.114 0.1000000015
52833  64.279  -25.287  0.729 0.1000000015
53970  57.311  -24.507  -2.411 0.1000000015
53971  56.574  -24.211  -2.266 0.1000000015
54945  55.457  -23.327  -2.652 0.1000000015
52834  63.433  -25.245  0.475 0.1000000015
53966  54.824  -24.239  -1.444 0.1000000015
121333  54.043  -23.748  -1.317 0.1000000015
52884  54.640  -25.062  -1.210 0.1000000015
120156  53.964  -24.441  -1.200 0.1000000015
52815  62.856  -25.491  1.073 0.1000000015
52816  61.999  -25.486  0.786 0.1000000015
52812  65.544  -25.182  1.997 0.1000000015
52814  63.798  -25.368  1.161 0.1000000015
52813  64.759  -25.299  1.416 0.1000000015
123381  58.132  -23.951  -5.459 0.1000000015
56787  57.196  -21.748  -5.203 0.1000000015
51800  59.458  -26.394  -4.297 0.1000000015
57728  56.533  -20.513  -4.472 0.1000000015
58762  56.453  -19.395  -3.708 0.1000000015
57723  56.188  -20.123  -3.973 0.1000000015
142395  55.564  -19.482  -2.781 0.1000000015
51749  64.220  -26.851  -0.878 0.1000000015
55876  56.055  -22.504  -3.955 0.1000000015
125734  54.984  -20.767  -3.068 0.1000000015
54949  55.644  -22.846  -3.341 0.1000000015
56777  54.959  -21.568  -3.067 0.1000000015
52855  65.871  -25.698  0.286 0.1000000015
55873  55.090  -22.450  -2.927 0.1000000015
55870  54.122  -22.490  -1.800 0.1000000015
54941  55.217  -23.712  -1.889 0.1000000015
52832  65.017  -25.165  0.921 0.1000000015
54942  54.432  -23.380  -1.657 0.1000000015
129186  57.161  -20.599  -5.062 0.1000000015
56792  57.873  -21.101  -5.525 0.1000000015
59812  56.775  -18.710  -3.271 0.1000000015
51784  61.080  -27.067  -3.651 0.1000000015
52908  59.014  -25.988  -4.716 0.1000000015
53985  58.294  -24.640  -5.307 0.1000000015
139063  57.933  -21.849  -5.600 0.1000000015
58776  58.409  -19.088  -4.831 0.1000000015
51726  65.457  -26.247  -0.231 0.1000000015
51798  61.188  -26.873  -4.633 0.1000000015
53992  58.721  -24.120  -5.818 0.1000000015
56791  58.579  -21.526  -5.812 0.1000000015
57737  58.765  -20.646  -5.673 0.1000000015
51748  65.159  -26.866  -0.818 0.1000000015
50694  62.862  -27.404  -2.756 0.1000000015
135976  60.508  -26.581  -5.098 0.1000000015
53991  59.389  -24.376  -6.201 0.1000000015
142017  59.270  -21.276  -5.965 0.1000000015
58790  59.466  -19.927  -5.488 0.1000000015
135878  66.190  -26.253  -0.284 0.1000000015
50693  63.730  -27.426  -2.595 0.1000000015
50712  61.933  -27.163  -4.105 0.1000000015
52918  60.257  -25.948  -5.756 0.1000000015
132675  59.694  -23.130  -6.499 0.1000000015
57736  59.770  -20.721  -5.818 0.1000000015
50725  62.733  -27.019  -4.573 0.1000000015
51797  62.034  -26.846  -4.998 0.1000000015
51808  61.308  -26.440  -5.591 0.1000000015
54961  59.948  -23.850  -6.620 0.1000000015
55886  59.206  -21.975  -6.144 0.1000000015
56778  54.453  -21.125  -2.491 0.1000000015
51807  62.315  -26.427  -5.676 0.1000000015
52933  60.526  -25.142  -6.459 0.1000000015
55871  53.566  -22.091  -1.280 0.1000000015
59811  57.535  -18.355  -3.415 0.1000000015
58777  57.678  -19.058  -4.461 0.1000000015
59822  58.346  -18.479  -4.272 0.1000000015
59809  58.994  -17.904  -3.990 0.1000000015
59821  59.095  -18.509  -4.554 0.1000000015
60784  59.772  -18.020  -4.248 0.1000000015
130051  66.040  -26.737  -0.799 0.1000000015
50671  63.954  -27.298  -1.693 0.1000000015
50711  62.740  -27.320  -3.721 0.1000000015
59820  59.910  -18.661  -4.731 0.1000000015
134936  60.539  -17.695  -3.940 0.1000000015
50670  64.866  -27.269  -1.583 0.1000000015
50710  63.560  -27.348  -3.478 0.1000000015
56798  59.848  -22.432  -6.440 0.1000000015
124512  60.761  -18.850  -4.759 0.1000000015
52917  61.076  -25.828  -6.238 0.1000000015
53990  60.426  -24.414  -6.721 0.1000000015
58789  60.394  -20.114  -5.541 0.1000000015
127813  61.020  -19.569  -5.196 0.1000000015
56797  60.640  -22.113  -6.594 0.1000000015
57747  60.859  -21.443  -6.341 0.1000000015
50692  64.614  -27.380  -2.504 0.1000000015
132049  61.278  -20.326  -5.597 0.1000000015
58773  61.649  -19.135  -4.719 0.1000000015
57746  61.519  -20.983  -6.206 0.1000000015
59818  62.325  -18.734  -4.322 0.1000000015
58772  62.524  -19.508  -4.739 0.1000000015
59807  63.077  -18.525  -3.933 0.1000000015
59817  63.080  -19.179  -4.363 0.1000000015
123588  63.759  -18.353  -3.632 0.1000000015
60770  64.099  -17.704  -3.250 0.1000000015
58760  64.011  -19.240  -4.047 0.1000000015
59806  64.591  -18.607  -3.487 0.1000000015
59796  65.016  -17.991  -2.957 0.2000000030
58759  64.988  -19.229  -3.755 0.1000000015
58758  65.697  -19.505  -3.772 0.1000000015
59805  65.533  -18.873  -3.246 0.1000000015
59795  66.350  -18.881  -2.882 0.1000000015
59804  66.200  -19.348  -3.332 0.1000000015
119512  66.625  -19.705  -3.784 0.1000000015
58767  67.616  -19.912  -4.163 0.1000000015
120036  68.870  -20.083  -3.808 0.1000000015
133618  68.485  -19.965  -4.544 0.1000000015
58766  69.638  -19.895  -4.566 0.1000000015
58757  67.668  -19.781  -3.462 0.1000000015
58746  66.893  -19.430  -3.123 0.1000000015
58756  69.766  -19.959  -3.174 0.1000000015
119563  67.189  -18.910  -2.651 0.1000000015
59794  68.206  -19.199  -2.396 0.2000000030
143242  67.651  -19.484  -2.900 0.1000000015
120068  68.574  -19.854  -3.035 0.1000000015
58755  70.610  -19.777  -3.149 0.1000000015
58745  69.384  -19.704  -2.546 0.1000000015
59782  70.744  -19.142  -1.462 0.2000000030
58735  70.129  -19.568  -2.027 0.2000000030
58736  69.089  -19.268  -2.004 0.1000000015
58734  71.094  -19.570  -2.182 0.2000000030
58744  70.482  -19.752  -2.670 0.1000000015
59783  69.483  -18.901  -1.554 0.3000000119
59784  68.440  -18.588  -1.751 0.2000000030
59781  71.593  -19.106  -1.704 0.2000000030
60742  69.878  -18.510  -1.103 0.3000000119
63468  69.360  -14.706  2.475 0.4000000060
63479  69.220  -14.700  1.436 0.4000000060
63493  68.909  -14.908  0.844 0.4000000060
60731  69.527  -17.765  -0.702 0.3000000119
60729  72.159  -17.702  -0.893 0.2000000030
131502  70.675  -18.388  -0.829 0.2000000030
60730  71.563  -18.103  -0.740 0.2000000030
63459  70.077  -14.742  3.476 0.4000000060
140956  70.051  -14.499  2.577 0.4000000060
62563  69.260  -15.407  0.462 0.4000000060
61644  71.761  -17.190  -0.493 0.3000000119
30652  36.875  -47.019  28.366 0.1000000015
136423  37.394  -48.855  27.931 0.1000000015
26663  38.227  -50.043  27.520 0.1000000015
32919  48.150  -44.614  23.501 0.5000000000
121026  50.564  -43.961  23.434 0.5000000000
32905  51.080  -43.845  23.331 0.5000000000
56773  53.978  -21.570  -1.878 0.1000000015
124567  54.063  -20.718  -1.803 0.1000000015
58737  55.072  -19.521  -2.149 0.1000000015
59787  55.533  -18.886  -1.540 0.1000000015
27652  37.815  -49.422  27.974 0.1000000015
28623  39.038  -48.186  28.031 0.1000000015
28625  37.448  -48.241  28.053 0.1000000015
123475  38.300  -48.013  28.069 0.1000000015
31797  46.952  -44.772  25.765 0.2000000030
132431  47.379  -44.140  25.958 0.2000000030
32877  48.027  -43.785  25.928 0.2000000030
129398  48.301  -43.211  26.165 0.2000000030
32920  44.111  -44.294  23.965 0.1000000015
54943  53.750  -23.010  -1.271 0.1000000015
31838  46.573  -45.374  23.381 0.5000000000
31839  45.832  -45.586  23.864 0.3000000119
36132  51.691  -41.784  24.203 0.4000000060
39216  52.154  -38.495  24.212 0.3000000119
38185  51.545  -39.111  24.359 0.3000000119
37122  51.842  -40.094  24.095 0.3000000119
58747  56.087  -19.118  -3.039 0.1000000015
58778  56.910  -19.732  -4.460 0.1000000015
31822  46.441  -45.136  24.486 0.4000000060
31808  46.975  -44.715  25.069 0.2000000030
136414  48.927  -44.234  23.560 0.5000000000
32892  48.371  -43.579  25.362 0.3000000119
32893  47.618  -44.189  25.516 0.2000000030
32907  48.168  -43.865  24.296 0.5000000000
36108  49.418  -41.270  25.603 0.3000000119
34015  50.032  -42.957  24.514 0.4000000060
34001  48.882  -42.864  25.881 0.3000000119
34016  49.180  -43.111  25.002 0.5000000000
51678  61.301  -26.864  2.147 0.1000000015
50600  62.006  -27.326  2.725 0.1000000015
51663  62.711  -26.886  2.608 0.1000000015
52817  61.189  -25.557  0.701 0.1000000015
52861  59.388  -24.938  -0.550 0.1000000015
53964  57.010  -24.555  -1.589 0.1000000015
56788  56.539  -21.248  -4.625 0.1000000015
55888  57.758  -22.563  -5.470 0.1000000015
50695  61.885  -27.296  -2.989 0.1000000015
128555  56.028  -20.861  -4.087 0.1000000015
50672  63.091  -27.280  -1.852 0.1000000015
56781  55.482  -21.207  -3.606 0.1000000015
54944  56.084  -23.757  -2.816 0.1000000015
54946  54.754  -22.937  -2.240 0.1000000015
126931  58.427  -23.249  -5.785 0.1000000015
51809  59.719  -26.358  -5.001 0.1000000015
57724  55.595  -20.464  -3.531 0.1000000015
58748  55.227  -20.046  -2.922 0.1000000015
55877  55.503  -22.024  -3.550 0.1000000015
55874  54.503  -22.011  -2.441 0.1000000015
58792  57.717  -19.730  -5.008 0.1000000015
52919  59.334  -25.674  -5.417 0.1000000015
55887  58.484  -22.328  -5.858 0.1000000015
58791  58.558  -19.779  -5.316 0.1000000015
52934  59.691  -25.157  -6.065 0.1000000015
55892  59.113  -22.783  -6.225 0.1000000015
122723  59.970  -24.599  -6.451 0.1000000015
58775  59.243  -19.174  -5.076 0.1000000015
56790  60.034  -21.537  -6.232 0.1000000015
58774  60.130  -19.342  -5.182 0.1000000015
129635  60.466  -23.022  -6.798 0.1000000015
57735  60.659  -20.865  -5.937 0.1000000015
58788  61.890  -19.847  -5.190 0.1000000015
57734  62.100  -20.444  -5.686 0.1000000015
139423  64.313  -19.837  -4.639 0.1000000015
58770  64.983  -19.641  -4.264 0.1000000015
58768  66.672  -19.792  -4.561 0.1000000015
121775  70.192  -19.837  -3.798 0.1000000015
58743  71.019  -19.607  -2.753 0.1000000015
28642  28.254  -48.905  29.569 0.1000000015
28615  27.739  -48.712  30.413 0.1000000015
27665  28.502  -49.171  28.397 0.1000000015
27673  28.603  -49.393  27.156 0.1000000015
130623  27.730  -48.669  29.098 0.1000000015
28653  28.239  -49.113  27.185 0.2000000030
28661  27.821  -48.845  26.420 0.2000000030
28660  28.192  -49.133  26.187 0.2000000030
28641  27.890  -48.854  27.861 0.1000000015
28644  25.882  -48.491  28.175 0.1000000015
28654  27.018  -48.422  26.530 0.1000000015
28643  26.987  -48.551  27.905 0.1000000015
28656  24.936  -48.083  27.256 0.1000000015
28655  26.009  -48.267  26.896 0.1000000015
29644  25.171  -47.695  26.273 0.1000000015
28663  26.041  -47.999  26.000 0.1000000015
28662  26.532  -48.029  25.459 0.1000000015
29645  24.324  -47.427  26.883 0.1000000015
41373  39.431  -36.693  7.842 0.2000000030
41392  39.316  -36.397  6.947 0.2000000030
53720  62.249  -24.598  16.580 0.3000000119
63458  70.701  -14.645  4.344 0.2000000030
64403  71.052  -13.057  2.058 0.2000000030
135710  71.468  -12.012  4.639 0.1000000015
42473  40.497  -35.448  8.067 0.2000000030
39419  38.750  -38.464  7.925 0.2000000030
63444  70.900  -14.785  5.386 0.2000000030
64413  70.778  -13.796  1.518 0.3000000119
62561  71.642  -15.570  -0.376 0.2000000030
65274  71.454  -12.847  4.400 0.2000000030
121266  71.297  -12.972  3.247 0.2000000030
27679  28.543  -49.391  25.843 0.2000000030
51560  61.884  -26.504  13.735 0.3000000119
126489  70.364  -14.940  4.258 0.3000000119
28629  26.940  -48.596  29.414 0.1000000015
64412  71.075  -13.126  0.880 0.2000000030
122237  71.497  -12.081  3.683 0.2000000030
31765  34.256  -45.021  31.196 0.1000000015
39215  52.748  -37.880  24.204 0.2000000030
40154  52.634  -36.951  24.996 0.2000000030
46556  58.554  -31.279  21.202 0.3000000119
41160  52.631  -36.112  25.849 0.2000000030
44502  54.869  -33.039  24.408 0.2000000030
47424  57.478  -30.012  22.287 0.3000000119
46534  55.700  -31.005  23.286 0.2000000030
47406  54.195  -29.613  24.426 0.1000000015
47404  56.122  -30.169  23.001 0.3000000119
120685  55.356  -29.370  23.650 0.2000000030
48342  56.525  -29.258  22.851 0.2000000030
48320  55.708  -28.509  23.408 0.2000000030
49331  56.952  -28.389  22.770 0.3000000119
48302  53.289  -29.610  24.462 0.1000000015
48321  54.510  -28.636  24.011 0.2000000030
48322  53.510  -28.857  24.174 0.1000000015
50375  57.843  -27.149  22.398 0.4000000060
121058  57.397  -27.699  22.646 0.4000000060
49311  56.157  -27.720  23.199 0.3000000119
50361  54.582  -27.291  23.596 0.2000000030
49332  53.450  -28.445  22.952 0.1000000015
48355  53.615  -29.048  21.849 0.1000000015
51450  57.143  -26.414  22.693 0.4000000060
50359  56.540  -27.011  22.964 0.3000000119
50360  55.413  -27.163  23.376 0.2000000030
49312  54.995  -27.813  23.647 0.2000000030
118734  57.121  -25.050  22.619 0.3000000119
51436  55.546  -26.572  23.211 0.2000000030
127096  54.922  -26.760  23.411 0.2000000030
50388  53.515  -27.081  22.247 0.1000000015
128441  56.311  -24.935  22.708 0.3000000119
51437  54.914  -26.127  23.146 0.2000000030
50377  53.920  -26.794  23.101 0.1000000015
50398  53.231  -27.608  21.232 0.1000000015
49354  52.944  -28.121  20.292 0.1000000015
53625  56.838  -24.359  22.539 0.3000000119
51451  54.282  -26.104  22.874 0.1000000015
51452  53.664  -26.040  22.201 0.1000000015
51469  53.129  -26.524  21.367 0.1000000015
50399  52.806  -27.062  20.443 0.1000000015
53635  58.641  -24.200  21.532 0.3000000119
132986  59.576  -23.681  19.514 0.3000000119
52523  55.472  -25.338  22.817 0.2000000030
52524  54.633  -25.482  22.650 0.1000000015
54664  57.454  -23.779  22.253 0.3000000119
53627  55.020  -24.848  22.384 0.2000000030
52535  53.620  -25.153  21.803 0.1000000015
51460  53.107  -25.443  21.343 0.1000000015
51470  52.760  -25.988  20.568 0.1000000015
54686  59.553  -22.827  20.648 0.3000000119
53657  60.128  -22.822  19.950 0.3000000119
53671  61.332  -23.170  18.656 0.3000000119
53692  61.787  -24.129  18.012 0.3000000119
53693  60.765  -24.046  18.380 0.3000000119
53673  59.415  -24.352  18.472 0.3000000119
54688  56.826  -23.051  21.220 0.3000000119
54676  56.143  -23.631  21.744 0.1000000015
53647  54.179  -24.285  21.188 0.1000000015
53649  52.909  -24.807  20.315 0.1000000015
55626  59.105  -22.556  20.835 0.3000000119
54675  57.243  -23.286  22.019 0.3000000119
53637  55.533  -24.235  22.141 0.1000000015
53639  53.820  -24.729  21.493 0.1000000015
52545  52.755  -25.138  20.540 0.1000000015
54699  60.315  -22.233  19.949 0.3000000119
53670  61.692  -23.248  18.268 0.3000000119
53709  61.618  -23.653  16.863 0.2000000030
54753  58.644  -22.699  16.626 0.2000000030
51570  63.709  -26.644  13.449 0.2000000030
51571  62.428  -26.345  13.330 0.2000000030
52664  64.813  -26.179  13.318 0.2000000030
52665  62.784  -25.883  12.873 0.2000000030
53780  63.466  -24.608  12.252 0.2000000030
132060  62.065  -25.739  12.709 0.2000000030
53791  62.470  -24.025  11.604 0.1000000015
53790  63.451  -23.762  11.833 0.1000000015
54808  61.901  -22.988  10.914 0.1000000015
54807  62.953  -23.026  11.357 0.1000000015
131666  65.727  -22.948  12.346 0.1000000015
54798  64.538  -24.062  12.425 0.1000000015
54805  64.915  -23.067  12.338 0.1000000015
54806  63.926  -23.055  11.784 0.1000000015
55732  64.324  -22.196  11.942 0.1000000015
55720  65.153  -22.167  12.326 0.1000000015
56632  63.787  -21.320  11.954 0.1000000015
64398  66.783  -13.485  3.291 0.1000000015
63419  68.681  -14.720  6.490 0.1000000015
68254  69.657  -8.827  3.408 0.1000000015
67242  69.373  -9.719  3.480 0.1000000015
54673  58.721  -23.348  21.385 0.3000000119
63418  69.344  -14.515  6.661 0.2000000030
62477  69.107  -15.070  7.137 0.1000000015
128274  33.534  -45.865  30.891 0.1000000015
54764  60.483  -23.406  16.414 0.2000000030
140511  59.305  -22.837  16.495 0.2000000030
54674  57.963  -23.386  21.844 0.3000000119
56615  65.218  -21.191  12.354 0.1000000015
67214  70.257  -10.847  4.914 0.1000000015
67231  69.793  -10.155  4.283 0.1000000015
67251  68.423  -10.139  1.726 0.1000000015
137934  57.921  -28.287  22.282 0.3000000119
53624  57.694  -24.476  22.305 0.3000000119
49313  54.106  -28.000  23.927 0.1000000015
50362  54.015  -27.440  23.638 0.2000000030
50376  54.401  -26.753  23.354 0.2000000030
49314  53.591  -28.172  23.807 0.1000000015
49343  53.544  -28.090  22.050 0.1000000015
52522  56.441  -25.686  22.829 0.3000000119
54665  56.534  -23.892  22.318 0.2000000030
52544  53.185  -24.880  21.107 0.1000000015
53672  60.433  -23.394  19.130 0.3000000119
53638  54.602  -24.538  21.851 0.1000000015
54766  58.309  -23.346  15.983 0.2000000030
121454  63.574  -25.594  12.774 0.2000000030
53781  62.457  -25.108  12.286 0.2000000030
52666  61.412  -25.324  12.252 0.2000000030
53792  61.727  -24.655  11.758 0.1000000015
56631  64.583  -21.450  12.256 0.1000000015
68244  70.149  -9.352  4.008 0.1000000015
24978  30.518  -52.475  16.408 0.1000000015
25018  33.677  -52.672  12.149 0.2000000030
24930  30.527  -52.385  22.505 0.1000000015
24937  30.552  -52.463  21.690 0.1000000015
24943  30.562  -52.486  20.807 0.1000000015
24054  30.471  -53.365  20.291 0.1000000015
121545  30.582  -51.983  18.298 0.1000000015
22244  35.503  -54.888  19.238 0.2000000030
23163  34.978  -54.451  17.476 0.2000000030
120683  30.363  -53.069  16.920 0.1000000015
24967  30.532  -52.351  17.336 0.1000000015
23162  35.485  -54.068  17.990 0.2000000030
23175  34.831  -54.085  16.664 0.2000000030
25835  30.689  -51.640  16.731 0.1000000015
127104  30.525  -51.731  21.973 0.1000000015
25801  30.484  -51.112  21.574 0.1000000015
120563  30.576  -51.706  21.213 0.1000000015
25810  30.612  -51.664  20.360 0.1000000015
24955  30.524  -52.639  18.879 0.1000000015
24084  35.784  -53.495  17.546 0.2000000030
24096  35.110  -53.549  16.497 0.2000000030
25851  30.678  -51.846  15.681 0.1000000015
24987  35.164  -53.052  16.056 0.2000000030
120598  34.857  -52.934  15.274 0.2000000030
24994  34.992  -52.332  14.711 0.2000000030
25017  34.351  -52.024  12.729 0.2000000030
27672  29.017  -49.823  26.394 0.1000000015
133021  29.344  -50.100  24.757 0.1000000015
26736  29.831  -50.430  22.938 0.1000000015
141800  30.425  -51.214  22.211 0.1000000015
134701  30.573  -51.015  20.808 0.1000000015
119828  30.646  -50.901  20.021 0.1000000015
26791  30.639  -50.659  19.277 0.1000000015
27686  28.554  -49.335  24.752 0.1000000015
27698  28.878  -49.572  23.835 0.2000000030
43632  41.702  -34.274  6.073 0.1000000015
41434  42.709  -35.909  4.136 0.1000000015
42512  40.995  -35.173  5.303 0.1000000015
42514  39.667  -35.922  6.217 0.1000000015
40442  43.322  -37.009  3.271 0.1000000015
41435  41.604  -36.115  4.393 0.1000000015
41436  40.637  -36.599  4.358 0.1000000015
41437  39.580  -36.804  5.055 0.1000000015
40463  44.017  -37.786  2.083 0.1000000015
40452  42.954  -37.929  3.202 0.1000000015
132792  44.266  -38.283  0.874 0.1000000015
39491  43.556  -38.668  2.170 0.1000000015
43657  42.994  -34.705  4.803 0.1000000015
41445  44.602  -36.403  2.860 0.1000000015
41446  43.654  -36.105  3.549 0.1000000015
42537  45.054  -35.617  3.313 0.1000000015
41454  43.806  -37.320  2.690 0.1000000015
124347  44.543  -38.030  -0.228 0.1000000015
41463  44.352  -37.134  1.246 0.1000000015
135752  44.431  -36.111  1.555 0.1000000015
42545  45.132  -35.711  2.872 0.1000000015
130494  44.371  -37.007  -0.170 0.1000000015
41476  44.300  -36.827  0.385 0.1000000015
44768  44.908  -34.182  3.774 0.1000000015
43655  45.409  -34.851  4.197 0.1000000015
44781  43.637  -33.736  2.365 0.1000000015
43676  44.790  -35.008  2.693 0.1000000015
42544  45.264  -35.145  3.408 0.1000000015
42552  44.374  -35.502  1.934 0.1000000015
41161  51.917  -36.671  26.026 0.1000000015
41147  51.273  -36.324  26.621 0.1000000015
131106  51.329  -35.587  26.690 0.1000000015
24129  34.520  -52.976  14.284 0.2000000030
132955  35.675  -52.769  16.299 0.2000000030
32095  39.722  -45.331  6.863 0.2000000030
40391  38.971  -37.233  7.310 0.1000000015
40375  38.757  -37.911  7.494 0.1000000015
42499  40.213  -35.240  6.602 0.1000000015
41391  39.823  -35.919  7.578 0.1000000015
122065  42.170  -34.064  6.719 0.1000000015
43618  41.344  -34.345  7.013 0.1000000015
44769  43.798  -33.363  3.263 0.1000000015
43631  42.795  -34.029  6.085 0.1000000015
43642  45.176  -34.535  4.546 0.1000000015
43656  44.743  -34.890  4.427 0.1000000015
43666  45.411  -34.831  3.906 0.1000000015
28858  38.783  -48.807  9.261 0.2000000030
44792  43.398  -33.623  1.286 0.1000000015
27685  29.012  -49.767  24.512 0.1000000015
41409  39.272  -36.616  6.208 0.1000000015
40408  38.948  -37.152  6.524 0.1000000015
27678  28.968  -49.768  25.298 0.2000000030
24949  30.562  -52.513  19.845 0.1000000015
25816  30.619  -51.615  19.331 0.1000000015
23153  35.142  -54.799  18.422 0.1000000015
24085  35.267  -53.786  17.158 0.2000000030
25005  34.191  -52.835  13.141 0.2000000030
24095  35.498  -53.258  16.760 0.2000000030
130290  34.525  -53.513  14.975 0.2000000030
43644  42.516  -34.354  5.490 0.1000000015
43646  41.078  -34.731  5.754 0.1000000015
43645  41.767  -34.782  5.258 0.1000000015
42527  43.832  -35.350  4.061 0.1000000015
42528  41.394  -35.403  4.891 0.1000000015
41447  42.466  -36.618  3.841 0.1000000015
120649  42.317  -35.311  4.616 0.1000000015
42513  40.402  -35.325  5.779 0.1000000015
42529  40.640  -35.845  4.945 0.1000000015
41426  39.481  -36.516  5.695 0.1000000015
41425  39.909  -36.113  5.386 0.1000000015
40443  42.299  -37.389  3.495 0.1000000015
41448  41.360  -36.994  3.888 0.1000000015
141681  40.073  -36.478  4.776 0.1000000015
40435  39.867  -37.148  4.225 0.1000000015
40421  39.107  -37.198  5.669 0.1000000015
40436  39.222  -37.526  4.808 0.1000000015
40462  44.260  -37.729  1.110 0.1000000015
119259  44.476  -36.902  1.957 0.1000000015
39480  43.294  -38.345  2.738 0.1000000015
143054  42.894  -38.845  2.573 0.1000000015
39481  42.551  -38.455  2.813 0.1000000015
40453  41.982  -37.953  3.129 0.1000000015
129444  43.747  -38.842  1.849 0.1000000015
135020  44.473  -38.502  0.218 0.1000000015
132160  44.762  -36.283  2.354 0.1000000015
42526  45.328  -35.003  3.867 0.1000000015
40472  44.384  -37.488  0.138 0.1000000015
43667  44.742  -34.458  3.277 0.1000000015
22236  35.680  -55.357  19.947 0.1000000015
128256  34.428  -54.470  16.028 0.1000000015
23152  35.796  -54.345  18.879 0.1000000015
23143  36.222  -54.721  19.746 0.1000000015
23194  34.274  -54.307  15.120 0.1000000015
24072  36.168  -53.791  18.423 0.1000000015
21293  32.601  -56.512  13.090 0.1000000015
24119  34.159  -53.861  14.225 0.1000000015
20276  32.861  -58.142  15.064 0.1000000015
21285  32.913  -56.896  13.995 0.1000000015
22275  33.684  -55.913  15.532 0.1000000015
22291  33.463  -55.506  13.995 0.1000000015
22283  33.830  -55.255  15.003 0.1000000015
130288  33.794  -54.670  14.162 0.1000000015
24130  34.036  -53.481  13.522 0.1000000015
20281  33.154  -57.272  15.013 0.1000000015
21284  33.391  -56.239  14.705 0.1000000015
21292  33.113  -56.176  13.778 0.1000000015
29881  36.780  -47.790  6.300 0.1000000015
121494  35.197  -53.096  8.749 0.1000000015
25947  35.405  -51.192  7.518 0.1000000015
27872  36.070  -49.172  7.304 0.1000000015
29887  38.243  -46.984  6.131 0.1000000015
122582  35.268  -52.346  8.347 0.1000000015
26914  35.610  -50.619  8.050 0.1000000015
26908  35.789  -50.918  8.838 0.1000000015
29880  37.662  -47.441  6.560 0.1000000015
26913  36.141  -50.145  8.502 0.1000000015
29873  38.031  -47.681  7.300 0.1000000015
28867  37.213  -48.969  8.380 0.1000000015
28875  37.593  -48.322  7.843 0.1000000015
125553  36.887  -49.664  8.908 0.1000000015
27868  37.712  -49.262  9.090 0.1000000015
26907  37.604  -50.040  9.759 0.1000000015
28874  38.506  -47.936  7.978 0.1000000015
27867  38.146  -48.625  8.635 0.1000000015
139899  38.234  -49.015  9.166 0.1000000015
27861  38.354  -49.395  9.610 0.1000000015
52632  57.208  -24.971  14.273 0.1000000015
53721  60.823  -24.380  15.853 0.1000000015
52631  58.046  -25.220  14.192 0.1000000015
52628  60.707  -25.976  14.437 0.1000000015
51561  61.002  -26.173  13.411 0.1000000015
54765  59.389  -23.344  16.137 0.1000000015
53723  58.524  -23.999  15.478 0.1000000015
53722  59.564  -24.089  15.593 0.1000000015
52630  58.960  -25.513  14.064 0.1000000015
52646  58.255  -25.751  13.394 0.1000000015
52629  59.839  -25.636  14.220 0.1000000015
51572  61.531  -26.003  12.956 0.1000000015
60740  72.166  -17.922  -1.309 0.1000000015
59780  71.850  -18.629  -1.760 0.1000000015
60754  71.667  -18.522  -2.314 0.1000000015
142308  71.195  -18.185  -2.644 0.1000000015
61667  70.259  -17.261  -2.369 0.1000000015
60755  70.587  -18.142  -3.115 0.1000000015
70204  67.871  -7.827  -6.753 0.1000000015
135014  67.896  -7.001  -6.397 0.1000000015
69297  67.718  -7.944  -5.680 0.1000000015
63525  67.741  -14.271  -1.847 0.1000000015
69300  67.786  -8.777  -6.570 0.1000000015
69298  67.545  -8.915  -5.841 0.1000000015
68324  67.337  -9.497  -5.512 0.1000000015
135884  66.216  -12.930  -2.664 0.1000000015
65339  66.979  -12.735  -2.340 0.1000000015
64456  67.289  -13.530  -1.997 0.1000000015
63528  67.805  -15.010  -2.008 0.1000000015
68326  67.528  -9.634  -6.430 0.1000000015
64353  70.386  -13.984  6.298 0.1000000015
63426  70.852  -14.169  6.071 0.1000000015
64421  71.061  -13.950  0.368 0.1000000015
137861  72.000  -16.459  -0.526 0.1000000015
61642  72.373  -16.572  -1.114 0.1000000015
136639  72.187  -17.302  -1.427 0.1000000015
60741  71.975  -17.878  -1.785 0.1000000015
61657  70.966  -16.646  -1.813 0.1000000015
71179  68.250  -6.368  -5.766 0.1000000015
62595  70.545  -15.644  -1.757 0.1000000015
137463  69.908  -16.317  -1.947 0.1000000015
70202  68.053  -7.035  -5.517 0.1000000015
64445  69.767  -13.637  -1.813 0.1000000015
63523  69.899  -14.632  -1.722 0.1000000015
62603  68.987  -16.525  -2.362 0.1000000015
69292  67.584  -8.796  -5.067 0.1000000015
68321  67.880  -8.937  -4.160 0.1000000015
67293  67.987  -10.604  -2.838 0.1000000015
129155  67.686  -12.270  -2.250 0.1000000015
65337  68.574  -12.333  -1.970 0.1000000015
137930  67.060  -10.084  -5.111 0.1000000015
68322  67.408  -9.499  -4.719 0.1000000015
67307  67.352  -10.439  -3.709 0.1000000015
66316  67.274  -11.121  -3.103 0.1000000015
66303  67.141  -11.873  -2.693 0.1000000015
65281  71.368  -12.207  2.534 0.1000000015
65288  71.233  -12.321  1.366 0.1000000015
63490  71.500  -14.626  -0.337 0.1000000015
64420  71.356  -13.144  -0.282 0.1000000015
122816  71.960  -13.877  -0.853 0.1000000015
63509  72.210  -15.047  -1.318 0.1000000015
62580  72.372  -16.147  -0.984 0.1000000015
64432  72.002  -13.257  -1.498 0.1000000015
64443  72.220  -13.879  -2.013 0.1000000015
62593  72.190  -15.930  -1.341 0.1000000015
65320  72.121  -12.795  -2.188 0.1000000015
63527  72.052  -13.874  -2.195 0.1000000015
62594  71.874  -15.882  -1.659 0.1000000015
65336  71.604  -12.997  -2.394 0.1000000015
63522  71.614  -14.903  -2.181 0.1000000015
66299  71.599  -12.043  -2.418 0.1000000015
64444  71.313  -13.868  -2.170 0.1000000015
70193  68.279  -7.294  -4.713 0.1000000015
67289  71.653  -10.446  -2.337 0.1000000015
125580  70.674  -12.471  -2.331 0.1000000015
64455  70.870  -13.208  -2.277 0.1000000015
69291  68.074  -8.140  -4.488 0.1000000015
126816  68.795  -10.708  -2.364 0.1000000015
66301  69.107  -11.509  -2.130 0.1000000015
130044  69.935  -10.864  -2.382 0.1000000015
141796  69.589  -12.136  -2.107 0.1000000015
68312  67.664  -9.690  -3.926 0.1000000015
67306  67.985  -9.998  -3.282 0.1000000015
67292  68.641  -9.951  -2.652 0.1000000015
66242  71.548  -11.206  3.100 0.1000000015
66248  71.409  -11.465  1.860 0.1000000015
65298  71.253  -12.380  0.269 0.1000000015
66260  71.322  -11.588  0.749 0.1000000015
134899  71.373  -11.712  -0.185 0.1000000015
65310  71.661  -12.350  -1.042 0.1000000015
64453  72.051  -13.277  -2.317 0.1000000015
66281  72.134  -11.848  -1.977 0.1000000015
129806  71.797  -10.274  -2.245 0.1000000015
71144  71.248  -6.663  -1.665 0.1000000015
68285  71.774  -9.400  -2.101 0.1000000015
72126  68.553  -5.548  -5.873 0.1000000015
70184  68.802  -7.525  -3.802 0.1000000015
68298  69.402  -9.292  -2.655 0.1000000015
68311  68.455  -9.234  -3.232 0.1000000015
67250  71.506  -10.610  2.436 0.1000000015
135217  71.412  -10.733  1.306 0.1000000015
68261  71.412  -9.773  0.976 0.1000000015
129188  71.332  -10.820  -0.016 0.1000000015
66271  71.665  -11.407  -1.188 0.1000000015
126258  71.697  -10.565  -1.380 0.1000000015
137770  71.781  -9.838  -1.661 0.1000000015
136730  71.426  -6.831  1.270 0.1000000015
129941  71.290  -7.194  -1.161 0.1000000015
71162  70.046  -6.327  -3.818 0.1000000015
70183  69.867  -7.161  -3.513 0.1000000015
69270  69.279  -8.607  -2.960 0.1000000015
69279  69.667  -7.943  -3.256 0.1000000015
69278  70.672  -7.752  -3.041 0.1000000015
70182  70.641  -6.841  -3.202 0.1000000015
71161  70.572  -6.036  -3.532 0.1000000015
74109  68.796  -3.246  -0.897 0.1000000015
117650  68.082  -4.427  -3.181 0.1000000015
134476  68.373  -3.514  -3.369 0.1000000015
24139  33.572  -53.563  12.584 0.1000000015
22300  33.408  -54.945  13.253 0.1000000015
71170  68.534  -6.539  -4.939 0.1000000015
71169  69.332  -6.013  -4.555 0.1000000015
72125  69.447  -5.244  -5.109 0.1000000015
72118  70.222  -5.438  -4.236 0.1000000015
72114  70.730  -5.493  -3.595 0.1000000015
72070  71.057  -5.379  1.555 0.1000000015
129573  71.344  -4.860  -1.550 0.1000000015
73161  70.877  -4.201  -4.296 0.1000000015
129438  71.451  -8.644  1.588 0.1000000015
71118  71.271  -6.239  1.953 0.1000000015
72098  71.291  -5.697  -1.618 0.1000000015
73152  70.994  -4.793  -3.613 0.1000000015
131394  71.305  -4.830  -0.455 0.1000000015
73160  71.183  -4.021  -3.771 0.1000000015
136329  71.009  -6.128  -2.869 0.1000000015
72088  71.357  -5.806  -0.751 0.1000000015
73151  71.317  -4.155  -3.110 0.1000000015
72107  71.197  -5.446  -2.469 0.1000000015
141921  71.114  -8.235  -2.683 0.1000000015
68269  71.433  -9.865  -0.470 0.1000000015
126142  71.204  -4.902  -2.976 0.1000000015
75023  69.926  -2.382  -0.624 0.1000000015
117843  68.579  -3.461  -2.552 0.1000000015
134488  68.980  -2.283  -1.785 0.1000000015
68297  70.470  -9.538  -2.579 0.1000000015
71136  71.367  -6.416  -0.398 0.1000000015
68296  71.305  -9.549  -2.458 0.1000000015
23204  33.712  -54.163  13.368 0.1000000015
23214  33.203  -54.382  12.574 0.1000000015
22235  36.715  -55.284  20.592 0.1000000015
25059  35.401  -52.512  9.239 0.1000000015
25921  35.529  -51.721  9.021 0.1000000015
29879  38.648  -47.206  6.685 0.1000000015
73117  69.357  -3.967  0.646 0.1000000015
52619  61.460  -25.309  15.568 0.1000000015
59775  71.429  -18.758  -1.175 0.1000000015
66237  71.501  -11.199  4.182 0.1000000015
53724  57.549  -24.043  15.324 0.1000000015
24109  34.731  -53.650  15.838 0.1000000015
28880  37.123  -48.002  7.127 0.1000000015
28881  36.384  -48.484  6.824 0.1000000015
28886  36.092  -48.377  5.958 0.1000000015
25933  35.452  -51.419  8.269 0.1000000015
27873  35.814  -49.866  7.726 0.1000000015
27869  36.439  -49.391  8.086 0.1000000015
27880  35.785  -49.055  6.496 0.1000000015
28876  36.757  -48.696  7.618 0.1000000015
52647  57.430  -25.556  13.501 0.1000000015
53741  57.825  -24.539  14.843 0.1000000015
53738  60.422  -25.224  15.035 0.1000000015
53739  59.682  -24.898  14.936 0.1000000015
52644  60.158  -25.997  13.222 0.1000000015
53740  58.732  -24.716  14.871 0.1000000015
52645  59.433  -25.903  13.447 0.1000000015
61666  71.415  -17.610  -2.130 0.1000000015
64446  68.687  -14.016  -1.648 0.1000000015
65322  68.662  -13.224  -1.735 0.1000000015
64447  68.001  -13.588  -1.751 0.1000000015
63529  67.178  -14.836  -2.238 0.1000000015
64457  66.509  -13.508  -2.362 0.1000000015
65338  67.826  -12.934  -1.922 0.1000000015
126945  66.571  -14.695  -2.477 0.1000000015
67314  67.076  -10.160  -5.935 0.1000000015
61656  71.887  -16.983  -1.642 0.1000000015
62596  69.272  -15.581  -1.797 0.1000000015
65321  69.608  -12.831  -1.958 0.1000000015
66302  68.047  -11.474  -2.431 0.1000000015
67308  66.831  -10.994  -3.768 0.1000000015
63521  72.049  -14.799  -1.761 0.1000000015
66298  71.937  -11.991  -2.309 0.1000000015
135750  71.761  -10.839  -2.271 0.1000000015
131560  71.275  -11.086  -2.447 0.1000000015
66300  70.421  -11.677  -2.340 0.1000000015
68295  71.590  -9.557  -2.286 0.1000000015
67290  70.899  -10.270  -2.512 0.1000000015
67291  69.554  -10.059  -2.466 0.1000000015
124091  71.940  -11.180  -2.220 0.1000000015
68275  71.499  -9.167  -1.093 0.1000000015
71156  71.117  -6.400  -2.435 0.1000000015
70161  71.368  -7.660  -2.057 0.1000000015
130050  71.133  -7.294  -2.445 0.1000000015
69267  71.532  -8.874  -2.276 0.1000000015
69254  71.605  -8.697  -1.805 0.1000000015
69280  68.627  -8.353  -3.542 0.1000000015
69269  70.634  -8.665  -2.782 0.1000000015
126675  71.358  -8.936  0.235 0.1000000015
71130  71.399  -6.142  0.945 0.1000000015
70146  71.358  -7.230  -0.056 0.1000000015
125651  71.356  -8.298  -0.545 0.1000000015
69242  71.404  -7.820  0.993 0.1000000015
128484  71.358  -7.914  -1.361 0.1000000015
138647  71.498  -8.341  -2.162 0.1000000015
73172  68.965  -4.695  -5.978 0.1000000015
71160  70.830  -6.161  -3.165 0.1000000015
70174  71.008  -7.573  -2.755 0.1000000015
127646  70.692  -4.929  -4.069 0.1000000015
117654  68.635  -3.861  -1.907 0.1000000015
119119  68.774  -2.964  -1.616 0.1000000015
74096  69.211  -3.215  -0.002 0.1000000015
72113  70.996  -5.539  -3.164 0.1000000015
72081  70.610  -4.645  1.276 0.1000000015
72080  70.992  -4.557  0.780 0.1000000015
128238  71.311  -5.414  0.421 0.1000000015
73146  71.338  -4.308  -2.153 0.1000000015
73136  71.294  -4.015  -0.935 0.1000000015
74107  71.227  -3.283  -1.364 0.1000000015
142623  71.409  -8.393  2.585 0.1000000015
70126  71.204  -7.263  2.643 0.1000000015
70136  71.376  -7.026  2.091 0.1000000015
71119  70.973  -5.921  2.278 0.1000000015
73124  70.955  -3.862  0.065 0.1000000015
74117  71.386  -3.275  -2.383 0.1000000015
127473  71.278  -8.203  -2.424 0.1000000015
75024  69.433  -2.239  -0.764 0.1000000015
74108  70.612  -2.655  -0.802 0.1000000015
73125  70.450  -3.148  -0.028 0.1000000015
74094  70.939  -3.314  -0.505 0.1000000015
75046  68.924  -2.376  -1.072 0.1000000015
69268  71.343  -8.852  -2.455 0.1000000015
74085  69.720  -3.477  0.442 0.1000000015
71108  71.118  -6.667  2.482 0.1000000015
24026  40.619  -53.031  25.855 0.6000000238
24029  42.854  -52.795  24.383 0.6999999881
24031  40.452  -53.022  25.527 0.6000000238
24032  40.302  -52.571  25.148 0.6000000238
24035  43.248  -53.022  24.102 0.6999999881
24037  41.629  -52.979  24.612 0.8000000119
24038  40.872  -53.131  24.909 0.8000000119
24041  43.251  -53.044  23.954 0.6999999881
24042  42.714  -53.001  24.067 0.8000000119
24043  41.979  -52.887  24.344 0.8000000119
24140  32.423  -53.804  11.691 0.2000000030
24890  38.795  -52.063  26.407 0.5000000000
24896  38.636  -52.091  26.008 0.6999999881
24898  39.244  -52.353  25.680 0.6999999881
24915  46.338  -52.262  22.941 0.8000000119
24929  43.928  -52.617  23.381 0.6000000238
24935  47.660  -52.299  22.057 0.8000000119
24936  46.890  -52.265  22.162 0.8000000119
25735  38.366  -51.471  26.868 0.5000000000
25742  37.577  -50.956  26.095 0.6999999881
25743  37.209  -50.574  26.288 0.6000000238
25749  38.181  -51.253  25.601 0.6999999881
25774  44.836  -52.241  23.588 0.6999999881
25785  46.886  -51.239  22.776 0.6999999881
25788  42.910  -51.387  22.839 0.6999999881
25795  48.820  -51.713  21.562 0.6999999881
25798  45.864  -52.093  22.202 0.6999999881
25806  49.844  -51.467  20.530 0.6999999881
26702  42.351  -50.417  24.966 0.5000000000
26703  37.392  -50.342  25.387 0.6999999881
26704  36.993  -49.964  25.459 0.6999999881
26716  38.664  -50.534  24.687 0.6000000238
26717  37.771  -50.140  24.710 0.6000000238
26729  44.502  -50.485  23.561 0.6000000238
26745  48.449  -51.499  22.074 0.8000000119
26758  49.952  -51.159  20.725 0.6999999881
26773  50.385  -51.043  20.202 0.6999999881
26787  50.865  -50.722  19.302 0.6999999881
26799  50.129  -51.034  19.290 0.6999999881
26803  30.788  -50.506  17.980 0.2000000030
26867  47.196  -50.342  13.553 0.6000000238
27650  39.805  -48.433  27.816 0.2000000030
27676  36.640  -49.455  25.135 0.5000000000
27677  36.174  -48.945  25.521 0.5000000000
27714  49.712  -50.660  20.986 0.8000000119
27767  50.157  -49.987  16.369 0.6999999881
27790  49.433  -50.236  15.022 0.6999999881
27843  32.636  -49.528  11.468 0.3000000119
28628  35.196  -48.006  28.029 0.2000000030
28635  42.707  -47.968  26.744 0.2000000030
28636  42.084  -48.246  27.054 0.3000000119
28637  41.297  -48.304  27.355 0.2000000030
28638  40.652  -48.280  27.818 0.2000000030
28651  35.685  -48.479  25.981 0.4000000060
28659  35.370  -47.979  25.632 0.5000000000
28729  51.040  -50.288  19.203 0.6999999881
28741  51.218  -48.438  18.223 0.6999999881
28766  50.948  -48.711  17.198 0.6999999881
28804  31.328  -48.787  15.016 0.3000000119
28839  35.532  -48.214  11.581 0.3000000119
29619  34.417  -46.934  30.195 0.2000000030
29658  44.167  -46.923  24.441 0.5000000000
29678  35.064  -47.064  22.740 0.6000000238
29788  31.415  -47.643  14.514 0.4000000060
30651  33.984  -46.438  30.669 0.2000000030
30661  44.686  -45.979  27.098 0.2000000030
30662  44.138  -46.430  27.018 0.2000000030
30665  40.566  -46.977  27.385 0.2000000030
30666  40.060  -46.930  26.909 0.2000000030
30671  34.240  -46.958  27.344 0.4000000060
30672  33.761  -46.449  27.670 0.4000000060
30708  25.262  -46.338  24.607 0.2000000030
30722  34.437  -46.437  22.901 0.5000000000
30865  32.369  -46.710  12.211 0.4000000060
30884  34.527  -46.200  11.062 0.4000000060
30885  33.708  -46.028  11.302 0.4000000060
31800  42.443  -45.665  26.395 0.3000000119
31810  45.743  -45.686  25.879 0.2000000030
31841  40.876  -45.791  23.701 0.2000000030
31907  49.574  -45.761  17.207 0.6999999881
31986  37.029  -45.080  12.232 0.3000000119
32105  39.791  -45.767  6.292 0.2000000030
32846  34.279  -44.344  31.042 0.1000000015
32848  32.822  -44.055  31.296 0.2000000030
32850  34.407  -44.089  30.740 0.1000000015
32852  35.183  -44.640  29.996 0.2000000030
32860  35.372  -44.705  29.103 0.2000000030
32878  46.693  -44.395  26.114 0.2000000030
32891  48.991  -43.553  24.096 0.5000000000
32906  49.938  -43.501  23.971 0.4000000060
32933  49.801  -44.866  22.773 0.6999999881
32944  23.856  -44.118  22.456 0.1000000015
32973  27.507  -44.574  21.114 0.4000000060
33001  33.610  -44.070  17.517 0.5000000000
33003  29.870  -43.917  17.870 0.4000000060
33067  33.128  -44.423  12.601 0.4000000060
33957  33.986  -43.811  30.998 0.1000000015
33979  22.937  -43.820  30.617 0.3000000119
33988  46.918  -42.910  26.473 0.3000000119
33989  45.927  -43.940  26.220 0.3000000119
33990  44.988  -43.679  26.451 0.3000000119
33991  44.412  -43.975  26.545 0.3000000119
33995  30.286  -43.359  27.681 0.4000000060
34006  44.414  -44.015  25.924 0.2000000030
34008  31.270  -43.359  26.274 0.3000000119
34018  44.531  -43.893  25.455 0.2000000030
34029  50.744  -43.495  23.894 0.5000000000
34033  32.262  -43.792  24.277 0.5000000000
34040  52.802  -42.824  22.893 0.8000000119
34041  52.358  -43.254  22.973 0.8000000119
34063  32.104  -43.787  22.223 0.5000000000
34064  31.574  -43.442  22.762 0.5000000000
34104  30.172  -43.167  20.517 0.4000000060
34105  29.322  -43.308  20.473 0.4000000060
34121  29.463  -43.576  19.071 0.4000000060
34165  32.228  -43.234  15.944 0.4000000060
34185  43.257  -43.561  13.252 0.5000000000
35081  47.815  -41.830  26.468 0.2000000030
35082  47.333  -42.028  26.232 0.2000000030
35091  49.608  -41.960  25.354 0.3000000119
35094  47.669  -42.610  26.156 0.3000000119
35095  46.180  -42.649  25.575 0.3000000119
35096  34.384  -42.368  26.525 0.1000000015
35116  53.181  -42.286  23.334 0.5000000000
35117  52.625  -42.623  23.616 0.6999999881
35125  28.437  -42.954  24.513 0.3000000119
35145  52.095  -43.127  22.710 0.8000000119
35164  28.773  -43.235  21.940 0.4000000060
35233  46.609  -42.775  15.612 0.8000000119
35249  42.989  -42.936  13.002 0.5000000000
35341  38.556  -42.953  4.648 0.1000000015
36098  48.211  -40.904  27.024 0.3000000119
36100  47.264  -40.659  27.218 0.3000000119
36109  48.356  -41.625  26.462 0.3000000119
36110  47.142  -40.948  25.733 0.3000000119
36116  24.803  -41.876  26.070 0.3000000119
36134  46.799  -41.483  24.276 0.1000000015
36153  53.471  -42.144  22.734 0.6999999881
36161  24.976  -41.738  23.107 0.1000000015
36164  54.030  -41.404  22.335 0.6999999881
36182  34.305  -41.256  21.100 0.1000000015
36266  42.509  -41.427  12.596 0.5000000000
36269  41.323  -41.299  11.724 0.5000000000
37082  48.029  -40.191  27.391 0.3000000119
37083  47.499  -40.626  27.137 0.3000000119
37084  47.142  -40.361  26.896 0.3000000119
37085  47.160  -40.666  26.339 0.2000000030
37099  46.989  -40.064  26.130 0.3000000119
37115  33.229  -40.270  24.987 0.1000000015
37116  32.512  -39.513  25.096 0.1000000015
37131  28.513  -40.456  24.423 0.1000000015
37138  54.596  -40.918  22.920 0.5000000000
37167  54.287  -40.959  21.832 0.6000000238
37182  55.385  -40.406  21.598 0.6999999881
37228  46.347  -40.189  16.827 0.8000000119
37279  41.084  -40.593  11.476 0.5000000000
37284  40.091  -40.457  10.395 0.4000000060
37294  38.759  -40.652  8.571 0.2000000030
38149  48.685  -39.519  27.203 0.3000000119
38151  47.319  -39.436  27.021 0.3000000119
38152  47.114  -40.113  26.975 0.3000000119
38163  47.140  -39.815  26.801 0.3000000119
38186  50.960  -39.766  24.604 0.3000000119
38196  54.784  -40.038  22.889 0.5000000000
38203  32.969  -39.320  22.977 0.1000000015
38209  56.107  -39.773  21.679 0.6999999881
38229  49.819  -40.025  21.394 0.8000000119
38241  56.124  -38.944  20.012 0.8999999762
38242  55.834  -39.630  20.881 0.8999999762
38246  51.112  -39.166  21.214 0.8000000119
38290  46.261  -39.367  16.415 0.8000000119
38339  41.401  -39.858  11.625 0.5000000000
39186  49.372  -38.120  27.225 0.3000000119
39187  47.836  -38.634  27.204 0.3000000119
39188  47.486  -38.756  26.875 0.3000000119
39226  52.967  -38.794  23.830 0.4000000060
39237  55.675  -39.119  22.358 0.6999999881
39250  57.360  -38.150  20.687 0.8000000119
39251  56.937  -38.565  21.186 0.6999999881
39265  56.889  -38.980  20.583 0.6999999881
39268  52.648  -38.548  20.824 0.8000000119
39287  53.836  -38.189  19.611 0.8000000119
39305  55.538  -38.113  18.896 0.8000000119
39306  54.851  -38.126  18.917 0.8000000119
39371  45.184  -38.343  14.588 0.6999999881
39387  44.182  -38.586  13.644 0.5000000000
40132  49.859  -37.697  26.962 0.3000000119
40144  50.398  -37.527  26.708 0.3000000119
40145  49.186  -37.113  26.724 0.1000000015
40146  48.429  -37.570  26.542 0.3000000119
40147  48.023  -37.989  26.241 0.1000000015
40166  48.329  -37.553  24.998 0.1000000015
40183  55.135  -38.161  22.718 0.5000000000
40201  57.574  -37.660  20.144 0.8000000119
40212  56.246  -38.357  19.325 0.6999999881
40229  56.628  -37.207  18.542 0.6999999881
40250  53.841  -37.508  17.230 0.8000000119
40271  53.742  -37.420  16.231 0.8000000119
40290  53.466  -37.313  15.364 0.6999999881
40296  46.539  -37.699  15.699 0.8000000119
40320  45.086  -37.752  14.245 0.6999999881
40392  38.659  -37.825  6.859 0.1000000015
41146  51.950  -35.877  26.537 0.1000000015
41176  48.483  -37.323  24.462 0.1000000015
41194  47.499  -36.957  21.621 0.1000000015
41248  56.427  -36.561  17.905 0.8000000119
41249  55.776  -36.833  17.123 0.8000000119
41295  53.453  -37.068  14.745 0.6999999881
41312  52.454  -36.992  13.547 0.6999999881
41323  51.362  -36.892  12.134 0.6999999881
41338  42.516  -36.762  11.197 0.4000000060
41344  49.333  -36.567  10.447 0.6999999881
41350  41.585  -36.240  10.108 0.3000000119
41372  40.064  -36.194  8.367 0.2000000030
41477  44.216  -36.322  0.891 0.1000000015
42231  50.597  -35.236  26.400 0.1000000015
42265  51.137  -34.893  23.839 0.1000000015
42293  57.870  -35.793  20.423 0.8000000119
42297  48.723  -35.636  21.146 0.1000000015
42308  58.357  -35.037  20.005 0.8000000119
42321  58.212  -35.000  19.800 0.8000000119
42345  55.073  -35.679  16.759 0.6000000238
42351  55.458  -36.245  16.745 0.6999999881
42366  53.672  -36.318  15.117 0.6999999881
42383  52.742  -36.486  14.090 0.6999999881
42415  50.963  -36.147  11.960 0.6999999881
42449  49.052  -35.910  9.131 0.6999999881
42453  43.810  -35.118  10.054 0.3000000119
42490  39.765  -35.695  6.931 0.1000000015
43359  52.587  -33.917  26.430 0.2000000030
43411  51.747  -34.702  23.104 0.1000000015
43423  50.088  -35.153  21.454 0.1000000015
43431  58.580  -34.453  20.163 0.6999999881
43447  58.059  -34.517  19.595 0.8000000119
43556  50.285  -35.066  12.456 0.6999999881
43560  50.351  -35.616  11.648 0.6999999881
43578  49.328  -35.743  9.548 0.6999999881
43597  46.818  -34.890  7.037 0.4000000060
43619  40.656  -34.750  6.983 0.1000000015
43633  40.848  -34.671  6.359 0.1000000015
43675  54.309  -34.472  2.304 0.1000000015
43692  52.823  -34.230  0.834 0.1000000015
43717  47.614  -34.373  -1.637 0.1000000015
44467  51.677  -33.441  26.392 0.1000000015
44489  51.886  -33.001  26.382 0.2000000030
44516  51.640  -33.321  24.646 0.1000000015
44535  58.861  -33.235  20.502 0.6999999881
44561  58.948  -33.394  20.179 0.8000000119
44563  57.562  -33.833  19.383 0.8000000119
44609  54.058  -33.463  17.896 0.6999999881
44631  52.393  -33.591  16.278 0.6000000238
44674  50.482  -33.325  14.149 0.6999999881
44718  60.151  -34.056  6.889 0.1000000015
44832  48.079  -33.513  -1.226 0.3000000119
44835  45.268  -33.973  -1.256 0.1000000015
45629  58.909  -32.295  20.767 0.6999999881
45646  58.956  -32.845  20.401 0.6999999881
45671  51.167  -32.081  18.721 0.1000000015
45738  48.402  -32.417  11.447 0.6999999881
45749  46.569  -32.278  8.717 0.5000000000
45782  44.270  -32.469  5.103 0.3000000119
45808  43.350  -32.549  2.527 0.2000000030
45841  50.424  -32.911  -0.596 0.2000000030
45847  43.824  -33.047  -0.018 0.1000000015
45861  48.355  -32.613  -0.860 0.3000000119
46557  53.629  -31.176  21.766 0.1000000015
46569  58.782  -31.792  20.788 0.8000000119
46578  58.448  -31.937  20.355 0.8000000119
46579  57.551  -31.689  20.046 0.8000000119
46592  53.834  -31.505  17.840 0.6999999881
46613  51.241  -31.797  14.811 0.8000000119
46621  49.695  -31.833  12.998 0.6999999881
46644  48.339  -31.511  11.073 0.6999999881
46650  46.839  -31.455  9.228 0.6000000238
46689  43.531  -31.483  3.546 0.4000000060
46746  49.560  -31.570  -1.156 0.2000000030
47423  58.181  -30.306  21.571 0.4000000060
47451  53.666  -30.278  20.857 0.1000000015
47507  50.524  -31.040  13.556 0.8000000119
47529  48.794  -30.808  11.322 0.6999999881
47553  46.211  -30.207  7.849 0.5000000000
47592  44.149  -30.452  1.692 0.4000000060
48426  59.169  -29.705  14.521 0.8999999762
48463  52.122  -28.857  12.913 0.8000000119
48465  50.678  -29.528  12.193 0.8000000119
48502  51.441  -29.102  9.386 0.6999999881
48505  47.710  -29.620  9.089 0.6000000238
48513  52.611  -29.602  8.667 0.6000000238
48514  51.285  -29.291  8.597 0.6000000238
48522  51.497  -29.469  7.660 0.5000000000
48527  46.321  -29.629  7.268 0.5000000000
48555  45.165  -29.486  5.193 0.5000000000
48561  46.454  -28.704  4.494 0.5000000000
48584  44.566  -29.779  2.079 0.4000000060
48609  48.257  -29.141  -0.819 0.4000000060
48611  46.716  -29.726  -0.212 0.5000000000
49329  58.408  -27.958  21.773 0.5000000000
49351  58.402  -28.183  21.613 0.6999999881
49453  62.326  -29.396  14.212 1.0000000000
49484  52.280  -28.683  12.133 0.8000000119
49509  58.109  -27.964  11.005 0.8999999762
49533  54.104  -28.169  7.936 0.8000000119
49545  50.843  -29.019  6.128 0.5000000000
49550  52.290  -28.114  6.244 0.6999999881
49566  49.282  -28.385  4.683 0.5000000000
49599  46.485  -28.595  1.604 0.5000000000
49642  48.991  -28.914  -1.102 0.3000000119
50387  58.631  -27.654  21.899 0.5000000000
50466  63.508  -28.612  14.423 0.5000000000
50581  51.111  -27.358  4.764 0.5000000000
50657  48.770  -27.702  -0.363 0.4000000060
51435  56.228  -26.345  22.988 0.3000000119
51568  66.514  -26.950  13.002 0.6999999881
51633  55.443  -26.431  7.573 0.6999999881
51799  60.255  -26.741  -4.223 0.1000000015
52511  55.645  -26.007  23.052 0.2000000030
52525  54.086  -25.500  22.363 0.1000000015
52534  54.234  -25.018  22.131 0.1000000015
52770  53.890  -25.889  6.214 0.6999999881
52778  52.259  -25.475  4.718 0.6999999881
52899  59.007  -26.088  -2.986 0.1000000015
52909  58.362  -25.607  -4.318 0.1000000015
53626  55.916  -24.559  22.519 0.3000000119
53648  53.461  -24.492  20.797 0.2000000030
53660  52.688  -24.765  19.612 0.1000000015
53788  67.183  -24.749  11.882 0.6999999881
53807  62.901  -25.031  10.413 1.0000000000
53849  58.212  -24.195  7.995 0.6999999881
53852  55.930  -25.112  7.246 0.6999999881
53868  56.302  -24.060  6.883 0.6999999881
53951  59.589  -24.816  -1.101 0.1000000015
53984  58.975  -24.915  -5.684 0.1000000015
54677  55.077  -24.001  21.485 0.1000000015
54690  54.655  -23.913  20.815 0.2000000030
54894  53.509  -23.428  4.651 0.6999999881
54915  52.222  -22.800  2.045 0.5000000000
54962  59.200  -23.577  -6.237 0.1000000015
55638  60.217  -21.857  19.864 0.4000000060
55657  59.629  -21.680  19.422 0.3000000119
55659  57.174  -22.732  18.881 0.3000000119
55753  67.227  -22.235  10.066 0.8000000119
55788  58.389  -22.276  6.752 0.6999999881
55804  55.644  -22.541  5.423 0.6999999881
55816  54.470  -22.544  4.656 0.6999999881
56685  59.927  -21.815  7.219 1.0000000000
57613  67.301  -20.532  7.634 0.8999999762
57672  55.490  -20.825  3.676 0.6999999881
57697  53.461  -20.725  1.209 0.5000000000
57738  57.965  -20.347  -5.376 0.1000000015
58617  69.352  -18.743  7.910 0.6000000238
58619  68.357  -20.223  8.605 0.8000000119
58667  61.462  -19.759  4.704 0.8999999762
58682  59.850  -19.396  3.411 0.6999999881
58683  58.500  -19.495  3.150 0.8000000119
58701  55.444  -19.609  1.822 0.5000000000
58763  55.813  -19.768  -3.360 0.1000000015
59580  66.703  -17.684  12.843 0.1000000015
59665  69.621  -18.133  7.015 0.5000000000
59685  66.273  -18.970  5.162 0.6999999881
59759  57.910  -18.618  1.260 0.6000000238
59774  71.896  -18.478  -1.241 0.1000000015
59786  56.245  -18.480  -1.712 0.2000000030
59823  57.766  -18.534  -3.981 0.1000000015
60569  66.343  -17.619  13.016 0.1000000015
60697  64.497  -17.305  2.863 0.6999999881
60726  58.451  -17.957  -0.108 0.6000000238
60728  72.378  -17.171  -1.109 0.1000000015
61540  69.951  -15.887  6.682 0.4000000060
61558  69.918  -16.643  6.202 0.5000000000
61643  72.320  -16.893  -0.856 0.1000000015
61650  61.551  -16.254  -0.553 0.5000000000
61672  61.240  -16.420  -2.339 0.5000000000
62605  67.471  -15.523  -2.455 0.1000000015
63530  66.103  -14.177  -2.560 0.1000000015
64454  71.777  -13.409  -2.347 0.1000000015
65335  71.960  -12.664  -2.382 0.1000000015
66205  71.124  -11.539  5.175 0.2000000030
69231  71.408  -7.780  2.291 0.1000000015
70181  70.948  -6.781  -2.812 0.1000000015
70192  69.042  -6.731  -4.100 0.1000000015
74084  70.157  -3.480  0.452 0.1000000015
74095  69.684  -2.872  -0.125 0.1000000015
75025  69.172  -2.466  -0.594 0.1000000015
118426  60.837  -17.362  0.623 0.5000000000
118686  46.434  -42.979  26.322 0.3000000119
118761  30.005  -40.428  27.501 0.3000000119
118854  50.814  -34.568  13.799 0.6999999881
118871  53.663  -27.622  23.175 0.1000000015
119107  50.478  -29.009  8.646 0.6000000238
120418  48.153  -37.261  17.124 0.8000000119
120903  39.340  -37.813  4.141 0.1000000015
120986  42.850  -34.220  7.992 0.2000000030
121368  38.918  -46.781  25.748 0.2000000030
121781  49.985  -28.796  9.854 0.6000000238
122422  31.626  -51.161  11.872 0.3000000119
122434  30.526  -53.181  22.277 0.1000000015
122956  52.448  -25.513  19.987 0.1000000015
123209  53.258  -28.807  23.741 0.1000000015
123559  66.863  -14.176  -2.179 0.1000000015
124129  49.345  -30.144  -1.370 0.2000000030
124210  44.524  -52.539  23.354 0.6999999881
125008  57.649  -36.784  19.727 0.8000000119
125140  67.047  -23.374  11.487 0.6999999881
125191  33.132  -44.543  20.785 0.5000000000
126089  31.738  -48.061  12.756 0.4000000060
126133  48.857  -35.081  9.318 0.6000000238
126293  52.317  -33.682  20.444 0.1000000015
126721  45.180  -37.227  13.757 0.6999999881
126815  58.844  -33.685  20.252 0.8000000119
126850  42.242  -52.893  24.238 0.8000000119
127125  41.588  -41.991  11.995 0.5000000000
128028  45.900  -42.572  23.859 0.1000000015
128962  46.683  -37.232  15.210 0.8000000119
129111  52.735  -32.086  16.879 0.6999999881
129433  31.768  -52.786  11.610 0.2000000030
129547  49.741  -40.704  25.389 0.3000000119
129631  41.239  -50.628  25.990 0.4000000060
129900  30.440  -52.164  24.057 0.1000000015
130194  32.508  -44.133  21.724 0.5000000000
130266  51.468  -35.035  -0.636 0.1000000015
130268  50.380  -33.971  13.861 0.6999999881
130468  56.015  -21.653  -4.091 0.1000000015
131310  58.607  -17.553  -2.199 0.3000000119
131619  37.154  -49.508  24.307 0.6000000238
131940  31.011  -48.616  17.121 0.3000000119
132078  71.785  -11.251  -2.321 0.1000000015
132131  58.902  -25.932  13.202 0.1000000015
132612  55.150  -40.600  22.492 0.6000000238
133088  69.600  -15.360  6.895 0.5000000000
133250  59.890  -29.984  14.583 0.8999999762
133256  56.951  -30.017  20.285 0.8000000119
133281  54.151  -41.417  23.137 0.4000000060
133442  53.089  -30.157  16.639 0.8000000119
133458  66.601  -25.913  0.049 0.1000000015
133757  47.477  -38.949  24.731 0.1000000015
134358  63.586  -20.716  7.267 1.0000000000
134423  47.120  -40.178  26.809 0.3000000119
135116  72.217  -16.616  -1.374 0.1000000015
135324  62.738  -26.682  -5.175 0.1000000015
135415  46.998  -41.489  25.641 0.3000000119
135468  60.253  -18.179  1.246 0.5000000000
135709  67.242  -10.086  -4.430 0.1000000015
136004  29.224  -44.871  18.189 0.4000000060
136418  33.407  -47.472  11.271 0.4000000060
136997  46.146  -31.185  -0.361 0.3000000119
137436  28.345  -43.971  20.176 0.4000000060
137474  68.027  -11.482  2.037 0.1000000015
137476  51.499  -35.065  22.579 0.1000000015
137481  21.837  -50.567  29.095 0.1000000015
137496  51.150  -37.290  26.357 0.3000000119
137752  30.930  -43.143  18.967 0.4000000060
137794  57.866  -32.439  1.548 0.1000000015
137858  39.763  -52.856  25.753 0.6000000238
137964  53.585  -32.870  17.662 0.6999999881
138151  52.982  -42.617  22.812 0.6999999881
138579  61.402  -26.342  -1.513 0.1000000015
138893  57.916  -20.454  4.413 0.6999999881
139370  66.780  -23.710  12.248 0.6000000238
139406  23.025  -51.532  29.615 0.1000000015
139709  49.339  -36.283  9.788 0.6999999881
139809  37.783  -51.249  26.333 0.6999999881
140016  36.171  -48.244  22.922 0.6000000238
140040  30.087  -43.009  22.454 0.4000000060
140045  48.824  -28.935  7.201 0.5000000000
140117  55.470  -40.766  21.947 0.8000000119
140142  52.601  -22.152  2.023 0.4000000060
140154  30.882  -54.478  12.071 0.1000000015
140170  53.655  -31.012  17.551 0.8000000119
140323  62.728  -29.405  15.145 0.6999999881
140442  60.467  -18.255  -4.409 0.1000000015
140501  44.692  -29.915  5.225 0.5000000000
140551  68.519  -9.626  1.651 0.1000000015
140776  68.083  -17.861  11.199 0.3000000119
141079  52.768  -37.294  14.195 0.6999999881
141154  27.402  -40.784  26.102 0.1000000015
141316  46.069  -36.461  12.702 0.6999999881
141335  51.860  -31.602  -1.306 0.1000000015
141483  69.413  -17.112  8.248 0.5000000000
141508  64.932  -18.280  13.171 0.1000000015
141610  56.140  -32.800  0.786 0.1000000015
141660  34.162  -54.807  15.549 0.1000000015
141728  68.764  -5.907  -5.217 0.1000000015
141753  48.411  -48.314  14.961 0.6999999881
141973  44.447  -36.701  2.512 0.1000000015
142301  33.187  -46.128  11.552 0.4000000060
142586  57.087  -38.686  20.755 0.8000000119
142713  51.131  -36.987  11.761 0.6999999881
142812  50.482  -28.766  9.963 0.6999999881
142993  27.265  -40.497  22.673 0.1000000015
143192  59.327  -29.861  1.949 0.1000000015
143220  48.296  -41.169  20.739 0.8000000119
