#!ascii label  , from subject sub-v2s9x29161_ses-1 vox2ras=TkReg
8596
43309  -19.890  -34.327  35.226 1.0000000000
44100  -19.468  -33.653  34.969 1.0000000000
43310  -20.549  -34.123  35.362 1.0000000000
113780  -17.116  -32.990  37.529 1.0000000000
106183  -19.821  -33.042  34.648 1.0000000000
44866  -16.829  -32.350  36.952 1.0000000000
43290  -16.728  -34.434  37.839 1.0000000000
42496  -16.695  -35.445  37.385 1.0000000000
44860  -17.273  -33.106  38.416 1.0000000000
44890  -19.786  -32.212  34.558 1.0000000000
45653  -16.492  -31.454  36.457 1.0000000000
46439  -15.573  -30.160  36.693 1.0000000000
46440  -16.198  -30.582  36.107 1.0000000000
36550  -1.296  -42.933  49.518 0.3750000000
42468  -23.863  -35.086  40.914 1.0000000000
42456  -23.606  -35.771  41.348 0.8750000000
43273  -23.658  -34.761  40.130 1.0000000000
42467  -23.309  -35.603  40.380 1.0000000000
42493  -23.060  -34.791  38.865 1.0000000000
42479  -23.225  -35.139  39.560 1.0000000000
43292  -22.792  -34.560  38.166 1.0000000000
113763  -22.776  -35.386  39.107 1.0000000000
42488  -14.662  -34.789  38.993 1.0000000000
44086  -22.284  -33.313  36.446 1.0000000000
43289  -16.212  -34.485  38.412 1.0000000000
108456  -16.300  -35.140  38.019 1.0000000000
44101  -20.850  -33.322  35.190 1.0000000000
44102  -21.522  -33.025  35.578 1.0000000000
44068  -17.094  -33.448  38.457 1.0000000000
44891  -20.401  -32.801  34.747 1.0000000000
44859  -17.050  -32.583  38.034 1.0000000000
45667  -19.435  -31.561  34.663 1.0000000000
46435  -15.961  -30.966  36.979 1.0000000000
47238  -15.822  -29.839  36.111 1.0000000000
47255  -15.826  -29.225  35.866 1.0000000000
106121  -16.486  -29.096  35.607 1.0000000000
111929  -12.399  -39.523  41.011 1.0000000000
42451  -24.521  -35.179  42.929 1.0000000000
111444  -28.401  -35.843  45.015 0.7500000000
41615  -28.931  -36.856  44.760 0.6250000000
40005  -12.507  -38.128  40.245 1.0000000000
116080  -24.238  -34.683  41.378 1.0000000000
41627  -29.563  -37.167  43.774 0.6250000000
42464  -12.866  -35.421  40.749 1.0000000000
43274  -24.088  -34.369  40.717 1.0000000000
42445  -29.982  -36.683  43.319 0.7500000000
43281  -14.184  -34.156  39.225 1.0000000000
42476  -13.732  -34.869  39.762 1.0000000000
44057  -23.788  -33.553  39.285 1.0000000000
43293  -23.340  -33.956  38.530 1.0000000000
44067  -16.905  -33.776  38.697 1.0000000000
43288  -15.266  -34.276  38.797 1.0000000000
43305  -22.456  -33.929  37.015 1.0000000000
44853  -17.516  -32.987  39.198 1.0000000000
45663  -21.225  -31.641  35.347 1.0000000000
116778  -21.796  -33.428  35.968 1.0000000000
45637  -17.491  -32.760  39.037 1.0000000000
44885  -21.096  -32.493  35.197 1.0000000000
45636  -16.887  -31.889  38.528 1.0000000000
45668  -20.009  -31.389  34.662 1.0000000000
46461  -19.411  -30.912  34.811 1.0000000000
45635  -16.132  -31.215  37.808 1.0000000000
45646  -16.526  -31.731  37.431 1.0000000000
46450  -18.553  -30.505  35.057 1.0000000000
103377  -17.953  -29.573  35.358 1.0000000000
107516  -17.027  -29.769  35.406 1.0000000000
111435  -17.229  -28.830  35.502 1.0000000000
48137  -15.302  -28.577  35.972 1.0000000000
35636  -2.140  -43.776  49.838 0.3750000000
34833  -2.966  -44.737  49.991 0.3750000000
34834  -4.191  -44.523  50.291 0.3750000000
116026  -4.602  -45.704  49.676 0.3750000000
34839  -5.957  -45.471  49.326 0.3750000000
37471  0.155  -41.239  47.788 0.3750000000
36549  0.001  -42.255  48.643 0.3750000000
35638  -5.062  -43.772  50.145 0.3750000000
35642  -5.952  -44.345  49.861 0.3750000000
37465  0.601  -41.554  47.339 0.2500000000
35637  -3.279  -43.474  50.099 0.3750000000
37505  1.911  -41.510  44.983 0.2500000000
38415  1.778  -40.664  43.771 0.2500000000
37541  -10.044  -40.854  42.791 0.8750000000
37529  -9.786  -41.294  43.733 0.8750000000
38456  -10.367  -40.135  40.541 0.8750000000
38444  -10.371  -40.402  41.323 1.0000000000
112099  -10.753  -40.639  42.214 1.0000000000
112231  -10.654  -41.104  43.362 1.0000000000
39229  -11.180  -39.240  39.256 1.0000000000
39218  -11.743  -39.644  40.159 1.0000000000
38457  -11.085  -40.139  40.700 1.0000000000
38445  -11.333  -40.408  41.455 1.0000000000
40032  -11.904  -37.893  38.748 1.0000000000
40019  -12.221  -38.063  39.311 1.0000000000
101268  -12.350  -39.049  40.297 1.0000000000
44040  -24.846  -33.814  42.292 1.0000000000
43248  -27.654  -34.410  46.001 0.7500000000
43254  -28.545  -34.952  45.040 0.7500000000
42444  -29.363  -36.086  44.185 0.7500000000
41676  -11.720  -36.398  38.384 1.0000000000
41677  -12.296  -35.951  39.085 1.0000000000
41664  -12.527  -35.865  40.049 1.0000000000
103822  -24.492  -34.068  41.408 1.0000000000
43255  -29.736  -35.067  44.046 0.7500000000
106445  -30.300  -35.908  43.348 0.7500000000
112943  -13.361  -34.359  39.628 1.0000000000
44058  -24.186  -33.168  40.013 1.0000000000
43256  -30.747  -35.007  43.274 0.7500000000
44053  -14.896  -33.585  39.219 1.0000000000
44854  -24.018  -32.695  39.307 1.0000000000
44861  -23.831  -32.340  38.682 1.0000000000
44055  -17.042  -33.494  39.573 1.0000000000
44876  -21.827  -32.180  35.775 1.0000000000
45654  -21.801  -31.219  35.930 1.0000000000
44877  -22.497  -32.394  36.478 1.0000000000
44868  -23.080  -32.205  37.143 1.0000000000
100566  -17.548  -32.366  39.489 1.0000000000
46422  -16.800  -31.392  39.462 1.0000000000
115432  -20.636  -30.532  35.390 1.0000000000
105755  -22.020  -32.869  35.996 1.0000000000
46451  -20.637  -31.164  35.059 1.0000000000
110313  -16.128  -31.059  38.488 1.0000000000
47226  -15.040  -29.656  37.217 1.0000000000
46462  -20.071  -30.656  34.987 1.0000000000
46428  -15.549  -30.470  37.728 1.0000000000
48136  -14.738  -28.564  36.526 1.0000000000
96718  -18.647  -29.825  35.294 1.0000000000
47237  -15.232  -29.321  36.420 1.0000000000
48151  -16.686  -28.295  35.528 1.0000000000
36556  -2.371  -42.124  49.228 0.5000000000
36551  -2.344  -42.699  49.616 0.5000000000
109986  2.531  -38.126  44.805 0.5000000000
37467  -0.495  -41.698  48.607 0.3750000000
36555  -1.415  -42.031  49.287 0.5000000000
36552  -3.352  -42.668  49.658 0.3750000000
115982  -4.875  -43.013  50.030 0.3750000000
36558  -6.382  -43.428  49.441 0.5000000000
39162  2.323  -39.806  45.075 0.5000000000
38406  2.304  -40.525  45.105 0.3750000000
38394  1.572  -40.637  46.082 0.2500000000
102637  -4.253  -43.172  50.227 0.3750000000
39955  2.505  -38.781  44.491 0.3750000000
39176  2.350  -39.580  44.459 0.3750000000
36601  -7.307  -41.909  45.363 0.7500000000
113264  2.315  -36.211  45.322 0.5000000000
38424  1.990  -40.083  43.576 0.2500000000
37539  -8.407  -41.197  42.936 0.8750000000
37511  -7.720  -41.672  44.335 0.8750000000
36602  -8.230  -41.834  45.282 0.6250000000
41606  2.449  -35.859  45.078 0.6250000000
38425  1.372  -40.312  42.879 0.2500000000
38454  -8.815  -40.365  40.758 0.8750000000
37540  -9.205  -41.047  42.962 0.8750000000
37528  -8.891  -41.377  43.609 0.8750000000
36603  -9.021  -41.787  45.126 0.8750000000
107036  1.581  -34.510  45.190 0.6250000000
38437  0.935  -39.879  42.090 0.2500000000
39227  -9.416  -39.557  39.440 0.8750000000
39216  -9.116  -40.010  40.059 0.8750000000
38455  -9.680  -40.261  40.690 0.8750000000
43244  1.103  -34.048  45.657 0.6250000000
39236  -9.736  -39.207  38.935 1.0000000000
39238  -11.027  -38.760  38.665 1.0000000000
43250  0.932  -34.283  44.308 0.5000000000
40844  -10.673  -37.557  38.035 1.0000000000
40845  -11.578  -37.368  38.324 1.0000000000
115130  -25.163  -33.623  43.153 1.0000000000
44024  -28.219  -33.923  45.790 0.7500000000
44025  -28.865  -33.266  45.327 0.7500000000
43258  0.324  -34.212  42.996 0.5000000000
99004  -11.199  -35.031  38.168 1.0000000000
43287  -11.691  -34.487  38.671 1.0000000000
42474  -12.642  -35.083  39.678 1.0000000000
43279  -12.831  -34.354  39.565 1.0000000000
44041  -24.739  -33.300  41.554 1.0000000000
107841  -29.306  -34.172  44.788 0.7500000000
44026  -30.045  -33.438  44.423 0.7500000000
104678  -11.537  -33.753  38.760 1.0000000000
44065  -12.378  -33.928  39.217 1.0000000000
115008  -14.185  -33.700  39.314 1.0000000000
44855  -24.394  -32.212  40.123 1.0000000000
107781  -30.438  -34.260  43.879 0.7500000000
108944  -31.187  -34.260  43.148 0.7500000000
44844  -31.540  -32.783  40.701 0.6250000000
45619  -31.434  -31.948  41.098 0.3750000000
44052  -13.051  -33.297  39.469 1.0000000000
44851  -13.577  -32.695  39.612 1.0000000000
44054  -15.858  -33.460  39.569 1.0000000000
45627  -24.113  -31.847  39.238 1.0000000000
113390  -15.703  -33.093  40.118 1.0000000000
112137  -17.521  -33.044  40.409 1.0000000000
45647  -22.828  -31.511  36.873 1.0000000000
45638  -23.750  -31.651  38.472 1.0000000000
44841  -17.285  -33.051  41.106 1.0000000000
103333  -17.584  -32.832  41.146 1.0000000000
45625  -17.759  -32.270  40.308 1.0000000000
45655  -22.282  -31.602  36.301 1.0000000000
113395  -22.985  -30.674  37.496 1.0000000000
46429  -23.006  -29.912  38.345 1.0000000000
46452  -21.202  -30.815  35.585 1.0000000000
47240  -21.279  -29.352  36.696 1.0000000000
47241  -21.946  -29.890  36.837 1.0000000000
47227  -21.889  -28.789  38.070 1.0000000000
106974  -15.350  -29.728  39.657 1.0000000000
46421  -15.612  -30.372  38.922 1.0000000000
47217  -15.008  -29.707  38.155 1.0000000000
99980  -20.408  -29.128  36.319 1.0000000000
110365  -21.136  -28.370  37.671 1.0000000000
48954  -20.815  -27.371  38.250 1.0000000000
49827  -20.669  -26.678  37.895 1.0000000000
48116  -14.227  -28.411  38.032 1.0000000000
47236  -14.665  -29.079  36.953 1.0000000000
47239  -19.574  -29.026  35.946 1.0000000000
48141  -20.532  -28.437  37.117 1.0000000000
48962  -19.969  -26.880  37.548 1.0000000000
49847  -20.351  -26.557  37.223 1.0000000000
104429  -20.982  -26.378  36.646 0.8750000000
48960  -14.379  -27.827  36.721 1.0000000000
48153  -18.128  -28.304  35.726 1.0000000000
48139  -18.985  -28.045  36.332 1.0000000000
103237  -19.396  -27.242  36.886 1.0000000000
49867  -19.532  -26.705  35.749 1.0000000000
49868  -20.394  -26.481  36.063 1.0000000000
48968  -14.532  -27.112  36.292 1.0000000000
49864  -14.663  -26.485  35.931 1.0000000000
48969  -15.521  -27.823  35.677 1.0000000000
100289  -17.566  -27.526  35.318 1.0000000000
48138  -18.755  -27.549  36.115 1.0000000000
49887  -19.439  -26.694  34.597 1.0000000000
102543  -15.105  -27.084  35.639 1.0000000000
115279  -15.644  -27.335  35.404 1.0000000000
48970  -16.202  -27.615  35.370 1.0000000000
48979  -17.854  -27.166  34.876 1.0000000000
49866  -18.754  -26.965  35.300 1.0000000000
49883  -15.504  -26.089  34.739 1.0000000000
49884  -16.083  -26.403  34.415 1.0000000000
49905  -16.717  -26.479  33.931 1.0000000000
49885  -17.450  -26.835  34.015 1.0000000000
49886  -18.474  -26.878  34.087 1.0000000000
49908  -19.381  -26.587  33.569 1.0000000000
100161  -16.227  -25.989  33.905 1.0000000000
49906  -17.242  -26.407  33.287 1.0000000000
36557  -3.249  -42.263  48.993 0.5000000000
40783  2.572  -37.409  45.004 0.5000000000
37472  -0.623  -41.285  47.824 0.5000000000
37468  -1.449  -41.718  48.615 0.5000000000
36553  -4.409  -42.592  49.157 0.3750000000
105626  -5.422  -42.657  48.485 0.3750000000
36572  -6.069  -42.521  47.911 0.6250000000
36559  -6.866  -42.845  48.710 0.6250000000
41616  2.600  -36.643  45.010 0.5000000000
39944  2.167  -38.256  45.013 0.5000000000
39148  2.020  -40.308  45.462 0.2500000000
38395  0.582  -40.382  46.307 0.3750000000
36571  -4.610  -42.304  47.505 0.5000000000
36585  -5.766  -42.150  46.366 0.7500000000
36573  -6.615  -42.419  47.186 0.6250000000
114575  -7.238  -42.552  47.961 0.6250000000
41617  2.184  -36.788  45.233 0.5000000000
37525  -6.416  -41.443  43.438 0.8750000000
112082  -6.540  -41.788  44.946 0.7500000000
101771  -7.248  -42.327  46.697 0.6250000000
41607  1.582  -36.186  45.526 0.6250000000
38430  -6.510  -40.796  42.057 0.8750000000
37537  -6.800  -41.245  42.761 0.8750000000
37538  -7.598  -41.268  42.856 0.8750000000
43243  1.381  -34.432  45.979 0.6250000000
42416  0.981  -34.620  46.503 0.6250000000
42426  0.952  -35.536  46.081 0.6250000000
39225  -7.310  -38.934  39.501 0.8750000000
115508  -7.564  -40.015  40.183 0.8750000000
38453  -7.887  -40.393  40.741 0.8750000000
38431  -7.934  -40.938  42.280 0.8750000000
113812  -7.768  -39.577  39.707 0.8750000000
109146  -8.580  -39.576  39.539 0.8750000000
44017  0.180  -33.713  44.863 0.6250000000
40017  -8.408  -38.569  38.932 1.0000000000
107568  -9.793  -37.974  38.260 1.0000000000
44821  -25.277  -32.027  42.544 1.0000000000
45596  -25.426  -31.541  43.458 1.0000000000
46396  -25.134  -30.605  43.380 1.0000000000
46395  -24.588  -29.862  42.685 1.0000000000
44808  -27.273  -32.204  46.164 0.7500000000
44027  -0.397  -33.769  43.300 0.6250000000
41674  -9.537  -36.411  38.228 1.0000000000
42484  -9.742  -35.425  38.189 1.0000000000
44032  -25.197  -32.953  42.610 1.0000000000
47190  -24.364  -28.996  42.959 1.0000000000
44809  -28.448  -32.396  45.717 0.8750000000
42485  -10.641  -35.702  37.874 1.0000000000
44842  -24.713  -32.139  40.985 1.0000000000
45605  -24.902  -31.585  41.734 1.0000000000
107990  -24.683  -30.921  41.403 1.0000000000
47199  -23.967  -29.209  41.967 1.0000000000
112297  -23.528  -28.457  41.770 1.0000000000
103589  -23.509  -27.781  41.843 1.0000000000
44814  -29.536  -32.611  44.840 0.7500000000
45586  -29.213  -31.817  45.147 1.0000000000
46386  -31.839  -29.859  43.167 1.0000000000
46409  -32.069  -30.794  42.563 1.0000000000
45607  -31.514  -31.074  41.570 0.8750000000
46408  -31.248  -30.161  41.854 0.8750000000
115958  -11.053  -33.599  38.587 1.0000000000
45623  -12.179  -31.834  39.703 1.0000000000
45617  -24.603  -31.475  40.784 1.0000000000
46418  -24.385  -30.657  40.742 1.0000000000
47206  -23.955  -29.791  40.928 1.0000000000
48098  -23.178  -28.116  41.330 1.0000000000
48920  -23.481  -27.242  41.454 1.0000000000
44815  -30.647  -32.651  43.980 0.7500000000
108390  -31.847  -33.084  42.573 0.8750000000
45598  -32.126  -31.706  42.763 0.8750000000
101283  -32.021  -31.769  42.047 0.7500000000
46419  -30.017  -30.477  40.994 0.7500000000
44051  -12.061  -33.214  39.231 1.0000000000
44838  -14.039  -32.236  40.061 1.0000000000
46423  -23.971  -30.970  39.143 1.0000000000
108402  -23.467  -29.433  40.159 1.0000000000
48105  -22.399  -27.414  40.311 1.0000000000
49789  -22.856  -26.707  39.959 1.0000000000
49775  -23.229  -26.935  40.805 1.0000000000
45618  -30.469  -31.330  40.615 0.7500000000
47219  -23.529  -30.075  39.188 1.0000000000
47218  -22.815  -29.077  39.354 1.0000000000
48106  -22.869  -28.350  40.516 1.0000000000
48928  -22.609  -26.990  40.466 1.0000000000
96779  -23.868  -26.451  39.200 1.0000000000
49790  -24.206  -26.624  40.184 1.0000000000
44840  -16.277  -32.946  40.838 1.0000000000
44830  -17.438  -32.787  41.705 1.0000000000
48118  -21.946  -28.270  39.109 1.0000000000
49809  -22.052  -26.688  39.282 1.0000000000
97729  -22.903  -26.455  39.124 0.8750000000
49810  -23.598  -26.391  38.331 0.8750000000
45616  -17.742  -32.668  40.796 1.0000000000
46416  -17.229  -31.342  40.578 1.0000000000
48117  -21.337  -27.824  38.596 1.0000000000
49808  -21.459  -26.818  38.896 1.0000000000
49829  -21.963  -26.351  37.912 1.0000000000
49830  -23.121  -26.362  37.520 0.8750000000
48944  -21.165  -27.040  38.746 1.0000000000
49828  -21.254  -26.528  38.096 1.0000000000
103767  -22.349  -26.336  37.070 0.8750000000
48110  -14.298  -28.383  38.931 1.0000000000
49849  -21.899  -26.357  36.393 0.8750000000
49870  -22.410  -26.434  35.443 0.8750000000
48126  -14.344  -28.476  37.210 1.0000000000
106474  -14.164  -27.016  37.068 1.0000000000
99717  -21.031  -26.449  35.073 0.8750000000
49869  -21.428  -26.411  35.704 0.8750000000
97339  -20.762  -26.310  33.257 1.0000000000
49889  -21.162  -26.431  34.112 0.8750000000
50774  -15.030  -26.135  35.339 1.0000000000
49909  -20.200  -26.468  33.928 1.0000000000
49907  -18.595  -26.605  33.129 1.0000000000
97812  -20.035  -26.341  33.197 0.8750000000
50791  -16.014  -25.264  33.673 0.8750000000
50799  -17.110  -25.870  32.524 1.0000000000
49927  -17.858  -26.395  32.781 1.0000000000
50800  -17.960  -26.075  32.093 1.0000000000
49928  -18.834  -26.158  31.911 0.8750000000
50806  -16.774  -25.074  32.027 0.8750000000
39945  0.631  -38.687  44.708 0.5000000000
108424  0.733  -39.460  45.202 0.5000000000
37473  -1.871  -41.523  47.319 0.5000000000
36569  -2.573  -42.004  48.106 0.5000000000
36570  -3.653  -42.226  47.774 0.6250000000
40784  1.328  -37.416  44.841 0.5000000000
39163  1.951  -39.146  45.179 0.5000000000
39149  1.139  -40.005  45.721 0.5000000000
36583  -3.999  -41.916  46.563 0.7500000000
36584  -4.847  -42.036  46.346 0.7500000000
37524  -5.587  -41.332  43.487 0.8750000000
37490  -5.097  -41.758  45.346 0.7500000000
36600  -5.889  -41.784  45.158 0.7500000000
38429  -5.633  -40.566  41.956 0.8750000000
43240  1.004  -34.018  46.593 0.6250000000
113686  0.894  -34.078  46.853 0.6250000000
42417  0.421  -35.076  47.042 0.6250000000
39214  -6.963  -39.562  39.976 0.8750000000
38452  -6.439  -39.801  40.471 0.8750000000
42408  -0.057  -34.908  48.085 0.6250000000
42418  -0.492  -35.490  47.164 0.6250000000
46375  -27.050  -30.544  46.085 1.0000000000
40830  -8.338  -37.906  38.878 1.0000000000
45575  -26.836  -31.469  46.123 1.0000000000
44018  -1.189  -33.525  43.965 0.7500000000
41673  -8.801  -36.526  38.762 1.0000000000
42473  -9.153  -34.827  38.751 1.0000000000
47191  -24.895  -29.609  43.667 1.0000000000
45576  -28.084  -31.459  45.964 1.0000000000
106159  -27.746  -29.599  45.724 1.0000000000
44028  -1.562  -33.168  42.814 0.6250000000
106236  -9.718  -34.611  38.432 1.0000000000
48091  -24.321  -28.296  43.061 1.0000000000
98449  -23.948  -27.867  42.535 1.0000000000
46376  -28.413  -30.541  45.610 1.0000000000
46377  -29.620  -30.519  44.832 1.0000000000
46385  -30.892  -30.380  43.945 1.0000000000
106261  -31.751  -30.927  43.253 1.0000000000
47201  -31.763  -29.728  42.729 0.8750000000
44064  -11.163  -33.058  38.838 1.0000000000
48921  -24.054  -27.288  42.136 1.0000000000
45577  -29.070  -31.144  45.246 0.8750000000
45587  -30.212  -31.260  44.306 0.8750000000
100366  -30.896  -29.392  41.969 0.7500000000
45624  -13.109  -31.998  39.833 1.0000000000
44828  -15.555  -32.449  41.309 1.0000000000
98213  -24.340  -26.475  37.345 0.8750000000
49811  -24.647  -26.441  38.290 0.8750000000
110609  -28.978  -30.086  40.429 0.7500000000
109774  -29.245  -30.892  40.165 0.6250000000
44839  -15.049  -32.555  40.413 1.0000000000
107228  -23.743  -26.483  36.678 0.8750000000
112569  -17.896  -31.727  42.039 1.0000000000
46404  -16.521  -30.162  41.506 1.0000000000
111644  -23.091  -26.395  36.846 0.8750000000
114372  -24.994  -26.576  36.866 0.8750000000
107268  -15.786  -29.883  40.544 1.0000000000
47204  -15.082  -29.096  40.202 1.0000000000
49850  -23.014  -26.432  36.189 0.8750000000
96782  -24.324  -26.813  34.965 0.8750000000
97247  -24.952  -26.823  35.599 0.8750000000
48942  -14.100  -27.637  38.413 1.0000000000
49890  -22.800  -26.527  34.575 0.8750000000
96840  -23.399  -26.568  35.215 0.8750000000
49826  -14.040  -26.914  37.910 1.0000000000
97191  -21.858  -26.432  34.758 0.8750000000
96834  -23.146  -26.633  33.932 0.8750000000
49891  -23.679  -26.725  34.397 0.8750000000
49845  -14.355  -26.312  36.606 1.0000000000
49910  -21.661  -26.351  33.187 0.8750000000
96835  -22.304  -26.486  33.827 0.8750000000
49911  -23.095  -26.639  33.306 0.8750000000
50780  -15.247  -25.365  34.851 1.0000000000
97632  -22.445  -26.481  33.042 0.8750000000
49932  -23.050  -26.584  32.571 0.8750000000
50790  -15.561  -25.088  34.262 1.0000000000
49930  -20.311  -26.156  32.570 0.8750000000
49931  -21.167  -26.122  32.514 0.8750000000
103794  -21.478  -25.957  31.742 0.8750000000
49949  -19.755  -26.010  31.895 0.8750000000
50810  -20.063  -25.738  31.170 0.8750000000
50798  -16.444  -25.167  32.840 0.8750000000
51614  -16.731  -24.370  31.571 0.8750000000
50807  -17.430  -25.485  31.736 0.8750000000
50823  -18.554  -25.339  30.720 0.8750000000
51623  -18.955  -24.974  30.004 0.8750000000
111996  -17.110  -24.926  31.441 0.8750000000
50822  -17.699  -25.127  31.061 0.8750000000
39956  0.296  -37.900  44.176 0.5000000000
38407  -0.084  -39.961  45.473 0.5000000000
38396  -0.634  -40.489  45.983 0.6250000000
37486  -1.216  -41.026  46.598 0.6250000000
37474  -3.028  -41.771  46.854 0.7500000000
38397  -1.735  -40.716  45.559 0.6250000000
37487  -2.471  -41.202  46.049 0.7500000000
37488  -3.466  -41.453  45.826 0.7500000000
37489  -4.281  -41.632  45.547 0.7500000000
41618  0.605  -36.871  44.759 0.6250000000
41619  -0.842  -36.779  43.884 0.7500000000
38419  -5.050  -40.806  42.782 0.8750000000
37523  -4.753  -41.188  43.706 0.7500000000
41608  0.126  -36.380  45.168 0.6250000000
41609  -1.164  -36.297  44.517 0.7500000000
110371  -5.293  -39.938  41.265 0.8750000000
44008  0.491  -33.737  46.354 0.6250000000
44002  0.501  -33.941  47.471 0.6250000000
42427  -0.232  -35.797  45.843 0.6250000000
97151  -1.334  -35.906  45.583 0.7500000000
108409  -0.652  -33.582  45.499 0.7500000000
43234  0.066  -34.358  48.075 0.6250000000
102435  -2.223  -36.040  45.712 0.7500000000
39224  -6.661  -38.831  39.745 0.8750000000
42419  -1.584  -35.774  47.373 0.7500000000
42420  -2.793  -36.136  46.998 0.7500000000
40829  -7.649  -37.576  39.342 1.0000000000
107569  -8.308  -37.041  39.085 1.0000000000
46384  -25.435  -30.250  44.544 1.0000000000
46373  -25.658  -29.605  45.214 1.0000000000
47178  -25.706  -28.774  45.158 1.0000000000
47162  -26.455  -29.362  45.793 1.0000000000
44019  -2.316  -32.930  43.356 0.7500000000
44029  -2.236  -32.485  42.610 0.8750000000
47176  -24.748  -28.766  43.752 1.0000000000
106972  -24.802  -28.052  43.634 1.0000000000
48083  -25.905  -27.937  44.815 1.0000000000
47163  -27.344  -28.636  45.539 1.0000000000
48076  -28.081  -27.968  45.124 1.0000000000
48077  -29.192  -28.107  44.771 1.0000000000
44817  -2.343  -31.776  42.261 0.8750000000
43278  -9.414  -34.026  38.763 1.0000000000
103754  -10.193  -32.254  39.281 1.0000000000
48914  -25.068  -27.484  43.320 1.0000000000
108241  -29.003  -29.731  45.166 1.0000000000
107983  -29.635  -28.969  44.682 1.0000000000
47180  -31.501  -29.055  43.638 1.0000000000
47193  -31.717  -28.872  43.098 1.0000000000
47192  -31.300  -28.823  42.519 0.8750000000
44826  -1.689  -31.525  41.548 0.8750000000
44858  -10.353  -32.817  38.910 1.0000000000
45622  -11.300  -31.662  39.534 1.0000000000
49776  -25.135  -26.605  40.817 1.0000000000
49791  -25.485  -26.425  39.903 1.0000000000
48093  -31.499  -28.141  42.929 1.0000000000
47200  -30.166  -28.723  41.590 1.0000000000
111034  -0.705  -30.511  40.936 0.8750000000
47203  0.307  -29.381  40.623 0.8750000000
45614  -13.541  -31.633  40.461 1.0000000000
45602  -14.842  -31.786  41.694 1.0000000000
48101  0.694  -28.436  40.063 0.8750000000
48102  0.417  -28.374  40.700 0.8750000000
45603  -16.096  -32.412  42.340 1.0000000000
101166  -24.932  -26.424  39.168 0.8750000000
103996  -25.782  -26.400  39.106 0.8750000000
116560  -28.892  -29.387  40.457 0.7500000000
48109  0.665  -28.776  39.479 0.7500000000
47202  0.705  -29.152  40.138 0.6250000000
45594  -17.480  -32.291  42.802 1.0000000000
46394  -17.813  -31.682  42.701 1.0000000000
97626  -25.400  -26.553  37.400 0.8750000000
99931  -28.525  -29.673  39.880 0.7500000000
47212  -28.148  -29.650  39.103 0.7500000000
104927  -15.515  -29.237  41.090 1.0000000000
47220  -27.735  -29.941  38.413 0.7500000000
50787  -6.062  -25.531  33.108 0.1250000000
48104  -14.889  -28.416  40.713 1.0000000000
48103  -14.560  -28.337  39.832 1.0000000000
49852  -25.524  -26.722  36.351 0.8750000000
48933  -14.237  -27.578  39.349 1.0000000000
49807  -14.112  -26.811  38.787 1.0000000000
49912  -24.627  -27.149  33.255 0.8750000000
104002  -14.149  -26.100  38.300 1.0000000000
50758  -14.266  -25.378  37.850 1.0000000000
49892  -24.488  -27.035  34.137 0.8750000000
50768  -14.350  -25.389  36.891 1.0000000000
97407  -23.770  -26.870  32.890 0.8750000000
50773  -14.571  -25.760  36.031 1.0000000000
51594  -15.326  -24.610  34.653 0.7500000000
49951  -22.233  -26.144  31.514 0.8750000000
49969  -23.458  -26.450  30.703 0.8750000000
49933  -24.359  -27.010  32.364 0.8750000000
51601  -15.633  -24.488  33.989 0.8750000000
49952  -23.145  -26.493  31.647 0.8750000000
51602  -16.023  -24.419  33.255 0.8750000000
112282  -16.090  -23.713  32.980 0.8750000000
50825  -20.375  -25.539  30.401 0.8750000000
50811  -20.938  -25.721  31.102 0.8750000000
50827  -22.137  -25.884  30.150 0.8750000000
49968  -22.618  -26.205  30.829 0.8750000000
52411  -16.720  -23.642  30.991 0.8750000000
50840  -19.845  -25.223  29.774 0.8750000000
50841  -20.706  -25.386  29.609 0.8750000000
105992  -21.260  -25.651  30.270 0.8750000000
52412  -17.264  -23.943  30.283 0.8750000000
110704  -17.961  -24.647  30.301 0.8750000000
39177  -0.646  -38.538  43.814 0.6250000000
39164  -0.631  -39.440  44.564 0.6250000000
38408  -1.191  -40.254  45.001 0.7500000000
38409  -2.190  -40.463  44.698 0.7500000000
40785  -0.540  -37.285  43.760 0.6250000000
37506  -2.561  -40.834  45.210 0.7500000000
100911  -3.728  -41.243  44.931 0.7500000000
38418  -4.211  -40.695  43.228 0.8750000000
37507  -3.947  -40.995  44.066 0.8750000000
41620  -1.841  -36.668  43.386 0.7500000000
39211  -4.985  -39.087  40.814 0.8750000000
38428  -4.795  -40.224  41.982 0.8750000000
44003  -0.274  -33.689  47.225 0.8750000000
43995  -0.027  -34.125  48.090 0.6250000000
42428  -2.319  -36.250  44.277 0.7500000000
39213  -6.235  -39.163  40.141 0.8750000000
44009  -1.422  -33.639  45.892 0.8750000000
43235  -0.438  -34.705  48.290 0.7500000000
42409  -0.929  -35.259  48.325 0.7500000000
42429  -3.139  -36.139  45.045 0.7500000000
40828  -6.876  -38.096  39.541 0.8750000000
41652  -7.753  -36.068  40.051 1.0000000000
48065  -17.545  -28.910  47.594 1.0000000000
48881  -16.960  -28.171  46.721 1.0000000000
42410  -2.056  -35.525  48.347 0.7500000000
42411  -3.194  -35.963  48.369 0.8750000000
98173  -3.757  -36.288  45.706 0.8750000000
41663  -8.303  -36.101  39.390 1.0000000000
112863  -17.237  -30.540  46.974 1.0000000000
101587  -17.378  -30.018  46.754 1.0000000000
49725  -16.523  -26.474  46.215 0.8750000000
42421  -3.934  -36.388  47.046 0.7500000000
44050  -9.238  -33.361  39.252 1.0000000000
44846  -9.126  -32.661  39.762 1.0000000000
98828  -14.723  -30.991  44.319 1.0000000000
46365  -16.760  -31.505  45.970 1.0000000000
48069  -16.729  -28.885  46.170 1.0000000000
48880  -16.397  -27.266  46.077 1.0000000000
48905  -26.400  -27.266  44.181 1.0000000000
48892  -27.794  -27.355  44.778 1.0000000000
48893  -28.841  -27.281  44.694 1.0000000000
48894  -29.968  -27.462  44.426 1.0000000000
45599  -2.297  -30.894  42.037 0.8750000000
44847  -9.709  -32.701  39.236 1.0000000000
45612  -10.929  -31.018  39.876 1.0000000000
46402  -12.441  -30.391  41.349 1.0000000000
46381  -14.024  -30.565  43.618 1.0000000000
46366  -17.176  -31.365  45.901 1.0000000000
48073  -16.975  -29.800  45.727 1.0000000000
49729  -15.864  -26.858  45.133 1.0000000000
49762  -25.811  -26.681  42.164 1.0000000000
104503  -26.779  -26.433  42.528 1.0000000000
48085  -31.257  -28.361  44.068 1.0000000000
48909  -31.154  -27.021  43.630 1.0000000000
46387  -1.969  -29.964  42.171 0.8750000000
46414  -12.154  -30.674  40.641 1.0000000000
45591  -14.026  -31.151  41.913 1.0000000000
45573  -17.209  -31.817  44.803 1.0000000000
47161  -17.261  -30.726  45.155 1.0000000000
48080  -15.886  -28.450  44.211 1.0000000000
48891  -15.737  -27.702  44.607 1.0000000000
96464  -25.778  -26.527  41.340 1.0000000000
49777  -26.343  -26.291  40.583 1.0000000000
48917  -31.487  -27.015  43.021 1.0000000000
48100  -30.015  -27.877  41.376 1.0000000000
46397  -0.594  -29.819  41.073 0.8750000000
47182  -0.188  -28.707  41.491 0.8750000000
97348  -15.947  -31.941  43.548 1.0000000000
101627  -17.387  -31.723  44.429 1.0000000000
47175  -16.928  -30.057  44.141 1.0000000000
113948  -16.252  -29.070  43.916 1.0000000000
48930  -30.262  -27.318  41.072 1.0000000000
48108  -29.406  -28.100  40.544 0.8750000000
48094  0.484  -27.348  40.663 0.8750000000
45593  -16.905  -32.388  43.243 1.0000000000
47189  -17.172  -30.426  43.366 1.0000000000
47188  -16.409  -29.520  42.718 1.0000000000
110321  -26.175  -26.549  37.781 0.8750000000
48107  -28.694  -28.925  39.944 0.7500000000
48113  -29.257  -28.237  39.652 0.8750000000
103801  0.564  -27.484  39.841 0.8750000000
48926  0.450  -26.864  40.175 0.8750000000
49766  0.281  -26.524  40.687 0.8750000000
45583  -17.673  -32.056  43.043 1.0000000000
47197  -16.001  -29.362  41.990 1.0000000000
48089  -14.996  -27.817  41.982 1.0000000000
48112  -28.538  -28.911  38.986 0.7500000000
48114  0.276  -27.737  39.153 0.8750000000
48932  0.170  -26.783  39.447 0.8750000000
49767  -0.207  -26.320  40.326 0.8750000000
48096  -14.783  -27.871  41.202 1.0000000000
49774  -14.465  -26.522  40.662 1.0000000000
49853  -26.429  -26.674  36.873 0.8750000000
47228  -27.644  -29.897  37.813 0.6250000000
47221  -28.066  -29.493  38.348 0.6250000000
49798  -0.542  -26.481  38.949 0.8750000000
49783  -0.776  -26.414  39.351 0.8750000000
97660  -1.264  -26.318  38.438 0.8750000000
49841  -3.802  -25.944  36.204 0.8750000000
50763  -4.417  -25.909  35.679 0.3750000000
50769  -4.951  -25.777  35.129 0.2500000000
50776  -5.239  -25.655  34.380 0.2500000000
50777  -6.293  -25.551  34.064 0.1250000000
97582  -14.267  -26.694  39.700 1.0000000000
50740  -14.382  -25.301  39.500 0.8750000000
96843  -26.332  -26.856  35.970 0.8750000000
47229  -28.159  -29.458  37.522 0.6250000000
48119  -28.706  -29.004  38.047 0.6250000000
48941  -0.392  -27.021  38.674 0.8750000000
48950  -0.944  -27.123  37.795 0.8750000000
49799  -0.962  -26.444  38.086 0.8750000000
108248  -1.693  -26.110  37.606 0.8750000000
110201  -2.215  -25.924  37.057 0.8750000000
49820  -2.989  -25.865  36.824 0.8750000000
49788  -14.188  -26.004  39.152 1.0000000000
50750  -14.272  -25.338  38.703 1.0000000000
96478  -25.166  -27.254  33.894 0.8750000000
96520  -25.867  -27.298  34.041 0.8750000000
50788  -7.106  -25.328  33.408 0.2500000000
49934  -25.222  -27.170  32.524 0.8750000000
49913  -25.557  -27.304  33.326 0.8750000000
51598  -7.800  -24.928  33.057 0.1250000000
52388  -14.854  -24.065  36.236 0.8750000000
51588  -14.624  -24.942  36.137 0.8750000000
49970  -24.310  -26.570  30.616 0.8750000000
49954  -24.840  -26.904  31.523 0.8750000000
52395  -15.405  -23.939  34.529 0.7500000000
52400  -15.752  -23.608  33.752 0.7500000000
49983  -23.769  -26.310  29.926 0.8750000000
50860  -22.307  -25.498  28.676 0.8750000000
49982  -22.966  -26.188  30.051 0.8750000000
104628  -16.487  -23.693  31.788 0.8750000000
51634  -20.240  -25.005  29.055 0.8750000000
50842  -21.629  -25.553  29.351 0.8750000000
111875  -16.897  -23.303  30.255 0.8750000000
51632  -17.830  -24.044  29.772 0.8750000000
51633  -18.527  -24.372  29.559 0.8750000000
99955  -19.396  -24.643  29.229 0.8750000000
116655  -1.386  -39.224  43.753 0.6250000000
39165  -1.736  -39.887  44.209 0.6250000000
39957  -0.858  -37.839  43.358 0.7500000000
39958  -1.576  -38.452  42.991 0.7500000000
39178  -2.132  -39.485  43.406 0.7500000000
38416  -2.599  -40.207  43.894 0.8750000000
38410  -3.101  -40.748  44.519 0.7500000000
40795  -1.574  -36.988  43.017 0.7500000000
39971  -1.540  -37.489  42.866 0.7500000000
38417  -3.418  -40.475  43.584 0.8750000000
39202  -4.494  -39.462  41.463 0.8750000000
39190  -4.061  -39.801  42.126 0.8750000000
49719  -17.937  -27.439  48.351 1.0000000000
50703  -18.129  -26.526  48.218 0.8750000000
43996  -0.720  -34.378  48.162 0.8750000000
40003  -5.540  -37.968  40.239 0.8750000000
41650  -6.584  -36.825  40.507 0.8750000000
48875  -17.731  -28.311  47.991 1.0000000000
51556  -18.265  -25.791  47.882 0.8750000000
44011  -3.558  -32.901  44.973 0.8750000000
43236  -1.347  -35.034  48.486 0.8750000000
40004  -6.130  -38.369  39.938 0.8750000000
41651  -7.298  -36.417  40.465 0.8750000000
48070  -17.378  -29.170  47.090 1.0000000000
49722  -17.224  -27.401  47.021 1.0000000000
44803  -3.146  -32.689  44.021 0.8750000000
44810  -2.985  -32.063  42.973 0.8750000000
42402  -3.561  -35.973  48.933 1.0000000000
43272  -7.914  -34.901  40.769 1.0000000000
107415  -8.628  -32.779  40.482 1.0000000000
46360  -17.123  -31.097  46.616 1.0000000000
45588  -2.783  -31.256  42.612 0.8750000000
42412  -4.024  -36.582  48.514 0.8750000000
44049  -8.712  -33.406  39.927 1.0000000000
44836  -8.987  -32.022  40.321 1.0000000000
46399  -9.921  -30.748  40.766 1.0000000000
50709  -16.560  -25.514  45.944 0.8750000000
49748  -27.668  -26.107  42.889 1.0000000000
48907  -28.572  -26.596  44.301 1.0000000000
48908  -29.717  -26.639  44.276 1.0000000000
107230  -30.600  -26.949  44.104 1.0000000000
45589  -2.632  -30.441  42.704 0.8750000000
46412  -10.604  -30.634  40.494 1.0000000000
46401  -11.696  -30.177  41.186 1.0000000000
47173  -13.325  -29.944  43.821 1.0000000000
112272  -13.985  -30.375  44.281 1.0000000000
107281  -15.556  -26.230  44.401 1.0000000000
50708  -15.962  -25.898  45.118 0.8750000000
49763  -27.693  -25.858  41.996 1.0000000000
49740  -30.590  -26.142  43.765 1.0000000000
49751  -31.290  -25.651  43.157 1.0000000000
98569  -1.098  -29.085  42.711 0.8750000000
48088  -0.371  -28.218  43.258 0.8750000000
48903  -15.443  -27.696  43.728 1.0000000000
103647  -15.403  -26.914  44.104 1.0000000000
49778  -27.406  -25.866  41.004 1.0000000000
48924  -30.833  -26.934  41.727 1.0000000000
48931  -31.636  -25.985  41.619 1.0000000000
116386  -0.509  -28.647  42.378 0.8750000000
48087  -0.014  -27.898  42.558 0.8750000000
48910  0.064  -27.042  42.604 0.8750000000
101280  -15.711  -28.467  43.421 1.0000000000
48912  -15.228  -27.766  42.886 1.0000000000
49792  -26.462  -26.279  39.606 0.8750000000
48936  -30.250  -27.436  40.464 0.8750000000
48946  -30.240  -27.738  39.522 0.8750000000
103984  -30.559  -28.115  38.722 0.8750000000
49752  -0.052  -26.540  42.106 0.8750000000
49753  -0.540  -26.356  42.036 0.8750000000
48911  -14.870  -26.962  42.335 1.0000000000
106908  -14.854  -25.643  41.894 0.8750000000
49813  -26.522  -26.399  38.609 0.8750000000
48121  -31.550  -28.176  38.321 0.8750000000
97076  -0.039  -26.294  41.356 0.8750000000
96957  -0.938  -26.320  41.111 0.8750000000
98278  -1.568  -26.458  40.084 0.8750000000
96783  -2.517  -26.442  39.557 0.8750000000
107925  -14.678  -26.347  41.581 0.8750000000
51573  -14.927  -24.962  41.497 0.8750000000
48120  -29.499  -28.472  38.607 0.7500000000
96658  -30.394  -28.567  37.875 0.8750000000
49784  -1.726  -26.304  38.970 0.8750000000
49801  -2.814  -26.314  38.668 0.8750000000
104040  -3.587  -26.287  37.927 0.8750000000
50733  -14.536  -25.266  40.188 0.8750000000
51578  -14.631  -24.711  39.920 0.8750000000
96842  -27.093  -26.844  36.074 0.8750000000
48129  -31.200  -28.742  37.267 0.8750000000
49821  -4.560  -26.234  37.283 0.6250000000
49842  -4.703  -26.046  36.377 0.5000000000
50770  -6.139  -25.858  35.136 0.2500000000
51580  -14.469  -24.652  39.136 0.8750000000
49873  -26.754  -27.076  35.195 0.8750000000
47230  -29.026  -29.175  37.152 0.6250000000
47231  -30.177  -29.038  36.935 0.8750000000
48142  -31.038  -29.103  36.544 0.7500000000
48143  -31.928  -29.012  36.652 0.6250000000
49800  -1.911  -26.087  38.144 0.8750000000
49819  -2.397  -26.006  37.576 0.8750000000
96484  -7.143  -25.753  34.799 0.2500000000
52376  -14.655  -23.967  38.787 0.8750000000
52381  -15.065  -23.364  37.525 0.8750000000
47244  -29.521  -29.433  36.136 0.6250000000
47246  -31.448  -29.348  35.960 0.6250000000
96646  -33.575  -29.569  35.948 0.5000000000
115851  -33.437  -29.775  35.279 0.5000000000
52383  -14.715  -24.026  37.127 0.8750000000
52384  -15.058  -23.485  36.799 0.8750000000
49936  -27.030  -27.017  32.618 0.8750000000
111026  -26.751  -27.238  33.262 0.8750000000
47247  -32.434  -29.380  35.947 0.5000000000
47264  -32.801  -29.651  35.210 0.5000000000
110031  -33.286  -29.825  34.814 0.5000000000
112041  -14.560  -24.615  36.774 0.8750000000
98967  -15.265  -23.192  36.131 0.8750000000
49935  -25.731  -26.992  31.988 0.8750000000
49914  -26.159  -27.199  32.729 0.8750000000
47263  -31.843  -29.525  35.219 0.5000000000
52389  -15.232  -23.677  35.322 0.7500000000
53143  -15.566  -23.118  34.611 0.7500000000
53151  -15.922  -22.653  33.950 0.7500000000
49984  -24.617  -26.292  29.821 0.8750000000
49985  -25.521  -26.167  29.754 0.8750000000
52401  -16.101  -22.970  33.164 0.8750000000
53163  -16.458  -22.777  31.663 0.8750000000
107840  -23.114  -25.794  28.794 0.7500000000
50861  -23.666  -25.573  28.279 0.8750000000
53170  -16.866  -22.671  29.852 0.8750000000
50859  -21.520  -25.193  28.518 0.7500000000
50873  -22.123  -25.070  27.971 0.7500000000
50874  -23.423  -25.179  27.698 0.7500000000
52427  -18.195  -23.758  29.204 0.7500000000
51645  -19.364  -23.908  28.262 0.7500000000
51663  -20.176  -24.187  27.801 0.7500000000
51684  -21.422  -24.061  26.698 0.7500000000
40796  -2.246  -37.220  42.480 0.7500000000
39188  -2.520  -38.922  42.613 0.8750000000
39179  -2.953  -39.819  43.095 0.8750000000
41629  -2.248  -36.902  42.721 0.8750000000
39987  -3.451  -37.978  41.308 0.8750000000
39201  -3.712  -38.958  41.659 0.8750000000
44005  -3.250  -33.759  46.455 0.8750000000
39988  -4.182  -38.551  41.034 0.8750000000
44004  -1.672  -34.015  46.915 0.8750000000
43997  -1.970  -34.625  48.197 0.8750000000
42439  -3.464  -36.273  43.763 0.8750000000
40815  -5.212  -37.354  40.552 0.8750000000
41649  -5.713  -36.915  40.692 0.8750000000
44010  -2.634  -33.408  45.366 0.8750000000
105435  -6.335  -36.498  41.205 0.8750000000
51557  -18.202  -25.053  47.416 0.8750000000
44811  -3.549  -31.898  43.681 0.8750000000
43237  -2.598  -35.429  48.531 1.0000000000
42430  -4.094  -36.218  44.506 1.0000000000
116227  -6.949  -36.338  41.104 0.8750000000
104235  -7.544  -35.409  41.379 0.8750000000
43267  -8.067  -34.065  41.163 1.0000000000
46359  -16.192  -31.035  46.831 1.0000000000
47143  -17.391  -29.773  47.578 1.0000000000
51561  -17.695  -24.481  46.435 0.8750000000
45578  -3.288  -31.034  43.283 0.8750000000
42413  -5.293  -36.557  48.152 1.0000000000
42422  -5.108  -36.462  46.858 1.0000000000
96424  -4.872  -36.446  45.431 1.0000000000
44044  -8.375  -33.485  40.646 1.0000000000
45609  -8.932  -31.569  40.926 1.0000000000
46370  -14.497  -30.646  45.003 1.0000000000
51560  -16.813  -24.702  45.676 0.8750000000
104650  -17.447  -25.241  46.660 0.8750000000
50721  -29.491  -25.024  42.602 1.0000000000
49749  -28.536  -25.572  42.776 1.0000000000
49739  -29.533  -25.859  43.847 1.0000000000
47168  -1.698  -29.237  44.014 0.8750000000
47154  -0.813  -28.491  44.842 0.8750000000
101739  -6.256  -36.519  46.725 1.0000000000
98423  -6.098  -36.473  45.582 1.0000000000
42432  -6.654  -36.193  44.711 1.0000000000
42433  -7.153  -35.845  44.835 1.0000000000
45601  -9.275  -30.965  41.360 1.0000000000
112940  -9.871  -30.429  41.557 1.0000000000
47195  -11.244  -29.833  41.985 1.0000000000
50727  -28.383  -25.440  41.374 1.0000000000
49750  -30.489  -25.286  43.379 1.0000000000
50723  -31.185  -24.801  42.936 1.0000000000
48897  -0.620  -27.112  44.176 0.8750000000
109912  -6.922  -36.313  46.679 1.0000000000
42424  -7.238  -35.946  45.939 1.0000000000
46400  -10.466  -30.099  41.755 1.0000000000
47185  -11.882  -29.587  42.657 1.0000000000
49737  -15.208  -26.115  43.568 0.8750000000
50712  -15.591  -25.483  44.215 0.8750000000
51565  -16.462  -24.263  44.731 0.8750000000
52350  -17.157  -23.937  45.403 0.8750000000
49793  -27.431  -25.933  40.147 1.0000000000
49765  -31.506  -24.852  42.614 1.0000000000
49795  -32.548  -25.176  41.291 1.0000000000
102624  -32.376  -26.221  40.558 1.0000000000
48896  -0.331  -27.122  43.526 0.8750000000
49741  -0.363  -26.680  42.817 0.8750000000
50715  -15.309  -25.201  43.326 0.8750000000
52357  -15.946  -23.803  43.316 0.8750000000
49814  -27.633  -26.237  38.547 0.8750000000
104675  -27.240  -26.167  39.314 1.0000000000
48937  -31.418  -26.759  40.585 1.0000000000
48947  -31.513  -27.396  39.556 0.8750000000
49754  -1.718  -26.383  41.772 0.8750000000
96993  -2.044  -26.400  40.944 0.8750000000
49768  -2.811  -26.477  40.363 0.8750000000
50719  -15.019  -25.745  42.695 0.8750000000
50720  -15.099  -25.031  42.380 0.8750000000
52361  -15.660  -23.721  42.428 0.8750000000
97625  -26.982  -26.517  37.717 0.8750000000
48122  -32.911  -27.966  38.504 0.8750000000
48123  -34.023  -27.565  38.647 0.7500000000
51574  -15.280  -24.270  41.910 0.8750000000
114494  -28.063  -26.657  36.657 0.8750000000
49854  -27.498  -26.645  36.893 0.8750000000
48130  -32.334  -28.549  37.526 0.7500000000
48131  -33.577  -28.413  37.876 0.7500000000
48132  -34.648  -28.123  37.948 0.8750000000
97628  -4.094  -26.575  38.901 0.8750000000
49802  -4.588  -26.484  38.285 0.7500000000
115898  -5.377  -26.144  36.789 0.5000000000
100223  -6.232  -26.132  36.721 0.6250000000
51576  -14.775  -24.857  40.673 0.8750000000
52369  -14.986  -24.185  40.452 0.8750000000
52366  -15.353  -23.663  41.174 0.8750000000
49875  -28.574  -26.843  35.588 0.8750000000
96841  -27.899  -26.798  36.163 0.8750000000
49874  -27.648  -26.981  35.408 0.8750000000
49960  -31.871  -26.127  31.796 0.8750000000
116204  -32.455  -25.853  31.336 0.8750000000
50813  -33.159  -25.753  31.289 0.8750000000
47232  -34.965  -29.064  37.403 0.7500000000
49843  -6.496  -26.059  36.008 0.2500000000
52372  -14.805  -24.040  39.618 0.8750000000
52370  -15.206  -23.423  40.198 0.8750000000
49916  -28.466  -26.871  33.382 0.8750000000
96839  -28.171  -27.039  34.784 0.8750000000
49894  -27.437  -27.137  34.712 0.8750000000
99657  -31.106  -25.973  31.317 0.8750000000
50812  -31.845  -25.790  30.998 0.8750000000
48144  -33.202  -29.066  36.911 0.6250000000
47248  -34.452  -29.330  36.858 0.7500000000
47249  -35.305  -29.610  36.921 0.8750000000
48147  -36.006  -29.702  37.096 0.8750000000
49863  -7.396  -25.924  35.579 0.2500000000
97565  -7.834  -25.747  34.957 0.2500000000
52377  -15.021  -23.294  38.396 0.8750000000
97248  -27.822  -27.152  34.083 0.8750000000
49977  -31.166  -25.657  30.548 0.8750000000
50832  -32.611  -25.511  30.608 0.8750000000
116359  -34.629  -29.737  36.308 0.5000000000
47266  -35.268  -30.033  36.325 0.5000000000
47267  -36.572  -30.164  36.871 0.6250000000
46455  -37.040  -30.564  36.592 0.6250000000
50789  -8.087  -25.246  33.928 0.2500000000
53129  -15.819  -22.126  37.278 0.8750000000
104572  -27.376  -26.704  31.854 0.8750000000
50851  -31.317  -25.312  29.657 0.8750000000
50831  -31.842  -25.500  30.316 0.8750000000
50852  -32.260  -25.172  29.728 0.8750000000
47279  -34.791  -30.282  35.345 0.5000000000
109319  -36.004  -30.371  36.367 0.6250000000
110663  -15.574  -22.538  36.145 0.7500000000
53138  -15.888  -22.060  35.748 0.7500000000
49956  -26.824  -26.558  31.155 0.8750000000
51635  -31.864  -24.821  28.942 0.8750000000
51636  -32.755  -24.678  29.068 0.8750000000
53137  -15.533  -22.767  35.443 0.7500000000
53144  -15.939  -22.183  34.812 0.7500000000
113885  -26.045  -25.570  28.608 0.8750000000
109249  -26.319  -25.946  29.593 0.8750000000
51651  -32.336  -24.232  28.372 0.8750000000
46467  -36.295  -30.618  35.607 0.5000000000
53152  -16.294  -22.154  33.416 0.7500000000
50863  -25.367  -25.579  28.464 0.8750000000
50846  -25.773  -25.832  29.091 0.8750000000
53158  -16.364  -22.410  32.613 0.8750000000
53988  -16.619  -21.846  31.206 0.8750000000
50862  -24.502  -25.628  28.379 0.8750000000
53169  -16.641  -22.716  30.686 0.8750000000
97137  -16.884  -21.893  29.415 0.7500000000
51665  -22.768  -24.810  27.307 0.7500000000
51687  -24.063  -24.283  26.380 0.7500000000
53184  -17.728  -22.526  28.500 0.7500000000
52437  -18.589  -23.496  28.535 0.7500000000
52463  -19.887  -23.147  26.581 0.7500000000
51683  -20.518  -23.738  26.839 0.7500000000
51685  -22.280  -24.211  26.578 0.7500000000
39972  -2.233  -37.936  42.319 0.8750000000
39986  -2.900  -37.531  41.891 0.8750000000
44006  -4.295  -33.431  46.648 0.8750000000
39973  -2.986  -38.431  41.949 0.8750000000
41638  -4.170  -36.803  41.331 0.8750000000
51549  -18.761  -25.258  48.505 0.8750000000
96451  -3.186  -34.625  48.156 0.8750000000
41621  -2.870  -36.615  42.952 0.8750000000
40804  -4.354  -37.204  40.837 0.8750000000
116279  -4.841  -36.616  41.542 0.8750000000
48871  -17.734  -28.078  48.860 1.0000000000
98192  -3.727  -36.431  42.833 0.8750000000
41648  -4.874  -36.836  40.912 0.8750000000
41633  -6.212  -36.319  42.026 0.8750000000
52343  -18.758  -24.477  47.739 0.8750000000
44804  -3.860  -32.232  44.432 0.8750000000
45570  -3.881  -31.326  44.241 0.8750000000
43229  -3.317  -35.643  48.793 1.0000000000
43230  -3.994  -36.091  49.342 1.0000000000
41622  -4.436  -36.266  43.405 0.8750000000
41623  -5.469  -36.257  43.597 1.0000000000
41640  -6.850  -36.084  41.796 0.8750000000
43266  -7.723  -34.805  41.719 0.8750000000
47142  -16.835  -30.536  47.628 1.0000000000
52344  -19.208  -23.604  47.256 0.8750000000
50729  -30.515  -24.643  42.501 1.0000000000
50722  -30.362  -24.869  43.015 1.0000000000
46367  -4.372  -31.081  45.058 0.8750000000
46361  -3.680  -30.358  44.809 0.8750000000
42404  -5.735  -36.646  49.327 1.0000000000
41610  -4.928  -36.300  44.229 1.0000000000
42431  -5.835  -36.360  44.515 1.0000000000
42440  -6.379  -36.102  43.747 1.0000000000
47141  -15.501  -30.408  47.566 1.0000000000
52351  -18.079  -23.611  46.077 0.8750000000
50736  -30.504  -24.549  41.680 1.0000000000
50728  -29.424  -24.912  41.834 1.0000000000
50716  -29.514  -25.355  43.236 1.0000000000
50730  -31.476  -24.651  42.375 1.0000000000
47169  -2.508  -29.616  44.205 0.8750000000
42405  -6.731  -36.794  49.243 1.0000000000
44818  -8.333  -32.251  42.070 1.0000000000
46389  -9.420  -30.550  42.176 1.0000000000
47172  -12.566  -29.637  43.250 1.0000000000
109088  -13.445  -29.867  44.763 1.0000000000
99532  -17.463  -23.352  45.028 0.8750000000
50735  -29.156  -25.035  40.931 1.0000000000
49779  -31.906  -24.754  41.948 1.0000000000
113017  -0.426  -27.771  44.258 0.8750000000
42414  -6.458  -36.597  47.912 1.0000000000
42415  -7.332  -36.055  47.443 1.0000000000
46390  -9.950  -30.134  42.303 1.0000000000
105782  -11.086  -29.488  42.905 1.0000000000
52353  -16.841  -23.556  44.518 0.8750000000
50751  -29.334  -25.358  39.588 1.0000000000
50742  -29.073  -25.244  40.217 1.0000000000
50734  -28.139  -25.583  40.712 1.0000000000
49796  -32.988  -25.176  40.620 1.0000000000
116194  -33.250  -25.696  40.189 1.0000000000
101412  -7.424  -35.291  45.255 1.0000000000
52358  -16.669  -23.201  43.624 0.8750000000
49815  -28.624  -25.900  38.740 1.0000000000
49794  -28.224  -25.794  39.570 1.0000000000
48938  -32.821  -26.520  39.960 0.8750000000
48939  -33.474  -26.155  39.728 1.0000000000
49731  -1.921  -26.550  43.388 0.8750000000
49755  -3.023  -26.520  41.343 0.8750000000
52362  -16.233  -23.178  42.744 0.8750000000
49816  -29.571  -25.643  38.702 0.8750000000
97597  -31.739  -26.510  33.821 0.8750000000
109979  -32.484  -26.497  33.827 0.8750000000
48948  -33.363  -27.164  39.300 0.8750000000
49769  -3.891  -26.584  40.545 0.8750000000
96846  -3.521  -26.520  39.662 0.8750000000
53116  -16.343  -22.365  41.384 0.8750000000
49833  -29.342  -26.386  37.036 0.8750000000
98298  -28.952  -26.084  37.900 0.8750000000
97624  -28.335  -26.480  37.210 0.8750000000
49832  -28.239  -26.251  37.988 0.8750000000
49939  -31.494  -26.354  32.547 0.8750000000
49919  -31.952  -26.432  33.191 0.8750000000
49940  -32.315  -26.322  32.521 0.8750000000
115359  -32.637  -26.442  33.136 0.8750000000
49920  -33.288  -26.555  33.570 0.8750000000
48133  -35.077  -28.477  37.636 0.8750000000
48146  -35.454  -29.231  37.230 0.8750000000
49803  -5.435  -26.503  38.249 0.7500000000
53115  -15.634  -22.820  40.840 0.8750000000
116797  -29.734  -25.921  37.901 0.8750000000
49855  -28.561  -26.648  36.445 0.8750000000
106080  -31.082  -26.220  31.971 0.8750000000
49961  -32.763  -26.112  31.900 0.8750000000
49962  -33.584  -26.097  31.868 0.8750000000
102433  -33.964  -26.670  33.083 1.0000000000
49822  -5.975  -26.355  37.534 0.7500000000
110841  -7.142  -26.073  36.513 0.3750000000
53126  -15.394  -22.534  38.888 0.8750000000
97736  -28.566  -26.951  34.187 0.8750000000
112738  -33.971  -26.394  32.388 0.8750000000
100537  -34.644  -26.623  32.572 1.0000000000
49823  -6.947  -26.223  37.282 0.7500000000
53957  -16.412  -21.543  36.243 0.7500000000
110148  -28.821  -26.621  32.488 0.8750000000
50853  -33.126  -25.029  29.895 0.8750000000
50833  -33.551  -25.382  30.628 0.8750000000
50815  -34.836  -25.630  31.257 1.0000000000
114340  -35.018  -25.986  31.669 1.0000000000
108746  -37.322  -30.443  36.732 0.7500000000
50779  -8.865  -25.160  35.075 0.2500000000
49988  -28.307  -25.805  30.067 0.8750000000
102830  -28.277  -26.523  31.765 0.8750000000
51637  -33.611  -24.487  29.237 0.8750000000
51624  -33.985  -24.847  30.030 0.8750000000
51638  -34.460  -24.229  29.421 0.8750000000
51625  -34.829  -24.623  30.158 1.0000000000
50835  -35.168  -25.075  30.752 1.0000000000
53967  -16.514  -21.434  34.573 0.7500000000
50848  -27.916  -25.605  29.333 0.8750000000
102959  -27.871  -26.023  30.509 0.8750000000
51674  -31.029  -23.884  27.664 0.7500000000
51650  -31.464  -24.377  28.247 0.8750000000
51652  -33.194  -24.078  28.523 0.8750000000
98457  -16.234  -21.960  34.093 0.7500000000
50878  -26.980  -25.127  27.810 0.8750000000
49973  -27.189  -26.190  30.497 0.8750000000
52438  -31.892  -23.706  27.822 0.8750000000
52439  -32.697  -23.542  28.011 0.8750000000
51653  -33.986  -23.814  28.762 0.8750000000
52441  -34.130  -22.976  28.611 0.8750000000
52428  -34.735  -23.383  29.144 1.0000000000
52429  -35.448  -23.127  29.593 1.0000000000
101293  -16.565  -21.536  32.980 0.7500000000
53989  -16.728  -20.993  31.702 0.8750000000
50877  -25.988  -25.240  27.882 0.7500000000
110017  -31.416  -21.862  27.381 0.7500000000
54030  -32.098  -21.755  27.691 0.8750000000
52458  -32.907  -22.788  27.877 0.8750000000
53186  -32.850  -22.034  28.004 0.7500000000
53188  -34.138  -22.192  28.801 0.7500000000
112876  -34.586  -22.662  28.986 0.7500000000
53178  -35.415  -22.303  29.683 1.0000000000
51667  -24.541  -24.786  27.046 0.7500000000
54939  -30.619  -20.889  27.709 0.6250000000
54940  -31.406  -21.321  27.673 0.6250000000
54016  -31.969  -21.200  27.993 0.6250000000
54017  -32.577  -21.421  28.231 0.7500000000
54018  -33.414  -21.629  28.620 0.7500000000
54914  -33.490  -20.990  29.322 0.7500000000
54005  -34.251  -21.560  29.307 0.7500000000
53994  -16.693  -21.870  30.301 0.7500000000
96955  -17.298  -21.935  28.602 0.7500000000
52466  -23.566  -23.675  25.846 0.7500000000
52467  -24.480  -23.678  25.839 0.7500000000
54926  -31.439  -20.817  28.169 0.6250000000
54927  -32.177  -20.873  28.533 0.7500000000
54913  -32.517  -20.605  29.427 0.7500000000
105732  -33.169  -20.600  29.956 0.7500000000
113818  -33.726  -20.733  30.012 0.7500000000
53196  -17.832  -22.029  27.810 0.7500000000
53197  -18.547  -22.503  27.352 0.7500000000
52477  -21.351  -23.046  25.638 0.7500000000
105870  -22.493  -22.330  25.264 0.7500000000
54912  -31.408  -20.481  29.146 0.7500000000
100654  -31.568  -20.448  30.434 0.7500000000
54895  -32.467  -20.452  30.610 0.7500000000
97643  -31.550  -20.665  31.690 0.7500000000
53207  -19.631  -22.521  26.102 0.7500000000
53215  -20.195  -21.994  25.409 0.7500000000
54048  -21.111  -21.760  25.114 0.6250000000
41637  -2.881  -37.029  42.182 0.8750000000
41630  -3.538  -36.797  42.023 0.8750000000
40803  -3.592  -37.228  41.388 0.8750000000
52335  -19.811  -24.213  48.767 0.7500000000
44801  -4.593  -32.475  45.927 0.8750000000
44797  -4.881  -33.058  46.834 0.8750000000
43999  -5.271  -33.508  47.673 1.0000000000
41631  -4.423  -36.491  42.298 0.8750000000
41632  -5.366  -36.427  42.196 0.8750000000
48051  -17.408  -28.751  48.950 1.0000000000
52336  -20.279  -23.512  48.410 0.7500000000
44800  -4.180  -32.747  45.376 0.8750000000
43998  -4.490  -34.348  48.117 1.0000000000
43993  -4.993  -35.260  49.018 1.0000000000
101498  -5.128  -36.314  42.881 0.8750000000
48059  -17.521  -29.194  48.274 1.0000000000
45567  -4.742  -31.635  45.796 0.8750000000
41624  -6.021  -36.278  42.892 0.8750000000
42449  -7.185  -35.499  43.158 1.0000000000
43259  -7.561  -34.809  42.626 1.0000000000
47133  -17.095  -29.898  48.325 1.0000000000
53083  -20.947  -22.858  48.145 0.7500000000
109873  -4.000  -30.331  45.433 0.8750000000
47145  -2.872  -29.573  45.815 0.8750000000
43225  -5.590  -36.004  50.066 1.0000000000
43232  -6.262  -36.734  50.095 1.0000000000
42441  -6.866  -35.802  43.896 1.0000000000
42448  -6.781  -35.978  42.825 0.8750000000
43251  -7.435  -34.793  43.538 1.0000000000
44030  -7.703  -33.950  43.069 1.0000000000
47151  -14.177  -30.241  45.679 1.0000000000
47152  -14.877  -30.475  46.591 1.0000000000
53082  -19.885  -23.029  46.942 0.7500000000
50737  -31.699  -24.447  41.586 1.0000000000
47144  -1.440  -29.109  45.974 0.8750000000
42401  -6.957  -36.890  50.026 1.0000000000
116573  -7.180  -35.397  43.956 1.0000000000
44031  -8.031  -33.111  42.553 1.0000000000
47171  -11.700  -29.400  43.490 1.0000000000
53093  -18.029  -22.866  45.024 0.8750000000
53095  -19.641  -22.470  45.680 0.7500000000
50743  -30.329  -24.655  40.653 1.0000000000
50744  -31.703  -24.407  40.611 1.0000000000
48071  -0.858  -28.514  45.774 0.8750000000
112541  -0.836  -27.603  45.641 0.8750000000
43239  -8.057  -35.232  47.775 1.0000000000
43241  -7.599  -35.120  46.051 1.0000000000
44021  -7.885  -33.133  43.608 1.0000000000
44812  -8.229  -32.307  43.165 1.0000000000
45590  -8.944  -30.977  42.154 1.0000000000
53102  -18.788  -22.394  44.836 0.7500000000
50752  -30.478  -24.989  39.604 1.0000000000
50745  -32.534  -24.541  40.341 1.0000000000
49780  -32.467  -24.634  40.980 1.0000000000
49797  -33.257  -25.182  40.103 1.0000000000
48940  -33.733  -25.763  39.414 1.0000000000
48888  -1.703  -27.048  45.304 0.8750000000
43245  -7.412  -34.948  44.454 1.0000000000
114819  -8.690  -31.099  43.305 1.0000000000
52359  -17.418  -22.506  43.466 0.8750000000
114793  -30.506  -25.525  38.590 1.0000000000
99357  -30.516  -26.032  37.467 0.8750000000
49877  -31.081  -26.450  35.922 0.8750000000
49878  -31.981  -26.409  35.603 0.8750000000
49879  -32.826  -26.425  35.410 0.8750000000
49818  -34.366  -26.115  38.783 1.0000000000
48898  -1.265  -26.796  44.313 0.8750000000
49732  -3.227  -26.704  42.986 0.8750000000
53106  -16.840  -22.684  42.966 0.8750000000
97323  -30.143  -26.472  36.297 0.8750000000
116873  -30.363  -26.588  35.457 0.8750000000
96836  -31.038  -26.547  34.970 0.8750000000
49897  -32.059  -26.508  34.621 0.8750000000
49898  -33.298  -26.571  34.676 0.8750000000
48955  -34.733  -26.932  38.517 1.0000000000
98290  -3.682  -26.700  42.102 0.8750000000
49756  -4.244  -26.736  41.325 0.8750000000
53117  -17.112  -21.917  41.821 0.8750000000
49896  -31.159  -26.557  34.182 0.8750000000
48956  -35.129  -27.417  37.994 1.0000000000
48963  -35.224  -28.179  37.577 0.8750000000
48964  -35.502  -28.871  37.313 0.8750000000
112315  -4.758  -26.768  40.714 0.8750000000
97629  -5.137  -26.588  39.009 0.8750000000
53933  -16.866  -21.764  40.950 0.8750000000
96837  -30.056  -26.676  34.704 0.8750000000
49917  -30.406  -26.615  33.957 0.8750000000
49918  -31.075  -26.506  33.337 0.8750000000
49770  -5.542  -26.800  40.564 0.8750000000
96845  -4.729  -26.661  39.877 1.0000000000
97612  -5.906  -26.593  38.932 0.8750000000
104022  -6.872  -26.439  37.938 0.7500000000
53945  -16.814  -21.327  39.104 0.8750000000
96838  -29.043  -26.860  34.772 0.8750000000
49895  -29.410  -26.741  33.899 0.8750000000
49938  -30.638  -26.404  32.517 0.8750000000
48998  -35.567  -27.030  32.841 1.0000000000
114081  -36.481  -29.942  36.988 0.8750000000
49804  -6.352  -26.531  38.415 0.7500000000
49844  -7.675  -26.020  37.031 0.5000000000
50765  -8.028  -25.918  36.299 0.2500000000
101895  -16.590  -21.475  37.834 0.8750000000
53954  -16.398  -21.603  37.134 0.8750000000
49937  -29.306  -26.655  33.079 0.8750000000
49959  -30.265  -26.221  31.667 0.8750000000
49942  -35.235  -26.357  32.058 1.0000000000
49943  -36.185  -26.333  32.133 1.0000000000
48999  -36.588  -26.998  32.942 1.0000000000
50772  -9.020  -25.246  35.864 0.2500000000
54804  -17.560  -20.679  37.070 0.8750000000
53958  -16.957  -21.003  35.954 0.7500000000
50828  -29.139  -25.761  30.223 0.8750000000
49975  -29.586  -26.013  30.950 0.8750000000
50829  -29.869  -25.736  30.334 0.8750000000
103344  -35.558  -25.757  31.542 1.0000000000
51616  -35.911  -24.944  31.028 1.0000000000
46456  -37.751  -30.762  36.676 0.8750000000
53963  -16.949  -20.837  35.144 0.7500000000
105063  -29.250  -25.194  28.702 0.8750000000
50850  -30.546  -25.303  29.334 0.8750000000
50816  -36.438  -25.398  31.578 1.0000000000
111314  -36.892  -25.733  32.062 1.0000000000
109105  -37.138  -26.303  32.544 1.0000000000
46468  -37.263  -30.908  36.154 0.7500000000
53974  -16.949  -20.731  33.427 0.7500000000
51671  -28.325  -24.488  27.238 0.8750000000
52454  -29.662  -23.602  26.941 0.7500000000
51673  -30.145  -24.092  27.493 0.7500000000
52456  -31.417  -23.152  27.417 0.7500000000
52419  -35.927  -23.551  30.094 1.0000000000
52420  -36.517  -23.114  30.482 1.0000000000
52413  -37.065  -23.525  31.037 1.0000000000
50817  -37.244  -25.028  31.795 1.0000000000
46487  -38.390  -30.321  33.708 0.7500000000
54849  -17.025  -20.254  32.194 0.7500000000
52469  -26.326  -23.605  26.032 0.7500000000
54028  -29.987  -21.281  27.104 0.7500000000
53199  -30.903  -22.423  27.091 0.7500000000
53996  -35.483  -21.633  30.181 1.0000000000
53171  -35.913  -22.128  30.148 1.0000000000
53172  -36.386  -22.318  30.493 1.0000000000
54889  -16.748  -20.194  30.316 0.8750000000
100262  -16.713  -21.051  30.797 0.7500000000
53220  -25.356  -22.284  25.490 0.7500000000
51689  -25.908  -24.246  26.438 0.7500000000
54910  -29.511  -20.405  29.250 0.6250000000
54925  -30.050  -20.502  28.325 0.6250000000
53995  -34.740  -21.276  29.961 0.7500000000
53990  -35.870  -21.315  30.898 0.7500000000
53997  -36.092  -21.797  30.518 1.0000000000
54906  -16.778  -20.350  29.231 0.7500000000
53219  -24.423  -22.309  25.398 0.7500000000
52468  -25.402  -23.667  25.897 0.7500000000
54911  -30.389  -20.420  29.257 0.6250000000
98088  -30.629  -20.486  30.370 0.7500000000
54896  -33.345  -20.495  30.816 0.7500000000
54897  -34.264  -20.773  30.515 0.7500000000
54879  -34.595  -20.638  31.388 0.7500000000
54933  -17.373  -20.525  27.547 0.6250000000
54027  -18.285  -21.754  26.921 0.7500000000
54036  -18.661  -21.427  26.196 0.7500000000
53217  -21.661  -22.365  25.276 0.7500000000
53218  -23.416  -22.258  25.306 0.7500000000
98161  -30.666  -20.832  31.690 0.7500000000
54877  -32.405  -20.525  31.743 0.7500000000
54878  -33.130  -20.450  31.997 0.7500000000
105733  -33.888  -20.512  31.332 0.7500000000
54944  -17.808  -20.497  26.807 0.6250000000
55788  -18.000  -19.760  26.377 0.6250000000
54046  -19.035  -21.111  25.725 0.6250000000
54049  -21.963  -21.697  25.106 0.7500000000
54050  -22.799  -21.696  25.222 0.7500000000
54875  -29.951  -21.202  32.731 0.6250000000
54876  -30.701  -21.159  32.846 0.7500000000
99716  -31.466  -21.027  32.900 0.7500000000
112503  -32.263  -20.779  32.789 0.7500000000
54854  -30.248  -21.086  33.320 0.6250000000
52334  -19.308  -24.693  49.297 0.8750000000
53072  -20.846  -23.047  49.159 0.7500000000
113947  -5.123  -32.809  46.980 0.8750000000
99752  -5.818  -33.902  48.750 1.0000000000
48058  -16.756  -29.430  48.895 1.0000000000
45564  -5.091  -31.787  46.648 1.0000000000
44798  -4.968  -32.373  46.503 1.0000000000
53074  -22.336  -22.146  48.332 0.7500000000
46362  -4.464  -30.691  45.777 1.0000000000
43991  -6.277  -35.335  50.317 1.0000000000
53096  -20.751  -22.576  46.753 0.7500000000
53084  -21.844  -22.454  47.940 0.7500000000
47146  -3.778  -29.909  46.160 0.8750000000
43226  -6.432  -36.357  50.430 1.0000000000
116689  -6.801  -36.602  50.337 1.0000000000
53900  -21.746  -22.103  46.676 0.7500000000
47134  -1.419  -29.065  46.867 1.0000000000
48067  -0.935  -28.451  46.561 0.8750000000
43228  -8.075  -35.466  49.981 1.0000000000
47160  -12.499  -29.505  44.121 1.0000000000
53899  -20.430  -22.017  45.501 0.7500000000
50754  -32.432  -24.920  39.404 1.0000000000
50755  -33.163  -25.220  39.239 1.0000000000
111636  -0.807  -28.055  45.991 0.8750000000
44001  -8.203  -33.940  46.697 1.0000000000
106153  -8.599  -31.473  42.742 1.0000000000
46388  -9.001  -30.711  42.919 1.0000000000
47170  -9.938  -29.855  43.019 1.0000000000
53107  -18.163  -21.875  43.203 0.7500000000
53924  -19.586  -21.446  43.897 0.7500000000
50746  -33.048  -24.797  40.058 1.0000000000
50747  -33.367  -25.237  39.693 1.0000000000
44000  -7.804  -34.260  46.012 1.0000000000
44012  -7.664  -34.284  45.130 1.0000000000
44013  -7.871  -33.263  44.598 1.0000000000
44806  -8.148  -32.417  44.149 1.0000000000
45579  -8.479  -31.540  43.759 1.0000000000
50753  -31.544  -24.833  39.536 1.0000000000
49817  -31.467  -25.455  38.452 1.0000000000
49857  -31.047  -26.238  36.725 0.8750000000
49858  -32.056  -26.113  36.635 0.8750000000
97821  -33.005  -26.213  36.295 0.8750000000
50761  -34.297  -25.866  38.436 1.0000000000
48899  -2.750  -26.764  44.079 0.8750000000
53928  -17.854  -21.593  42.128 0.7500000000
49880  -33.830  -26.430  36.066 0.8750000000
49899  -34.267  -26.846  35.268 1.0000000000
49837  -34.782  -26.380  38.169 1.0000000000
49838  -35.053  -27.032  37.616 1.0000000000
114658  -4.196  -26.859  42.653 0.8750000000
96458  -34.042  -26.825  34.074 1.0000000000
96374  -4.716  -26.905  42.022 0.8750000000
107464  -17.878  -20.667  38.974 0.8750000000
106315  -17.339  -21.078  39.733 0.8750000000
49921  -34.729  -27.051  33.422 1.0000000000
48975  -35.894  -28.801  36.740 0.8750000000
96844  -5.906  -26.682  39.757 1.0000000000
49785  -6.654  -26.585  39.234 1.0000000000
48159  -36.751  -29.165  36.142 0.8750000000
48160  -37.226  -28.703  35.174 1.0000000000
49805  -7.234  -26.475  38.615 1.0000000000
49824  -7.763  -26.252  37.842 0.5000000000
50766  -8.476  -25.744  37.093 0.3750000000
54799  -17.706  -20.664  37.874 0.8750000000
48989  -35.562  -27.487  33.926 1.0000000000
48990  -36.286  -27.505  33.628 1.0000000000
48154  -37.862  -29.896  36.538 0.8750000000
48155  -38.573  -30.085  36.355 1.0000000000
50767  -9.111  -25.344  36.651 0.3750000000
104893  -16.999  -21.116  36.717 0.7500000000
52471  -28.213  -23.332  26.402 0.6250000000
47268  -38.095  -30.550  36.632 0.8750000000
48162  -39.283  -29.472  35.898 1.0000000000
48984  -40.008  -28.657  36.184 1.0000000000
54807  -17.494  -20.325  35.798 0.7500000000
53223  -27.905  -21.984  26.025 0.6250000000
51609  -37.897  -24.803  32.355 1.0000000000
46458  -38.566  -30.323  36.022 0.8750000000
47288  -39.103  -30.124  35.486 0.8750000000
48167  -40.258  -29.098  35.306 0.8750000000
54813  -17.448  -20.189  34.883 0.7500000000
53968  -16.992  -20.732  34.278 0.7500000000
51691  -27.822  -24.047  26.660 0.7500000000
53209  -28.527  -22.503  26.288 0.6250000000
54950  -28.412  -20.946  26.750 0.6250000000
51618  -37.608  -24.008  31.762 1.0000000000
51610  -38.237  -24.038  32.584 1.0000000000
46477  -37.905  -30.626  34.369 0.7500000000
110813  -39.160  -30.108  34.465 0.7500000000
48172  -40.170  -28.649  33.901 0.8750000000
55725  -17.662  -19.450  33.421 0.7500000000
54832  -17.298  -20.160  33.042 0.7500000000
53208  -27.724  -22.757  26.053 0.6250000000
108171  -27.208  -22.882  25.896 0.7500000000
52470  -27.263  -23.434  26.191 0.7500000000
54041  -29.513  -21.594  26.712 0.7500000000
105888  -28.775  -20.502  27.709 0.6250000000
52414  -37.556  -22.879  31.669 1.0000000000
48171  -39.234  -29.088  32.876 0.7500000000
48177  -39.488  -28.312  32.524 1.0000000000
111656  -38.993  -28.020  31.775 0.8750000000
55751  -17.082  -19.642  31.769 0.6250000000
53222  -27.123  -22.281  25.773 0.6250000000
52483  -26.676  -22.933  25.774 0.6250000000
102444  -29.133  -20.411  28.348 0.5000000000
54881  -36.266  -21.064  31.691 0.8750000000
53983  -36.965  -21.512  31.928 1.0000000000
48176  -37.963  -28.968  31.521 0.5000000000
48182  -38.326  -28.122  31.183 0.7500000000
49964  -38.911  -27.377  31.397 0.8750000000
55758  -16.793  -19.289  30.405 0.6250000000
97631  -28.930  -20.613  30.263 0.5000000000
54880  -35.439  -20.799  31.529 0.7500000000
49979  -38.631  -26.484  30.925 0.8750000000
55773  -16.857  -19.650  28.490 0.6250000000
54959  -24.284  -20.689  25.674 0.7500000000
54893  -29.071  -21.045  31.520 0.5000000000
54874  -29.190  -21.220  32.586 0.5000000000
99191  -33.861  -20.453  32.272 0.7500000000
54858  -34.757  -20.450  32.377 0.7500000000
50836  -37.957  -25.842  30.339 0.8750000000
55787  -17.437  -19.771  27.109 0.6250000000
54945  -18.446  -20.612  26.042 0.6250000000
54956  -19.952  -20.385  25.301 0.6250000000
110976  -21.446  -21.008  25.080 0.6250000000
102271  -22.353  -21.028  25.212 0.7500000000
54853  -29.448  -21.102  33.081 0.5000000000
54855  -30.949  -21.090  33.678 0.7500000000
54856  -31.592  -21.096  33.908 0.7500000000
54857  -32.728  -20.714  33.487 0.7500000000
54835  -31.873  -21.069  34.924 0.7500000000
50855  -37.507  -25.361  29.702 0.8750000000
55796  -18.677  -19.733  25.793 0.6250000000
55797  -19.421  -19.679  25.546 0.6250000000
55798  -20.176  -19.472  25.502 0.6250000000
54957  -20.851  -20.253  25.298 0.6250000000
54833  -30.861  -20.912  33.784 0.7500000000
54834  -31.474  -20.982  34.466 0.7500000000
50856  -38.163  -25.029  30.040 0.8750000000
51656  -38.034  -23.915  28.758 0.6250000000
52432  -39.499  -23.326  29.494 1.0000000000
53180  -40.693  -22.312  29.479 1.0000000000
54007  -41.038  -21.624  29.010 0.8750000000
52443  -38.438  -23.386  28.275 0.8750000000
53189  -39.564  -22.511  28.166 0.8750000000
53190  -40.303  -22.057  28.542 0.8750000000
52459  -38.384  -23.405  27.409 0.6250000000
52460  -38.978  -23.001  27.791 0.7500000000
53203  -40.197  -22.152  27.509 0.8750000000
54019  -40.957  -21.550  27.993 0.7500000000
54021  -42.288  -20.895  28.393 0.8750000000
108384  -41.736  -21.204  27.990 0.6250000000
54031  -40.948  -21.922  26.843 0.6250000000
54032  -41.622  -21.451  27.216 0.6250000000
54033  -42.277  -21.004  27.552 0.6250000000
54042  -41.613  -21.584  26.249 0.6250000000
54043  -42.217  -21.125  26.668 0.6250000000
54056  -41.732  -21.742  25.295 0.5000000000
54057  -42.216  -21.220  25.742 0.6250000000
50696  -17.804  -26.536  49.294 0.8750000000
51548  -18.532  -25.854  49.146 0.8750000000
51540  -18.434  -24.606  49.691 0.8750000000
52324  -18.582  -23.729  49.894 0.7500000000
49716  -17.412  -27.441  49.316 1.0000000000
52325  -19.506  -23.591  49.729 0.7500000000
52326  -20.265  -23.510  49.481 0.6250000000
45556  -5.607  -31.648  48.346 1.0000000000
45561  -5.825  -32.554  48.252 1.0000000000
45557  -6.173  -32.422  49.215 1.0000000000
44790  -6.913  -33.418  50.377 1.0000000000
46353  -5.078  -30.957  47.770 1.0000000000
45560  -5.411  -31.806  47.428 1.0000000000
44793  -6.368  -33.536  49.492 1.0000000000
99929  -6.955  -34.816  50.661 1.0000000000
47132  -16.093  -30.010  48.401 1.0000000000
53887  -22.502  -22.157  47.924 0.6250000000
46355  -4.429  -30.385  47.262 1.0000000000
43223  -7.199  -35.801  50.803 1.0000000000
44791  -7.627  -34.858  51.550 1.0000000000
116405  -13.895  -29.871  46.276 1.0000000000
47136  -3.496  -29.766  47.087 1.0000000000
47135  -2.346  -29.380  47.004 0.8750000000
53913  -21.060  -21.541  45.058 0.7500000000
53914  -22.275  -21.511  45.886 0.7500000000
47126  -2.242  -29.285  47.858 1.0000000000
48060  -1.558  -28.936  47.449 1.0000000000
116083  -1.231  -28.629  47.128 0.8750000000
43224  -7.760  -35.422  50.886 1.0000000000
43994  -8.444  -34.645  49.128 1.0000000000
54763  -19.764  -20.995  43.189 0.7500000000
104778  -20.164  -21.574  44.565 0.7500000000
48061  -1.554  -28.460  47.433 1.0000000000
48876  -1.261  -28.009  46.990 1.0000000000
48882  -1.067  -27.673  46.249 0.8750000000
102545  -8.513  -34.112  47.966 1.0000000000
44796  -8.500  -33.092  47.030 1.0000000000
96602  -19.004  -21.404  43.193 0.7500000000
50759  -32.457  -25.411  38.376 1.0000000000
50756  -33.744  -25.625  38.997 1.0000000000
48883  -2.022  -27.391  46.354 0.8750000000
44007  -7.950  -33.442  45.589 1.0000000000
45571  -8.381  -31.800  44.672 1.0000000000
46379  -8.838  -30.740  43.726 1.0000000000
46380  -9.374  -30.181  43.458 1.0000000000
116671  -18.918  -20.880  42.018 0.7500000000
49834  -31.631  -25.839  37.481 1.0000000000
49835  -33.279  -25.876  37.238 0.8750000000
112636  -3.012  -26.915  44.751 0.8750000000
105729  -3.925  -26.964  44.303 0.8750000000
54789  -18.863  -20.300  40.460 0.7500000000
53934  -18.344  -21.133  41.736 0.7500000000
49860  -34.471  -26.434  37.325 1.0000000000
48890  -4.874  -27.040  44.677 1.0000000000
48900  -4.075  -26.888  43.414 0.8750000000
54788  -18.008  -20.653  40.066 0.7500000000
49881  -34.697  -26.911  36.469 1.0000000000
48974  -35.318  -27.861  36.951 0.8750000000
113605  -6.318  -26.436  45.076 1.0000000000
113147  -5.767  -26.802  44.676 1.0000000000
49733  -5.701  -26.846  44.008 0.8750000000
49744  -5.086  -27.004  42.825 0.8750000000
101965  -5.653  -26.934  41.991 0.8750000000
54801  -18.963  -20.032  39.003 0.7500000000
48988  -34.863  -27.316  34.507 1.0000000000
48980  -35.198  -27.544  35.752 1.0000000000
48981  -35.787  -28.013  35.163 0.8750000000
50706  -6.814  -25.766  45.487 1.0000000000
50710  -7.026  -25.981  44.711 1.0000000000
49727  -6.436  -26.500  44.308 1.0000000000
49745  -6.071  -26.878  42.701 0.8750000000
96992  -6.086  -26.867  41.209 0.8750000000
49771  -6.305  -26.750  40.534 1.0000000000
54800  -18.430  -20.177  38.166 0.8750000000
48982  -36.384  -28.046  34.598 1.0000000000
110949  -6.768  -26.617  42.702 0.8750000000
49758  -6.608  -26.732  41.936 1.0000000000
49772  -7.651  -26.420  40.372 1.0000000000
49825  -8.656  -25.846  38.086 0.5000000000
55696  -18.788  -19.707  37.594 0.8750000000
54805  -18.158  -20.184  37.336 0.8750000000
48991  -37.615  -28.245  34.656 1.0000000000
48983  -38.864  -28.610  35.403 1.0000000000
50707  -7.358  -25.211  45.027 1.0000000000
50713  -7.672  -25.646  43.474 1.0000000000
49746  -7.296  -26.402  42.303 1.0000000000
49759  -7.737  -26.346  41.121 1.0000000000
49786  -7.520  -26.463  39.494 1.0000000000
50748  -8.806  -25.749  38.976 0.7500000000
50749  -9.330  -25.357  38.331 0.5000000000
112542  -9.583  -25.059  36.996 0.3750000000
51584  -9.554  -24.893  36.297 0.3750000000
99079  -18.515  -19.600  36.734 0.8750000000
54808  -17.858  -20.205  36.592 0.8750000000
99936  -37.104  -27.552  33.722 1.0000000000
49922  -38.622  -26.870  33.811 1.0000000000
48992  -39.451  -27.783  35.289 1.0000000000
111712  -40.431  -27.915  36.180 1.0000000000
48163  -40.147  -28.784  36.034 1.0000000000
51559  -7.437  -24.345  45.135 1.0000000000
50711  -7.521  -25.440  44.257 1.0000000000
49747  -7.789  -26.157  41.782 1.0000000000
99257  -8.562  -25.662  40.955 0.8750000000
50738  -8.921  -25.551  39.680 0.8750000000
51581  -9.756  -24.926  37.680 0.3750000000
55705  -17.905  -19.689  35.394 0.7500000000
54040  -28.710  -21.613  26.446 0.6250000000
49000  -37.579  -26.919  33.281 1.0000000000
114433  -38.211  -25.498  32.756 1.0000000000
50802  -38.892  -26.043  33.603 1.0000000000
48993  -40.257  -27.210  36.009 1.0000000000
49900  -40.623  -27.510  36.176 1.0000000000
48168  -40.692  -28.456  35.516 1.0000000000
51562  -7.744  -24.650  44.498 0.8750000000
51566  -7.984  -24.915  43.823 1.0000000000
50714  -8.169  -25.139  43.062 0.8750000000
50718  -8.375  -25.292  42.230 0.8750000000
55715  -17.922  -19.259  34.205 0.7500000000
54055  -27.321  -21.637  25.964 0.6250000000
54949  -27.582  -20.749  26.709 0.6250000000
54936  -27.249  -20.378  27.294 0.6250000000
54924  -28.214  -20.333  28.320 0.5000000000
52402  -38.816  -24.121  33.623 1.0000000000
48994  -41.003  -27.769  35.860 1.0000000000
49002  -41.030  -27.814  34.360 1.0000000000
51563  -8.097  -24.189  43.950 0.8750000000
51567  -8.251  -24.512  43.387 0.8750000000
54038  -27.034  -21.089  26.231 0.6250000000
112932  -26.542  -20.209  27.399 0.5000000000
54922  -26.475  -20.214  28.872 0.5000000000
54923  -27.333  -20.299  28.632 0.5000000000
114527  -37.939  -22.788  32.420 1.0000000000
53976  -37.740  -21.671  33.340 1.0000000000
49001  -40.229  -27.946  33.060 1.0000000000
49007  -39.609  -27.560  32.165 1.0000000000
56607  -17.312  -18.773  32.122 0.6250000000
54054  -26.639  -21.569  25.786 0.6250000000
54961  -26.203  -20.916  26.012 0.6250000000
115491  -25.539  -19.869  27.431 0.6250000000
54907  -27.003  -20.350  29.534 0.5000000000
115071  -27.481  -20.508  30.105 0.5000000000
54871  -26.967  -20.841  31.849 0.3750000000
54859  -35.776  -20.505  32.550 0.8750000000
54860  -36.663  -20.856  32.668 0.8750000000
49945  -40.596  -27.230  32.801 1.0000000000
109124  -16.865  -19.714  31.023 0.5000000000
54947  -24.858  -20.209  26.267 0.6250000000
55781  -24.433  -19.559  27.458 0.6250000000
54891  -27.565  -20.836  31.068 0.5000000000
54872  -27.694  -21.191  32.251 0.5000000000
102389  -34.759  -20.282  33.607 0.7500000000
54838  -35.699  -20.194  33.773 0.7500000000
49965  -39.685  -26.643  31.722 0.8750000000
56631  -16.734  -18.624  29.757 0.5000000000
56643  -16.766  -18.627  28.638 0.5000000000
54946  -24.058  -19.897  26.255 0.6250000000
96711  -23.838  -19.435  27.008 0.6250000000
54873  -28.431  -21.259  32.469 0.5000000000
54852  -28.608  -21.152  32.993 0.3750000000
54836  -32.671  -20.733  34.919 0.7500000000
49980  -39.252  -25.900  31.204 0.8750000000
50838  -39.438  -25.198  31.002 1.0000000000
106094  -17.059  -19.047  27.633 0.6250000000
56668  -17.663  -18.889  26.716 0.6250000000
56669  -18.372  -18.440  26.300 0.6250000000
55799  -21.124  -19.433  25.706 0.6250000000
116238  -22.735  -20.426  25.519 0.7500000000
55739  -28.879  -20.871  33.131 0.5000000000
50837  -38.699  -25.527  30.654 0.8750000000
51629  -39.695  -24.433  30.681 1.0000000000
52422  -39.959  -23.690  30.358 1.0000000000
103958  -18.297  -19.123  26.107 0.6250000000
114250  -19.590  -19.171  25.618 0.6250000000
102841  -29.160  -19.753  32.872 0.5000000000
56593  -29.885  -19.642  32.960 0.3750000000
55741  -30.631  -20.122  33.661 0.6250000000
55726  -31.466  -20.654  34.594 0.6250000000
51628  -38.899  -24.716  30.329 1.0000000000
51642  -39.173  -23.991  29.916 1.0000000000
57419  -30.475  -18.781  32.646 0.5000000000
51641  -38.451  -24.293  29.560 0.8750000000
52433  -40.331  -23.006  29.953 1.0000000000
113599  -41.376  -22.022  29.808 0.8750000000
54008  -41.750  -21.346  29.632 0.8750000000
54020  -41.655  -21.218  28.715 0.8750000000
54929  -42.242  -20.833  29.207 0.7500000000
54941  -42.914  -20.593  27.969 0.7500000000
54952  -42.849  -20.700  27.052 0.6250000000
56635  -38.786  -18.376  29.358 0.3750000000
54962  -42.739  -20.757  26.145 0.6250000000
112716  -42.739  -20.857  25.375 0.7500000000
48869  -16.143  -28.017  50.094 1.0000000000
106842  -16.563  -26.600  49.942 1.0000000000
99326  -17.292  -25.434  49.936 0.8750000000
48868  -15.336  -28.854  49.895 1.0000000000
48870  -17.029  -28.135  49.516 1.0000000000
53065  -20.927  -22.638  49.046 0.6250000000
53876  -21.871  -22.090  48.644 0.6250000000
45553  -6.653  -32.358  50.417 1.0000000000
48056  -14.298  -29.456  48.885 1.0000000000
48057  -15.552  -29.467  49.016 1.0000000000
48050  -16.468  -28.878  49.559 1.0000000000
53877  -22.620  -21.943  48.283 0.6250000000
46349  -4.970  -30.802  48.740 1.0000000000
45548  -7.295  -32.264  51.568 1.0000000000
48064  -13.573  -29.583  47.622 1.0000000000
47131  -14.769  -29.810  48.122 1.0000000000
54738  -23.461  -21.300  46.837 0.6250000000
46352  -4.224  -30.227  48.287 1.0000000000
45549  -7.991  -33.595  52.333 1.0000000000
44787  -7.528  -33.630  51.731 1.0000000000
114914  -12.470  -29.230  45.785 1.0000000000
47140  -14.225  -29.847  47.088 1.0000000000
47122  -2.970  -29.849  49.060 1.0000000000
44788  -8.060  -34.484  52.341 1.0000000000
47159  -11.507  -29.290  44.467 1.0000000000
109070  -13.227  -29.575  45.638 1.0000000000
54750  -21.640  -20.935  44.351 0.7500000000
47117  -2.458  -29.339  49.265 1.0000000000
100651  -2.270  -29.043  48.718 1.0000000000
43988  -8.256  -34.569  52.237 1.0000000000
43992  -8.429  -34.678  50.175 1.0000000000
47150  -12.469  -29.357  45.008 1.0000000000
54764  -20.969  -20.648  43.415 0.7500000000
53925  -20.462  -21.098  43.909 0.7500000000
48053  -2.453  -28.528  48.461 1.0000000000
48872  -2.248  -28.099  47.822 1.0000000000
44794  -8.694  -33.690  48.982 1.0000000000
103016  -8.597  -32.083  46.854 1.0000000000
46369  -9.200  -30.188  44.414 1.0000000000
47157  -9.982  -29.619  43.859 1.0000000000
99316  -10.849  -29.395  43.707 1.0000000000
54776  -20.062  -20.536  42.547 0.7500000000
48874  -4.623  -27.137  47.778 1.0000000000
48873  -3.683  -27.703  47.822 1.0000000000
48877  -2.119  -27.695  47.186 1.0000000000
45565  -8.593  -31.654  45.976 1.0000000000
45568  -8.595  -31.300  45.217 1.0000000000
46368  -8.660  -30.996  44.472 1.0000000000
54781  -18.888  -20.585  41.370 0.7500000000
49717  -5.220  -26.277  47.994 1.0000000000
49720  -5.336  -26.637  47.101 1.0000000000
48878  -3.631  -27.527  47.074 1.0000000000
48884  -3.505  -27.338  46.268 1.0000000000
54796  -19.205  -19.998  39.786 0.7500000000
54790  -19.794  -19.841  40.367 0.7500000000
50697  -5.699  -25.411  47.756 1.0000000000
49723  -5.400  -26.789  46.279 1.0000000000
48889  -3.449  -27.109  45.317 1.0000000000
54795  -18.589  -20.307  39.644 0.7500000000
50698  -6.175  -25.430  47.008 1.0000000000
50704  -6.519  -25.557  46.258 1.0000000000
49726  -5.400  -26.897  45.407 1.0000000000
55692  -19.066  -19.764  38.283 0.7500000000
51550  -6.541  -24.772  46.629 1.0000000000
102969  -6.727  -24.123  46.296 1.0000000000
51558  -7.028  -24.807  45.843 1.0000000000
56556  -19.022  -18.822  36.555 0.8750000000
97059  -18.483  -19.117  35.835 0.7500000000
52345  -7.027  -23.757  45.626 0.8750000000
50724  -8.520  -25.449  41.500 0.8750000000
51575  -9.324  -24.396  40.522 0.8750000000
50739  -9.366  -25.180  39.206 0.7500000000
51579  -9.778  -24.669  38.552 0.5000000000
55706  -18.202  -19.145  34.966 0.7500000000
51604  -39.557  -24.632  35.043 1.0000000000
50782  -40.725  -25.867  36.032 1.0000000000
107015  -40.754  -26.700  36.071 1.0000000000
49901  -41.058  -26.906  36.070 1.0000000000
116274  -7.374  -23.794  45.085 0.8750000000
51570  -8.511  -24.526  42.634 0.8750000000
97208  -8.734  -24.835  41.765 0.8750000000
56574  -17.951  -18.609  33.619 0.7500000000
57404  -25.900  -18.702  35.499 0.3750000000
101892  -38.612  -23.251  33.708 1.0000000000
52403  -39.133  -23.708  34.709 1.0000000000
50783  -40.950  -26.215  36.204 1.0000000000
52346  -7.674  -23.797  44.560 0.8750000000
105037  -17.660  -18.949  32.932 0.7500000000
55767  -25.071  -20.015  29.740 0.3750000000
55760  -26.208  -20.353  31.248 0.3750000000
55752  -25.728  -19.978  33.048 0.3750000000
56577  -26.050  -19.442  34.615 0.3750000000
54861  -37.248  -20.961  33.513 1.0000000000
113479  -38.185  -21.981  34.154 1.0000000000
96886  -38.425  -21.932  35.479 1.0000000000
50784  -41.190  -25.982  35.806 1.0000000000
49902  -41.510  -26.382  34.777 1.0000000000
97622  -16.999  -18.063  31.249 0.5000000000
97077  -24.244  -19.521  29.451 0.6250000000
54850  -27.189  -20.936  32.831 0.3750000000
54839  -36.592  -20.449  33.846 0.8750000000
54840  -37.170  -20.671  34.501 1.0000000000
53975  -37.731  -21.261  34.651 1.0000000000
50803  -41.720  -25.754  33.573 1.0000000000
109816  -41.486  -25.852  32.830 1.0000000000
97621  -16.780  -17.865  30.220 0.5000000000
55774  -23.667  -19.197  28.860 0.6250000000
55737  -27.342  -20.740  33.212 0.3750000000
56591  -27.617  -20.153  33.322 0.3750000000
54824  -34.570  -20.011  35.014 0.7500000000
54825  -35.748  -20.023  35.076 0.7500000000
50819  -40.985  -25.379  32.162 1.0000000000
51621  -41.698  -24.265  32.411 1.0000000000
56655  -16.978  -18.225  27.830 0.5000000000
55790  -23.269  -19.539  26.442 0.6250000000
56645  -23.147  -18.826  28.395 0.6250000000
56632  -23.295  -18.507  29.159 0.6250000000
54851  -27.880  -21.145  32.963 0.3750000000
55738  -28.071  -20.920  33.189 0.3750000000
54822  -32.123  -20.649  35.533 0.7500000000
54823  -33.100  -20.221  35.552 0.7500000000
55718  -34.088  -19.674  35.804 0.7500000000
51619  -40.302  -24.900  31.404 1.0000000000
51620  -41.241  -24.611  31.898 1.0000000000
52415  -41.296  -23.871  31.673 1.0000000000
111603  -17.343  -18.325  27.285 0.5000000000
56670  -19.107  -18.191  26.127 0.6250000000
56672  -21.266  -18.650  26.414 0.6250000000
56673  -22.161  -18.761  26.848 0.6250000000
56644  -22.565  -18.326  28.133 0.6250000000
56592  -28.412  -19.974  33.108 0.3750000000
55727  -31.842  -20.342  35.330 0.7500000000
56569  -32.348  -19.959  35.658 0.7500000000
51630  -40.541  -24.138  31.155 1.0000000000
56686  -19.773  -18.674  25.793 0.6250000000
56656  -21.666  -18.113  27.204 0.6250000000
56610  -29.615  -18.377  32.009 0.3750000000
56594  -31.117  -19.018  33.248 0.6250000000
56595  -31.796  -18.553  33.402 0.6250000000
57406  -32.610  -18.120  33.681 0.7500000000
53174  -41.321  -22.549  31.195 1.0000000000
53173  -41.118  -22.629  30.503 1.0000000000
103637  -41.459  -21.809  30.880 0.8750000000
99782  -29.923  -17.226  31.282 0.3750000000
58246  -30.787  -16.913  31.239 0.6250000000
53181  -41.522  -21.932  30.386 1.0000000000
53998  -41.784  -21.269  30.201 0.8750000000
54916  -42.164  -20.871  29.816 0.8750000000
54917  -42.745  -20.344  29.680 0.7500000000
57446  -40.648  -16.589  31.607 0.3750000000
54930  -42.881  -20.499  28.859 0.7500000000
54918  -43.460  -19.972  29.287 0.7500000000
98642  -40.025  -17.395  30.978 0.3750000000
54931  -43.541  -20.137  28.493 0.7500000000
57462  -39.352  -17.562  30.684 0.3750000000
56624  -39.911  -17.838  30.322 0.3750000000
57463  -40.741  -17.270  30.772 0.3750000000
100004  -44.330  -19.708  27.414 0.7500000000
56637  -40.781  -17.841  29.807 0.3750000000
54942  -43.605  -20.199  27.444 0.7500000000
56636  -39.690  -18.274  29.565 0.3750000000
54953  -43.320  -20.411  26.529 0.6250000000
55792  -44.054  -19.911  26.462 0.6250000000
56648  -38.520  -18.532  28.574 0.2500000000
100685  -40.341  -18.334  28.902 0.3750000000
54963  -43.349  -20.366  25.617 0.7500000000
55800  -44.029  -19.756  25.419 0.6250000000
55801  -44.767  -19.310  26.008 0.6250000000
54967  -43.510  -20.063  24.894 0.7500000000
55805  -43.888  -19.484  24.603 0.7500000000
97336  -40.017  -18.522  28.128 0.2500000000
50694  -13.546  -24.630  49.998 0.8750000000
50686  -14.399  -25.430  50.654 0.8750000000
115120  -14.298  -24.576  50.202 0.8750000000
97758  -15.309  -25.349  50.418 0.8750000000
49706  -14.779  -26.586  50.690 0.8750000000
49714  -15.598  -26.733  50.327 1.0000000000
50695  -16.459  -25.591  50.171 0.8750000000
51539  -17.366  -24.432  50.158 0.8750000000
50685  -13.371  -25.345  50.532 0.8750000000
49705  -13.956  -26.102  51.065 0.8750000000
48865  -15.196  -27.671  50.378 1.0000000000
52323  -17.364  -23.224  49.966 0.7500000000
53062  -18.447  -22.894  49.929 0.7500000000
53063  -19.554  -22.766  49.798 0.7500000000
45552  -5.674  -31.433  49.653 1.0000000000
46345  -6.295  -31.414  50.953 1.0000000000
48859  -13.539  -26.708  51.259 0.8750000000
48045  -14.063  -28.554  50.413 1.0000000000
102813  -14.725  -28.341  50.293 1.0000000000
53867  -20.193  -22.372  49.429 0.6250000000
53889  -23.395  -21.372  47.775 0.6250000000
46344  -5.217  -30.919  50.659 1.0000000000
48055  -12.956  -29.370  48.227 1.0000000000
48063  -12.688  -29.313  47.179 1.0000000000
54752  -24.102  -20.730  46.234 0.6250000000
54766  -23.838  -20.261  44.756 0.6250000000
46339  -5.416  -30.740  51.836 1.0000000000
46340  -6.686  -31.242  52.013 1.0000000000
46341  -7.743  -32.119  52.004 1.0000000000
48054  -11.965  -29.223  48.107 1.0000000000
48068  -12.062  -29.090  46.426 1.0000000000
116323  -23.294  -20.659  45.047 0.6250000000
56521  -24.560  -18.832  43.592 0.6250000000
56520  -23.585  -18.470  42.449 0.6250000000
57353  -23.075  -17.508  41.771 0.6250000000
47118  -3.430  -30.191  49.921 1.0000000000
46336  -8.286  -31.811  52.186 1.0000000000
47129  -10.617  -29.668  47.406 1.0000000000
47130  -11.383  -29.274  47.051 1.0000000000
97480  -11.156  -29.118  46.001 1.0000000000
47149  -11.725  -29.135  45.458 1.0000000000
103644  -21.757  -20.331  43.173 0.7500000000
54765  -22.656  -20.568  44.207 0.6250000000
55671  -23.375  -19.444  42.718 0.6250000000
55681  -22.535  -19.251  41.804 0.6250000000
57364  -22.301  -17.427  40.965 0.6250000000
48042  -2.693  -29.285  50.203 1.0000000000
109861  -8.174  -33.079  52.229 1.0000000000
45547  -8.480  -32.765  52.135 1.0000000000
44789  -8.502  -34.258  52.051 1.0000000000
47128  -9.923  -29.951  46.833 1.0000000000
47138  -10.514  -29.472  46.452 1.0000000000
47148  -10.846  -29.270  45.143 1.0000000000
47158  -10.583  -29.391  44.417 1.0000000000
54777  -20.858  -20.337  42.691 0.7500000000
111267  -22.122  -19.984  42.616 0.6250000000
56533  -22.483  -18.406  41.409 0.6250000000
58172  -22.299  -16.301  40.567 0.6250000000
48860  -3.171  -28.263  49.895 1.0000000000
48046  -2.519  -28.818  49.218 1.0000000000
106318  -8.531  -33.422  52.084 1.0000000000
44792  -8.790  -33.722  50.545 1.0000000000
45558  -8.924  -32.539  48.932 1.0000000000
45562  -8.950  -31.562  47.724 1.0000000000
45566  -8.902  -31.152  46.621 1.0000000000
46358  -9.331  -30.361  46.278 1.0000000000
47147  -9.939  -29.599  44.973 1.0000000000
54783  -20.541  -20.037  41.950 0.6250000000
55679  -21.018  -19.691  41.305 0.6250000000
56532  -21.805  -19.063  41.067 0.6250000000
56542  -21.772  -18.233  40.641 0.6250000000
115763  -21.679  -16.415  39.886 0.6250000000
49707  -4.248  -27.224  49.534 1.0000000000
48866  -3.766  -27.814  48.755 1.0000000000
46357  -8.877  -30.833  45.756 1.0000000000
54791  -20.202  -19.890  41.170 0.7500000000
98094  -21.287  -18.900  40.377 0.6250000000
57368  -21.208  -18.036  39.921 0.6250000000
58176  -21.161  -17.006  39.549 0.6250000000
49708  -4.823  -26.324  49.064 1.0000000000
50681  -4.669  -25.561  49.516 1.0000000000
114334  -20.182  -19.584  40.060 0.7500000000
55685  -20.585  -19.559  40.527 0.6250000000
55684  -20.404  -19.326  39.765 0.7500000000
57367  -20.648  -17.824  39.081 0.6250000000
58950  -21.433  -15.969  39.300 0.6250000000
50687  -5.235  -25.494  48.604 1.0000000000
55689  -19.761  -19.658  39.539 0.7500000000
55693  -20.054  -19.321  39.105 0.7500000000
56549  -20.374  -18.822  39.059 0.6250000000
57373  -20.210  -17.208  38.243 0.6250000000
56548  -19.970  -19.048  38.471 0.7500000000
114998  -19.762  -18.602  37.877 0.6250000000
52328  -6.310  -24.006  46.915 1.0000000000
51542  -6.060  -24.691  47.363 1.0000000000
55697  -19.436  -19.262  37.880 0.7500000000
56553  -19.420  -18.609  37.256 0.8750000000
57376  -19.723  -17.741  37.554 0.6250000000
60526  -28.939  -14.629  38.324 0.3750000000
60527  -29.648  -14.832  38.569 0.3750000000
56552  -19.079  -19.233  37.183 0.8750000000
56557  -19.309  -17.866  36.610 0.8750000000
59739  -27.558  -16.169  37.099 0.3750000000
60531  -28.543  -15.281  37.959 0.3750000000
59729  -29.100  -15.399  38.272 0.3750000000
101798  -18.915  -18.257  35.892 0.7500000000
58976  -26.871  -16.445  36.470 0.3750000000
58970  -27.384  -17.094  36.818 0.3750000000
58965  -28.090  -16.301  37.479 0.3750000000
59733  -28.595  -15.858  37.923 0.3750000000
51577  -9.633  -24.364  39.534 0.8750000000
52374  -9.989  -23.827  38.675 0.7500000000
52375  -10.189  -23.276  37.980 0.5000000000
52379  -10.301  -23.568  37.182 0.3750000000
57390  -18.477  -17.823  34.661 0.7500000000
56575  -18.218  -17.986  34.045 0.7500000000
58212  -25.400  -17.770  35.100 0.3750000000
58213  -25.760  -16.829  35.257 0.3750000000
58969  -26.653  -17.320  36.372 0.3750000000
58971  -28.106  -16.571  36.953 0.3750000000
52396  -39.966  -24.097  36.054 1.0000000000
51595  -40.494  -25.022  35.982 1.0000000000
106016  -8.812  -24.242  41.998 0.8750000000
51572  -9.032  -24.335  41.328 0.8750000000
52368  -9.469  -23.642  40.177 0.7500000000
53124  -9.928  -22.910  38.687 0.7500000000
57401  -17.956  -17.677  33.402 0.7500000000
113109  -24.834  -18.824  33.916 0.3750000000
57392  -26.172  -18.278  36.095 0.3750000000
58198  -27.347  -17.725  35.633 0.3750000000
58193  -27.716  -17.191  36.256 0.3750000000
112351  -39.310  -23.351  35.676 1.0000000000
53139  -39.883  -23.352  36.870 1.0000000000
51590  -40.714  -24.439  36.331 1.0000000000
52352  -7.174  -23.273  44.938 0.8750000000
52360  -8.590  -23.749  42.516 0.8750000000
52364  -9.165  -23.654  40.971 0.8750000000
56587  -17.651  -18.202  32.803 0.6250000000
98942  -17.337  -17.891  32.084 0.6250000000
57458  -16.872  -17.138  30.718 0.5000000000
98816  -24.864  -19.197  32.196 0.3750000000
56588  -25.142  -19.393  33.625 0.3750000000
56576  -25.368  -19.192  34.666 0.3750000000
56590  -26.651  -20.091  33.709 0.3750000000
98475  -26.615  -19.323  34.153 0.3750000000
58214  -27.475  -17.575  34.163 0.3750000000
53145  -39.140  -22.659  36.292 1.0000000000
53133  -39.725  -22.527  37.545 1.0000000000
51591  -41.101  -24.555  36.128 1.0000000000
51597  -41.420  -25.140  35.491 1.0000000000
51605  -41.845  -24.815  34.310 1.0000000000
52355  -7.910  -23.489  43.760 0.8750000000
52356  -8.345  -23.928  43.270 0.8750000000
103849  -24.599  -19.555  30.391 0.3750000000
98232  -23.969  -19.040  30.168 0.6250000000
57418  -27.359  -18.110  33.436 0.3750000000
54827  -37.345  -20.707  36.065 0.8750000000
97737  -41.918  -25.133  33.558 1.0000000000
50820  -41.780  -25.081  32.726 1.0000000000
97620  -16.729  -17.775  29.222 0.5000000000
114118  -17.101  -17.021  28.110 0.5000000000
112103  -23.693  -19.013  29.533 0.6250000000
55719  -34.990  -19.637  36.033 0.8750000000
54814  -36.577  -20.182  36.928 0.8750000000
52409  -41.721  -23.809  32.837 1.0000000000
53166  -41.500  -23.141  32.039 0.8750000000
98707  -16.871  -17.668  28.316 0.5000000000
57496  -17.345  -17.557  27.550 0.5000000000
58292  -18.336  -16.402  27.422 0.5000000000
110318  -22.859  -18.189  28.709 0.6250000000
109953  -28.029  -18.886  32.588 0.3750000000
56570  -33.345  -19.401  35.779 0.8750000000
55708  -34.538  -19.226  36.217 0.8750000000
52416  -41.591  -23.657  32.135 1.0000000000
52424  -41.303  -23.177  31.486 1.0000000000
57497  -18.048  -17.161  27.087 0.5000000000
57511  -18.563  -17.665  26.571 0.5000000000
57512  -19.337  -17.499  26.503 0.6250000000
56657  -22.278  -18.406  27.524 0.6250000000
56609  -28.701  -18.533  32.177 0.3750000000
57440  -29.037  -17.398  31.407 0.3750000000
57421  -32.186  -17.533  32.542 0.6250000000
57407  -33.404  -17.655  34.077 0.7500000000
98222  -41.269  -22.485  31.568 0.8750000000
56671  -20.402  -18.245  26.259 0.6250000000
57514  -20.889  -17.804  26.851 0.6250000000
58244  -28.744  -16.440  31.093 0.3750000000
58245  -29.407  -16.600  30.875 0.3750000000
57442  -31.457  -17.279  31.796 0.6250000000
58206  -40.569  -14.632  34.360 0.3750000000
105595  -30.170  -16.615  30.834 0.5000000000
58264  -30.851  -16.175  30.615 0.6250000000
58247  -31.579  -16.577  31.236 0.6250000000
58991  -40.819  -14.563  34.224 0.3750000000
59005  -41.262  -14.618  34.118 0.3750000000
115554  -41.619  -20.997  30.499 0.7500000000
59769  -35.257  -14.473  31.234 0.3750000000
58233  -41.047  -14.806  33.599 0.3750000000
58252  -40.290  -16.021  32.399 0.3750000000
58253  -41.897  -15.318  32.883 0.3750000000
54899  -42.144  -20.576  30.146 0.7500000000
57447  -41.761  -16.293  31.557 0.3750000000
55769  -43.384  -19.721  29.873 0.7500000000
103590  -41.736  -17.017  30.569 0.3750000000
116660  -42.692  -16.112  31.401 0.3750000000
57464  -42.881  -16.552  30.595 0.3750000000
55776  -44.226  -19.662  29.071 0.7500000000
55777  -44.995  -19.330  28.909 0.7500000000
57479  -41.958  -17.422  29.657 0.3750000000
57480  -43.286  -17.028  29.595 0.3750000000
55793  -44.948  -19.337  27.013 0.6250000000
56638  -41.275  -18.005  28.916 0.3750000000
56651  -42.178  -17.651  28.758 0.2500000000
116074  -45.197  -19.107  26.532 0.6250000000
56697  -45.149  -18.729  25.534 0.7500000000
56650  -40.862  -18.300  28.206 0.2500000000
112054  -41.556  -18.033  28.251 0.2500000000
96795  -42.997  -17.437  28.369 0.3750000000
57491  -44.204  -17.047  28.972 0.5000000000
55806  -44.511  -19.123  25.085 0.7500000000
56662  -39.776  -18.562  27.468 0.2500000000
56664  -41.350  -18.161  27.605 0.2500000000
56652  -42.103  -17.833  27.874 0.2500000000
104223  -43.686  -17.284  27.814 0.3750000000
56707  -44.363  -18.710  24.233 0.6250000000
56709  -45.529  -18.172  25.121 0.8750000000
114037  -15.566  -24.795  50.383 0.7500000000
51538  -16.097  -24.317  50.304 0.8750000000
50693  -12.737  -24.958  49.497 0.8750000000
51536  -13.061  -24.378  48.926 0.8750000000
51547  -14.288  -23.605  48.879 0.7500000000
51537  -14.850  -24.109  50.069 0.8750000000
52322  -15.254  -23.414  49.471 0.7500000000
103758  -11.102  -26.402  50.190 0.8750000000
49713  -11.552  -25.910  49.524 0.8750000000
49704  -13.047  -26.025  51.063 0.8750000000
115286  -16.422  -22.978  49.546 0.6250000000
53866  -19.213  -21.922  49.062 0.6250000000
99080  -10.154  -26.584  49.653 0.8750000000
49695  -11.617  -26.822  51.378 0.8750000000
48857  -11.966  -27.674  51.927 0.8750000000
48858  -13.539  -27.767  51.193 0.8750000000
48044  -13.070  -28.815  50.524 1.0000000000
54714  -20.203  -21.048  48.275 0.6250000000
53875  -20.774  -21.868  48.908 0.6250000000
54716  -22.377  -21.421  48.375 0.6250000000
54725  -22.921  -20.854  48.064 0.6250000000
54727  -24.455  -20.366  47.150 0.6250000000
54739  -24.115  -20.871  47.332 0.6250000000
54753  -24.982  -20.083  46.115 0.6250000000
55661  -25.325  -19.064  44.721 0.6250000000
47114  -4.553  -30.166  52.256 1.0000000000
46335  -5.903  -30.569  52.578 1.0000000000
49702  -10.620  -26.895  50.905 0.8750000000
48849  -10.641  -28.263  52.247 0.8750000000
48040  -11.999  -28.567  51.909 0.8750000000
48047  -12.301  -29.198  50.155 1.0000000000
109242  -12.633  -29.278  49.290 1.0000000000
54715  -21.298  -21.246  48.461 0.6250000000
54724  -21.750  -20.612  47.951 0.6250000000
55641  -25.251  -19.645  46.681 0.6250000000
58156  -24.096  -17.277  42.768 0.6250000000
111587  -4.221  -30.383  51.002 1.0000000000
113724  -6.782  -30.620  52.666 1.0000000000
47109  -7.980  -30.760  52.427 1.0000000000
48033  -10.932  -28.959  52.378 0.8750000000
47112  -11.034  -29.459  52.196 1.0000000000
47120  -11.653  -29.499  50.541 1.0000000000
47125  -11.607  -29.439  49.122 1.0000000000
109227  -11.255  -29.457  47.972 1.0000000000
48035  -3.125  -29.335  51.594 1.0000000000
108617  -9.034  -30.941  52.515 1.0000000000
45551  -9.697  -30.896  52.060 1.0000000000
46338  -10.429  -30.164  52.196 1.0000000000
46343  -10.297  -30.525  51.438 1.0000000000
46351  -10.366  -30.197  48.910 1.0000000000
47124  -10.765  -29.777  48.433 1.0000000000
58173  -23.128  -15.548  41.357 0.6250000000
97115  -3.124  -28.515  51.048 1.0000000000
46347  -10.282  -30.509  50.076 1.0000000000
46350  -9.837  -30.693  48.866 1.0000000000
48851  -3.250  -27.931  51.710 1.0000000000
45550  -8.984  -32.114  51.807 1.0000000000
107715  -9.204  -32.334  50.027 1.0000000000
45559  -9.304  -31.468  48.838 1.0000000000
104546  -9.389  -30.626  47.213 1.0000000000
58951  -22.143  -15.512  39.874 0.6250000000
49697  -4.153  -26.496  50.353 1.0000000000
58179  -20.765  -16.596  38.807 0.6250000000
58956  -21.207  -15.540  38.549 0.6250000000
58183  -20.430  -16.109  37.973 0.6250000000
58960  -20.557  -15.389  37.425 0.6250000000
101678  -29.358  -13.032  38.284 0.3750000000
61248  -29.948  -13.717  39.015 0.3750000000
51541  -5.430  -24.605  48.269 1.0000000000
57377  -19.881  -16.780  37.588 0.6250000000
58182  -19.871  -16.014  37.127 0.6250000000
58964  -20.389  -15.051  36.697 0.6250000000
61259  -29.504  -14.147  38.623 0.3750000000
60519  -30.225  -14.390  38.931 0.3750000000
52327  -5.707  -23.887  47.634 1.0000000000
96291  -19.516  -16.934  36.942 0.7500000000
114158  -19.766  -15.703  36.564 0.6250000000
52337  -5.773  -23.221  47.087 1.0000000000
58186  -19.266  -17.095  36.286 0.7500000000
59732  -28.081  -15.790  37.653 0.3750000000
60532  -29.680  -15.093  38.037 0.3750000000
60533  -30.379  -14.471  38.324 0.3750000000
53076  -6.301  -23.237  46.258 1.0000000000
57383  -18.794  -17.669  35.349 0.6250000000
58190  -19.022  -16.862  35.625 0.6250000000
98534  -27.028  -15.204  36.113 0.3750000000
59734  -29.099  -15.633  37.845 0.3750000000
60539  -29.687  -15.071  36.996 0.3750000000
60540  -30.275  -14.433  37.059 0.3750000000
100074  -18.638  -17.064  34.865 0.7500000000
58196  -18.522  -16.547  34.436 0.6250000000
58211  -18.274  -16.313  33.822 0.6250000000
58983  -26.046  -15.744  34.669 0.3750000000
59740  -28.562  -15.989  37.533 0.3750000000
59747  -28.784  -15.791  36.249 0.3750000000
53086  -6.533  -22.855  45.370 0.8750000000
53119  -9.367  -22.828  39.963 0.8750000000
53122  -9.561  -22.464  39.286 0.7500000000
53125  -10.090  -22.420  38.087 0.5000000000
58210  -17.937  -16.794  33.271 0.6250000000
58225  -17.673  -16.390  32.619 0.5000000000
58226  -25.170  -17.113  33.661 0.3750000000
58982  -25.588  -16.338  34.093 0.3750000000
53134  -40.106  -23.005  37.436 1.0000000000
52390  -40.420  -23.798  36.744 1.0000000000
53108  -7.797  -22.487  42.624 0.8750000000
53113  -8.717  -22.842  41.280 0.8750000000
57416  -17.570  -17.222  32.541 0.6250000000
58240  -17.340  -16.391  31.902 0.5000000000
57417  -24.745  -17.904  33.291 0.3750000000
58242  -25.006  -16.629  32.411 0.3750000000
58995  -25.466  -15.876  32.889 0.3750000000
58199  -27.922  -16.826  34.864 0.3750000000
52391  -40.776  -23.812  36.789 1.0000000000
52392  -41.276  -23.779  36.030 1.0000000000
53147  -41.632  -23.576  34.907 1.0000000000
53098  -7.377  -23.000  44.205 0.8750000000
53105  -8.162  -23.234  42.996 0.8750000000
53938  -9.107  -22.034  39.797 0.7500000000
53946  -9.554  -21.390  38.609 0.7500000000
58260  -16.909  -16.347  30.290 0.5000000000
58276  -17.037  -16.150  29.336 0.5000000000
57436  -24.487  -18.072  31.529 0.3750000000
58227  -27.843  -16.932  32.664 0.3750000000
54809  -37.730  -19.988  38.174 0.8750000000
103427  -39.057  -21.096  38.159 1.0000000000
52404  -41.808  -24.111  33.998 1.0000000000
53155  -41.652  -23.353  33.711 1.0000000000
57473  -16.774  -17.014  29.750 0.5000000000
59047  -17.597  -15.685  28.730 0.5000000000
58283  -17.887  -15.962  27.985 0.5000000000
56633  -23.638  -18.431  29.833 0.6250000000
57438  -27.828  -17.530  32.396 0.3750000000
57386  -35.774  -18.001  36.533 0.7500000000
56563  -36.254  -18.574  37.373 0.8750000000
110447  -41.556  -23.152  32.810 0.8750000000
58282  -17.302  -16.392  28.419 0.5000000000
58291  -17.617  -16.719  27.718 0.5000000000
57487  -22.996  -17.651  29.119 0.6250000000
58243  -28.240  -16.600  31.755 0.3750000000
57408  -34.198  -17.198  34.397 0.6250000000
56571  -34.113  -18.739  35.971 0.7500000000
56562  -35.106  -18.901  36.676 0.8750000000
53992  -40.967  -21.781  31.716 0.6250000000
58293  -19.196  -16.175  27.286 0.5000000000
57513  -20.126  -17.525  26.584 0.6250000000
57498  -20.553  -17.017  27.156 0.6250000000
57500  -21.998  -17.738  27.907 0.6250000000
58228  -32.714  -16.697  32.156 0.5000000000
57422  -33.049  -17.148  33.041 0.6250000000
57394  -33.721  -18.226  35.184 0.8750000000
58203  -37.797  -15.973  35.314 0.5000000000
58204  -38.585  -15.788  34.615 0.5000000000
57409  -38.772  -16.541  34.710 0.5000000000
57410  -39.818  -16.337  34.345 0.5000000000
57389  -9.494  -17.718  34.475 0.1250000000
57499  -21.324  -17.332  27.521 0.6250000000
59026  -29.509  -15.458  30.360 0.5000000000
58265  -31.860  -15.904  30.710 0.3750000000
58248  -32.370  -16.322  31.389 0.5000000000
58219  -37.547  -15.520  34.651 0.5000000000
58220  -39.560  -15.545  34.506 0.3750000000
58221  -40.661  -15.180  34.528 0.3750000000
57411  -41.213  -15.724  34.295 0.3750000000
54883  -41.015  -20.871  31.169 0.5000000000
59027  -30.341  -15.436  30.200 0.3750000000
59028  -31.259  -15.329  30.166 0.5000000000
114869  -35.274  -14.795  32.039 0.5000000000
58986  -36.139  -15.320  33.553 0.6250000000
113326  -41.019  -14.716  34.364 0.3750000000
58222  -41.460  -14.946  34.321 0.3750000000
58195  -9.082  -16.988  34.103 0.1250000000
59031  -34.148  -14.834  30.883 0.3750000000
59015  -34.491  -15.077  31.712 0.5000000000
105528  -41.825  -14.869  33.839 0.3750000000
55761  -41.651  -20.023  30.779 0.3750000000
55762  -42.788  -19.590  30.449 0.7500000000
59784  -34.659  -14.351  30.329 0.3750000000
58234  -42.520  -15.539  33.393 0.3750000000
58254  -42.999  -15.611  32.462 0.3750000000
58235  -43.822  -15.886  32.684 0.3750000000
56625  -43.477  -18.372  31.249 0.3750000000
55763  -43.808  -18.962  30.413 0.3750000000
55770  -44.113  -19.385  29.735 0.6250000000
58268  -43.613  -15.796  31.802 0.3750000000
55764  -44.806  -18.584  30.397 0.3750000000
61346  -36.455  -11.931  28.398 0.1250000000
58269  -44.227  -15.922  31.928 0.3750000000
55771  -44.974  -19.059  29.648 0.5000000000
57466  -44.773  -16.271  31.273 0.3750000000
57465  -43.994  -16.033  30.995 0.3750000000
55772  -45.650  -18.774  29.460 0.5000000000
55778  -45.838  -18.915  28.835 0.6250000000
55784  -44.975  -19.334  28.035 0.6250000000
57481  -44.720  -16.462  30.292 0.3750000000
56665  -46.614  -18.403  27.863 0.5000000000
55785  -45.792  -18.883  27.941 0.6250000000
57492  -45.584  -16.563  29.767 0.3750000000
55794  -45.711  -18.880  27.023 0.6250000000
56682  -46.336  -18.415  26.851 0.7500000000
57506  -46.405  -16.472  29.262 0.5000000000
57504  -42.718  -17.605  27.387 0.2500000000
57505  -44.917  -16.766  28.433 0.3750000000
58299  -45.640  -16.475  27.978 0.3750000000
57544  -45.042  -18.059  24.392 0.5000000000
56681  -41.891  -17.924  27.081 0.2500000000
57520  -43.308  -17.340  26.884 0.3750000000
57557  -44.594  -17.906  23.660 0.6250000000
57558  -45.194  -17.479  23.940 0.5000000000
58339  -45.691  -16.758  23.858 0.6250000000
57518  -41.620  -17.853  26.345 0.2500000000
58355  -45.224  -16.361  23.063 0.6250000000
51546  -13.458  -23.884  48.356 0.8750000000
103773  -13.881  -24.104  49.449 0.7500000000
52333  -15.705  -22.893  48.950 0.6250000000
49712  -10.665  -26.175  49.014 0.8750000000
50701  -11.531  -25.098  47.805 0.8750000000
50702  -12.330  -24.829  48.342 0.8750000000
51555  -13.080  -23.704  47.147 0.7500000000
52332  -14.666  -22.988  48.067 0.7500000000
53081  -16.378  -21.945  47.821 0.6250000000
98029  -16.375  -22.536  48.872 0.6250000000
53873  -18.236  -21.930  48.890 0.6250000000
48039  -9.566  -28.215  51.999 0.8750000000
48855  -10.075  -27.496  51.455 0.8750000000
51553  -11.518  -24.592  46.985 0.8750000000
51554  -12.247  -24.249  46.886 0.7500000000
52342  -13.808  -23.091  46.981 0.7500000000
53883  -15.873  -21.805  46.771 0.6250000000
53884  -16.523  -21.521  46.875 0.6250000000
53885  -17.787  -21.278  47.739 0.6250000000
54722  -19.208  -20.781  47.452 0.6250000000
56512  -25.608  -18.267  44.582 0.6250000000
47107  -4.937  -29.669  52.899 1.0000000000
47108  -6.193  -30.078  52.933 1.0000000000
48032  -10.132  -29.063  52.555 0.8750000000
106384  -13.127  -23.260  46.146 0.7500000000
53079  -13.750  -22.794  46.088 0.7500000000
53091  -14.179  -22.345  45.452 0.7500000000
105565  -15.723  -21.483  45.754 0.6250000000
53897  -16.455  -21.188  46.021 0.6250000000
54734  -17.747  -20.697  46.088 0.6250000000
114997  -19.414  -20.464  46.704 0.6250000000
54737  -20.904  -20.059  46.653 0.6250000000
55633  -23.610  -20.289  47.557 0.6250000000
55650  -25.656  -19.329  45.949 0.6250000000
57345  -24.931  -17.886  43.647 0.6250000000
47106  -3.793  -29.520  52.427 1.0000000000
106976  -5.765  -28.265  52.692 1.0000000000
109027  -7.161  -30.154  52.775 0.8750000000
108488  -9.153  -28.999  52.420 0.8750000000
47111  -10.342  -29.722  52.471 1.0000000000
53909  -14.195  -21.882  44.511 0.7500000000
53911  -16.188  -20.976  45.089 0.6250000000
96649  -17.836  -20.431  45.384 0.6250000000
54736  -19.731  -20.148  46.165 0.6250000000
55638  -21.421  -19.658  45.924 0.6250000000
55639  -22.866  -19.582  46.625 0.6250000000
56502  -24.875  -18.385  46.286 0.6250000000
56513  -25.785  -18.576  45.506 0.6250000000
58945  -22.729  -15.190  40.525 0.6250000000
48025  -3.356  -28.000  52.942 1.0000000000
47110  -9.373  -30.006  52.686 1.0000000000
46337  -9.711  -30.517  52.462 1.0000000000
54745  -15.840  -20.794  44.125 0.6250000000
54762  -17.170  -20.067  43.728 0.6250000000
55646  -18.030  -19.827  43.916 0.6250000000
55648  -19.813  -19.497  44.424 0.5000000000
56500  -21.555  -18.558  44.652 0.5000000000
56501  -23.249  -17.983  45.191 0.5000000000
57338  -25.701  -17.584  44.700 0.6250000000
58157  -24.364  -16.263  43.114 0.6250000000
58162  -23.425  -16.476  42.082 0.5000000000
58952  -22.880  -14.200  39.994 0.5000000000
58957  -22.224  -14.707  39.090 0.5000000000
48846  -3.194  -27.601  52.648 1.0000000000
46342  -9.032  -31.464  52.228 1.0000000000
55656  -17.688  -19.565  43.019 0.6250000000
55658  -19.449  -19.167  43.628 0.5000000000
55659  -20.320  -18.922  44.018 0.5000000000
57331  -23.241  -17.261  45.104 0.5000000000
58139  -25.049  -16.360  46.165 0.5000000000
111466  -25.222  -16.206  44.355 0.5000000000
96341  -25.242  -16.976  43.974 0.5000000000
58163  -23.694  -15.466  42.424 0.5000000000
58935  -23.418  -14.641  41.817 0.5000000000
58946  -23.174  -14.309  40.983 0.5000000000
59723  -22.788  -13.359  38.584 0.5000000000
49692  -3.368  -27.108  51.758 1.0000000000
56509  -19.127  -18.680  42.945 0.5000000000
112730  -20.165  -17.929  43.200 0.5000000000
58148  -21.566  -17.072  44.143 0.5000000000
58138  -22.860  -16.772  45.116 0.5000000000
59698  -24.215  -14.751  43.841 0.5000000000
58925  -23.700  -14.606  42.747 0.5000000000
59707  -23.215  -13.833  41.656 0.5000000000
59716  -23.099  -13.296  40.525 0.5000000000
59721  -23.164  -12.975  39.682 0.5000000000
110913  -22.591  -13.194  37.668 0.5000000000
50680  -3.821  -25.472  50.627 1.0000000000
51528  -3.180  -24.346  50.885 1.0000000000
59687  -23.571  -14.259  44.233 0.3750000000
60489  -22.927  -13.586  41.920 0.3750000000
60500  -22.963  -13.096  40.887 0.5000000000
110954  -23.103  -12.541  39.435 0.3750000000
60525  -22.855  -12.199  36.986 0.1250000000
51530  -4.353  -24.747  49.801 1.0000000000
52312  -2.984  -23.276  50.499 1.0000000000
60464  -22.808  -13.787  43.006 0.3750000000
60477  -22.302  -13.469  42.291 0.3750000000
60488  -22.401  -13.156  41.454 0.3750000000
60499  -22.583  -12.720  40.582 0.3750000000
60509  -22.685  -12.382  39.664 0.3750000000
61239  -23.025  -12.328  38.861 0.3750000000
59722  -21.816  -14.446  38.205 0.6250000000
59728  -22.368  -13.106  36.826 0.5000000000
51532  -4.007  -23.931  49.926 1.0000000000
51533  -4.710  -24.188  49.100 1.0000000000
52318  -4.093  -23.268  49.343 1.0000000000
60476  -21.234  -13.429  42.223 0.3750000000
60487  -21.528  -13.077  41.186 0.3750000000
60498  -21.588  -12.677  40.379 0.2500000000
60508  -21.442  -12.388  39.540 0.2500000000
61238  -22.544  -12.008  38.813 0.2500000000
100842  -21.008  -15.211  37.912 0.6250000000
113570  -4.510  -22.949  48.492 1.0000000000
60497  -20.254  -13.078  40.224 0.2500000000
60517  -21.286  -12.099  38.668 0.2500000000
59737  -20.571  -14.363  35.876 0.6250000000
62002  -29.598  -12.068  38.315 0.3750000000
52319  -5.015  -23.670  48.436 1.0000000000
53066  -4.332  -22.325  47.915 1.0000000000
60507  -19.790  -12.923  39.343 0.2500000000
58963  -19.686  -15.365  35.973 0.6250000000
110489  -19.927  -14.634  35.364 0.5000000000
112495  -28.025  -14.772  37.249 0.3750000000
61270  -28.366  -13.861  37.205 0.3750000000
114839  -28.430  -12.847  36.751 0.3750000000
61271  -28.837  -13.220  37.688 0.3750000000
53059  -5.195  -23.080  47.816 1.0000000000
53067  -5.155  -22.634  47.278 1.0000000000
53870  -4.578  -22.086  46.976 1.0000000000
58187  -19.417  -16.285  36.330 0.6250000000
58974  -19.245  -15.360  35.044 0.6250000000
108898  -27.818  -13.762  36.244 0.3750000000
53075  -5.488  -22.544  46.596 0.8750000000
53881  -4.914  -21.880  46.149 0.8750000000
53880  -3.912  -21.428  46.548 1.0000000000
58968  -18.855  -16.297  35.000 0.6250000000
59743  -19.021  -14.916  34.172 0.5000000000
59744  -19.832  -14.327  34.657 0.5000000000
60544  -27.334  -13.877  35.352 0.3750000000
53085  -5.777  -22.372  45.776 0.8750000000
58981  -18.419  -15.481  33.626 0.5000000000
59748  -29.457  -14.801  35.534 0.3750000000
53892  -5.960  -22.148  44.933 0.8750000000
58980  -17.974  -15.969  33.098 0.2500000000
58996  -25.966  -15.216  33.354 0.3750000000
100712  -28.888  -15.191  34.570 0.3750000000
53097  -6.700  -22.563  44.568 0.8750000000
53112  -8.063  -22.238  41.834 0.8750000000
53114  -9.166  -23.082  40.574 0.8750000000
53118  -8.864  -22.386  40.504 0.8750000000
53947  -9.940  -21.606  38.030 0.3750000000
53951  -10.035  -20.980  37.457 0.3750000000
58993  -17.658  -15.570  32.272 0.5000000000
59776  -17.569  -14.861  30.705 0.3750000000
114523  -24.771  -16.747  31.832 0.5000000000
58985  -28.600  -15.339  33.296 0.3750000000
53959  -39.651  -21.580  38.037 0.8750000000
111032  -40.478  -22.652  37.333 1.0000000000
53965  -40.811  -22.391  36.643 0.8750000000
53146  -41.357  -22.958  35.789 1.0000000000
53103  -6.859  -22.315  43.759 0.8750000000
53109  -8.441  -23.014  42.208 0.8750000000
53932  -8.321  -21.937  41.064 0.8750000000
53937  -8.559  -21.610  40.317 0.8750000000
53942  -8.847  -21.288  39.583 0.8750000000
59010  -17.251  -15.619  31.215 0.5000000000
59022  -17.200  -15.585  30.208 0.5000000000
58261  -24.890  -16.147  31.475 0.5000000000
58997  -28.298  -15.703  32.102 0.3750000000
58984  -28.155  -16.378  33.403 0.3750000000
55701  -37.790  -19.251  38.254 0.7500000000
54811  -39.205  -20.642  38.124 0.8750000000
114834  -39.976  -21.291  37.866 0.8750000000
54818  -40.485  -21.514  36.663 0.8750000000
53970  -41.029  -22.081  35.483 0.8750000000
53154  -41.435  -22.731  34.573 0.8750000000
53917  -7.113  -22.023  42.997 0.8750000000
54798  -9.522  -20.746  38.186 0.6250000000
59023  -24.490  -16.059  30.602 0.6250000000
57396  -35.416  -17.346  35.621 0.7500000000
114727  -37.077  -17.843  38.003 0.7500000000
56565  -37.656  -18.072  38.113 0.8750000000
55713  -39.133  -19.482  37.393 0.7500000000
54817  -39.914  -20.445  36.683 0.7500000000
54829  -40.523  -21.074  35.191 0.7500000000
53977  -41.007  -21.807  34.190 0.8750000000
53160  -41.312  -22.535  33.367 0.8750000000
59057  -18.647  -15.635  27.730 0.5000000000
115168  -23.350  -17.862  29.561 0.6250000000
59012  -28.526  -15.622  31.166 0.3750000000
57395  -34.509  -17.761  35.395 0.7500000000
57397  -36.463  -16.786  36.085 0.6250000000
57387  -36.811  -17.396  37.080 0.6250000000
57388  -37.602  -17.265  37.306 0.7500000000
55721  -38.968  -18.359  36.487 0.7500000000
55722  -39.488  -19.303  35.539 0.7500000000
54828  -39.860  -20.114  34.589 0.7500000000
54842  -40.384  -20.828  33.708 0.7500000000
53985  -40.744  -21.596  32.771 0.6250000000
53161  -41.227  -22.522  32.342 0.6250000000
58294  -20.249  -16.149  27.420 0.6250000000
57486  -22.458  -17.423  28.570 0.6250000000
59025  -28.860  -15.539  30.661 0.3750000000
58249  -33.150  -16.025  31.752 0.5000000000
58229  -33.493  -16.353  32.583 0.5000000000
58215  -33.840  -16.721  33.466 0.6250000000
58216  -34.675  -16.333  33.805 0.6250000000
58200  -35.056  -16.795  34.680 0.6250000000
58202  -37.050  -15.873  35.559 0.6250000000
57398  -37.436  -16.441  36.428 0.6250000000
57399  -38.108  -16.593  36.075 0.6250000000
56581  -38.831  -17.369  35.575 0.6250000000
56582  -39.260  -17.706  34.070 0.6250000000
55742  -39.554  -19.299  32.948 0.5000000000
54862  -39.842  -19.848  32.439 0.6250000000
54863  -40.187  -20.549  32.534 0.6250000000
53991  -40.528  -20.994  31.893 0.6250000000
56558  -9.690  -18.587  35.670 0.1250000000
58296  -21.745  -16.770  28.110 0.6250000000
59798  -30.256  -14.122  29.683 0.3750000000
59029  -32.253  -15.072  30.231 0.5000000000
59013  -32.765  -15.672  30.956 0.3750000000
58998  -33.949  -15.654  32.172 0.5000000000
58230  -34.297  -15.955  32.982 0.6250000000
58231  -35.188  -15.593  33.290 0.6250000000
58217  -35.566  -15.953  34.139 0.7500000000
57423  -40.165  -17.284  33.696 0.5000000000
55743  -40.162  -19.129  32.329 0.5000000000
54882  -40.314  -20.134  31.708 0.3750000000
116322  -40.939  -20.102  31.249 0.5000000000
57382  -9.353  -17.825  35.329 0.1250000000
59043  -31.525  -14.579  29.678 0.3750000000
59030  -33.225  -15.010  30.578 0.3750000000
59014  -33.626  -15.405  31.331 0.5000000000
58999  -34.812  -15.310  32.499 0.6250000000
57424  -41.748  -16.373  33.769 0.3750000000
56611  -41.217  -18.358  32.373 0.3750000000
55754  -41.153  -19.289  31.613 0.3750000000
59800  -31.875  -13.908  29.312 0.5000000000
60587  -32.480  -13.124  29.006 0.5000000000
59801  -32.693  -13.980  29.297 0.5000000000
59782  -32.899  -14.552  29.852 0.3750000000
59783  -33.715  -14.516  30.109 0.5000000000
57425  -42.746  -15.907  33.436 0.3750000000
56612  -42.224  -17.978  32.225 0.3750000000
55755  -42.397  -18.835  31.356 0.3750000000
58208  -8.697  -16.284  33.697 0.1250000000
60600  -33.281  -12.696  28.787 0.3750000000
60588  -33.485  -13.498  29.061 0.3750000000
56599  -43.213  -16.590  32.916 0.3750000000
56613  -43.275  -17.509  32.130 0.3750000000
61344  -33.824  -12.023  28.673 0.1250000000
60601  -34.135  -12.701  28.741 0.1250000000
57426  -43.603  -15.954  32.961 0.3750000000
56614  -44.078  -17.166  31.955 0.3750000000
61345  -35.092  -11.720  28.547 0.1250000000
57427  -44.061  -16.043  32.688 0.3750000000
57449  -44.235  -16.382  32.283 0.3750000000
56626  -44.454  -17.956  31.179 0.3750000000
62083  -36.688  -10.687  28.374 0.1250000000
57450  -44.569  -16.342  31.802 0.3750000000
56627  -45.362  -17.556  31.011 0.3750000000
56639  -45.847  -18.130  30.264 0.3750000000
62840  -37.853  -9.899  28.197 0.1250000000
62847  -38.104  -10.152  27.820 0.1250000000
57467  -45.410  -16.751  31.212 0.3750000000
56628  -46.016  -17.218  30.760 0.3750000000
56640  -46.479  -18.230  29.591 0.6250000000
56653  -46.752  -18.369  28.853 0.5000000000
57482  -45.649  -16.638  30.744 0.3750000000
57493  -46.583  -16.793  30.100 0.3750000000
57484  -47.298  -16.975  29.707 0.5000000000
56683  -47.310  -17.743  27.754 0.6250000000
58289  -47.414  -16.686  29.500 0.5000000000
56699  -46.928  -17.784  26.645 0.6250000000
56698  -45.939  -18.304  25.963 0.7500000000
57532  -46.392  -17.672  25.619 0.7500000000
58300  -47.363  -16.229  28.969 0.5000000000
57546  -46.859  -16.987  25.322 0.7500000000
58340  -46.615  -16.140  24.216 0.8750000000
57519  -42.430  -17.586  26.576 0.3750000000
57521  -44.310  -16.940  27.326 0.3750000000
58309  -46.279  -16.041  27.668 0.3750000000
58329  -46.419  -16.750  24.564 0.7500000000
57531  -42.924  -17.201  26.107 0.2500000000
59095  -45.963  -15.933  23.485 0.6250000000
59121  -45.147  -15.271  22.204 0.3750000000
59864  -45.766  -14.862  22.493 0.3750000000
103346  -9.578  -25.608  48.178 0.8750000000
50690  -10.274  -25.724  48.238 0.8750000000
50700  -10.676  -25.272  47.727 0.8750000000
49701  -9.154  -26.541  49.273 0.8750000000
51545  -10.959  -24.869  47.235 0.8750000000
48863  -9.598  -27.029  50.317 0.8750000000
55640  -24.521  -19.470  46.877 0.6250000000
48848  -6.276  -27.559  51.861 1.0000000000
48037  -7.499  -28.273  51.597 1.0000000000
48038  -8.335  -28.237  51.524 0.8750000000
48854  -8.929  -27.531  50.886 0.8750000000
53101  -13.473  -22.198  44.611 0.7500000000
56495  -25.535  -19.016  46.463 0.6250000000
48845  -4.106  -27.519  53.394 1.0000000000
48847  -5.224  -27.589  52.862 1.0000000000
48031  -8.036  -29.455  52.283 0.8750000000
100534  -14.754  -21.530  44.351 0.6250000000
56503  -25.686  -18.277  45.857 0.6250000000
48844  -3.540  -27.469  53.289 1.0000000000
49690  -4.575  -26.717  53.222 1.0000000000
54761  -16.324  -20.320  43.517 0.6250000000
55655  -16.809  -19.839  42.892 0.6250000000
57332  -25.398  -17.440  45.846 0.5000000000
99805  -25.257  -17.412  45.543 0.6250000000
57333  -25.694  -17.730  45.316 0.6250000000
49689  -2.933  -26.657  52.911 1.0000000000
50672  -3.264  -25.822  53.438 1.0000000000
58897  -25.013  -15.336  47.079 0.5000000000
58133  -25.367  -15.437  46.746 0.5000000000
58140  -25.160  -16.114  45.658 0.5000000000
58149  -25.598  -17.075  44.863 0.6250000000
59720  -22.961  -13.506  39.266 0.5000000000
50677  -3.187  -26.171  51.851 1.0000000000
50674  -2.563  -25.658  52.998 1.0000000000
50671  -2.612  -25.142  53.182 1.0000000000
52306  -2.268  -23.680  53.023 1.0000000000
52309  -2.292  -23.526  52.570 1.0000000000
58155  -19.600  -16.927  42.724 0.5000000000
58137  -21.244  -16.598  44.333 0.5000000000
58905  -22.210  -16.126  45.781 0.5000000000
58888  -24.081  -14.617  47.226 0.5000000000
58889  -24.933  -14.784  47.120 0.5000000000
59677  -25.123  -14.762  46.701 0.5000000000
59688  -24.784  -14.773  45.261 0.5000000000
59724  -23.118  -12.676  39.014 0.5000000000
50676  -2.704  -25.132  52.078 1.0000000000
107284  -2.198  -24.806  52.965 1.0000000000
51527  -2.209  -24.034  52.260 1.0000000000
52311  -2.373  -23.094  51.563 1.0000000000
58147  -20.400  -16.868  43.356 0.5000000000
58895  -21.492  -15.371  46.533 0.5000000000
58887  -22.653  -14.556  47.316 0.5000000000
59655  -24.227  -14.327  47.082 0.3750000000
59676  -24.216  -14.258  45.877 0.3750000000
60518  -23.038  -12.303  38.104 0.5000000000
60530  -22.387  -12.425  35.950 0.3750000000
61269  -22.619  -11.717  36.179 0.1250000000
115505  -2.593  -23.634  51.306 1.0000000000
60431  -23.622  -13.894  47.123 0.3750000000
59675  -23.138  -13.820  45.385 0.3750000000
59686  -22.368  -13.755  44.146 0.3750000000
61246  -22.441  -11.784  37.949 0.2500000000
61258  -22.979  -11.857  37.331 0.2500000000
60537  -22.372  -11.676  35.299 0.1250000000
114153  -29.950  -11.674  38.932 0.3750000000
53055  -3.201  -22.564  49.917 1.0000000000
60440  -22.906  -13.515  46.581 0.3750000000
60452  -22.021  -13.476  45.312 0.3750000000
99190  -21.707  -13.551  43.163 0.3750000000
61245  -21.074  -11.855  37.774 0.2500000000
98110  -21.571  -13.351  35.613 0.2500000000
60536  -22.060  -12.512  35.055 0.2500000000
53058  -3.726  -22.402  48.942 1.0000000000
53863  -3.228  -21.690  48.429 1.0000000000
99057  -20.637  -13.536  43.179 0.3750000000
116119  -20.546  -13.224  40.887 0.2500000000
60516  -19.772  -12.591  38.397 0.2500000000
59738  -20.871  -13.621  35.051 0.3750000000
62010  -29.014  -11.935  37.378 0.3750000000
53869  -3.500  -21.618  47.477 1.0000000000
97303  -20.238  -13.444  41.644 0.2500000000
104384  -19.600  -12.366  37.535 0.2500000000
59745  -20.728  -13.353  34.248 0.3750000000
99969  -19.023  -13.402  40.187 0.2500000000
60515  -18.803  -13.067  38.834 0.2500000000
60524  -18.603  -12.865  38.141 0.2500000000
61255  -18.377  -12.664  37.317 0.2500000000
59751  -19.695  -13.956  33.882 0.3750000000
53890  -4.209  -21.252  45.667 1.0000000000
60506  -18.467  -13.322  39.516 0.2500000000
58994  -18.109  -15.246  32.960 0.2500000000
59750  -18.774  -14.563  33.273 0.3750000000
102837  -30.062  -14.131  35.767 0.3750000000
53891  -5.154  -21.699  45.306 0.8750000000
59756  -18.157  -14.712  32.429 0.2500000000
60545  -29.809  -13.807  34.730 0.3750000000
59011  -25.335  -15.522  31.872 0.5000000000
59754  -28.895  -14.529  33.385 0.3750000000
53904  -6.129  -21.906  44.114 0.8750000000
53931  -7.644  -21.522  41.491 0.8750000000
53936  -7.917  -21.202  40.779 0.8750000000
54787  -8.240  -20.866  40.065 0.8750000000
54794  -9.181  -20.968  38.935 0.8750000000
59777  -18.128  -14.295  30.273 0.3750000000
59795  -18.341  -14.426  29.476 0.3750000000
59759  -28.650  -14.632  32.364 0.3750000000
60556  -28.987  -13.823  32.801 0.3750000000
53927  -7.382  -21.772  42.234 0.8750000000
54793  -8.604  -20.555  39.335 0.8750000000
54797  -8.918  -20.273  38.647 0.7500000000
55691  -9.188  -19.935  38.009 0.5000000000
59794  -17.694  -14.911  29.847 0.3750000000
59807  -18.650  -14.617  28.717 0.5000000000
59768  -28.586  -14.775  31.374 0.3750000000
55695  -9.359  -19.597  37.469 0.5000000000
59058  -19.529  -15.404  27.604 0.5000000000
58286  -22.865  -16.777  29.004 0.6250000000
59780  -28.725  -14.848  30.759 0.5000000000
60561  -28.804  -13.882  31.706 0.3750000000
56551  -9.183  -18.997  37.173 0.3750000000
58295  -21.140  -15.945  27.828 0.6250000000
113242  -21.027  -16.625  27.625 0.6250000000
58285  -22.356  -16.522  28.567 0.6250000000
60571  -28.801  -14.103  30.879 0.3750000000
56555  -9.472  -18.793  36.458 0.2500000000
59781  -29.550  -14.236  30.004 0.3750000000
57381  -8.769  -17.248  35.799 0.1250000000
59042  -30.677  -14.708  29.766 0.3750000000
59799  -31.035  -14.005  29.453 0.3750000000
60586  -31.494  -13.239  29.327 0.3750000000
58194  -8.530  -16.210  34.782 0.1250000000
61335  -32.010  -12.355  29.218 0.3750000000
59742  -8.408  -14.473  34.326 0.1250000000
58972  -8.450  -15.495  34.173 0.1250000000
61343  -32.937  -12.169  28.835 0.3750000000
98236  -8.575  -14.938  32.970 0.1250000000
63615  -37.430  -9.521  28.356 0.1250000000
56666  -47.586  -17.641  28.878 0.5000000000
57494  -47.815  -16.969  29.341 0.5000000000
57507  -48.138  -16.867  28.759 0.5000000000
58301  -48.020  -16.367  28.854 0.5000000000
57533  -47.392  -17.070  26.399 0.6250000000
57508  -48.433  -16.250  28.189 0.5000000000
58330  -47.328  -16.279  25.092 0.7500000000
58307  -43.808  -16.862  26.468 0.3750000000
58308  -44.867  -16.474  26.921 0.3750000000
58310  -47.922  -15.627  28.443 0.5000000000
58316  -41.759  -17.037  25.363 0.2500000000
58318  -43.296  -16.551  25.738 0.2500000000
59096  -46.763  -15.497  23.871 0.8750000000
59109  -45.517  -15.610  22.791 0.6250000000
59877  -45.220  -14.568  21.700 0.3750000000
60672  -44.780  -13.877  20.135 0.2500000000
59911  -44.243  -14.101  19.719 0.1250000000
49710  -8.853  -25.785  48.527 1.0000000000
50699  -9.915  -25.226  47.721 0.8750000000
51544  -10.332  -24.777  47.247 0.8750000000
49699  -7.613  -25.603  49.356 1.0000000000
49700  -8.178  -26.284  49.231 1.0000000000
113612  -7.532  -26.310  49.828 1.0000000000
52339  -10.610  -23.786  46.275 0.8750000000
51552  -10.811  -24.426  46.708 0.7500000000
49694  -7.341  -26.944  50.360 1.0000000000
48853  -7.854  -27.466  50.579 0.8750000000
53088  -11.512  -22.724  45.263 0.7500000000
50675  -6.246  -25.880  51.063 1.0000000000
53100  -12.659  -22.284  44.635 0.7500000000
53921  -14.134  -21.376  43.745 0.7500000000
103872  -5.218  -25.804  52.482 1.0000000000
50678  -5.668  -24.821  51.762 1.0000000000
104470  -4.630  -24.951  52.816 1.0000000000
54774  -15.409  -20.109  42.490 0.6250000000
116052  -16.438  -19.646  42.307 0.6250000000
114128  -4.242  -24.445  53.007 1.0000000000
51524  -3.799  -23.912  53.086 1.0000000000
55669  -17.153  -19.250  42.142 0.5000000000
51525  -3.512  -24.977  53.397 1.0000000000
110380  -2.803  -24.389  53.352 1.0000000000
53047  -2.584  -23.279  52.726 1.0000000000
53048  -2.519  -22.861  51.989 1.0000000000
56531  -18.222  -17.960  41.846 0.5000000000
58146  -19.694  -16.517  43.132 0.5000000000
58904  -20.755  -15.854  44.977 0.5000000000
61282  -22.256  -11.405  35.411 0.1250000000
62017  -22.180  -11.149  34.848 0.1250000000
52315  -2.697  -22.662  50.702 1.0000000000
58903  -19.586  -15.670  44.573 0.5000000000
113681  -21.522  -14.583  47.383 0.5000000000
102537  -23.275  -13.972  47.326 0.5000000000
61257  -22.248  -11.626  36.956 0.2500000000
61281  -21.720  -11.171  35.326 0.1250000000
60543  -22.148  -11.960  34.655 0.2500000000
61298  -21.632  -11.476  33.505 0.2500000000
53057  -3.212  -21.921  49.347 1.0000000000
59644  -21.732  -13.099  47.928 0.5000000000
60439  -21.810  -13.094  46.677 0.3750000000
60463  -21.018  -13.543  44.188 0.3750000000
61256  -20.860  -11.714  36.834 0.2500000000
61280  -20.378  -11.517  35.465 0.1250000000
62016  -21.273  -11.041  34.796 0.1250000000
62038  -21.354  -10.855  33.434 0.1250000000
60450  -20.207  -13.085  44.858 0.3750000000
60461  -19.164  -13.284  43.308 0.3750000000
60475  -19.793  -13.539  42.655 0.3750000000
116758  -19.774  -11.874  35.974 0.1250000000
104211  -21.597  -12.727  34.546 0.2500000000
60542  -21.522  -12.360  33.941 0.2500000000
60549  -21.185  -12.213  33.034 0.2500000000
61304  -21.312  -11.286  32.881 0.2500000000
53879  -2.727  -21.024  46.971 1.0000000000
60486  -19.261  -13.515  41.916 0.2500000000
99491  -19.405  -13.462  41.038 0.2500000000
61266  -19.388  -12.177  36.582 0.1250000000
60548  -20.584  -13.101  33.479 0.2500000000
61303  -20.749  -12.014  32.299 0.2500000000
54719  -3.107  -20.836  46.021 1.0000000000
60496  -18.320  -13.437  40.884 0.2500000000
98035  -18.159  -13.444  40.211 0.2500000000
61265  -18.056  -12.548  36.445 0.1250000000
60547  -19.596  -13.688  33.203 0.2500000000
60554  -20.058  -13.021  32.611 0.2500000000
60505  -17.600  -13.348  39.781 0.2500000000
60514  -17.719  -13.214  38.779 0.2500000000
60553  -18.880  -13.937  32.544 0.2500000000
102687  -19.785  -12.733  31.843 0.2500000000
60523  -17.723  -12.983  37.899 0.2500000000
102160  -18.287  -14.228  31.888 0.2500000000
60559  -19.301  -12.987  31.074 0.2500000000
59765  -18.117  -14.198  31.143 0.2500000000
60567  -18.647  -13.647  30.711 0.2500000000
59755  -29.357  -14.025  33.960 0.3750000000
60581  -18.716  -13.770  29.879 0.2500000000
61299  -29.838  -13.024  33.849 0.3750000000
53930  -6.963  -21.146  41.829 0.8750000000
54792  -7.924  -20.136  39.744 0.8750000000
96593  -29.417  -13.215  33.116 0.3750000000
54780  -7.282  -20.842  41.184 0.8750000000
54786  -7.503  -20.421  40.484 0.8750000000
111957  -8.628  -19.567  38.418 0.7500000000
55694  -8.860  -19.261  37.796 0.5000000000
59049  -19.004  -14.893  28.023 0.5000000000
59816  -20.737  -14.422  27.832 0.5000000000
101557  -8.336  -19.824  39.068 0.8750000000
56547  -8.288  -18.843  38.246 0.6250000000
59815  -19.844  -14.609  27.849 0.5000000000
59059  -20.467  -15.238  27.664 0.5000000000
59060  -21.332  -15.068  27.846 0.5000000000
114083  -22.436  -15.333  28.352 0.6250000000
59052  -23.562  -15.281  28.944 0.6250000000
100871  -29.032  -14.339  30.433 0.3750000000
56550  -8.556  -18.498  37.569 0.6250000000
58284  -21.970  -15.768  28.254 0.6250000000
59051  -22.771  -15.841  28.709 0.6250000000
60572  -29.294  -13.690  30.384 0.3750000000
57378  -8.551  -17.419  36.569 0.2500000000
60585  -30.650  -13.373  29.574 0.3750000000
58961  -7.359  -15.212  36.817 0.2500000000
101846  -7.698  -15.827  36.451 0.2500000000
100880  -6.521  -13.137  37.316 0.1250000000
60521  -6.980  -13.838  36.936 0.2500000000
59730  -7.356  -14.520  36.509 0.2500000000
58966  -7.689  -15.198  36.049 0.2500000000
58188  -8.515  -16.582  35.525 0.1250000000
61261  -6.734  -12.247  36.936 0.1250000000
60528  -7.201  -12.971  36.630 0.1250000000
60529  -7.479  -13.710  36.215 0.1250000000
59735  -7.761  -14.415  35.731 0.1250000000
58967  -8.144  -15.167  35.143 0.1250000000
58962  -8.095  -15.908  35.708 0.1250000000
59736  -8.215  -14.203  35.089 0.1250000000
62837  -34.919  -10.286  28.851 0.1250000000
62082  -35.817  -10.328  28.643 0.1250000000
62839  -37.164  -9.363  28.577 0.1250000000
57522  -47.977  -17.022  27.615 0.6250000000
57534  -48.440  -16.337  27.330 0.5000000000
59063  -48.402  -15.668  28.022 0.5000000000
58320  -47.870  -16.373  26.155 0.7500000000
59067  -45.357  -15.856  26.614 0.3750000000
59068  -46.790  -15.357  27.391 0.5000000000
59070  -48.839  -15.106  27.463 0.5000000000
58331  -48.398  -15.623  25.977 0.7500000000
58317  -42.440  -16.785  25.493 0.2500000000
58319  -44.246  -16.258  26.075 0.3750000000
59069  -48.255  -15.071  27.759 0.5000000000
59079  -49.086  -14.949  26.802 0.6250000000
59087  -47.708  -15.376  24.837 0.8750000000
59088  -48.810  -14.877  25.946 0.6250000000
59110  -46.296  -15.188  23.215 0.6250000000
59844  -47.388  -14.648  23.956 0.8750000000
59893  -44.970  -14.048  20.871 0.2500000000
60673  -45.529  -13.574  20.273 0.2500000000
60687  -44.971  -13.658  19.341 0.2500000000
60702  -44.849  -13.679  18.371 0.1250000000
59934  -44.357  -14.063  17.037 0.1250000000
59935  -45.158  -13.749  17.023 0.2500000000
59940  -45.365  -14.010  15.622 0.2500000000
62260  -48.384  -11.548  11.392 0.2500000000
50688  -8.414  -24.934  48.351 0.8750000000
50689  -9.188  -25.111  47.929 0.8750000000
51551  -10.079  -24.215  46.798 0.8750000000
51534  -7.903  -23.997  48.543 0.8750000000
51535  -8.788  -24.236  47.752 0.8750000000
51543  -9.609  -24.597  47.402 0.8750000000
50682  -7.220  -24.765  49.755 1.0000000000
52330  -9.362  -23.847  47.112 0.8750000000
53078  -10.295  -23.050  45.977 0.8750000000
53099  -11.873  -22.185  44.732 0.7500000000
50679  -6.525  -24.753  50.632 1.0000000000
51529  -6.106  -23.802  51.276 1.0000000000
53907  -12.279  -21.616  44.298 0.7500000000
54759  -13.626  -20.820  43.152 0.6250000000
114910  -5.067  -23.893  52.419 1.0000000000
52310  -4.775  -22.919  52.512 1.0000000000
55667  -15.110  -19.791  41.951 0.6250000000
53050  -4.329  -22.419  52.420 1.0000000000
55678  -16.357  -19.291  41.730 0.5000000000
53049  -3.298  -22.561  52.280 1.0000000000
57351  -17.314  -17.797  41.268 0.5000000000
57342  -18.763  -17.242  42.200 0.5000000000
61292  -21.949  -11.581  34.238 0.1250000000
53051  -2.651  -22.530  51.142 1.0000000000
104649  -18.862  -16.474  42.663 0.5000000000
62028  -21.575  -10.927  34.086 0.2500000000
53054  -3.018  -22.260  50.263 1.0000000000
58915  -20.181  -16.253  43.822 0.5000000000
58894  -20.066  -15.372  45.728 0.5000000000
112342  -21.285  -10.931  32.973 0.1250000000
59653  -20.981  -14.078  47.858 0.5000000000
62044  -21.081  -11.048  32.693 0.2500000000
53868  -2.558  -21.048  47.971 1.0000000000
61291  -19.764  -11.563  34.902 0.1250000000
106703  -20.962  -11.321  32.398 0.2500000000
114892  -20.895  -12.841  45.985 0.3750000000
60449  -19.276  -12.964  44.129 0.3750000000
60474  -18.634  -13.297  42.619 0.3750000000
60473  -17.789  -13.083  42.200 0.2500000000
61279  -18.970  -12.109  35.729 0.1250000000
61290  -18.329  -12.054  34.908 0.1250000000
61310  -20.599  -11.581  31.664 0.2500000000
60485  -18.434  -13.423  41.692 0.2500000000
60495  -17.550  -13.282  40.655 0.2500000000
61278  -17.658  -12.431  35.629 0.1250000000
61309  -20.081  -12.256  31.372 0.2500000000
60522  -16.987  -13.028  38.053 0.2500000000
61264  -17.036  -12.603  36.222 0.1250000000
61317  -20.259  -11.922  30.541 0.2500000000
61294  -30.224  -13.192  34.811 0.3750000000
53902  -4.412  -21.085  44.801 1.0000000000
54742  -4.621  -20.884  44.009 1.0000000000
61254  -17.260  -12.779  37.155 0.2500000000
61316  -19.624  -12.640  30.411 0.2500000000
61300  -30.324  -12.403  34.066 0.3750000000
53903  -5.334  -21.496  44.472 0.8750000000
53915  -5.510  -21.268  43.660 0.8750000000
54756  -5.704  -20.958  42.823 0.8750000000
54769  -5.452  -20.321  42.252 0.8750000000
60568  -19.396  -13.186  29.570 0.2500000000
53916  -6.336  -21.638  43.315 0.8750000000
54779  -5.927  -20.134  41.641 0.8750000000
97978  -6.372  -19.927  41.047 0.8750000000
55683  -6.182  -19.186  40.569 0.8750000000
60557  -29.229  -13.056  32.152 0.3750000000
53926  -6.630  -21.379  42.547 0.8750000000
96759  -6.948  -20.305  40.948 0.8750000000
55688  -7.598  -19.306  39.392 0.8750000000
56544  -6.979  -18.498  39.395 0.8750000000
59808  -19.372  -14.216  28.431 0.3750000000
60562  -29.212  -13.159  31.069 0.3750000000
56546  -7.616  -18.617  38.765 0.7500000000
113986  -21.481  -14.307  27.878 0.5000000000
59050  -22.136  -14.733  28.073 0.6250000000
59811  -22.903  -14.920  28.432 0.6250000000
115233  -29.715  -12.455  30.829 0.3750000000
57371  -7.749  -17.970  38.057 0.6250000000
61320  -29.723  -12.930  30.332 0.3750000000
57374  -7.587  -17.095  37.654 0.6250000000
61333  -30.311  -12.720  29.854 0.3750000000
58959  -7.026  -15.283  37.464 0.3750000000
58184  -7.397  -15.805  37.119 0.2500000000
116727  -7.723  -16.283  36.841 0.2500000000
58181  -7.986  -16.864  37.024 0.3750000000
61242  -5.147  -12.472  38.149 0.2500000000
60511  -5.755  -13.327  38.050 0.2500000000
60520  -6.466  -14.000  37.635 0.2500000000
59726  -6.969  -14.614  37.226 0.2500000000
58185  -8.219  -16.571  36.281 0.2500000000
62069  -32.758  -11.310  29.240 0.2500000000
61251  -5.931  -12.421  37.570 0.1250000000
62081  -33.730  -11.330  28.831 0.1250000000
62070  -33.988  -10.465  29.121 0.1250000000
59076  -43.591  -15.723  25.453 0.2500000000
59077  -44.617  -15.449  25.821 0.3750000000
59078  -45.833  -15.013  26.442 0.5000000000
59833  -47.313  -14.479  27.134 0.5000000000
59825  -48.569  -14.324  27.296 0.5000000000
59826  -49.000  -14.456  27.040 0.6250000000
59075  -42.724  -16.011  25.157 0.2500000000
59834  -47.652  -13.541  26.852 0.6250000000
59835  -49.006  -14.242  26.440 0.6250000000
59845  -48.620  -14.326  25.303 0.6250000000
59865  -46.602  -14.452  22.939 0.6250000000
59878  -46.092  -14.122  22.160 0.5000000000
60657  -45.750  -13.789  21.313 0.5000000000
60688  -45.753  -13.389  19.431 0.3750000000
60704  -46.395  -13.145  19.003 0.2500000000
60715  -46.309  -13.319  18.048 0.2500000000
60703  -45.609  -13.442  18.658 0.2500000000
60714  -45.439  -13.568  17.801 0.2500000000
97410  -45.952  -13.525  17.136 0.2500000000
59930  -44.789  -13.766  17.625 0.1250000000
60718  -45.641  -13.760  16.352 0.2500000000
109825  -46.345  -13.545  16.472 0.2500000000
60722  -47.063  -13.396  16.105 0.2500000000
59941  -46.180  -13.713  15.639 0.2500000000
60723  -47.464  -13.258  15.454 0.2500000000
60733  -47.934  -12.960  14.508 0.2500000000
61510  -48.288  -12.629  13.885 0.2500000000
62228  -48.915  -11.954  13.413 0.2500000000
62242  -48.685  -11.741  12.484 0.2500000000
62261  -49.251  -11.201  11.945 0.2500000000
62978  -49.900  -10.858  12.315 0.2500000000
62268  -49.083  -10.900  10.982 0.2500000000
62996  -49.832  -10.676  11.555 0.2500000000
63009  -49.781  -10.521  10.659 0.2500000000
51531  -7.401  -24.158  49.306 1.0000000000
52321  -8.286  -23.277  47.970 1.0000000000
53068  -8.578  -22.646  47.499 1.0000000000
103933  -8.911  -22.038  46.943 1.0000000000
53882  -9.410  -21.839  46.382 0.8750000000
53069  -9.127  -23.025  46.935 0.8750000000
53077  -9.560  -22.618  46.411 0.8750000000
53893  -9.955  -22.185  45.884 0.7500000000
53894  -10.385  -21.672  45.421 0.7500000000
53905  -10.675  -21.103  44.976 0.7500000000
111684  -11.569  -19.695  43.487 0.7500000000
52317  -7.386  -23.410  49.288 1.0000000000
52329  -8.811  -23.414  47.429 1.0000000000
53087  -10.745  -22.524  45.503 0.7500000000
53906  -11.472  -21.250  44.500 0.7500000000
53918  -11.996  -21.001  44.032 0.7500000000
54757  -12.146  -20.496  43.609 0.7500000000
104116  -6.943  -23.774  50.176 1.0000000000
52314  -6.551  -22.848  50.893 1.0000000000
53920  -13.285  -21.285  43.657 0.7500000000
54771  -13.163  -20.247  42.721 0.6250000000
55654  -12.396  -20.005  43.041 0.7500000000
52313  -5.773  -22.757  51.902 1.0000000000
53052  -5.339  -21.963  52.056 1.0000000000
53053  -6.248  -22.004  51.317 1.0000000000
55676  -14.798  -19.267  41.366 0.5000000000
55675  -13.960  -19.205  41.467 0.5000000000
100139  -13.534  -19.721  42.138 0.5000000000
98994  -16.802  -18.815  41.532 0.5000000000
57362  -16.644  -17.533  40.865 0.5000000000
56529  -16.175  -18.768  41.178 0.5000000000
53855  -3.961  -21.614  50.993 1.0000000000
57352  -17.852  -17.342  41.598 0.5000000000
111952  -17.201  -17.227  41.219 0.5000000000
62805  -20.512  -10.173  31.250 0.2500000000
53854  -3.102  -22.021  50.574 1.0000000000
58145  -19.184  -15.961  43.602 0.5000000000
62797  -20.670  -10.758  32.023 0.2500000000
53858  -3.272  -21.727  49.482 1.0000000000
58893  -18.966  -15.279  45.321 0.5000000000
59663  -19.392  -15.069  46.487 0.5000000000
62037  -20.625  -10.843  33.338 0.1250000000
62027  -20.688  -10.990  34.078 0.1250000000
54708  -2.169  -20.424  48.548 1.0000000000
59643  -21.316  -13.177  48.173 0.5000000000
60420  -20.741  -12.808  48.366 0.2500000000
62036  -18.996  -11.255  33.235 0.1250000000
100323  -1.899  -19.745  48.408 1.0000000000
61191  -20.198  -12.470  46.204 0.3750000000
62026  -19.198  -11.526  34.065 0.1250000000
62050  -20.727  -10.918  31.781 0.2500000000
54717  -1.855  -19.940  46.675 1.0000000000
54711  -1.954  -20.311  47.495 1.0000000000
61199  -19.368  -12.484  45.215 0.3750000000
61198  -18.721  -12.449  44.495 0.3750000000
62025  -17.814  -11.753  33.950 0.1250000000
101568  -20.681  -10.270  30.634 0.2500000000
54728  -2.110  -19.938  46.053 1.0000000000
62054  -20.634  -11.153  30.876 0.2500000000
54729  -2.493  -20.192  45.548 1.0000000000
60484  -17.661  -13.210  41.434 0.2500000000
61289  -17.156  -12.264  34.817 0.1250000000
54730  -3.345  -20.636  45.099 1.0000000000
60504  -16.992  -13.157  39.393 0.2500000000
60513  -16.880  -13.047  38.742 0.2500000000
61277  -16.790  -12.449  35.508 0.1250000000
54741  -3.580  -20.495  44.254 1.0000000000
54754  -3.908  -20.312  43.589 0.8750000000
54768  -4.210  -20.086  42.957 0.8750000000
61330  -20.436  -12.046  29.434 0.2500000000
54740  -2.691  -19.975  44.512 1.0000000000
54755  -4.834  -20.656  43.292 0.8750000000
111510  -4.973  -20.400  42.740 0.8750000000
55673  -5.139  -19.691  41.811 0.8750000000
61329  -19.995  -12.766  29.083 0.2500000000
97049  -5.633  -19.478  41.213 0.8750000000
55687  -6.897  -19.150  39.977 0.8750000000
60595  -20.402  -13.120  28.527 0.2500000000
60596  -21.114  -13.567  28.053 0.3750000000
61307  -29.834  -12.325  32.759 0.3750000000
60594  -19.654  -13.471  28.776 0.2500000000
59809  -20.157  -13.860  28.173 0.5000000000
96562  -21.852  -12.893  28.138 0.3750000000
59810  -22.015  -13.762  27.952 0.3750000000
61312  -29.642  -12.357  31.584 0.3750000000
62046  -30.143  -11.672  31.893 0.3750000000
57366  -7.064  -17.855  38.783 0.6250000000
57370  -7.130  -17.195  38.310 0.6250000000
61321  -30.156  -12.195  30.399 0.3750000000
107503  -30.651  -11.430  30.625 0.3750000000
62068  -30.745  -11.942  29.942 0.3750000000
104065  -31.242  -11.320  30.112 0.3750000000
61234  -2.875  -12.336  39.052 0.6250000000
61235  -3.901  -12.799  39.052 0.6250000000
60510  -4.798  -13.165  38.641 0.3750000000
58958  -6.675  -15.416  37.955 0.3750000000
61334  -31.075  -12.543  29.550 0.3750000000
98214  -31.587  -11.693  29.619 0.2500000000
61241  -4.449  -12.442  38.561 0.3750000000
61991  -4.523  -11.775  38.240 0.2500000000
61999  -5.329  -11.693  37.735 0.1250000000
104435  -6.121  -11.572  37.236 0.1250000000
101851  -33.521  -10.131  29.659 0.1250000000
63606  -34.377  -9.308  30.060 0.1250000000
59832  -44.985  -14.438  25.680 0.3750000000
60618  -45.433  -13.361  25.617 0.5000000000
60620  -47.769  -12.723  26.468 0.6250000000
59086  -43.049  -15.155  24.865 0.2500000000
106296  -46.261  -13.903  26.383 0.5000000000
101663  -48.662  -13.335  25.846 0.8750000000
59854  -48.408  -13.643  24.550 0.8750000000
60649  -47.593  -13.346  22.873 0.7500000000
60637  -47.457  -13.884  23.429 0.7500000000
108316  -46.754  -13.495  21.907 0.5000000000
60674  -46.367  -13.305  20.894 0.5000000000
60689  -46.336  -13.188  19.952 0.2500000000
114765  -46.737  -13.095  18.494 0.2500000000
60719  -46.909  -13.306  17.172 0.2500000000
60720  -47.617  -13.125  16.765 0.2500000000
60724  -47.989  -12.972  16.082 0.2500000000
60729  -48.007  -12.975  15.188 0.2500000000
61501  -48.578  -12.579  14.762 0.2500000000
61511  -49.142  -12.099  14.291 0.2500000000
62243  -49.590  -11.311  12.931 0.2500000000
62997  -50.573  -10.152  11.235 0.2500000000
52320  -7.716  -23.001  48.624 1.0000000000
54731  -9.666  -21.210  46.008 0.7500000000
53061  -8.034  -22.390  48.132 1.0000000000
53871  -8.383  -21.766  47.677 1.0000000000
105961  -9.082  -21.168  46.712 1.0000000000
54732  -10.234  -20.308  45.222 0.7500000000
116518  -7.426  -22.719  49.257 1.0000000000
53060  -7.632  -22.207  48.857 1.0000000000
55653  -10.975  -19.089  43.747 0.7500000000
52316  -7.114  -22.824  49.975 1.0000000000
110493  -7.330  -22.117  49.649 1.0000000000
55664  -11.967  -19.277  42.743 0.5000000000
56538  -14.871  -18.135  40.574 0.5000000000
53860  -6.709  -21.368  50.707 1.0000000000
53857  -5.943  -21.374  51.203 1.0000000000
58171  -16.270  -16.890  40.740 0.5000000000
114856  -16.565  -16.572  41.152 0.5000000000
54702  -5.564  -20.814  50.858 1.0000000000
58914  -18.132  -15.739  43.439 0.5000000000
101306  -17.437  -15.661  43.086 0.5000000000
58161  -17.297  -16.619  41.593 0.5000000000
63584  -20.077  -9.232  31.203 0.2500000000
54704  -3.986  -20.451  49.629 1.0000000000
59674  -18.026  -15.159  45.121 0.5000000000
64362  -20.356  -8.389  30.924 0.2500000000
55618  -2.746  -19.789  49.308 1.0000000000
59651  -18.852  -14.680  47.207 0.3750000000
63585  -20.518  -9.343  30.672 0.2500000000
60419  -19.914  -12.845  48.777 0.3750000000
61190  -19.389  -12.073  46.641 0.2500000000
55627  -1.957  -19.400  47.376 1.0000000000
61206  -18.431  -12.724  43.582 0.3750000000
107857  -20.732  -10.847  30.072 0.2500000000
62810  -20.979  -10.112  29.827 0.2500000000
55630  -2.108  -19.491  46.257 1.0000000000
61225  -17.253  -12.815  41.849 0.2500000000
55634  -2.315  -19.646  45.396 1.0000000000
55643  -2.899  -19.559  43.809 0.8750000000
62064  -20.832  -11.346  29.455 0.2500000000
55644  -3.048  -20.056  43.799 1.0000000000
55652  -3.358  -19.769  43.297 0.8750000000
55662  -3.832  -19.391  42.585 0.8750000000
60494  -16.849  -13.025  40.271 0.2500000000
105385  -16.171  -12.429  35.934 0.1250000000
55672  -4.407  -19.335  41.993 0.8750000000
56523  -4.775  -18.959  41.394 0.8750000000
114648  -16.517  -12.586  36.700 0.2500000000
61338  -20.567  -12.482  28.817 0.2500000000
97312  -21.107  -12.662  28.428 0.2500000000
61341  -23.286  -12.524  28.357 0.2500000000
115796  -30.094  -12.372  33.499 0.3750000000
56536  -5.697  -18.518  40.417 0.8750000000
56543  -6.275  -18.491  39.947 0.8750000000
61339  -21.725  -12.049  28.409 0.2500000000
60597  -22.629  -13.126  28.138 0.3750000000
108185  -30.353  -11.871  33.386 0.3750000000
62047  -30.372  -11.560  32.682 0.3750000000
62800  -30.748  -10.993  32.148 0.3750000000
57369  -6.616  -17.249  38.815 0.7500000000
62052  -30.034  -11.825  31.047 0.3750000000
111199  -30.469  -11.307  31.352 0.3750000000
58954  -6.570  -15.950  38.231 0.3750000000
58178  -7.079  -16.505  37.977 0.3750000000
114653  -4.322  -13.329  39.095 0.6250000000
58953  -6.070  -15.210  38.471 0.5000000000
62813  -31.381  -10.805  30.583 0.3750000000
98757  -5.306  -13.844  38.591 0.2500000000
60512  -5.942  -14.278  38.269 0.2500000000
59725  -6.551  -14.793  37.861 0.3750000000
61240  -3.726  -12.034  38.649 0.6250000000
62824  -32.098  -10.759  29.945 0.1250000000
108061  -32.919  -9.987  30.317 0.1250000000
59843  -44.309  -13.793  25.074 0.3750000000
60619  -46.713  -12.882  26.216 0.6250000000
115996  -48.322  -12.790  26.313 0.6250000000
113488  -48.297  -12.481  25.886 0.8750000000
60638  -48.313  -13.127  23.869 0.8750000000
61413  -47.062  -12.900  20.564 0.5000000000
61429  -47.078  -12.855  19.674 0.2500000000
60716  -47.132  -13.014  18.106 0.2500000000
61460  -47.878  -12.870  17.589 0.2500000000
61477  -48.227  -12.849  16.893 0.2500000000
61490  -48.732  -12.555  15.629 0.2500000000
61502  -49.381  -12.115  15.170 0.2500000000
62218  -50.002  -11.584  14.756 0.2500000000
62230  -50.316  -11.041  13.571 0.2500000000
62968  -51.260  -10.495  13.803 0.2500000000
62979  -50.554  -10.422  12.160 0.2500000000
63754  -51.320  -9.614  11.252 0.3750000000
56498  -10.018  -18.204  44.767 0.6250000000
57330  -10.214  -17.974  44.063 0.6250000000
57335  -9.855  -17.254  43.717 0.6250000000
58143  -9.459  -16.523  43.327 0.5000000000
106274  -8.666  -21.227  47.284 1.0000000000
54720  -9.271  -20.384  46.517 0.8750000000
102767  -9.746  -20.325  45.861 0.8750000000
56499  -10.460  -18.810  44.337 0.7500000000
57336  -10.427  -17.658  43.264 0.5000000000
58144  -10.093  -16.875  42.854 0.5000000000
53865  -7.942  -21.542  48.426 1.0000000000
54713  -8.764  -20.409  47.242 1.0000000000
55631  -9.454  -19.608  46.320 0.8750000000
55645  -10.925  -19.663  44.157 0.7500000000
56507  -10.716  -18.420  43.577 0.6250000000
56515  -11.008  -18.099  42.835 0.5000000000
57340  -10.735  -17.304  42.456 0.5000000000
58152  -10.482  -16.364  41.848 0.5000000000
53864  -7.601  -21.447  49.247 1.0000000000
54710  -7.934  -20.730  48.855 1.0000000000
106961  -8.308  -20.042  48.530 1.0000000000
108660  -8.547  -20.069  47.885 1.0000000000
55629  -8.990  -19.669  46.968 0.8750000000
56491  -9.175  -18.940  46.800 0.8750000000
56508  -11.274  -18.875  43.124 0.6250000000
56516  -11.642  -18.517  42.436 0.5000000000
57341  -11.363  -17.754  42.096 0.5000000000
57347  -11.128  -17.056  41.781 0.5000000000
53861  -7.268  -21.380  50.089 1.0000000000
54709  -7.617  -20.677  49.696 1.0000000000
107561  -8.009  -19.972  49.349 1.0000000000
55626  -8.579  -19.454  48.130 1.0000000000
56490  -8.852  -18.374  47.353 0.8750000000
109235  -15.418  -17.980  40.552 0.5000000000
57360  -14.895  -17.400  40.457 0.5000000000
57358  -13.187  -17.599  40.686 0.5000000000
57357  -12.536  -17.138  40.750 0.5000000000
58166  -12.196  -16.538  40.648 0.5000000000
53056  -6.921  -22.074  50.499 1.0000000000
54707  -7.159  -20.670  50.336 1.0000000000
55625  -8.322  -19.303  48.897 1.0000000000
56484  -8.595  -18.630  48.289 1.0000000000
57322  -8.521  -17.750  47.921 0.8750000000
58170  -15.457  -16.742  40.559 0.5000000000
57359  -13.904  -16.993  40.399 0.5000000000
58167  -13.020  -16.589  40.423 0.5000000000
54706  -6.384  -20.692  50.674 1.0000000000
104448  -6.657  -19.921  50.377 1.0000000000
55622  -8.003  -19.240  49.703 1.0000000000
56483  -8.248  -18.549  49.206 1.0000000000
57319  -8.392  -17.977  48.727 0.8750000000
58913  -17.360  -15.413  43.704 0.5000000000
58924  -17.061  -15.829  42.440 0.5000000000
58933  -15.525  -15.662  41.357 0.5000000000
58932  -14.782  -15.341  40.990 0.5000000000
58169  -14.518  -16.474  40.457 0.5000000000
54705  -5.347  -20.097  50.340 1.0000000000
55621  -7.122  -19.199  50.164 1.0000000000
56480  -7.667  -18.451  49.913 1.0000000000
57318  -7.926  -17.738  49.389 1.0000000000
59662  -18.406  -15.026  46.058 0.3750000000
58901  -17.682  -15.316  44.309 0.5000000000
59685  -16.931  -15.036  44.270 0.3750000000
58922  -15.822  -15.315  42.245 0.5000000000
65137  -20.951  -7.693  30.839 0.2500000000
55619  -4.236  -19.596  49.762 1.0000000000
55620  -5.626  -19.224  50.233 1.0000000000
56479  -6.513  -18.463  50.413 1.0000000000
59673  -17.347  -15.007  44.932 0.5000000000
64369  -20.855  -8.557  30.385 0.2500000000
55623  -2.267  -19.380  48.943 1.0000000000
101625  -4.266  -18.698  49.979 1.0000000000
61170  -20.180  -12.470  48.428 0.3750000000
59641  -19.403  -13.693  48.289 0.3750000000
64370  -21.438  -8.208  30.193 0.2500000000
56485  -2.672  -18.651  47.763 1.0000000000
108972  -2.150  -19.167  48.338 1.0000000000
114329  -21.221  -8.831  29.973 0.2500000000
56489  -3.692  -18.074  46.957 1.0000000000
64378  -21.759  -8.772  29.690 0.2500000000
64379  -22.584  -8.887  29.449 0.2500000000
56488  -2.563  -18.798  46.606 1.0000000000
61214  -17.902  -12.763  42.893 0.2500000000
61213  -17.236  -12.386  42.581 0.2500000000
62819  -21.499  -10.194  29.243 0.2500000000
63601  -21.928  -9.472  29.282 0.2500000000
62065  -21.326  -11.033  29.026 0.2500000000
62820  -21.997  -10.054  28.934 0.2500000000
56492  -2.454  -18.991  45.556 1.0000000000
56496  -2.656  -19.192  44.539 1.0000000000
56505  -2.988  -18.957  43.726 0.8750000000
61232  -17.020  -12.915  41.190 0.2500000000
62076  -21.053  -11.858  28.825 0.2500000000
62077  -21.621  -11.380  28.664 0.3750000000
62078  -22.323  -11.288  28.472 0.2500000000
62835  -23.032  -10.735  28.564 0.2500000000
56514  -3.725  -18.720  42.496 0.8750000000
56522  -4.101  -18.855  41.949 0.8750000000
62836  -23.809  -11.077  28.725 0.2500000000
56535  -4.967  -18.204  40.767 0.7500000000
61340  -22.506  -12.235  28.275 0.2500000000
57355  -4.902  -17.371  40.408 0.7500000000
57365  -5.503  -17.140  39.766 0.7500000000
58165  -4.862  -16.615  40.110 0.7500000000
58175  -6.043  -16.870  39.144 0.7500000000
58174  -5.414  -16.365  39.486 0.7500000000
60501  -2.922  -13.025  39.510 0.7500000000
58948  -5.295  -15.481  39.240 0.6250000000
58949  -5.978  -16.082  38.829 0.6250000000
58177  -6.573  -16.633  38.540 0.5000000000
60502  -3.775  -13.524  39.460 0.6250000000
60503  -4.625  -13.907  39.155 0.6250000000
59719  -5.333  -14.571  38.861 0.3750000000
62759  -5.314  -10.479  37.435 0.2500000000
115229  -5.716  -10.535  37.276 0.2500000000
62753  -3.647  -11.238  38.306 0.6250000000
99456  -5.570  -10.980  37.432 0.1250000000
62760  -6.247  -10.695  37.002 0.2500000000
60628  -45.948  -12.491  25.470 0.5000000000
61360  -47.097  -12.162  25.946 0.6250000000
61361  -47.841  -12.212  26.064 0.6250000000
61369  -47.936  -11.998  25.444 0.6250000000
60629  -48.343  -12.567  24.999 0.8750000000
60630  -48.557  -12.317  24.234 0.7500000000
60658  -47.814  -12.874  22.194 0.6250000000
61442  -47.885  -12.675  18.561 0.2500000000
61441  -47.151  -12.867  18.862 0.3750000000
61478  -48.921  -12.465  16.604 0.2500000000
61491  -49.575  -12.032  16.052 0.2500000000
62219  -50.653  -11.046  14.359 0.2500000000
62957  -51.593  -10.326  14.934 0.2500000000
62244  -50.457  -10.727  12.936 0.2500000000
62969  -51.329  -10.186  12.874 0.3750000000
62980  -51.341  -9.825  12.021 0.3750000000
63736  -52.167  -9.391  12.825 0.3750000000
63755  -52.108  -9.092  11.755 0.2500000000
63756  -52.504  -8.598  12.482 0.3750000000
63771  -51.702  -9.143  10.614 0.2500000000
64502  -52.371  -8.530  11.099 0.3750000000
64530  -52.647  -7.621  9.506 0.2500000000
65284  -52.848  -6.582  8.889 0.2500000000
57327  -9.602  -17.979  45.503 0.7500000000
57329  -9.707  -17.571  44.577 0.7500000000
58136  -9.299  -16.868  44.185 0.7500000000
56494  -10.007  -18.798  45.191 0.8750000000
100753  -9.171  -17.164  45.083 0.7500000000
98116  -9.591  -18.825  46.034 0.8750000000
58135  -8.710  -16.503  44.604 0.7500000000
57324  -9.209  -18.186  46.491 0.8750000000
57326  -8.941  -17.417  46.004 0.7500000000
100453  -8.337  -15.928  44.199 0.6250000000
58911  -9.025  -15.819  42.979 0.5000000000
58921  -9.860  -15.682  41.877 0.5000000000
57323  -8.703  -17.567  46.969 0.7500000000
58129  -8.381  -16.848  46.432 0.7500000000
58132  -8.548  -16.714  45.487 0.7500000000
58900  -7.723  -15.404  44.298 0.6250000000
58930  -10.321  -15.420  41.264 0.5000000000
58931  -10.953  -15.816  40.997 0.5000000000
58128  -7.782  -16.308  46.741 0.7500000000
58131  -7.922  -16.245  45.848 0.7500000000
59704  -13.559  -14.270  40.912 0.3750000000
58941  -12.629  -15.299  40.338 0.5000000000
104018  -12.569  -15.998  40.386 0.5000000000
104662  -7.615  -16.253  47.526 0.7500000000
59705  -14.335  -14.713  41.228 0.5000000000
58943  -14.202  -15.646  40.529 0.5000000000
58125  -7.651  -16.515  48.344 0.8750000000
58883  -7.270  -15.839  48.152 0.7500000000
59695  -15.423  -14.725  42.715 0.3750000000
65933  -21.786  -6.744  31.743 0.2500000000
57315  -5.930  -17.606  50.774 1.0000000000
58123  -7.456  -16.807  49.517 1.0000000000
59671  -15.942  -14.413  44.348 0.3750000000
65138  -21.798  -7.579  30.559 0.2500000000
65130  -21.504  -7.171  31.149 0.2500000000
55624  -3.274  -18.839  49.329 1.0000000000
56478  -5.004  -18.224  50.463 1.0000000000
59650  -17.487  -14.631  47.032 0.3750000000
65139  -22.654  -7.562  30.494 0.2500000000
56486  -3.606  -18.014  48.232 1.0000000000
56481  -2.727  -18.746  48.742 1.0000000000
56482  -3.631  -18.136  49.391 1.0000000000
97258  -18.718  -13.114  48.940 0.3750000000
64371  -22.209  -8.122  29.972 0.2500000000
61189  -18.491  -11.960  45.519 0.2500000000
64372  -23.091  -8.120  29.939 0.2500000000
107757  -4.363  -17.194  47.332 1.0000000000
61197  -17.980  -12.091  44.333 0.3750000000
56493  -3.507  -18.280  45.908 1.0000000000
108607  -3.201  -18.516  45.042 1.0000000000
62834  -22.408  -10.399  28.721 0.2500000000
56506  -3.676  -18.324  43.230 0.8750000000
57339  -4.035  -17.934  42.446 0.8750000000
103069  -4.056  -18.291  41.980 0.8750000000
57346  -4.131  -17.645  41.763 0.8750000000
57354  -4.351  -17.576  41.032 0.7500000000
59708  -2.826  -13.812  40.109 0.6250000000
59709  -3.269  -14.605  40.533 0.6250000000
59710  -4.103  -15.070  40.221 0.7500000000
58947  -4.645  -15.467  39.837 0.7500000000
58938  -4.883  -15.990  39.811 0.7500000000
61233  -2.113  -12.544  39.459 0.7500000000
59717  -3.883  -14.289  39.825 0.7500000000
59718  -4.675  -14.782  39.512 0.6250000000
61990  -2.714  -11.612  38.646 0.6250000000
61998  -4.611  -10.852  37.789 0.3750000000
63537  -5.698  -9.997  37.169 0.2500000000
62108  -47.089  -11.554  24.830 0.5000000000
62109  -47.758  -11.584  24.811 0.7500000000
61366  -45.339  -12.194  24.693 0.5000000000
61367  -46.548  -11.936  25.204 0.5000000000
61368  -47.435  -11.878  25.484 0.5000000000
61379  -48.707  -11.750  24.069 0.7500000000
107073  -48.898  -11.962  22.475 0.6250000000
62160  -44.494  -11.366  19.657 0.1250000000
61385  -48.505  -12.495  23.322 0.7500000000
61397  -47.128  -13.024  21.351 0.6250000000
61414  -47.879  -12.527  20.371 0.6250000000
61430  -47.879  -12.567  19.450 0.6250000000
61461  -48.746  -12.492  17.449 0.3750000000
61479  -49.724  -11.856  16.786 0.3750000000
62209  -50.903  -10.947  15.296 0.2500000000
62958  -52.128  -9.655  14.485 0.3750000000
63729  -52.473  -9.029  13.917 0.3750000000
63737  -52.573  -8.366  13.287 0.3750000000
64503  -52.588  -8.123  11.857 0.3750000000
64517  -52.304  -8.414  10.186 0.2500000000
64518  -52.583  -7.602  10.931 0.3750000000
65269  -52.438  -6.739  10.280 0.3750000000
113553  -52.508  -6.029  9.502 0.3750000000
101657  -52.211  -5.350  9.404 0.3750000000
66081  -52.745  -5.570  8.502 0.2500000000
58910  -8.332  -15.459  43.459 0.6250000000
58920  -9.283  -15.434  42.247 0.5000000000
58929  -9.629  -15.026  41.543 0.5000000000
58939  -11.030  -14.972  40.637 0.5000000000
103481  -10.029  -13.935  40.786 0.5000000000
99177  -7.494  -15.800  46.243 0.7500000000
60483  -13.989  -13.973  41.767 0.3750000000
59713  -12.319  -14.444  40.432 0.3750000000
59712  -11.471  -14.224  40.461 0.3750000000
58886  -7.287  -15.650  47.106 0.7500000000
59694  -14.715  -14.383  42.254 0.3750000000
58880  -7.281  -16.086  49.053 0.8750000000
60460  -15.333  -14.022  44.087 0.3750000000
60459  -14.605  -13.630  43.722 0.3750000000
58120  -6.461  -16.739  50.829 0.8750000000
58122  -6.877  -15.990  50.150 0.8750000000
59660  -16.498  -14.605  46.105 0.3750000000
109306  -15.274  -13.820  45.602 0.3750000000
56477  -4.007  -17.731  50.195 1.0000000000
57314  -4.682  -17.243  50.889 1.0000000000
59649  -16.800  -14.490  47.387 0.3750000000
65132  -23.136  -7.134  31.113 0.2500000000
57320  -4.138  -17.239  48.955 1.0000000000
57317  -4.102  -17.148  50.310 1.0000000000
61169  -19.279  -12.528  48.733 0.2500000000
61168  -18.234  -12.646  49.167 0.2500000000
58124  -4.467  -16.291  48.249 1.0000000000
104840  -18.645  -11.839  47.008 0.2500000000
100877  -18.519  -12.009  48.394 0.2500000000
58127  -4.510  -16.778  46.317 1.0000000000
58130  -4.535  -16.922  45.391 1.0000000000
61950  -17.244  -11.714  44.008 0.3750000000
57325  -4.244  -17.542  46.159 1.0000000000
57328  -4.324  -17.417  44.651 1.0000000000
100000  -4.249  -17.456  43.841 0.8750000000
57334  -4.213  -17.467  43.060 0.8750000000
58150  -4.250  -16.975  42.437 0.7500000000
58158  -4.096  -16.953  41.484 0.7500000000
58918  -3.885  -16.251  41.932 0.6250000000
58928  -3.819  -16.227  41.120 0.6250000000
58937  -4.315  -15.951  40.440 0.7500000000
60478  -1.793  -13.635  40.681 0.6250000000
58936  -3.546  -15.407  40.861 0.6250000000
102976  -1.935  -13.074  39.998 0.6250000000
61984  -1.766  -11.907  39.104 0.6250000000
61989  -1.555  -11.131  38.713 0.6250000000
62758  -3.396  -10.431  37.962 0.3750000000
111662  -4.863  -10.024  37.488 0.3750000000
62752  -2.561  -10.814  38.309 0.5000000000
99916  -4.059  -10.066  37.710 0.3750000000
61378  -45.963  -11.701  24.384 0.3750000000
62115  -48.345  -11.010  24.239 0.7500000000
62116  -48.815  -10.994  24.037 0.7500000000
61370  -48.243  -11.647  24.586 0.7500000000
61386  -49.103  -11.441  23.559 0.6250000000
61399  -48.852  -11.948  21.255 0.6250000000
62151  -45.274  -11.107  20.222 0.2500000000
61415  -48.771  -11.997  20.193 0.6250000000
61431  -48.752  -12.185  19.204 0.6250000000
61443  -48.700  -12.382  18.271 0.5000000000
62174  -49.743  -11.666  18.916 0.6250000000
61444  -49.366  -12.061  18.026 0.5000000000
61462  -49.523  -11.995  17.390 0.3750000000
109203  -50.997  -10.839  16.074 0.3750000000
62947  -51.797  -9.998  16.055 0.5000000000
62937  -52.161  -9.025  16.308 0.5000000000
62948  -52.217  -9.307  15.550 0.5000000000
63720  -52.379  -8.448  15.031 0.3750000000
64470  -52.101  -7.545  14.844 0.3750000000
63721  -52.435  -7.830  14.222 0.3750000000
64478  -52.365  -7.309  13.519 0.3750000000
65231  -52.032  -6.792  13.477 0.3750000000
65238  -52.157  -6.803  12.984 0.3750000000
65237  -52.029  -6.670  13.129 0.3750000000
65254  -52.333  -7.049  12.011 0.3750000000
65253  -52.056  -6.682  12.415 0.3750000000
107243  -52.421  -6.888  11.223 0.3750000000
66063  -52.088  -6.451  11.305 0.3750000000
66076  -52.053  -6.085  10.211 0.3750000000
66062  -51.992  -6.096  10.369 0.3750000000
58909  -7.678  -14.861  43.502 0.6250000000
59691  -7.619  -14.228  42.822 0.5000000000
59692  -8.319  -14.470  42.381 0.5000000000
59701  -8.616  -14.033  41.744 0.5000000000
59670  -7.155  -14.956  44.740 0.7500000000
59669  -6.710  -14.300  44.472 0.6250000000
60490  -9.611  -13.392  40.825 0.3750000000
58891  -7.440  -15.499  45.394 0.7500000000
108363  -11.882  -13.534  40.572 0.3750000000
60491  -10.346  -13.414  40.633 0.3750000000
58885  -7.033  -15.214  46.297 0.7500000000
60493  -12.765  -13.915  40.685 0.3750000000
60481  -12.493  -13.144  41.054 0.3750000000
58879  -6.778  -15.383  49.241 0.8750000000
58882  -6.827  -15.173  47.944 0.7500000000
60471  -13.657  -13.339  42.321 0.3750000000
61211  -13.296  -12.766  42.805 0.3750000000
101442  -6.322  -15.363  50.667 0.8750000000
60447  -14.831  -13.563  44.803 0.3750000000
57313  -4.328  -16.635  51.047 1.0000000000
58118  -5.307  -16.414  51.715 0.8750000000
58877  -5.959  -15.900  51.471 0.8750000000
60428  -15.432  -14.196  48.052 0.2500000000
59648  -15.957  -14.329  47.015 0.3750000000
59639  -16.197  -14.370  48.469 0.2500000000
60418  -17.498  -13.403  49.082 0.2500000000
65140  -23.476  -7.663  30.588 0.2500000000
60410  -17.202  -13.066  49.291 0.2500000000
112106  -17.777  -12.340  48.921 0.2500000000
110164  -18.001  -11.658  46.108 0.2500000000
58884  -4.528  -15.988  46.995 0.8750000000
113802  -4.530  -15.986  45.952 1.0000000000
61942  -17.503  -11.609  45.113 0.3750000000
58890  -4.537  -15.858  45.099 0.8750000000
58134  -4.520  -16.582  44.369 0.6250000000
58141  -4.425  -16.715  43.399 0.7500000000
103262  -4.449  -15.879  43.693 0.6250000000
58908  -4.320  -16.085  42.874 0.6250000000
58917  -3.851  -15.453  42.449 0.6250000000
59690  -3.254  -14.792  42.198 0.6250000000
58927  -3.480  -15.512  41.568 0.6250000000
116731  -2.408  -14.334  41.357 0.6250000000
59700  -2.958  -14.755  41.290 0.6250000000
61216  -1.136  -12.901  40.587 0.6250000000
59699  -2.432  -14.259  40.862 0.6250000000
61226  -1.136  -12.196  39.852 0.6250000000
61983  -0.927  -11.279  39.347 0.6250000000
62750  -0.805  -10.481  38.868 0.6250000000
63536  -5.069  -9.328  37.249 0.3750000000
63535  -4.173  -9.422  37.465 0.3750000000
62114  -47.705  -11.137  24.308 0.5000000000
62873  -48.354  -10.555  23.870 0.5000000000
62874  -48.968  -10.426  23.833 0.7500000000
62126  -49.399  -10.618  23.535 0.6250000000
116136  -49.647  -11.088  23.060 0.6250000000
62127  -49.923  -10.371  22.844 0.6250000000
62135  -46.329  -10.723  21.650 0.3750000000
62889  -46.940  -10.435  21.218 0.3750000000
62137  -49.827  -11.160  22.235 0.6250000000
62152  -49.926  -11.236  21.127 0.6250000000
62888  -46.048  -10.774  20.728 0.2500000000
62153  -50.752  -10.415  20.730 0.6250000000
62163  -49.812  -11.450  19.993 0.6250000000
108726  -50.812  -10.998  19.050 0.6250000000
62175  -50.319  -11.431  18.199 0.6250000000
109312  -51.079  -10.741  18.009 0.5000000000
62185  -50.407  -11.383  17.382 0.5000000000
62186  -51.279  -10.480  17.468 0.6250000000
62197  -50.536  -11.264  16.589 0.5000000000
108949  -51.618  -9.678  17.495 0.6250000000
62198  -51.519  -10.231  16.824 0.5000000000
64468  -50.986  -8.058  15.640 0.3750000000
63712  -52.157  -8.387  15.958 0.3750000000
100205  -50.711  -7.972  14.758 0.3750000000
64463  -52.070  -7.855  15.552 0.3750000000
64476  -51.613  -7.342  14.309 0.3750000000
64477  -52.085  -7.090  14.058 0.3750000000
64484  -51.132  -7.382  13.282 0.3750000000
65236  -51.802  -6.753  12.875 0.3750000000
65252  -51.586  -6.830  11.862 0.3750000000
65268  -52.042  -6.478  11.486 0.3750000000
65267  -51.267  -6.711  10.660 0.3750000000
66061  -51.467  -6.105  9.965 0.3750000000
59681  -7.130  -14.304  43.589 0.6250000000
60470  -8.013  -13.783  42.137 0.5000000000
60445  -6.127  -13.410  44.407 0.6250000000
60457  -6.979  -13.665  43.073 0.6250000000
60469  -7.412  -13.382  42.407 0.6250000000
113214  -8.345  -13.428  41.646 0.3750000000
59637  -5.981  -13.946  48.379 0.7500000000
60413  -5.512  -13.331  47.897 0.7500000000
59658  -6.717  -14.647  45.560 0.7500000000
61228  -11.271  -12.891  40.649 0.3750000000
59633  -5.902  -14.069  49.930 0.7500000000
105007  -6.406  -14.498  47.601 0.7500000000
102278  -6.506  -14.539  46.602 0.7500000000
61210  -12.745  -12.420  42.418 0.3750000000
61222  -12.222  -12.399  41.583 0.3750000000
59625  -3.939  -14.684  52.711 0.8750000000
59626  -4.578  -14.316  52.538 0.7500000000
59634  -6.189  -14.735  50.393 0.8750000000
61204  -13.412  -12.681  43.704 0.3750000000
58876  -4.020  -15.667  51.099 0.8750000000
98296  -4.306  -15.132  52.644 0.8750000000
59630  -5.497  -15.082  52.101 0.8750000000
60426  -13.993  -13.258  46.466 0.2500000000
60437  -14.676  -13.554  45.945 0.3750000000
58881  -4.404  -15.520  47.861 0.8750000000
58878  -4.360  -15.524  49.051 0.8750000000
58121  -4.295  -16.364  49.837 1.0000000000
58119  -4.175  -16.240  51.343 0.8750000000
58875  -4.656  -15.849  52.292 0.8750000000
60438  -15.313  -13.922  46.580 0.3750000000
60409  -15.959  -13.529  49.237 0.2500000000
61167  -16.789  -12.559  48.829 0.2500000000
61179  -17.917  -11.744  46.984 0.2500000000
61934  -17.415  -11.521  46.111 0.2500000000
59646  -4.228  -15.005  47.199 0.8750000000
109259  -4.339  -15.239  46.429 0.8750000000
59657  -4.312  -15.065  45.682 0.8750000000
58899  -4.467  -15.641  44.380 0.6250000000
59667  -3.688  -14.236  44.449 0.6250000000
59679  -4.250  -14.961  43.874 0.6250000000
111884  -4.241  -15.387  43.192 0.6250000000
109290  -3.599  -14.271  43.659 0.6250000000
59678  -3.813  -14.736  43.044 0.6250000000
108609  -1.778  -13.960  41.489 0.6250000000
59689  -2.499  -14.317  41.951 0.6250000000
110210  -1.166  -13.380  41.202 0.6250000000
61977  -0.756  -11.410  40.005 0.6250000000
62745  -0.775  -10.674  39.502 0.6250000000
63518  -0.679  -9.924  38.928 0.5000000000
64297  -0.752  -9.300  38.309 0.5000000000
63525  -0.802  -9.768  38.336 0.5000000000
63532  -0.845  -9.288  37.815 0.5000000000
62757  -2.227  -10.082  37.913 0.3750000000
102592  -2.131  -8.989  37.233 0.3750000000
65073  -1.992  -8.209  36.791 0.3750000000
113001  -48.890  -10.084  23.596 0.5000000000
62880  -49.480  -10.038  23.370 0.7500000000
62125  -47.276  -10.826  23.495 0.5000000000
62878  -47.929  -10.223  23.015 0.6250000000
62124  -46.264  -11.134  22.951 0.3750000000
62879  -49.032  -9.787  23.018 0.6250000000
98541  -49.662  -9.832  22.853 0.6250000000
62136  -46.763  -10.719  22.523 0.3750000000
113432  -47.138  -10.416  22.058 0.3750000000
62890  -48.140  -9.943  21.975 0.5000000000
62891  -49.480  -9.632  22.280 0.7500000000
62138  -50.327  -10.386  21.817 0.6250000000
98314  -49.926  -9.480  21.610 0.7500000000
63675  -49.916  -9.327  20.575 0.6250000000
104832  -50.856  -9.498  20.590 0.6250000000
62906  -51.076  -9.821  20.556 0.6250000000
62164  -50.812  -10.834  19.780 0.6250000000
62912  -51.217  -9.521  19.929 0.6250000000
62165  -51.321  -10.252  19.524 0.6250000000
63690  -51.195  -9.142  19.323 0.6250000000
62176  -51.265  -10.439  18.733 0.6250000000
62928  -51.543  -9.750  18.241 0.6250000000
63694  -50.855  -8.905  18.176 0.6250000000
110853  -51.534  -8.727  16.988 0.6250000000
63702  -51.430  -9.106  17.702 0.6250000000
63711  -51.143  -8.369  16.433 0.5000000000
62936  -51.831  -9.224  16.909 0.6250000000
63710  -49.948  -8.613  15.702 0.5000000000
63703  -51.891  -8.541  16.505 0.6250000000
64462  -51.800  -8.001  15.996 0.5000000000
61201  -5.703  -12.029  43.422 0.6250000000
61202  -6.205  -12.448  42.998 0.6250000000
61162  -4.581  -12.046  48.237 0.7500000000
61163  -5.017  -12.678  47.460 0.7500000000
104780  -5.609  -12.751  44.645 0.7500000000
60444  -5.842  -12.660  43.846 0.6250000000
61208  -6.686  -12.062  42.314 0.6250000000
61217  -7.863  -12.217  41.481 0.3750000000
61156  -4.500  -12.137  49.914 0.7500000000
61157  -5.002  -12.796  48.780 0.7500000000
105796  -5.459  -13.192  46.796 0.7500000000
60424  -5.831  -13.546  46.110 0.7500000000
60434  -5.710  -13.187  45.319 0.7500000000
61978  -9.441  -12.103  40.820 0.3750000000
61219  -9.147  -12.692  40.891 0.3750000000
61153  -4.087  -12.457  51.987 0.7500000000
60405  -4.879  -12.937  50.613 0.7500000000
60402  -5.297  -13.653  51.281 0.7500000000
59647  -6.010  -13.862  47.053 0.7500000000
60425  -6.238  -14.084  46.137 0.7500000000
61966  -12.262  -11.875  42.515 0.3750000000
61973  -10.869  -11.697  41.171 0.3750000000
60399  -3.818  -13.687  52.643 0.8750000000
59629  -5.624  -14.307  51.470 0.7500000000
60404  -3.203  -13.399  49.520 0.7500000000
59627  -3.648  -14.002  50.729 0.8750000000
59624  -3.668  -13.954  52.542 0.8750000000
59631  -3.613  -14.194  48.875 0.8750000000
59632  -4.058  -14.783  49.907 0.8750000000
60427  -14.672  -13.702  47.246 0.2500000000
59636  -4.158  -14.894  48.299 0.8750000000
60416  -15.646  -14.018  49.024 0.2500000000
61926  -16.243  -11.905  47.703 0.2500000000
59635  -3.624  -14.308  47.533 0.8750000000
61949  -16.679  -11.388  44.489 0.3750000000
59645  -3.774  -14.420  46.408 0.8750000000
59668  -4.287  -14.951  44.824 0.6250000000
60453  -1.243  -13.215  43.159 0.6250000000
60466  -1.856  -13.752  42.525 0.6250000000
60465  -1.083  -13.255  42.125 0.6250000000
61215  -0.859  -12.701  41.322 0.6250000000
98405  -0.886  -12.115  40.594 0.6250000000
62740  -0.861  -10.912  40.310 0.6250000000
64289  -0.906  -9.285  39.074 0.5000000000
113934  -0.822  -8.776  38.423 0.5000000000
64304  -0.796  -8.732  37.796 0.5000000000
63526  -1.201  -9.770  37.908 0.5000000000
63533  -1.662  -9.425  37.567 0.3750000000
64309  -1.150  -8.762  37.369 0.2500000000
98136  -0.913  -8.077  37.237 0.3750000000
63534  -3.021  -9.616  37.580 0.3750000000
64310  -3.264  -8.861  37.228 0.3750000000
65857  -4.720  -7.016  36.025 0.1250000000
61194  -5.276  -11.999  44.267 0.7500000000
61952  -5.432  -11.226  43.408 0.5000000000
61961  -5.985  -10.898  42.656 0.3750000000
115179  -3.069  -9.601  50.901 0.7500000000
61915  -3.384  -10.577  50.767 0.7500000000
61916  -4.007  -11.233  49.244 0.7500000000
61174  -4.583  -11.938  47.045 0.7500000000
61185  -4.659  -11.771  46.031 0.7500000000
61186  -5.178  -12.431  45.374 0.7500000000
61962  -6.648  -11.076  42.109 0.5000000000
61970  -7.480  -10.835  41.601 0.3750000000
61910  -3.083  -11.173  51.726 0.7500000000
61911  -3.674  -11.623  51.219 0.7500000000
61175  -5.006  -12.552  46.412 0.7500000000
111888  -5.426  -13.010  45.997 0.7500000000
61971  -8.215  -10.992  41.315 0.3750000000
61905  -2.804  -11.653  51.770 0.7500000000
61906  -3.261  -11.650  51.868 0.7500000000
61907  -3.449  -12.121  52.148 0.7500000000
62734  -8.628  -10.452  41.458 0.3750000000
60397  -3.049  -12.370  51.787 0.7500000000
60398  -3.587  -13.034  52.548 0.7500000000
61152  -2.712  -12.640  50.239 0.7500000000
60400  -3.333  -13.168  51.472 0.7500000000
64257  -3.304  -8.604  44.162 0.5000000000
63479  -3.078  -9.417  44.527 0.5000000000
63478  -2.652  -10.021  45.004 0.6250000000
112159  -3.179  -9.631  43.407 0.5000000000
60423  -3.090  -13.615  46.875 0.7500000000
60433  -3.046  -13.624  45.874 0.6250000000
59656  -3.718  -14.277  45.371 0.6250000000
63492  -3.332  -9.384  42.110 0.5000000000
60432  -2.060  -13.239  45.409 0.6250000000
60455  -2.948  -13.723  43.980 0.6250000000
63491  -2.777  -10.195  42.493 0.5000000000
60454  -1.954  -13.484  43.518 0.6250000000
61207  -0.922  -12.778  42.917 0.6250000000
99730  -0.956  -12.210  42.273 0.6250000000
61968  -0.955  -11.840  41.351 0.6250000000
103821  -0.898  -11.501  40.653 0.6250000000
62731  -1.331  -11.105  41.225 0.6250000000
64290  -2.204  -9.180  40.194 0.5000000000
64298  -1.520  -8.472  39.229 0.5000000000
65059  -2.254  -7.657  39.388 0.5000000000
65066  -1.027  -8.001  38.185 0.5000000000
103040  -1.072  -7.249  37.605 0.5000000000
65072  -1.221  -7.455  36.663 0.3750000000
65080  -2.113  -7.326  36.243 0.2500000000
65855  -2.065  -6.627  35.793 0.1250000000
65870  -2.929  -6.359  35.569 0.1250000000
66641  -3.177  -5.707  35.132 0.1250000000
65871  -4.030  -6.405  35.607 0.1250000000
61921  -3.598  -10.050  49.704 0.7500000000
62692  -3.756  -9.410  49.031 0.7500000000
62693  -4.129  -9.949  47.480 0.7500000000
61945  -4.867  -11.098  44.303 0.6250000000
62717  -5.630  -10.319  43.050 0.3750000000
61922  -4.005  -10.562  48.194 0.7500000000
61928  -4.273  -11.019  46.835 0.7500000000
62699  -4.366  -10.234  46.295 0.7500000000
61936  -4.488  -10.986  45.730 0.7500000000
62712  -5.077  -10.407  43.815 0.5000000000
62679  -2.639  -10.808  51.556 0.7500000000
110185  -8.361  -9.895  41.664 0.3750000000
62733  -7.986  -10.311  41.530 0.3750000000
100536  -2.405  -8.598  45.876 0.5000000000
64256  -3.004  -8.541  45.108 0.5000000000
65011  -3.142  -7.741  44.834 0.5000000000
65019  -3.444  -7.758  43.871 0.5000000000
63472  -2.340  -9.502  45.830 0.6250000000
112363  -2.779  -9.209  45.271 0.6250000000
62698  -1.940  -9.998  46.678 0.6250000000
62705  -2.114  -10.460  45.629 0.6250000000
60412  -3.135  -13.532  48.021 0.7500000000
64261  -3.521  -8.634  43.140 0.5000000000
62710  -2.153  -10.926  44.726 0.6250000000
63486  -2.736  -10.350  44.107 0.5000000000
111939  -2.642  -10.496  43.286 0.5000000000
60422  -2.179  -13.154  46.354 0.6250000000
60442  -1.979  -13.329  44.486 0.6250000000
61193  -1.425  -12.985  44.945 0.6250000000
60441  -1.331  -13.094  44.070 0.6250000000
62722  -2.159  -10.916  42.715 0.5000000000
64283  -2.934  -9.466  41.124 0.5000000000
64291  -3.507  -8.785  41.080 0.5000000000
62732  -2.127  -10.660  41.842 0.5000000000
61969  -1.512  -11.328  42.063 0.6250000000
63504  -2.615  -9.999  41.548 0.5000000000
63503  -1.775  -10.421  40.942 0.6250000000
63513  -2.216  -9.814  40.762 0.5000000000
65050  -2.901  -8.279  40.095 0.5000000000
101998  -2.927  -6.879  39.540 0.5000000000
104951  -1.800  -6.998  38.820 0.5000000000
106065  -1.071  -6.005  36.906 0.1250000000
65842  -1.031  -6.547  37.301 0.2500000000
65832  -1.652  -6.310  38.387 0.3750000000
65820  -2.594  -6.227  39.117 0.3750000000
65854  -1.320  -6.772  36.255 0.2500000000
66627  -1.329  -5.199  37.094 0.1250000000
102244  -1.321  -5.995  36.087 0.1250000000
66634  -1.986  -5.853  35.561 0.1250000000
63454  -2.598  -9.218  51.016 0.6250000000
62686  -3.092  -8.946  50.469 0.6250000000
63464  -3.928  -8.854  48.327 0.5000000000
63468  -4.325  -9.336  46.822 0.6250000000
63453  -2.057  -9.006  50.940 0.6250000000
63480  -4.675  -9.580  45.115 0.5000000000
62711  -4.735  -10.322  44.618 0.5000000000
63481  -4.955  -9.639  44.243 0.5000000000
63487  -5.365  -9.766  43.543 0.3750000000
62723  -6.309  -10.233  42.448 0.3750000000
62681  -2.237  -9.774  51.295 0.7500000000
62682  -2.778  -10.082  51.406 0.7500000000
63505  -7.842  -9.583  41.799 0.5000000000
62724  -6.981  -10.236  41.963 0.3750000000
63467  -1.956  -8.906  46.757 0.6250000000
64250  -2.553  -7.752  45.720 0.5000000000
63497  -9.096  -9.034  42.286 0.5000000000
61908  -1.897  -10.382  51.205 0.7500000000
61151  -2.298  -11.879  50.912 0.7500000000
61909  -2.030  -11.153  51.202 0.7500000000
106846  -3.262  -6.949  44.520 0.5000000000
62704  -1.743  -10.937  46.164 0.6250000000
61927  -1.464  -11.768  46.998 0.7500000000
60403  -2.531  -12.861  48.632 0.7500000000
65029  -3.805  -7.872  42.991 0.5000000000
65030  -4.219  -7.373  42.461 0.5000000000
115307  -4.056  -7.972  42.377 0.5000000000
61943  -1.338  -11.797  44.590 0.6250000000
64271  -3.830  -8.527  42.217 0.5000000000
65042  -4.119  -8.075  41.632 0.5000000000
61184  -1.586  -12.838  45.863 0.7500000000
62716  -1.930  -11.301  43.697 0.6250000000
61951  -1.104  -12.117  43.942 0.6250000000
61200  -0.999  -12.725  43.657 0.6250000000
61959  -1.121  -12.142  43.228 0.6250000000
65051  -3.803  -7.919  40.684 0.5000000000
105800  -3.380  -7.500  39.991 0.5000000000
66616  -1.612  -5.588  38.010 0.3750000000
66607  -2.402  -5.693  38.697 0.3750000000
115487  -1.846  -4.969  37.996 0.3750000000
66633  -1.389  -5.116  36.102 0.1250000000
66640  -1.970  -4.983  35.396 0.1250000000
98874  -2.576  -8.476  50.499 0.6250000000
64243  -2.792  -7.624  49.810 0.6250000000
64244  -3.563  -7.760  49.201 0.5000000000
64247  -4.276  -8.282  47.445 0.5000000000
102374  -4.974  -8.743  44.740 0.5000000000
64263  -6.444  -8.050  43.010 0.5000000000
65031  -7.120  -7.957  42.600 0.5000000000
64239  -2.260  -7.850  49.835 0.6250000000
101429  -2.039  -7.348  48.738 0.6250000000
107264  -4.588  -7.981  46.471 0.5000000000
64251  -4.576  -8.814  45.954 0.5000000000
103092  -5.395  -9.071  43.784 0.5000000000
64272  -6.589  -8.723  42.652 0.5000000000
101410  -7.818  -8.271  42.308 0.5000000000
64242  -1.700  -8.230  48.169 0.6250000000
65001  -1.907  -6.800  47.738 0.5000000000
112510  -7.969  -8.903  42.015 0.5000000000
65032  -7.825  -7.493  42.484 0.5000000000
64246  -1.843  -7.770  46.979 0.6250000000
65005  -2.135  -6.920  46.397 0.5000000000
65006  -2.789  -6.957  45.403 0.5000000000
64276  -9.574  -8.558  42.763 0.3750000000
62680  -1.613  -9.786  50.755 0.6250000000
107070  -1.694  -9.210  47.609 0.6250000000
65764  -3.421  -6.187  44.317 0.5000000000
61914  -1.798  -11.549  50.071 0.7500000000
61920  -1.430  -11.172  48.109 0.7500000000
65786  -3.689  -6.960  43.564 0.5000000000
61155  -1.994  -12.184  49.378 0.7500000000
62697  -1.590  -10.974  47.003 0.6250000000
65776  -4.283  -6.469  42.994 0.5000000000
61161  -1.860  -12.388  47.977 0.7500000000
60411  -2.357  -13.025  47.375 0.7500000000
103873  -1.457  -11.721  46.191 0.6250000000
61173  -1.747  -12.639  46.827 0.7500000000
99214  -1.291  -12.342  45.383 0.6250000000
65043  -4.330  -7.360  41.295 0.5000000000
61192  -1.117  -12.602  44.437 0.6250000000
65052  -4.116  -7.226  40.386 0.5000000000
65060  -3.899  -6.866  39.842 0.5000000000
65821  -3.682  -6.329  39.418 0.5000000000
66608  -3.358  -5.723  38.957 0.3750000000
112535  -3.184  -2.848  36.745 0.3750000000
68195  -2.237  -3.785  37.285 0.2500000000
67409  -3.261  -4.279  37.785 0.2500000000
66617  -2.854  -5.012  38.412 0.2500000000
106545  -3.616  -2.283  36.358 0.3750000000
68945  -2.399  -3.145  36.885 0.2500000000
67408  -2.067  -4.496  37.708 0.1250000000
103549  -2.258  -2.337  36.368 0.2500000000
68205  -1.677  -3.325  36.525 0.1250000000
67418  -1.466  -4.179  36.020 0.1250000000
68213  -1.669  -3.309  35.798 0.1250000000
64997  -3.270  -7.057  49.366 0.5000000000
64998  -4.063  -7.348  48.376 0.5000000000
65002  -4.441  -7.562  47.217 0.5000000000
111485  -5.339  -7.817  44.652 0.5000000000
65020  -5.932  -7.724  43.766 0.5000000000
114188  -2.576  -7.237  49.668 0.6250000000
65739  -2.756  -6.198  49.095 0.5000000000
64252  -4.885  -7.939  45.570 0.5000000000
65749  -1.992  -6.046  47.062 0.5000000000
64275  -9.043  -7.953  42.542 0.3750000000
63462  -1.582  -8.742  48.931 0.6250000000
65754  -2.453  -6.167  45.950 0.5000000000
64265  -10.124  -8.704  43.434 0.3750000000
63458  -1.449  -9.280  49.432 0.6250000000
65755  -3.027  -6.200  45.117 0.5000000000
61913  -1.523  -10.796  50.139 0.7500000000
62691  -1.453  -9.954  48.072 0.6250000000
115213  -1.323  -11.005  49.103 0.7500000000
61154  -1.523  -11.648  48.821 0.7500000000
107547  -3.787  -6.161  43.704 0.5000000000
66570  -4.241  -5.649  43.414 0.5000000000
61172  -1.520  -12.067  47.451 0.7500000000
61183  -1.448  -12.315  46.404 0.7500000000
66580  -4.694  -5.812  42.521 0.5000000000
65787  -4.587  -6.629  41.963 0.5000000000
65798  -4.634  -6.635  40.826 0.5000000000
65810  -4.404  -6.711  40.121 0.5000000000
65823  -4.911  -5.956  39.632 0.5000000000
66609  -4.421  -5.816  39.136 0.5000000000
68947  -5.982  -2.762  35.947 0.3750000000
109004  -5.381  -3.204  36.443 0.3750000000
68197  -4.863  -3.687  36.990 0.3750000000
66618  -4.050  -5.377  38.615 0.3750000000
68206  -4.277  -3.025  36.597 0.3750000000
67410  -4.503  -4.245  37.532 0.3750000000
69623  -2.968  -1.539  36.138 0.2500000000
68944  -1.710  -2.511  36.022 0.1250000000
68956  -1.825  -1.914  35.522 0.1250000000
106000  -1.871  -2.592  35.391 0.1250000000
65746  -3.741  -5.910  48.767 0.5000000000
103814  -4.319  -6.028  48.166 0.5000000000
106223  -4.413  -6.832  47.663 0.5000000000
65756  -4.775  -7.121  46.461 0.5000000000
65012  -5.698  -7.031  44.521 0.5000000000
65021  -6.628  -7.349  43.189 0.5000000000
66531  -2.928  -5.601  48.884 0.5000000000
65757  -5.130  -6.250  46.091 0.5000000000
114252  -5.220  -7.081  45.372 0.5000000000
65013  -6.205  -6.963  43.890 0.5000000000
65789  -7.541  -6.103  42.965 0.3750000000
65788  -7.320  -6.991  42.829 0.5000000000
66540  -2.225  -5.177  47.710 0.5000000000
106593  -8.879  -6.803  42.531 0.3750000000
66545  -2.351  -5.341  46.567 0.5000000000
66546  -2.774  -5.463  45.633 0.5000000000
65034  -9.511  -7.193  42.773 0.3750000000
66555  -3.188  -5.438  44.852 0.5000000000
66569  -3.638  -5.473  44.144 0.5000000000
104931  -4.049  -4.812  43.901 0.5000000000
66593  -4.974  -5.969  41.533 0.5000000000
65799  -5.088  -6.032  40.680 0.5000000000
66600  -5.475  -5.724  40.073 0.5000000000
66610  -5.319  -5.574  39.222 0.3750000000
68958  -6.574  -2.253  35.596 0.2500000000
68207  -6.323  -3.307  36.490 0.3750000000
68957  -5.784  -2.182  35.599 0.3750000000
68198  -5.855  -3.770  36.940 0.3750000000
67398  -4.240  -4.845  38.129 0.3750000000
69631  -5.232  -1.631  35.479 0.3750000000
69624  -4.168  -1.635  35.789 0.1250000000
69622  -2.214  -1.464  35.930 0.2500000000
70307  -3.534  -0.902  35.633 0.1250000000
69630  -1.850  -1.295  35.463 0.1250000000
68965  -2.411  -2.621  34.562 0.1250000000
105158  -2.125  -1.095  34.342 0.1250000000
65750  -4.674  -6.111  47.135 0.5000000000
107693  -4.514  -4.377  47.530 0.5000000000
67326  -3.762  -4.024  48.265 0.5000000000
67330  -2.665  -4.419  48.207 0.5000000000
102764  -5.451  -5.635  45.787 0.5000000000
65765  -5.595  -6.308  45.192 0.5000000000
65766  -6.116  -6.316  44.433 0.5000000000
65777  -6.744  -6.405  43.578 0.5000000000
101388  -8.079  -6.639  42.553 0.3750000000
67325  -3.047  -4.131  48.420 0.5000000000
65790  -8.720  -6.055  42.550 0.3750000000
67331  -3.082  -3.759  47.867 0.5000000000
105672  -2.679  -4.797  46.227 0.5000000000
106160  -2.977  -4.694  45.493 0.5000000000
67345  -3.314  -3.699  44.888 0.5000000000
67355  -3.392  -4.562  44.666 0.5000000000
70239  -3.280  -0.739  45.108 0.5000000000
69577  -3.231  -0.867  44.898 0.5000000000
69558  -3.306  -1.609  45.254 0.5000000000
68888  -3.247  -2.370  45.016 0.5000000000
68889  -3.726  -2.522  44.521 0.5000000000
68152  -4.256  -3.332  44.097 0.5000000000
67366  -4.713  -5.003  43.066 0.5000000000
70246  -3.077  -0.206  44.887 0.5000000000
69566  -3.374  -1.710  44.791 0.5000000000
68153  -4.934  -3.448  43.338 0.5000000000
67367  -5.229  -4.289  42.836 0.5000000000
69578  -3.602  -1.108  44.298 0.5000000000
68898  -4.504  -2.632  43.786 0.5000000000
68162  -5.602  -3.493  42.692 0.5000000000
66581  -5.394  -5.165  42.129 0.5000000000
68899  -5.189  -2.687  43.117 0.5000000000
67368  -5.914  -4.258  42.146 0.5000000000
67378  -6.587  -4.064  41.542 0.5000000000
66595  -6.121  -4.838  41.379 0.5000000000
66594  -5.593  -5.554  41.072 0.5000000000
66601  -6.184  -5.144  40.427 0.5000000000
66611  -6.089  -5.194  39.521 0.3750000000
66620  -5.828  -5.063  38.704 0.3750000000
68959  -7.385  -2.235  35.780 0.2500000000
68948  -6.859  -2.822  36.076 0.3750000000
68208  -7.132  -3.273  36.713 0.3750000000
67412  -6.297  -4.183  37.572 0.3750000000
68199  -6.609  -3.709  37.011 0.3750000000
67411  -5.422  -4.151  37.377 0.3750000000
67399  -5.394  -4.666  37.982 0.3750000000
69632  -6.162  -1.628  35.282 0.2500000000
70315  -4.631  -0.875  35.346 0.1250000000
71013  -2.760  -0.309  35.514 0.1250000000
70305  -2.150  -0.758  35.507 0.1250000000
70314  -1.742  -0.433  35.035 0.1250000000
66547  -5.539  -4.958  45.876 0.5000000000
66556  -5.967  -5.501  45.076 0.5000000000
98324  -6.489  -5.721  44.288 0.5000000000
66571  -7.071  -5.511  43.742 0.5000000000
68130  -3.928  -3.306  47.058 0.5000000000
106035  -3.656  -3.481  47.759 0.5000000000
66548  -5.998  -4.801  45.268 0.5000000000
66557  -6.590  -4.964  44.569 0.5000000000
66584  -9.379  -5.446  42.581 0.3750000000
66585  -10.062  -5.845  42.844 0.3750000000
67337  -3.019  -3.972  46.505 0.5000000000
115174  -3.864  -2.456  46.177 0.5000000000
68135  -3.383  -3.276  45.920 0.5000000000
67344  -3.179  -3.863  45.442 0.5000000000
69559  -3.691  -1.327  45.624 0.5000000000
68882  -3.605  -2.119  45.791 0.5000000000
68881  -3.360  -2.465  45.494 0.5000000000
68142  -3.266  -3.062  45.232 0.5000000000
70240  -3.575  -0.593  45.333 0.5000000000
70934  -3.155  -0.109  45.012 0.5000000000
70257  -3.192  -0.246  44.538 0.5000000000
104679  -3.980  -1.940  44.261 0.5000000000
70945  -3.191  0.183  43.889 0.5000000000
69590  -4.213  -0.996  43.567 0.5000000000
104680  -5.309  -2.052  42.841 0.5000000000
70269  -4.089  -0.396  43.300 0.5000000000
69591  -4.959  -1.213  42.800 0.5000000000
67384  -6.768  -4.486  40.749 0.3750000000
67391  -6.750  -4.674  39.855 0.3750000000
68200  -7.255  -3.676  37.500 0.3750000000
67401  -6.951  -4.237  38.208 0.3750000000
67400  -6.269  -4.602  38.258 0.3750000000
68949  -7.582  -2.660  36.385 0.2500000000
68937  -7.824  -2.969  37.077 0.3750000000
69634  -7.901  -1.632  35.646 0.2500000000
70318  -7.160  -0.845  34.853 0.2500000000
69633  -7.117  -1.558  35.263 0.2500000000
100080  -6.532  -1.073  34.953 0.1250000000
70317  -6.443  -0.254  34.639 0.1250000000
71032  -5.175  -0.152  34.874 0.1250000000
70316  -5.696  -0.945  35.054 0.1250000000
105852  -5.677  0.553  34.571 0.1250000000
67333  -4.983  -4.298  46.574 0.5000000000
67338  -5.657  -4.349  45.707 0.5000000000
66583  -8.574  -5.303  42.643 0.3750000000
68131  -4.619  -3.547  46.557 0.5000000000
67332  -4.229  -3.699  47.498 0.5000000000
68137  -5.884  -3.746  45.486 0.5000000000
67346  -6.963  -4.226  44.401 0.5000000000
66558  -7.239  -4.783  43.926 0.5000000000
66572  -7.805  -5.159  43.151 0.5000000000
67339  -6.243  -4.293  45.047 0.5000000000
68144  -6.519  -3.630  44.824 0.5000000000
67347  -7.740  -4.154  43.598 0.5000000000
67358  -8.459  -4.509  42.901 0.3750000000
66573  -10.615  -5.358  43.311 0.3750000000
107132  -5.189  -3.092  45.881 0.5000000000
68884  -5.568  -2.193  45.432 0.5000000000
108197  -6.844  -2.893  44.564 0.5000000000
68145  -7.307  -3.489  44.169 0.5000000000
68883  -4.347  -2.171  45.974 0.5000000000
70241  -4.408  -0.809  45.454 0.5000000000
69567  -5.478  -1.246  45.173 0.5000000000
70248  -5.242  -0.439  44.912 0.5000000000
104259  -3.301  0.579  44.719 0.5000000000
70247  -3.994  -0.016  45.224 0.5000000000
70933  -2.988  0.558  44.441 0.5000000000
70956  -2.779  1.115  43.748 0.5000000000
70957  -3.732  0.360  43.085 0.5000000000
67392  -7.169  -4.216  39.419 0.3750000000
105119  -6.674  -4.634  38.960 0.3750000000
103037  -7.828  -0.949  35.162 0.2500000000
68136  -5.291  -3.865  46.021 0.5000000000
67369  -9.065  -4.796  42.549 0.3750000000
105829  -10.070  -5.186  42.754 0.3750000000
68155  -8.529  -3.676  43.104 0.3750000000
68165  -9.979  -3.976  42.793 0.3750000000
108829  -6.106  -3.024  45.231 0.5000000000
68901  -8.555  -2.854  43.271 0.3750000000
68156  -9.452  -3.202  42.908 0.3750000000
109001  -10.606  -4.010  43.154 0.3750000000
68890  -6.372  -2.426  44.885 0.5000000000
68900  -7.687  -2.643  43.812 0.5000000000
108181  -8.454  -2.126  43.381 0.3750000000
68903  -10.118  -2.516  43.202 0.3750000000
69568  -6.319  -1.718  44.779 0.5000000000
69580  -7.835  -1.609  43.602 0.5000000000
68902  -9.279  -2.164  43.182 0.3750000000
70249  -6.376  -0.807  44.464 0.5000000000
100783  -8.373  -0.793  43.379 0.5000000000
69581  -8.771  -1.451  43.316 0.3750000000
115259  -5.047  0.208  44.689 0.5000000000
70936  -5.997  0.059  44.373 0.5000000000
70259  -6.989  -0.011  43.813 0.5000000000
70260  -8.041  -0.024  43.394 0.5000000000
70935  -4.353  0.740  44.702 0.5000000000
71740  -2.803  1.432  44.336 0.5000000000
71748  -2.550  1.531  44.108 0.5000000000
67371  -10.373  -4.625  42.944 0.3750000000
68157  -10.393  -3.316  43.123 0.3750000000
68892  -10.621  -2.035  43.732 0.3750000000
103372  -9.078  -0.826  43.355 0.3750000000
69583  -10.172  -1.300  43.739 0.3750000000
70946  -5.554  0.771  44.332 0.5000000000
70948  -7.675  0.761  43.532 0.5000000000
70261  -8.921  -0.133  43.434 0.5000000000
70262  -9.648  -0.499  43.681 0.3750000000
102853  -10.535  -0.248  45.066 0.3750000000
71752  -9.069  1.381  43.902 0.5000000000
70938  -9.981  0.201  44.374 0.3750000000
70929  -10.317  0.311  45.513 0.3750000000
71737  -9.574  1.581  45.764 0.3750000000
44114  -20.178  -33.594  34.867 1.0000000000
44074  -17.058  -33.499  37.337 1.0000000000
43291  -16.948  -34.039  37.378 1.0000000000
42457  -24.140  -35.222  41.817 1.0000000000
43282  -23.517  -34.373  39.378 1.0000000000
43297  -22.939  -33.893  37.698 1.0000000000
104445  -22.932  -33.091  37.168 1.0000000000
42489  -15.545  -35.220  38.506 1.0000000000
43304  -21.767  -34.117  36.346 1.0000000000
48150  -15.981  -28.458  35.654 1.0000000000
113615  -0.685  -42.271  49.116 0.5000000000
38458  -11.832  -40.127  40.905 1.0000000000
38446  -12.191  -40.278  41.653 1.0000000000
43268  -24.537  -34.567  42.127 1.0000000000
40818  -12.518  -36.861  40.856 1.0000000000
104848  -12.436  -37.401  39.851 1.0000000000
39989  -12.662  -37.487  41.395 1.0000000000
44046  -24.345  -33.628  40.711 1.0000000000
42475  -12.998  -34.881  40.138 1.0000000000
41653  -12.614  -35.913  41.114 1.0000000000
43283  -23.971  -33.995  39.998 1.0000000000
41635  -29.725  -37.141  42.748 0.7500000000
44069  -23.645  -33.067  38.583 1.0000000000
44066  -16.052  -33.853  38.952 1.0000000000
44869  -23.453  -32.473  37.909 1.0000000000
44056  -17.398  -33.167  39.490 1.0000000000
106417  -19.341  -30.015  35.266 1.0000000000
48971  -16.920  -27.696  35.332 1.0000000000
48961  -14.869  -27.858  36.082 1.0000000000
34835  -5.258  -45.170  49.895 0.3750000000
103583  -5.431  -43.174  49.702 0.5000000000
38385  0.796  -40.936  46.838 0.3750000000
37504  2.301  -40.942  45.039 0.2500000000
37520  2.086  -40.952  44.523 0.2500000000
37534  0.955  -40.951  43.169 0.2500000000
116389  -10.683  -40.864  42.806 0.8750000000
104250  -9.977  -40.593  42.056 0.8750000000
38433  -9.317  -40.721  42.262 0.8750000000
39228  -10.246  -39.483  39.365 1.0000000000
109241  -9.934  -39.905  40.008 0.8750000000
37542  -11.374  -40.924  42.811 1.0000000000
39230  -12.083  -38.913  39.565 1.0000000000
38434  -11.606  -40.636  42.086 1.0000000000
40031  -11.263  -38.169  38.412 1.0000000000
40846  -12.281  -37.021  39.101 1.0000000000
44832  -24.907  -32.487  41.677 1.0000000000
42486  -11.358  -35.764  38.088 1.0000000000
42487  -11.920  -35.301  38.671 1.0000000000
103390  -24.563  -32.831  40.815 1.0000000000
43280  -13.543  -33.818  39.442 1.0000000000
45626  -17.692  -32.808  39.898 1.0000000000
46441  -21.633  -30.339  36.222 1.0000000000
46415  -16.186  -30.509  39.983 1.0000000000
47258  -20.214  -29.911  35.546 1.0000000000
110417  -20.969  -29.999  35.872 1.0000000000
47225  -14.544  -29.106  37.643 1.0000000000
47257  -18.743  -29.114  35.616 1.0000000000
48152  -17.418  -28.051  35.602 1.0000000000
104216  2.404  -38.943  44.945 0.5000000000
37484  2.136  -40.847  45.540 0.2500000000
111971  1.712  -39.757  45.365 0.3750000000
38414  2.240  -40.392  44.547 0.2500000000
42425  1.765  -35.357  45.546 0.6250000000
39187  1.511  -39.771  42.624 0.2500000000
37527  -8.077  -41.476  43.552 0.8750000000
38432  -8.684  -40.878  42.436 0.8750000000
37512  -8.543  -41.626  44.328 0.8750000000
43242  1.989  -35.063  45.151 0.5000000000
38442  -8.485  -40.645  41.649 0.8750000000
38443  -9.447  -40.504  41.481 0.8750000000
115426  -9.216  -41.562  44.288 0.8750000000
37513  -9.772  -41.694  44.827 0.7500000000
39235  -8.957  -39.081  38.905 1.0000000000
40030  -10.497  -38.416  38.397 1.0000000000
40861  -11.169  -36.862  37.942 1.0000000000
41675  -10.464  -36.587  37.862 1.0000000000
40843  -9.890  -37.205  38.064 1.0000000000
43286  -10.943  -34.156  38.388 1.0000000000
113537  -12.305  -34.570  39.065 1.0000000000
108469  -13.998  -33.317  39.422 1.0000000000
45628  -24.305  -31.251  39.958 1.0000000000
44843  -30.880  -32.219  40.190 0.6250000000
44850  -12.618  -32.578  39.518 1.0000000000
44852  -14.689  -32.921  39.705 1.0000000000
44045  -16.870  -33.315  40.316 1.0000000000
45648  -23.337  -31.538  37.674 1.0000000000
46442  -22.338  -30.707  36.668 1.0000000000
46430  -23.494  -30.785  38.357 1.0000000000
45604  -17.934  -32.130  41.350 1.0000000000
111343  -21.782  -29.258  37.315 1.0000000000
98400  -22.403  -29.769  37.543 1.0000000000
100542  -22.434  -29.182  38.462 1.0000000000
47210  -14.731  -29.035  39.356 1.0000000000
47211  -15.018  -29.563  38.922 1.0000000000
47216  -14.540  -29.062  38.513 1.0000000000
48140  -19.673  -27.922  36.979 1.0000000000
48127  -20.179  -27.369  37.714 1.0000000000
48953  -20.615  -26.896  38.124 1.0000000000
49848  -21.243  -26.389  37.424 0.8750000000
48952  -14.125  -27.719  37.543 1.0000000000
105103  -18.047  -27.716  35.694 1.0000000000
116838  -19.711  -27.206  37.368 1.0000000000
49846  -19.669  -26.758  36.796 1.0000000000
48972  -18.383  -27.363  35.594 1.0000000000
48973  -19.083  -27.023  36.229 1.0000000000
49888  -20.291  -26.525  34.904 1.0000000000
49865  -15.735  -26.832  35.044 1.0000000000
48978  -16.794  -27.129  34.757 1.0000000000
110645  -17.906  -26.672  33.421 1.0000000000
49929  -19.365  -26.370  32.648 0.8750000000
50781  -15.745  -25.702  34.281 1.0000000000
50792  -16.611  -25.916  33.325 1.0000000000
38386  0.061  -40.745  47.135 0.5000000000
116247  -5.332  -42.309  47.242 0.5000000000
36586  -6.555  -42.071  45.893 0.6250000000
37536  -5.982  -41.109  42.696 0.8750000000
37510  -6.093  -41.602  44.237 0.8750000000
104161  -6.881  -41.668  44.256 0.7500000000
38441  -7.294  -40.648  41.506 0.8750000000
109860  -7.033  -40.210  40.599 0.8750000000
38440  -6.246  -40.302  41.138 0.8750000000
104310  -7.201  -40.979  42.290 0.8750000000
37526  -7.241  -41.493  43.486 0.8750000000
40016  -7.756  -38.357  39.219 0.8750000000
39226  -8.097  -39.065  39.233 0.8750000000
39215  -8.267  -40.072  40.098 0.8750000000
104421  -9.076  -37.358  38.514 1.0000000000
45606  -25.174  -31.278  42.664 1.0000000000
46407  -24.835  -30.726  42.252 1.0000000000
42483  -8.969  -35.727  38.732 1.0000000000
103433  -10.369  -34.813  38.165 1.0000000000
48099  -23.858  -28.394  42.412 1.0000000000
46406  -24.440  -30.188  41.643 1.0000000000
48929  -22.973  -27.436  41.009 1.0000000000
105509  -30.103  -32.013  44.370 0.7500000000
47179  -31.179  -29.653  43.892 1.0000000000
44849  -11.692  -32.443  39.334 1.0000000000
46417  -23.986  -30.352  39.985 1.0000000000
47205  -23.462  -28.882  41.130 1.0000000000
107145  -24.113  -26.910  41.226 1.0000000000
45597  -31.165  -31.824  43.609 0.8750000000
45615  -14.488  -31.949  40.825 1.0000000000
48111  -22.299  -28.117  39.866 1.0000000000
48935  -22.156  -26.939  39.951 1.0000000000
109337  -21.920  -27.408  39.723 1.0000000000
102386  -22.509  -26.406  38.502 1.0000000000
44829  -16.766  -32.888  41.703 1.0000000000
45595  -17.810  -32.191  42.269 1.0000000000
48945  -21.551  -27.414  39.189 1.0000000000
48934  -21.662  -26.989  39.363 1.0000000000
105001  -21.651  -26.577  38.550 1.0000000000
46405  -17.403  -31.180  41.453 1.0000000000
112101  -16.594  -30.567  40.794 1.0000000000
108558  -14.853  -25.351  35.525 0.8750000000
110973  -18.526  -26.370  32.484 0.8750000000
50808  -18.250  -25.704  31.426 0.8750000000
50809  -19.150  -25.795  31.238 0.8750000000
37509  -5.308  -41.528  44.376 0.7500000000
42407  0.440  -34.393  47.517 0.6250000000
110626  -1.014  -33.274  42.282 0.7500000000
44062  -9.841  -33.369  38.800 1.0000000000
43285  -10.088  -34.056  38.484 1.0000000000
48913  -24.474  -27.687  42.905 1.0000000000
47165  -30.222  -29.774  44.477 1.0000000000
110138  -12.634  -31.341  40.223 1.0000000000
45613  -11.736  -31.106  39.986 1.0000000000
49761  -24.897  -26.798  41.756 1.0000000000
47208  -29.679  -29.582  41.185 0.8750000000
44819  -17.189  -32.666  42.366 1.0000000000
49851  -24.624  -26.612  36.431 0.8750000000
45629  -27.980  -31.091  39.042 0.7500000000
47207  -29.267  -28.750  40.825 0.8750000000
49871  -24.037  -26.621  35.832 0.8750000000
96695  -25.259  -27.104  34.677 0.8750000000
99487  -14.186  -26.180  37.436 1.0000000000
114510  -23.666  -26.776  32.242 0.8750000000
49950  -20.637  -25.891  31.860 0.8750000000
50826  -21.774  -25.913  30.952 0.8750000000
50824  -19.479  -25.459  30.531 0.8750000000
51608  -16.368  -24.262  32.390 0.8750000000
51615  -17.179  -24.469  30.913 0.8750000000
116551  -3.096  -41.066  45.294 0.7500000000
37508  -4.512  -41.399  44.616 0.7500000000
114367  -4.367  -40.372  42.567 0.8750000000
39212  -5.776  -39.554  40.646 0.8750000000
98401  -2.013  -33.347  44.555 0.8750000000
41662  -7.695  -36.721  39.649 1.0000000000
47177  -25.188  -29.240  44.515 1.0000000000
48082  -25.220  -28.394  44.392 1.0000000000
48074  -26.505  -28.350  45.343 1.0000000000
43277  -8.762  -34.199  39.402 1.0000000000
48904  -25.470  -27.635  44.012 1.0000000000
48075  -27.257  -27.948  45.223 1.0000000000
47164  -28.453  -28.821  45.218 1.0000000000
48078  -30.384  -28.263  44.426 1.0000000000
44837  -9.685  -31.919  39.716 1.0000000000
48922  -24.964  -27.128  42.618 1.0000000000
47181  -31.504  -28.436  43.524 1.0000000000
48086  -31.462  -27.932  43.307 1.0000000000
48092  -30.886  -27.948  42.267 1.0000000000
46398  -1.451  -30.494  41.436 0.8750000000
47194  -1.122  -29.481  41.790 0.8750000000
96453  -13.998  -31.462  41.186 1.0000000000
45592  -15.073  -31.600  42.667 1.0000000000
49812  -25.578  -26.475  38.372 0.8750000000
47198  -16.851  -30.203  42.443 1.0000000000
46393  -17.611  -30.998  42.874 1.0000000000
46424  -27.777  -30.438  38.764 0.7500000000
48097  -15.250  -28.536  41.579 1.0000000000
48927  -14.489  -27.506  40.403 1.0000000000
49872  -25.832  -26.990  35.405 0.8750000000
51586  -14.449  -24.667  37.479 0.8750000000
51589  -15.001  -24.587  35.394 0.7500000000
116548  -23.948  -26.704  31.238 0.8750000000
52406  -16.296  -23.308  32.415 0.8750000000
50858  -20.941  -25.252  28.937 0.7500000000
51644  -18.912  -24.084  28.923 0.8750000000
38427  -3.706  -40.156  42.793 0.8750000000
110293  -5.577  -38.705  40.371 0.8750000000
40817  -7.013  -37.209  39.843 0.8750000000
42463  -8.031  -35.454  40.043 1.0000000000
42462  -7.642  -35.733  40.723 0.8750000000
112284  -8.300  -34.761  39.968 1.0000000000
45610  -9.471  -31.371  40.470 1.0000000000
45580  -15.806  -31.675  44.357 1.0000000000
45572  -16.825  -31.841  45.115 1.0000000000
46371  -15.643  -31.371  45.159 1.0000000000
47153  -17.334  -30.965  46.197 1.0000000000
46364  -15.356  -30.995  45.932 1.0000000000
48886  -16.223  -27.844  45.591 1.0000000000
48923  -25.891  -27.000  43.231 1.0000000000
48915  -27.081  -26.636  43.481 1.0000000000
48906  -27.482  -26.925  44.239 1.0000000000
46413  -11.338  -30.569  40.472 1.0000000000
46391  -13.135  -30.432  42.075 1.0000000000
47187  -13.311  -30.142  42.995 1.0000000000
46382  -14.876  -31.256  43.537 1.0000000000
46392  -14.056  -30.826  42.789 1.0000000000
46372  -17.239  -31.498  45.259 1.0000000000
48081  -16.589  -29.388  44.689 1.0000000000
48072  -16.300  -28.602  45.112 1.0000000000
97034  -26.634  -26.292  41.553 1.0000000000
116139  -31.337  -27.880  43.805 1.0000000000
46403  -13.144  -30.973  41.093 1.0000000000
45581  -16.913  -32.140  44.280 1.0000000000
100147  -17.475  -31.216  44.394 1.0000000000
48916  -30.886  -27.167  42.095 1.0000000000
45582  -17.377  -32.033  43.801 1.0000000000
46383  -17.619  -31.646  43.564 1.0000000000
47174  -16.346  -29.307  43.322 1.0000000000
48918  0.243  -26.719  41.573 0.8750000000
48095  0.295  -27.586  41.646 0.8750000000
48090  -15.639  -28.672  42.560 1.0000000000
115819  0.404  -26.852  39.863 0.8750000000
113254  0.235  -26.517  40.004 0.8750000000
48919  -14.659  -27.162  41.360 1.0000000000
49782  -0.132  -26.428  39.618 0.8750000000
107988  -14.367  -25.884  39.999 1.0000000000
111484  -4.231  -25.858  35.095 0.3750000000
50764  -5.472  -26.002  35.995 0.3750000000
98672  -7.555  -25.529  34.305 0.1250000000
49893  -26.111  -27.199  34.692 0.8750000000
47243  -28.370  -29.527  36.626 0.6250000000
51583  -14.425  -24.657  38.315 0.8750000000
106003  -26.240  -27.318  33.498 0.8750000000
52380  -14.657  -23.987  37.942 0.8750000000
50843  -22.571  -25.858  29.394 0.8750000000
108544  -23.280  -26.088  29.419 0.8750000000
98440  -19.874  -24.495  28.564 0.7500000000
51646  -20.734  -24.774  28.327 0.7500000000
52436  -17.908  -23.127  28.841 0.7500000000
52426  -17.422  -23.379  29.599 0.8750000000
39189  -3.326  -39.377  42.361 0.8750000000
40002  -4.781  -38.046  40.561 0.8750000000
101564  -17.514  -26.815  47.357 1.0000000000
40816  -6.119  -37.527  40.128 0.8750000000
50705  -17.423  -26.081  46.999 0.8750000000
106628  -8.337  -34.125  40.302 1.0000000000
44827  -8.557  -32.158  41.084 1.0000000000
46378  -2.759  -29.997  43.441 0.8750000000
42403  -4.484  -36.222  49.259 1.0000000000
99862  -10.940  -30.166  41.078 1.0000000000
49738  -28.349  -26.088  43.603 1.0000000000
47183  -1.996  -29.565  43.025 0.8750000000
47186  -12.627  -29.885  42.567 1.0000000000
51564  -16.136  -25.053  44.918 0.8750000000
48925  -31.533  -25.765  42.609 1.0000000000
48902  -15.108  -26.976  43.258 1.0000000000
49736  -14.980  -26.387  42.824 1.0000000000
109156  -32.373  -27.539  39.145 0.8750000000
49742  -1.254  -26.461  42.709 0.8750000000
107134  -14.848  -26.196  42.264 0.8750000000
52365  -15.078  -24.395  41.137 0.8750000000
48128  -29.539  -28.810  37.679 0.7500000000
53128  -15.504  -22.562  37.910 0.8750000000
96833  -26.812  -27.260  34.108 0.8750000000
47265  -34.125  -29.951  35.478 0.5000000000
50778  -8.278  -25.454  34.692 0.2500000000
53131  -15.433  -22.732  36.910 0.7500000000
108614  -26.505  -26.866  31.930 0.8750000000
49915  -27.470  -27.112  33.338 0.8750000000
49955  -25.900  -26.742  31.241 0.8750000000
49971  -25.234  -26.549  30.548 0.8750000000
50845  -24.949  -25.952  29.085 0.8750000000
49972  -26.266  -26.333  30.383 0.8750000000
108870  -22.897  -25.362  28.106 0.7500000000
50844  -23.976  -26.071  29.045 0.8750000000
99673  -20.998  -24.407  27.471 0.7500000000
51664  -21.832  -24.589  27.317 0.7500000000
51666  -23.677  -24.779  27.098 0.7500000000
53176  -17.319  -22.622  29.105 0.7500000000
53185  -18.252  -22.830  28.149 0.7500000000
52452  -18.928  -23.216  27.780 0.7500000000
52453  -19.670  -23.545  27.371 0.7500000000
52464  -21.829  -23.634  26.016 0.7500000000
114721  -21.109  -23.549  26.152 0.7500000000
40001  -3.974  -37.711  40.880 0.8750000000
41641  -7.260  -35.938  41.325 0.8750000000
42455  -7.261  -35.536  42.147 0.8750000000
44039  -8.233  -33.105  41.418 1.0000000000
100435  -3.303  -30.296  44.044 0.8750000000
44038  -7.887  -33.979  42.090 1.0000000000
47155  -1.464  -29.101  45.036 0.8750000000
47167  -0.879  -28.666  43.760 0.8750000000
42423  -6.832  -36.270  45.698 1.0000000000
48079  -0.219  -27.543  43.321 0.8750000000
48887  -0.770  -27.353  44.920 0.8750000000
51568  -15.791  -24.553  43.952 0.8750000000
52354  -17.373  -22.924  44.289 0.8750000000
51569  -16.280  -23.857  44.037 0.8750000000
49730  -0.815  -26.700  43.576 0.8750000000
51571  -15.476  -24.418  42.924 0.8750000000
49743  -2.502  -26.519  42.379 0.8750000000
52367  -15.791  -23.072  41.830 0.8750000000
115187  -15.506  -23.660  41.831 0.8750000000
48145  -34.260  -28.854  37.444 0.6250000000
49941  -33.203  -26.378  32.622 0.8750000000
52373  -15.041  -23.279  39.292 0.8750000000
53120  -15.544  -22.556  39.837 0.8750000000
98490  -27.907  -26.822  32.576 0.8750000000
47250  -35.941  -29.989  37.011 0.7500000000
50771  -8.353  -25.633  35.511 0.2500000000
53948  -15.774  -22.039  38.496 0.8750000000
53132  -15.874  -22.062  36.564 0.7500000000
49957  -27.696  -26.344  31.108 0.8750000000
50868  -30.997  -24.942  28.801 0.8750000000
53962  -16.422  -21.500  35.400 0.7500000000
49986  -26.880  -25.999  29.944 0.8750000000
50864  -26.659  -25.459  28.543 0.8750000000
52457  -32.231  -23.016  27.606 0.8750000000
50876  -24.986  -25.238  27.740 0.7500000000
53981  -16.542  -21.729  32.115 0.7500000000
50875  -24.124  -25.233  27.700 0.7500000000
54004  -16.919  -21.182  28.871 0.7500000000
51686  -23.169  -24.278  26.465 0.7500000000
53198  -19.249  -22.862  26.927 0.7500000000
99888  -20.480  -22.966  25.915 0.7500000000
52465  -22.677  -23.666  25.910 0.7500000000
52478  -22.173  -23.006  25.505 0.7500000000
44805  -4.377  -31.908  45.015 0.8750000000
43231  -5.248  -36.289  49.503 1.0000000000
53094  -18.849  -22.955  45.903 0.7500000000
47156  -2.686  -29.582  44.904 0.8750000000
42406  -7.424  -36.320  49.099 1.0000000000
48066  -0.643  -27.953  45.358 0.8750000000
97104  -18.082  -22.390  44.097 0.8750000000
49781  -32.923  -24.723  40.473 1.0000000000
48949  -34.085  -26.598  39.125 1.0000000000
53110  -16.599  -22.533  42.257 0.8750000000
53123  -15.965  -22.039  39.885 0.8750000000
53121  -16.103  -22.180  40.484 0.8750000000
49856  -29.223  -26.644  36.149 0.8750000000
53944  -15.932  -21.883  39.248 0.8750000000
53949  -16.335  -21.612  38.467 0.8750000000
49976  -30.412  -25.861  30.827 0.8750000000
50814  -33.995  -25.708  31.264 0.8750000000
49963  -34.467  -26.134  31.854 1.0000000000
53953  -16.026  -21.859  37.857 0.8750000000
49974  -28.590  -26.099  30.910 0.8750000000
49958  -29.225  -26.357  31.694 0.8750000000
50830  -30.504  -25.566  30.049 0.8750000000
50834  -34.397  -25.252  30.673 0.8750000000
49987  -27.542  -25.874  29.944 0.8750000000
114680  -35.367  -25.390  31.159 1.0000000000
50849  -28.779  -25.535  29.427 0.8750000000
50866  -28.349  -25.303  28.633 0.8750000000
50865  -27.475  -25.385  28.577 0.8750000000
51649  -30.593  -24.547  28.112 0.8750000000
51639  -35.256  -23.920  29.691 1.0000000000
51626  -35.621  -24.369  30.370 1.0000000000
53973  -16.586  -21.414  33.782 0.7500000000
50847  -27.034  -25.691  29.299 0.8750000000
51669  -26.438  -24.754  27.086 0.7500000000
53200  -31.760  -22.432  27.439 0.7500000000
52440  -33.434  -23.333  28.297 0.8750000000
53187  -33.503  -22.446  28.339 0.7500000000
112504  -35.012  -22.711  29.306 1.0000000000
52430  -35.996  -22.741  30.021 1.0000000000
53982  -16.820  -20.855  32.573 0.7500000000
54870  -16.835  -20.321  31.319 0.6250000000
51668  -25.465  -24.797  27.052 0.7500000000
54029  -30.768  -21.566  27.250 0.7500000000
53177  -34.740  -22.160  29.277 0.7500000000
54006  -34.963  -21.761  29.645 0.7500000000
51688  -24.971  -24.283  26.364 0.7500000000
54928  -32.886  -21.057  28.736 0.7500000000
100037  -16.746  -21.083  29.841 0.7500000000
54015  -17.315  -21.245  28.042 0.7500000000
52479  -23.043  -22.987  25.464 0.7500000000
52480  -23.963  -23.010  25.461 0.7500000000
102169  -30.818  -20.574  28.444 0.6250000000
54026  -17.753  -21.200  27.286 0.6250000000
53206  -18.916  -22.159  26.494 0.7500000000
53216  -20.942  -22.432  25.390 0.7500000000
54037  -19.316  -21.752  25.788 0.7500000000
103484  -20.520  -21.109  25.146 0.6250000000
45563  -4.835  -30.993  46.386 0.8750000000
43227  -7.373  -36.237  50.188 1.0000000000
44020  -7.616  -34.010  44.069 1.0000000000
53923  -18.803  -21.837  43.981 0.7500000000
43233  -8.133  -35.469  49.018 1.0000000000
43238  -7.829  -34.904  46.741 1.0000000000
53111  -17.436  -22.102  42.648 0.8750000000
115855  -30.660  -26.593  34.446 0.8750000000
100706  -17.644  -21.413  41.365 0.7500000000
49757  -5.200  -26.899  41.297 0.8750000000
53940  -17.437  -21.224  40.517 0.8750000000
49876  -29.554  -26.704  35.480 0.8750000000
103764  -30.101  -26.568  33.197 0.8750000000
53939  -16.576  -21.619  39.986 0.8750000000
103762  -29.738  -26.485  32.432 0.8750000000
99684  -8.621  -25.572  36.261 0.2500000000
53950  -17.076  -21.154  38.273 0.8750000000
53955  -17.086  -21.131  37.475 0.8750000000
111164  -17.385  -20.667  36.435 0.7500000000
107628  -29.744  -25.481  29.539 0.8750000000
46457  -38.102  -30.615  36.568 0.8750000000
50880  -28.792  -24.866  27.945 0.8750000000
50867  -30.146  -25.077  28.719 0.8750000000
51648  -29.705  -24.719  28.009 0.8750000000
51627  -36.399  -24.032  30.623 1.0000000000
51617  -36.803  -24.489  31.272 1.0000000000
50801  -37.549  -25.568  32.367 1.0000000000
103304  -37.479  -30.833  35.266 0.7500000000
54820  -17.498  -20.025  33.992 0.7500000000
50879  -27.890  -25.010  27.857 0.8750000000
51672  -29.239  -24.295  27.359 0.8750000000
51692  -28.747  -23.852  26.801 0.7500000000
52472  -29.122  -23.071  26.547 0.6250000000
52455  -30.553  -23.345  27.163 0.7500000000
46478  -38.649  -30.492  34.947 0.8750000000
51690  -26.870  -24.171  26.540 0.7500000000
52482  -25.825  -22.998  25.632 0.7500000000
51670  -27.397  -24.644  27.140 0.7500000000
53211  -30.148  -21.924  26.774 0.7500000000
54951  -29.191  -21.099  26.897 0.7500000000
54938  -29.549  -20.731  27.536 0.7500000000
52421  -36.974  -22.571  30.955 1.0000000000
102808  -16.735  -19.469  29.478 0.6250000000
53221  -26.245  -22.267  25.600 0.6250000000
52481  -24.912  -23.027  25.535 0.7500000000
54052  -24.880  -21.487  25.506 0.7500000000
54909  -28.650  -20.391  29.235 0.5000000000
54898  -35.087  -21.051  30.719 0.7500000000
53164  -36.598  -21.750  31.066 1.0000000000
54051  -23.938  -21.584  25.382 0.7500000000
100731  -28.139  -20.605  30.169 0.5000000000
97506  -29.759  -20.556  30.329 0.6250000000
55779  -17.110  -19.903  27.794 0.6250000000
54035  -18.151  -21.098  26.638 0.7500000000
99975  -23.281  -21.040  25.373 0.7500000000
113671  -23.352  -21.672  25.306 0.7500000000
54894  -29.850  -20.972  31.633 0.6250000000
54047  -19.683  -21.158  25.404 0.6250000000
98252  -21.892  -20.148  25.471 0.7500000000
44795  -5.366  -32.603  47.326 1.0000000000
46356  -5.056  -31.219  47.009 1.0000000000
110249  -4.297  -30.313  46.470 1.0000000000
115247  -8.390  -31.993  45.393 1.0000000000
53929  -18.515  -21.371  42.482 0.7500000000
116201  -32.570  -25.704  37.541 1.0000000000
50760  -33.528  -25.546  38.242 1.0000000000
49836  -34.258  -25.877  37.819 1.0000000000
49859  -33.798  -26.205  37.006 0.8750000000
53941  -18.192  -20.862  40.949 0.7500000000
97533  -6.865  -26.620  40.087 1.0000000000
114973  -36.846  -27.962  34.234 1.0000000000
48161  -38.233  -29.217  35.742 1.0000000000
47269  -38.403  -30.308  36.462 0.8750000000
47270  -38.954  -29.770  36.029 0.8750000000
108755  -39.626  -29.182  35.993 1.0000000000
55700  -18.025  -19.768  36.096 0.7500000000
54039  -27.831  -21.317  26.345 0.6250000000
49944  -38.050  -26.202  32.931 1.0000000000
47289  -39.631  -29.526  35.554 0.8750000000
47300  -39.612  -29.429  34.152 0.8750000000
106195  -17.794  -19.649  34.697 0.7500000000
53210  -29.380  -22.218  26.506 0.6250000000
104422  -28.823  -20.732  27.191 0.7500000000
104136  -27.572  -20.323  27.904 0.7500000000
101055  -38.630  -24.946  33.062 1.0000000000
47299  -38.855  -29.818  33.225 0.7500000000
55735  -17.393  -19.559  32.610 0.7500000000
52473  -30.009  -22.764  26.731 0.7500000000
53165  -37.200  -22.108  31.520 1.0000000000
52407  -37.943  -23.370  32.219 1.0000000000
114161  -37.622  -22.075  32.317 1.0000000000
47312  -38.404  -29.366  32.302 0.6250000000
49006  -38.729  -28.653  31.957 0.6250000000
100103  -16.984  -19.018  31.216 0.6250000000
49011  -38.277  -27.303  30.847 0.8750000000
56621  -16.835  -18.594  30.573 0.5000000000
54053  -25.795  -21.506  25.636 0.6250000000
54960  -25.324  -20.806  25.809 0.6250000000
54892  -28.302  -21.016  31.324 0.5000000000
54958  -23.413  -20.177  25.773 0.7500000000
99188  -33.796  -20.451  33.488 0.7500000000
49978  -37.711  -26.725  30.355 0.8750000000
56685  -18.999  -18.953  25.764 0.6250000000
56687  -20.550  -18.863  25.832 0.6250000000
55740  -29.840  -20.762  33.319 0.5000000000
51640  -37.741  -24.602  29.262 0.5000000000
52431  -38.738  -23.613  29.106 1.0000000000
52444  -39.132  -23.054  28.649 0.8750000000
53179  -39.842  -22.633  29.051 1.0000000000
109060  -38.990  -23.146  27.016 0.7500000000
51694  -37.770  -23.874  26.841 0.5000000000
53202  -39.531  -22.704  27.174 0.7500000000
52475  -39.373  -23.044  26.181 0.6250000000
49715  -16.575  -27.423  49.853 1.0000000000
43989  -7.980  -34.948  51.742 1.0000000000
47139  -13.091  -29.436  46.531 1.0000000000
47121  -2.371  -29.297  48.608 1.0000000000
47127  -3.111  -29.792  48.113 1.0000000000
48052  -2.016  -28.858  48.022 1.0000000000
43990  -8.333  -34.868  51.675 1.0000000000
114493  -20.386  -20.693  43.133 0.7500000000
107993  -8.705  -32.784  47.833 1.0000000000
53935  -19.305  -20.944  42.533 0.7500000000
44799  -8.310  -32.656  46.074 1.0000000000
54782  -19.622  -20.396  41.824 0.7500000000
103294  -4.461  -27.135  45.519 1.0000000000
48901  -4.938  -27.014  43.737 0.8750000000
49724  -6.141  -26.328  45.850 1.0000000000
97887  -5.672  -26.919  43.330 0.8750000000
49734  -6.469  -26.639  43.437 0.8750000000
99058  -6.969  -26.674  41.004 1.0000000000
49728  -7.126  -26.140  43.903 1.0000000000
49735  -7.257  -26.289  43.092 1.0000000000
109896  -7.303  -26.482  41.614 1.0000000000
49773  -8.256  -26.089  40.656 1.0000000000
49806  -8.086  -26.278  38.783 0.7500000000
49787  -8.334  -26.115  39.764 1.0000000000
50757  -9.209  -25.416  37.471 0.3750000000
50717  -7.851  -25.854  42.570 1.0000000000
49760  -8.216  -25.971  41.306 1.0000000000
113616  -8.170  -25.767  41.864 0.8750000000
51582  -10.025  -24.424  36.917 0.3750000000
106259  -38.150  -27.654  34.265 1.0000000000
49923  -39.417  -26.890  34.668 1.0000000000
48164  -40.464  -28.121  36.146 1.0000000000
50725  -8.951  -25.082  40.938 0.8750000000
50731  -8.736  -25.604  40.351 0.8750000000
50732  -9.252  -25.084  40.064 0.8750000000
52378  -10.110  -24.156  37.842 0.5000000000
56560  -18.556  -18.447  35.191 0.7500000000
51603  -39.273  -25.249  34.233 1.0000000000
50793  -39.900  -26.204  35.382 1.0000000000
56568  -18.255  -18.563  34.451 0.7500000000
54948  -26.626  -20.503  26.670 0.6250000000
54935  -26.855  -20.249  28.029 0.5000000000
52408  -38.324  -23.301  32.880 1.0000000000
53159  -38.177  -22.514  33.254 1.0000000000
49924  -41.359  -27.214  35.087 1.0000000000
54934  -25.906  -20.002  28.044 0.6250000000
96890  -25.950  -20.029  27.062 0.6250000000
55768  -26.056  -20.248  29.985 0.3750000000
54908  -27.812  -20.363  29.281 0.5000000000
53984  -37.278  -21.388  32.678 1.0000000000
49946  -41.377  -26.696  33.670 1.0000000000
102165  -25.701  -20.379  26.427 0.6250000000
98855  -25.062  -19.730  27.823 0.6250000000
55775  -24.994  -19.847  28.765 0.6250000000
54890  -26.865  -20.522  30.642 0.5000000000
116098  -36.258  -20.454  33.079 0.8750000000
49966  -40.746  -26.268  32.419 1.0000000000
55782  -25.191  -19.830  26.951 0.6250000000
55791  -24.496  -19.742  26.756 0.6250000000
101016  -24.309  -19.522  28.418 0.6250000000
50818  -40.063  -25.719  31.600 1.0000000000
55780  -23.697  -19.274  27.958 0.6250000000
54837  -33.761  -20.337  34.605 0.7500000000
57510  -17.823  -17.964  26.832 0.5000000000
55789  -21.969  -19.308  26.117 0.6250000000
101430  -22.611  -19.255  26.525 0.6250000000
113653  -22.675  -19.762  25.882 0.7500000000
54821  -31.902  -20.785  35.297 0.7500000000
52423  -40.805  -23.423  30.864 1.0000000000
56578  -31.422  -19.736  34.200 0.6250000000
57441  -30.607  -17.737  31.816 0.5000000000
48049  -14.472  -29.003  49.828 1.0000000000
106858  -4.614  -30.652  49.811 1.0000000000
46348  -4.142  -30.271  49.080 1.0000000000
116719  -2.743  -29.705  49.826 1.0000000000
44786  -8.237  -34.045  52.369 1.0000000000
45554  -8.924  -33.064  51.363 1.0000000000
107517  -8.869  -30.641  45.049 1.0000000000
48867  -4.625  -26.939  48.571 1.0000000000
48879  -4.631  -27.233  46.926 1.0000000000
48885  -4.599  -27.172  46.166 1.0000000000
49718  -5.739  -25.990  47.293 1.0000000000
49721  -5.955  -26.136  46.623 1.0000000000
99626  -19.579  -19.539  38.715 0.7500000000
99106  -39.954  -25.420  35.494 1.0000000000
57403  -25.399  -18.662  35.262 0.3750000000
56589  -25.918  -19.825  33.965 0.3750000000
57391  -25.757  -18.373  35.766 0.3750000000
53153  -38.682  -22.753  34.633 1.0000000000
51596  -40.930  -25.426  36.105 1.0000000000
111868  -25.674  -20.072  29.093 0.5000000000
103835  -25.412  -19.932  30.701 0.3750000000
55759  -25.569  -19.916  31.800 0.3750000000
55736  -26.629  -20.389  33.281 0.3750000000
55753  -26.386  -20.510  32.472 0.3750000000
53969  -38.026  -21.319  36.334 1.0000000000
50794  -41.690  -25.537  34.535 1.0000000000
54826  -36.617  -20.345  35.357 1.0000000000
56608  -27.432  -18.851  33.039 0.3750000000
51611  -41.903  -24.560  33.220 1.0000000000
111970  -22.943  -19.008  27.395 0.6250000000
55717  -32.487  -20.153  35.658 0.7500000000
55716  -32.080  -20.489  35.639 0.7500000000
55707  -33.601  -19.585  35.736 0.7500000000
58303  -18.843  -16.903  26.874 0.5000000000
56579  -32.120  -19.248  34.564 0.6250000000
56580  -32.895  -18.773  34.966 0.8750000000
104148  -19.746  -18.021  26.228 0.6250000000
57420  -31.309  -18.108  32.505 0.6250000000
55783  -44.243  -19.734  28.253 0.7500000000
56649  -39.404  -18.521  28.758 0.2500000000
48864  -14.336  -27.348  50.810 1.0000000000
97269  -16.336  -23.448  49.900 0.7500000000
48048  -13.664  -29.158  49.548 1.0000000000
55660  -24.143  -19.601  43.885 0.6250000000
106740  -7.177  -31.158  52.288 1.0000000000
48062  -12.160  -29.209  47.333 1.0000000000
110950  -3.564  -29.900  51.689 1.0000000000
98435  -3.096  -29.822  50.715 1.0000000000
108307  -10.420  -29.402  45.681 1.0000000000
54778  -22.902  -20.039  43.227 0.6250000000
46363  -9.303  -30.168  45.393 1.0000000000
54784  -21.503  -19.890  42.147 0.6250000000
55680  -21.720  -19.504  41.520 0.6250000000
46354  -9.461  -30.849  48.063 1.0000000000
55686  -21.220  -19.389  40.825 0.6250000000
57363  -21.683  -17.233  40.234 0.6250000000
56541  -20.881  -19.252  40.244 0.6250000000
56545  -20.812  -18.746  39.721 0.6250000000
107370  -4.983  -24.902  49.048 1.0000000000
57372  -20.135  -18.243  38.355 0.6250000000
57380  -19.083  -17.556  35.934 0.6250000000
60538  -27.554  -14.936  36.729 0.3750000000
58975  -26.238  -16.655  35.867 0.3750000000
58197  -25.985  -17.739  36.062 0.3750000000
52371  -9.712  -23.365  39.387 0.7500000000
53127  -10.320  -22.636  37.380 0.5000000000
57402  -18.271  -17.174  34.087 0.7500000000
101013  -24.971  -18.450  34.479 0.3750000000
57384  -26.679  -17.813  36.326 0.3750000000
58192  -27.104  -17.682  36.336 0.3750000000
58977  -28.406  -16.326  35.609 0.3750000000
52363  -8.851  -23.657  41.730 0.8750000000
96668  -24.688  -18.511  32.858 0.3750000000
57405  -26.595  -18.687  34.970 0.3750000000
57393  -26.682  -18.261  35.964 0.3750000000
113631  -27.087  -18.180  35.309 0.3750000000
57435  -17.163  -17.181  31.613 0.5000000000
112779  -17.014  -16.415  31.085 0.5000000000
115792  -24.971  -19.468  31.203 0.3750000000
53964  -38.907  -21.733  37.364 1.0000000000
53104  -7.552  -22.745  43.403 0.8750000000
56622  -24.487  -18.887  30.975 0.5000000000
106120  -24.057  -18.255  30.503 0.5000000000
55720  -35.899  -19.848  36.353 0.8750000000
54815  -37.287  -20.279  37.509 0.8750000000
97090  -16.869  -16.960  28.814 0.5000000000
55709  -35.530  -19.128  36.689 0.8750000000
55710  -36.341  -19.316  37.433 0.8750000000
56561  -34.240  -19.115  36.220 0.8750000000
58304  -19.720  -16.827  26.898 0.6250000000
57439  -28.249  -17.650  31.899 0.3750000000
57443  -32.081  -16.890  31.773 0.5000000000
58205  -39.700  -14.850  34.443 0.3750000000
58263  -29.880  -16.088  30.515 0.5000000000
58262  -29.177  -16.030  30.633 0.5000000000
58223  -41.759  -14.874  34.058 0.3750000000
55802  -45.484  -18.818  26.281 0.7500000000
56708  -44.895  -18.574  24.856 0.7500000000
56663  -40.540  -18.404  27.483 0.2500000000
50684  -12.456  -25.578  50.106 0.8750000000
48856  -11.118  -27.539  51.822 0.8750000000
50692  -11.961  -25.386  48.892 0.8750000000
50691  -11.112  -25.660  48.457 0.8750000000
49703  -12.060  -26.150  50.785 0.8750000000
49696  -12.664  -26.933  51.552 0.8750000000
53071  -17.271  -22.310  48.985 0.6250000000
48041  -12.682  -28.176  51.558 0.8750000000
54723  -20.297  -20.499  47.422 0.6250000000
47113  -11.439  -28.877  52.156 1.0000000000
47116  -11.641  -29.230  51.654 0.8750000000
48043  -12.321  -29.003  51.158 1.0000000000
55632  -22.289  -20.125  47.287 0.6250000000
47119  -10.924  -29.878  49.658 1.0000000000
47115  -10.971  -29.909  51.213 1.0000000000
48027  -3.399  -28.776  52.574 1.0000000000
47123  -10.017  -30.184  47.914 1.0000000000
48034  -3.224  -28.461  52.207 1.0000000000
109115  -9.615  -31.283  49.871 1.0000000000
45555  -9.293  -31.975  50.829 1.0000000000
102530  -3.595  -27.570  50.680 1.0000000000
59727  -21.405  -14.379  37.323 0.6250000000
58191  -19.191  -16.041  35.617 0.6250000000
59741  -29.174  -15.560  36.967 0.3750000000
59746  -26.532  -15.431  35.376 0.3750000000
59753  -26.874  -14.450  34.944 0.3750000000
53943  -9.362  -21.677  39.156 0.7500000000
103662  -9.761  -22.048  38.668 0.5000000000
113281  -28.480  -15.990  34.281 0.3750000000
108020  -39.990  -22.411  37.810 1.0000000000
57437  -24.676  -17.460  32.195 0.3750000000
111333  -39.555  -21.857  38.003 1.0000000000
53140  -40.964  -23.179  36.799 1.0000000000
52397  -41.621  -24.361  35.204 1.0000000000
115702  -17.017  -15.961  30.703 0.5000000000
59038  -17.460  -15.464  29.432 0.3750000000
58241  -24.564  -16.948  31.358 0.5000000000
54810  -38.392  -20.182  38.194 0.8750000000
56564  -36.975  -18.652  38.212 0.8750000000
55711  -37.061  -19.597  37.905 0.8750000000
54816  -38.116  -20.698  37.791 0.8750000000
59048  -18.278  -15.289  28.352 0.5000000000
57475  -23.706  -17.572  30.059 0.6250000000
57459  -24.193  -17.233  30.677 0.6250000000
57385  -34.774  -18.503  36.285 0.8750000000
58978  -38.454  -15.325  34.467 0.5000000000
109036  -29.188  -14.865  30.320 0.3750000000
59041  -29.881  -14.809  29.960 0.3750000000
57412  -42.031  -15.323  34.017 0.3750000000
57545  -45.832  -17.431  24.642 0.6250000000
57530  -42.118  -17.425  25.870 0.2500000000
52331  -13.838  -23.418  47.879 0.7500000000
98734  -12.695  -24.292  47.820 0.8750000000
116517  -12.057  -24.651  47.493 0.8750000000
53070  -15.479  -22.359  47.621 0.6250000000
53080  -14.494  -22.575  46.723 0.6250000000
53872  -17.144  -21.552  47.873 0.6250000000
53886  -18.609  -21.248  48.175 0.6250000000
52341  -12.405  -23.692  46.194 0.7500000000
53092  -15.110  -22.046  46.229 0.6250000000
53898  -17.228  -21.114  46.691 0.6250000000
54721  -18.159  -20.926  46.986 0.6250000000
48028  -4.688  -28.522  53.089 1.0000000000
48029  -5.803  -29.178  52.931 1.0000000000
48030  -6.923  -29.318  52.564 1.0000000000
48036  -6.690  -28.327  52.120 1.0000000000
53090  -13.150  -22.768  45.300 0.7500000000
53896  -14.921  -21.796  45.135 0.6250000000
54733  -17.057  -20.709  45.468 0.6250000000
54735  -18.658  -20.397  46.055 0.6250000000
47105  -3.932  -28.858  52.963 1.0000000000
53910  -15.424  -21.302  44.697 0.6250000000
54746  -16.671  -20.515  44.426 0.6250000000
54748  -18.351  -20.096  44.826 0.6250000000
54749  -19.251  -19.913  45.109 0.6250000000
55637  -20.260  -19.750  45.409 0.6250000000
55649  -20.793  -19.286  44.857 0.6250000000
114890  -21.857  -19.183  45.470 0.6250000000
111695  -23.127  -18.790  45.837 0.6250000000
114763  -3.519  -28.436  52.951 1.0000000000
53922  -15.022  -21.135  43.811 0.6250000000
54747  -17.507  -20.282  44.608 0.6250000000
55647  -18.924  -19.663  44.129 0.6250000000
55657  -18.601  -19.327  43.286 0.5000000000
98900  -19.862  -18.508  43.369 0.5000000000
56510  -20.682  -18.225  43.718 0.5000000000
56511  -21.706  -17.728  44.269 0.5000000000
58926  -24.464  -15.404  43.605 0.5000000000
48843  -3.235  -27.113  53.132 1.0000000000
58906  -23.902  -16.043  46.476 0.5000000000
56519  -19.617  -18.038  42.826 0.5000000000
56518  -18.196  -18.776  42.425 0.5000000000
97431  -18.936  -18.061  42.384 0.5000000000
57344  -20.006  -17.355  42.938 0.5000000000
57337  -20.680  -17.463  43.518 0.5000000000
99245  -23.038  -12.719  40.060 0.5000000000
61247  -22.989  -12.044  38.167 0.2500000000
59731  -21.469  -13.795  36.373 0.5000000000
58973  -18.678  -15.830  34.364 0.6250000000
59764  -17.725  -14.826  31.610 0.3750000000
53960  -40.247  -21.994  37.751 0.8750000000
55702  -38.525  -19.700  38.159 0.8750000000
59039  -17.975  -15.046  29.077 0.3750000000
58278  -23.877  -16.599  30.001 0.6250000000
55712  -38.379  -18.689  37.829 0.7500000000
58201  -36.006  -16.390  35.039 0.7500000000
56572  -38.262  -17.624  37.119 0.7500000000
55728  -39.217  -18.449  34.616 0.6250000000
55729  -39.464  -19.310  33.877 0.6250000000
54841  -39.752  -19.966  33.207 0.7500000000
108577  -39.422  -18.708  33.512 0.6250000000
56596  -39.662  -18.480  33.100 0.5000000000
58189  -8.941  -17.086  35.006 0.1250000000
58218  -36.557  -15.643  34.456 0.6250000000
56597  -40.681  -17.909  32.943 0.3750000000
59044  -32.227  -14.430  29.608 0.5000000000
56598  -42.122  -17.119  33.068 0.3750000000
109006  -33.366  -14.163  29.526 0.3750000000
57448  -43.889  -16.379  32.634 0.3750000000
102840  -34.536  -11.227  28.659 0.1250000000
56615  -44.750  -17.007  31.658 0.3750000000
113557  -46.130  -16.883  30.696 0.3750000000
56641  -47.288  -17.515  29.501 0.5000000000
57483  -46.615  -17.279  30.142 0.3750000000
49711  -9.759  -26.152  48.697 0.8750000000
52348  -11.871  -23.354  45.604 0.7500000000
49693  -6.589  -26.919  50.902 1.0000000000
48852  -7.013  -27.611  50.987 1.0000000000
53089  -12.251  -22.808  45.127 0.7500000000
53908  -12.978  -21.757  44.127 0.7500000000
49691  -5.799  -26.745  52.022 1.0000000000
54760  -14.464  -20.799  43.117 0.6250000000
49688  -3.562  -26.682  53.435 1.0000000000
50673  -4.044  -25.853  53.467 1.0000000000
49687  -2.954  -26.171  53.219 1.0000000000
56530  -17.489  -18.410  41.635 0.5000000000
52307  -2.672  -23.723  53.177 1.0000000000
58896  -23.219  -15.389  46.815 0.5000000000
59666  -24.456  -14.281  46.966 0.5000000000
59664  -20.514  -14.991  47.070 0.5000000000
59654  -22.050  -13.608  47.715 0.5000000000
61268  -21.976  -11.357  35.972 0.1250000000
60430  -22.337  -13.528  47.448 0.3750000000
60451  -21.142  -13.257  45.301 0.3750000000
60462  -19.935  -13.410  43.669 0.3750000000
59796  -19.006  -13.947  29.130 0.3750000000
55698  -9.794  -19.608  36.843 0.3750000000
105098  -9.698  -20.201  37.489 0.5000000000
56554  -8.860  -18.244  36.854 0.3750000000
57379  -9.123  -18.019  36.113 0.2500000000
59749  -8.640  -14.314  33.454 0.1250000000
102616  -8.461  -14.999  33.654 0.1250000000
58979  -8.559  -15.623  33.298 0.1250000000
50683  -7.698  -24.874  48.912 1.0000000000
49698  -7.041  -25.587  50.148 1.0000000000
48862  -8.566  -26.958  49.938 0.8750000000
48861  -7.899  -26.819  49.910 1.0000000000
52347  -11.091  -23.298  45.736 0.7500000000
115473  -6.941  -26.353  50.386 1.0000000000
54773  -14.756  -20.280  42.516 0.6250000000
52308  -3.589  -23.082  52.832 1.0000000000
53852  -3.105  -22.222  51.533 1.0000000000
58902  -18.566  -15.498  44.375 0.5000000000
61182  -20.983  -12.656  47.146 0.3750000000
61267  -20.704  -11.569  36.023 0.2500000000
60558  -18.928  -13.509  31.706 0.2500000000
114598  -19.115  -13.256  30.304 0.2500000000
98505  -6.638  -20.525  41.459 0.8750000000
54770  -6.235  -20.758  42.092 0.8750000000
55690  -8.098  -19.229  38.775 0.8750000000
57375  -8.266  -17.654  37.305 0.6250000000
60534  -8.083  -13.440  35.473 0.1250000000
58311  -48.675  -15.750  27.696 0.5000000000
58321  -48.825  -15.666  27.050 0.5000000000
59929  -44.192  -13.955  17.979 0.1250000000
62259  -47.740  -11.795  10.600 0.1250000000
53895  -11.129  -21.948  45.023 0.7500000000
54758  -12.861  -20.696  43.300 0.7500000000
55666  -14.335  -19.795  41.982 0.6250000000
53853  -4.206  -21.865  51.971 1.0000000000
58154  -18.196  -16.788  42.010 0.5000000000
53862  -2.772  -21.161  48.782 1.0000000000
59652  -19.926  -14.467  47.720 0.5000000000
111067  -19.913  -12.499  29.748 0.2500000000
54785  -6.897  -19.786  40.535 0.8750000000
98481  -7.366  -19.757  40.052 0.8750000000
58955  -7.045  -15.885  37.691 0.3750000000
60612  -48.680  -13.572  26.741 0.6250000000
60648  -46.841  -13.869  22.650 0.7500000000
60728  -47.416  -13.271  14.779 0.2500000000
62229  -49.756  -11.534  13.871 0.2500000000
62276  -49.197  -10.760  10.181 0.2500000000
112922  -10.112  -20.913  45.490 0.7500000000
54744  -11.482  -20.416  44.050 0.7500000000
54743  -10.834  -20.389  44.587 0.7500000000
55674  -13.134  -19.085  41.707 0.5000000000
56526  -13.601  -18.499  41.058 0.5000000000
53856  -5.025  -21.321  51.442 1.0000000000
53859  -3.659  -21.258  49.746 1.0000000000
54703  -2.671  -20.745  49.222 1.0000000000
61181  -20.271  -12.224  47.634 0.2500000000
101472  -20.517  -11.469  30.086 0.2500000000
55651  -3.225  -19.151  43.139 0.8750000000
55663  -4.644  -19.880  42.378 0.8750000000
55682  -5.427  -18.885  40.852 0.8750000000
58180  -7.462  -16.393  37.382 0.3750000000
59831  -43.904  -14.782  25.241 0.2500000000
55636  -10.377  -19.586  44.825 0.8750000000
55635  -9.890  -19.562  45.600 0.7500000000
58160  -15.919  -16.301  40.965 0.5000000000
54701  -4.691  -20.874  50.486 1.0000000000
58912  -16.790  -15.306  43.323 0.5000000000
116755  -18.028  -14.809  46.744 0.3750000000
101687  -18.337  -14.164  47.751 0.3750000000
116122  -2.067  -19.974  49.038 1.0000000000
61180  -19.518  -12.000  48.101 0.2500000000
63592  -20.888  -9.389  30.140 0.2500000000
63593  -21.364  -9.430  29.664 0.2500000000
62079  -23.191  -11.637  28.435 0.2500000000
57356  -5.588  -17.902  40.084 0.7500000000
113404  -6.287  -17.715  39.407 0.7500000000
61398  -47.906  -12.584  21.316 0.6250000000
58142  -8.838  -16.199  43.766 0.6250000000
55628  -8.721  -19.711  47.538 1.0000000000
54712  -8.341  -20.811  47.965 1.0000000000
56487  -8.831  -19.098  47.531 0.8750000000
57349  -12.445  -17.724  41.182 0.5000000000
107397  -7.573  -19.956  50.020 1.0000000000
58168  -13.672  -16.145  40.370 0.5000000000
57321  -8.083  -17.251  48.569 0.8750000000
59706  -15.099  -15.022  41.782 0.3750000000
57316  -7.167  -17.602  50.240 1.0000000000
59661  -17.396  -14.930  45.930 0.3750000000
116214  -16.445  -14.660  44.538 0.3750000000
59696  -16.089  -15.015  43.090 0.3750000000
62833  -21.827  -10.691  28.780 0.2500000000
56497  -3.610  -18.238  44.274 1.0000000000
56534  -4.365  -18.264  41.440 0.8750000000
62208  -50.204  -11.502  15.640 0.3750000000
112350  -51.935  -9.817  13.565 0.3750000000
58892  -8.086  -16.080  44.948 0.7500000000
58919  -8.640  -15.151  42.638 0.6250000000
102737  -11.882  -14.938  40.382 0.5000000000
58126  -8.177  -16.890  47.510 0.7500000000
59682  -15.026  -14.184  43.200 0.3750000000
59683  -15.693  -14.541  43.567 0.3750000000
65131  -22.256  -7.046  31.070 0.2500000000
109055  -16.196  -14.408  45.129 0.3750000000
112841  -16.949  -14.124  48.700 0.2500000000
101975  -4.093  -17.823  45.245 1.0000000000
58164  -4.315  -16.822  40.766 0.7500000000
64485  -52.531  -7.657  12.721 0.3750000000
60482  -13.245  -13.556  41.384 0.3750000000
113279  -6.755  -15.021  47.068 0.7500000000
60446  -14.064  -13.114  44.230 0.3750000000
60458  -13.916  -13.213  43.270 0.3750000000
59659  -15.796  -14.208  45.867 0.3750000000
57311  -4.613  -16.523  51.559 0.8750000000
61178  -17.351  -11.918  47.729 0.2500000000
65230  -51.962  -6.803  13.557 0.3750000000
61227  -9.993  -12.683  40.670 0.3750000000
60435  -6.193  -13.874  45.340 0.7500000000
61221  -11.448  -12.263  41.026 0.3750000000
59638  -6.357  -14.608  48.837 0.7500000000
58116  -4.311  -16.126  51.972 0.8750000000
62881  -49.776  -9.973  22.923 0.6250000000
64469  -51.723  -7.681  15.294 0.3750000000
64501  -50.761  -7.494  12.243 0.3750000000
60456  -6.415  -13.175  43.424 0.6250000000
60468  -6.797  -12.911  42.658 0.6250000000
100887  -5.474  -13.442  49.359 0.7500000000
61220  -10.730  -12.373  40.730 0.3750000000
59628  -3.759  -14.918  52.175 0.8750000000
58874  -4.020  -15.534  52.373 0.8750000000
60414  -13.973  -13.411  47.757 0.2500000000
60408  -15.043  -13.434  49.422 0.2500000000
60467  -2.974  -14.041  42.952 0.6250000000
62751  -1.448  -10.361  38.311 0.5000000000
65074  -3.581  -8.308  36.955 0.3750000000
62892  -50.096  -9.861  22.181 0.6250000000
62905  -50.664  -9.833  21.174 0.6250000000
63676  -50.420  -9.630  21.275 0.6250000000
62154  -51.222  -10.152  20.181 0.6250000000
62920  -51.460  -9.558  19.113 0.6250000000
63695  -51.288  -9.154  18.654 0.6250000000
61937  -4.797  -11.549  45.083 0.7500000000
61963  -7.284  -11.690  41.740 0.5000000000
61218  -8.629  -11.831  41.098 0.3750000000
108538  -8.851  -11.050  41.188 0.3750000000
60401  -4.387  -13.284  52.437 0.7500000000
61150  -3.759  -12.831  52.607 0.7500000000
61965  -11.602  -11.189  42.826 0.3750000000
63512  -1.027  -10.076  39.882 0.5000000000
103631  -4.353  -7.463  36.416 0.1250000000
65856  -3.431  -6.995  36.044 0.1250000000
108714  -4.302  -11.384  47.786 0.7500000000
61149  -3.481  -12.281  52.206 0.7500000000
62735  -9.453  -10.614  41.485 0.3750000000
60443  -2.983  -13.635  44.921 0.6250000000
62706  -4.535  -10.285  45.409 0.6250000000
61935  -1.634  -11.383  45.432 0.6250000000
61960  -1.511  -11.571  42.803 0.6250000000
63463  -3.208  -8.295  49.929 0.6250000000
63473  -4.487  -9.664  45.873 0.5000000000
63493  -5.957  -9.429  42.916 0.5000000000
63494  -6.737  -9.521  42.310 0.5000000000
64273  -7.343  -8.944  42.216 0.5000000000
64274  -8.450  -8.540  42.247 0.5000000000
101368  -1.483  -4.309  36.851 0.1250000000
102693  -3.886  -6.629  48.695 0.5000000000
63459  -1.937  -8.627  50.263 0.6250000000
64996  -2.390  -6.746  49.046 0.5000000000
62685  -1.329  -10.170  49.449 0.6250000000
65822  -4.397  -6.343  39.701 0.5000000000
68196  -3.523  -3.552  37.177 0.2500000000
102265  -1.835  -1.867  35.954 0.2500000000
67434  -2.195  -3.315  35.027 0.1250000000
64993  -2.854  -6.980  49.517 0.5000000000
65745  -3.221  -6.510  49.225 0.5000000000
66535  -2.567  -5.347  48.519 0.5000000000
65744  -2.155  -6.015  48.264 0.5000000000
105993  -10.500  -9.395  43.795 0.3750000000
65811  -4.828  -6.254  40.129 0.5000000000
68946  -4.938  -2.423  35.981 0.3750000000
106019  -1.917  -2.025  34.973 0.1250000000
66536  -3.891  -5.056  48.555 0.5000000000
65740  -3.175  -6.006  49.028 0.5000000000
65741  -3.331  -5.371  48.786 0.5000000000
65751  -4.960  -5.231  46.709 0.5000000000
66582  -8.112  -5.851  42.681 0.3750000000
67336  -2.602  -4.456  47.276 0.5000000000
67357  -4.542  -4.156  43.603 0.5000000000
66619  -4.912  -5.265  38.581 0.3750000000
70306  -2.683  -0.991  35.772 0.1250000000
69639  -1.815  -1.274  34.916 0.1250000000
69645  -2.260  -1.789  34.399 0.1250000000
66541  -4.452  -5.128  47.973 0.5000000000
67356  -3.831  -3.968  44.378 0.5000000000
68143  -3.472  -3.144  44.758 0.5000000000
69579  -4.580  -1.806  43.493 0.5000000000
68129  -3.580  -3.458  46.971 0.5000000000
68878  -4.232  -2.877  46.351 0.5000000000
68877  -3.706  -2.872  46.208 0.5000000000
70258  -3.504  -0.491  43.947 0.5000000000
68154  -7.946  -3.364  43.583 0.3750000000
68164  -9.221  -4.125  42.683 0.3750000000
69560  -4.719  -1.527  45.607 0.5000000000
68891  -7.026  -2.122  44.360 0.5000000000
69569  -7.019  -1.414  44.229 0.5000000000
103976  -9.957  -1.851  43.388 0.3750000000
70250  -7.477  -0.764  43.707 0.5000000000
70947  -6.597  0.751  43.868 0.5000000000
70949  -8.646  0.695  43.521 0.5000000000
71741  -3.613  1.455  44.588 0.5000000000
112941  -11.038  -2.410  43.934 0.3750000000
70251  -10.384  -0.678  44.316 0.3750000000
70950  -9.344  0.488  43.760 0.5000000000
71744  -9.394  1.583  44.673 0.3750000000
70928  -9.840  0.944  45.024 0.3750000000
34872  -9.782  -45.015  45.241 0.3750000000
97027  -11.234  -44.597  44.723 0.3750000000
34874  -12.004  -44.687  45.169 0.5000000000
34888  -12.809  -44.400  44.588 0.3750000000
115009  -9.019  -45.131  45.217 0.3750000000
34873  -10.565  -44.886  45.245 0.3750000000
34889  -13.769  -44.125  44.027 0.5000000000
112202  -14.373  -43.973  43.362 0.5000000000
99394  -15.042  -43.861  43.252 0.5000000000
34891  -15.599  -43.891  44.060 0.5000000000
35690  -15.944  -43.815  43.419 0.5000000000
35678  -16.957  -43.851  43.768 0.5000000000
34894  -5.979  -44.819  43.478 0.1250000000
34882  -6.978  -44.886  44.001 0.1250000000
34883  -7.806  -44.879  44.031 0.3750000000
34887  -12.067  -44.296  44.068 0.3750000000
34890  -14.689  -43.900  44.035 0.5000000000
96858  -8.410  -45.002  44.614 0.3750000000
35667  -16.992  -44.069  44.644 0.5000000000
35668  -18.101  -44.010  44.378 0.5000000000
35669  -18.865  -43.935  44.743 0.5000000000
36605  -19.339  -43.617  45.410 0.5000000000
114792  -19.978  -43.491  45.764 0.5000000000
35677  -16.530  -43.984  44.107 0.5000000000
112855  -17.376  -44.012  44.190 0.5000000000
36595  -21.379  -43.256  45.997 0.5000000000
34871  -7.693  -45.146  44.964 0.3750000000
96861  -9.317  -45.353  46.384 0.3750000000
96860  -10.303  -45.226  46.526 0.3750000000
36604  -18.159  -43.939  45.133 0.5000000000
36593  -18.737  -43.095  46.009 0.5000000000
115387  -17.645  -44.073  44.628 0.5000000000
99454  -20.764  -42.751  46.671 0.5000000000
37499  -21.795  -42.157  47.613 0.6250000000
39943  2.719  -37.423  44.803 0.3750000000
43265  0.218  -34.200  41.920 0.3750000000
44043  0.186  -33.333  40.301 0.3750000000
115912  0.329  -32.614  40.112 0.6250000000
44835  -0.180  -32.066  40.438 0.7500000000
45608  0.398  -31.264  40.244 0.7500000000
34870  -6.932  -45.233  45.297 0.2500000000
34862  -7.591  -45.425  46.222 0.3750000000
34852  -8.817  -45.503  47.631 0.3750000000
96862  -8.418  -45.357  45.999 0.3750000000
96859  -11.204  -44.947  45.798 0.5000000000
34876  -13.415  -44.477  44.960 0.5000000000
37498  -20.172  -42.163  47.043 0.5000000000
38402  -22.667  -40.664  48.361 0.6250000000
34901  -14.468  -43.981  42.619 0.3750000000
100909  2.715  -36.058  44.583 0.3750000000
43249  1.814  -34.863  44.412 0.3750000000
43257  1.077  -34.792  43.155 0.3750000000
100175  -0.376  -33.699  42.157 0.3750000000
44825  -1.014  -32.191  41.121 0.5000000000
110092  -0.734  -31.251  40.845 0.7500000000
46411  0.222  -30.405  40.488 0.7500000000
34851  -8.075  -45.487  47.440 0.3750000000
34853  -9.617  -45.368  47.898 0.3750000000
34875  -12.711  -44.778  45.657 0.5000000000
34877  -14.247  -44.272  44.705 0.5000000000
36594  -19.497  -42.659  46.405 0.5000000000
37483  -20.925  -41.316  47.833 0.6250000000
39158  -23.401  -37.994  47.292 0.7500000000
99652  -23.195  -39.221  48.156 0.6250000000
44042  -31.833  -33.299  41.743 0.7500000000
44816  -1.629  -32.499  41.946 0.7500000000
113075  -7.752  -45.340  48.671 0.3750000000
34842  -8.406  -45.311  48.745 0.3750000000
34854  -10.488  -45.090  48.137 0.5000000000
110059  -11.146  -45.110  47.073 0.5000000000
34863  -11.911  -44.994  46.315 0.5000000000
36588  -8.781  -42.095  46.256 0.5000000000
36589  -9.556  -41.995  45.999 0.6250000000
115041  -13.277  -44.678  45.579 0.3750000000
35663  -17.434  -44.038  45.308 0.5000000000
35666  -16.142  -44.125  44.678 0.5000000000
38401  -21.593  -40.329  48.546 0.6250000000
39157  -22.141  -38.769  48.378 0.7500000000
39951  -22.659  -37.831  45.740 0.7500000000
39966  -22.878  -37.634  44.843 0.7500000000
40789  -23.423  -37.222  44.536 0.7500000000
44833  -31.797  -32.603  41.534 0.7500000000
45585  -25.810  -31.123  45.167 0.8750000000
44807  -26.142  -31.938  45.824 0.7500000000
48115  -0.561  -28.138  38.503 0.6250000000
47222  -1.379  -29.152  38.168 0.6250000000
107436  -2.188  -29.882  37.960 0.6250000000
47251  -3.847  -28.943  36.133 0.3750000000
47223  -2.152  -29.021  37.585 0.5000000000
47233  -2.785  -28.873  37.007 0.5000000000
106747  -3.214  -28.712  36.465 0.5000000000
47224  -2.877  -29.729  37.454 0.5000000000
34843  -9.048  -45.192  48.857 0.5000000000
34844  -9.741  -44.998  49.025 0.5000000000
35645  -8.597  -44.735  49.491 0.3750000000
34855  -11.782  -45.003  47.525 0.5000000000
36561  -8.419  -43.222  49.220 0.5000000000
100573  -9.196  -42.928  48.846 0.5000000000
34864  -12.477  -45.003  46.707 0.5000000000
36575  -8.574  -42.512  47.644 0.5000000000
36576  -9.334  -42.350  47.349 0.5000000000
99131  -13.853  -44.526  45.414 0.6250000000
113834  -14.536  -44.362  45.217 0.5000000000
34878  -15.173  -44.169  44.771 0.5000000000
35662  -16.650  -44.195  45.348 0.5000000000
39174  -22.439  -37.927  47.090 0.7500000000
114192  -24.068  -36.407  43.556 0.7500000000
40780  -23.923  -36.912  45.611 0.7500000000
42443  -25.119  -34.995  44.848 0.8750000000
43260  -24.883  -34.307  43.058 0.8750000000
45584  -25.485  -31.098  44.256 0.8750000000
44059  -30.184  -32.566  39.423 0.5000000000
97196  -25.546  -33.040  43.942 0.8750000000
48148  -3.855  -28.296  35.297 0.2500000000
48149  -4.726  -28.547  34.815 0.2500000000
47271  -5.596  -29.215  34.684 0.1250000000
48158  -6.001  -28.993  34.004 0.1250000000
47280  -6.723  -29.543  33.852 0.1250000000
48124  -1.353  -28.069  37.667 0.6250000000
48135  -3.113  -28.101  35.761 0.5000000000
47252  -4.554  -29.192  35.631 0.2500000000
35646  -9.164  -44.184  49.489 0.5000000000
115985  -11.132  -45.015  47.891 0.6250000000
36562  -9.811  -43.846  49.305 0.5000000000
100722  -9.903  -42.714  48.431 0.5000000000
34856  -12.622  -45.037  47.476 0.6250000000
98254  -10.117  -42.130  47.064 0.6250000000
37491  -10.362  -41.871  45.677 0.6250000000
34865  -13.340  -44.900  46.385 0.6250000000
34867  -14.996  -44.369  45.542 0.6250000000
37482  -20.237  -40.907  48.164 0.6250000000
35660  -15.393  -44.364  46.213 0.6250000000
35657  -16.302  -44.268  46.271 0.5000000000
110162  -17.088  -43.939  46.301 0.5000000000
39965  -22.300  -37.938  44.551 0.7500000000
40788  -22.757  -37.645  43.890 0.7500000000
105059  -23.664  -36.588  42.883 0.7500000000
41682  -22.214  -35.936  38.962 0.8750000000
41668  -22.273  -36.418  39.713 0.8750000000
42466  -22.798  -36.202  40.232 0.8750000000
41625  -23.811  -36.763  43.859 0.7500000000
42491  -21.882  -35.649  38.146 0.8750000000
43296  -21.996  -34.628  37.123 0.8750000000
44856  -29.083  -32.232  39.148 0.3750000000
48967  -3.954  -27.559  34.612 0.2500000000
48157  -5.257  -28.401  34.114 0.2500000000
48125  -1.973  -27.998  36.908 0.6250000000
48134  -2.508  -28.027  36.246 0.6250000000
35647  -10.418  -44.552  49.087 0.6250000000
34845  -11.150  -44.775  48.447 0.7500000000
34846  -12.010  -44.818  48.200 0.6250000000
115808  -10.386  -43.477  49.067 0.7500000000
34858  -14.111  -44.802  46.802 0.6250000000
35655  -14.816  -44.279  47.258 0.6250000000
111101  -14.706  -44.499  46.234 0.6250000000
37496  -19.042  -41.633  47.243 0.5000000000
36581  -16.550  -43.433  47.179 0.6250000000
36592  -17.775  -43.183  46.353 0.5000000000
37479  -18.163  -41.623  47.381 0.5000000000
36591  -17.114  -43.040  47.164 0.6250000000
39147  -21.164  -39.136  48.793 0.7500000000
108956  -21.252  -38.204  48.051 0.7500000000
39950  -21.932  -38.113  45.514 0.7500000000
39173  -21.573  -38.137  46.835 0.7500000000
40822  -21.580  -37.369  40.449 0.7500000000
40809  -21.993  -37.749  42.035 0.7500000000
40799  -22.506  -37.698  42.888 0.7500000000
40836  -21.170  -37.318  39.676 0.8750000000
41667  -21.809  -36.957  39.878 0.8750000000
40823  -22.143  -37.293  41.281 0.7500000000
41643  -22.759  -36.796  41.341 0.7500000000
40810  -22.839  -37.150  42.190 0.7500000000
41691  -21.088  -36.104  37.652 0.8750000000
111367  -21.551  -36.253  38.458 0.8750000000
41681  -21.549  -36.709  39.150 0.8750000000
43303  -20.964  -34.573  35.927 0.8750000000
109851  -20.978  -35.576  36.930 0.8750000000
42497  -21.603  -35.333  37.378 0.8750000000
45640  -28.161  -31.824  38.790 0.5000000000
42506  -21.343  -34.958  36.622 0.8750000000
48966  -3.231  -27.236  35.199 0.5000000000
110970  -1.330  -26.517  37.431 0.7500000000
48957  -1.807  -26.301  36.948 0.6250000000
48959  -2.648  -27.384  35.780 0.6250000000
48951  -1.482  -27.091  37.075 0.7500000000
36563  -11.014  -43.845  48.981 0.7500000000
35648  -11.635  -44.144  48.689 0.7500000000
34847  -12.761  -44.755  48.160 0.7500000000
36577  -10.778  -42.504  48.211 0.7500000000
34857  -13.398  -44.926  47.550 0.6250000000
36590  -10.911  -41.967  46.670 0.7500000000
37492  -11.200  -41.773  45.419 0.7500000000
35654  -14.030  -44.470  47.730 0.6250000000
113735  -10.689  -41.515  44.415 0.8750000000
35656  -15.680  -43.659  47.333 0.6250000000
37497  -19.705  -41.593  47.406 0.5000000000
104520  -17.255  -41.596  47.742 0.6250000000
113100  -20.551  -39.273  48.991 0.6250000000
38393  -20.799  -40.080  48.861 0.6250000000
39949  -21.085  -38.377  45.261 0.7500000000
39980  -20.593  -38.493  42.724 0.7500000000
39981  -21.338  -38.314  43.148 0.7500000000
39964  -21.573  -38.279  44.238 0.7500000000
39996  -20.464  -38.353  41.734 0.7500000000
39997  -21.231  -38.192  42.212 0.7500000000
112236  -21.828  -38.058  42.702 0.7500000000
40835  -20.435  -37.635  39.439 0.8750000000
40853  -20.850  -37.210  39.017 0.7500000000
41690  -20.274  -36.780  37.651 0.8750000000
41680  -20.924  -36.782  38.388 0.8750000000
42510  -20.233  -34.880  35.664 0.8750000000
42505  -20.591  -35.308  36.288 0.8750000000
45639  -27.619  -31.198  38.399 0.6250000000
48965  -2.742  -26.547  35.815 0.6250000000
49861  -3.406  -26.316  35.359 0.5000000000
48977  -4.146  -26.954  34.155 0.2500000000
49839  -2.413  -26.105  36.452 0.7500000000
35649  -12.364  -43.874  48.584 0.7500000000
36564  -11.753  -42.801  48.579 0.7500000000
116673  -11.585  -41.864  46.237 0.7500000000
35650  -13.348  -43.849  48.401 0.6250000000
35652  -14.900  -43.287  47.871 0.6250000000
36580  -15.791  -42.399  47.736 0.6250000000
37478  -16.210  -41.655  47.854 0.6250000000
37480  -18.657  -40.389  48.415 0.6250000000
37481  -19.525  -40.620  48.345 0.5000000000
38391  -19.295  -39.574  48.765 0.7500000000
39146  -19.865  -38.791  48.727 0.7500000000
38392  -20.118  -39.854  48.864 0.6250000000
39171  -19.777  -38.479  46.000 0.7500000000
39156  -20.574  -38.437  48.279 0.7500000000
103099  -19.269  -38.794  44.890 0.7500000000
39184  -20.165  -38.718  44.815 0.7500000000
39172  -20.601  -38.323  46.730 0.7500000000
39978  -19.074  -38.701  41.985 0.7500000000
39195  -19.316  -38.715  42.794 0.7500000000
39962  -19.942  -38.733  43.405 0.7500000000
39963  -20.772  -38.552  43.868 0.7500000000
40010  -19.479  -38.407  40.511 0.7500000000
98433  -20.270  -38.240  40.805 0.7500000000
40851  -19.434  -37.673  38.614 0.8750000000
40023  -19.733  -37.869  39.231 0.7500000000
41697  -19.408  -36.142  36.595 0.8750000000
98787  -19.671  -36.627  37.143 0.8750000000
40852  -20.175  -37.398  38.537 0.8750000000
43308  -19.140  -34.351  35.468 0.8750000000
41698  -20.291  -36.100  36.807 0.8750000000
44884  -19.058  -32.747  34.822 0.8750000000
46436  -27.363  -30.410  37.290 0.6250000000
46449  -17.591  -30.498  35.248 0.8750000000
45666  -18.839  -31.360  34.801 0.8750000000
49840  -3.086  -25.937  35.995 0.6250000000
48976  -3.739  -26.628  34.664 0.3750000000
36578  -11.580  -42.086  47.464 0.7500000000
36565  -12.761  -42.599  48.480 0.7500000000
36566  -13.706  -42.579  48.372 0.6250000000
36567  -14.387  -42.601  48.236 0.6250000000
37470  -15.081  -42.358  47.925 0.6250000000
38388  -16.308  -40.019  48.484 0.7500000000
38389  -17.515  -39.966  48.566 0.7500000000
38390  -18.379  -39.165  48.687 0.6250000000
39144  -17.585  -38.643  48.267 0.7500000000
112771  -18.306  -38.452  47.986 0.7500000000
39145  -19.041  -38.595  48.216 0.7500000000
101057  -17.898  -38.321  47.193 0.7500000000
39154  -18.726  -38.304  47.240 0.7500000000
113113  -19.156  -38.425  46.275 0.7500000000
39155  -19.674  -38.337  47.414 0.7500000000
39181  -17.732  -38.795  44.819 0.7500000000
39170  -18.371  -38.579  45.783 0.7500000000
116209  -17.380  -38.547  41.925 0.7500000000
39194  -18.492  -38.761  42.920 0.7500000000
39182  -18.447  -38.832  44.228 0.7500000000
39183  -19.186  -38.787  43.649 0.7500000000
39993  -17.352  -38.506  41.069 0.7500000000
40009  -18.705  -38.485  40.254 0.7500000000
40849  -17.818  -37.697  38.408 0.8750000000
40021  -17.759  -38.163  39.156 0.7500000000
40034  -19.046  -38.021  39.066 0.7500000000
40863  -18.362  -37.219  37.733 0.8750000000
41689  -18.882  -36.670  37.127 0.8750000000
40864  -19.382  -37.239  37.818 0.8750000000
44098  -17.743  -33.038  35.799 0.8750000000
43302  -18.349  -34.411  35.893 0.8750000000
42504  -19.070  -35.512  36.184 0.8750000000
44882  -17.720  -32.100  35.436 0.8750000000
105550  -18.306  -32.678  35.263 0.8750000000
46448  -16.816  -30.544  35.535 0.8750000000
50762  -3.744  -25.988  35.499 0.3750000000
36579  -12.512  -41.946  47.787 0.7500000000
37477  -15.035  -41.070  47.934 0.7500000000
105597  -15.492  -40.104  48.285 0.7500000000
116446  -16.293  -38.711  47.514 0.7500000000
39143  -16.613  -38.965  48.437 0.7500000000
39168  -16.664  -38.376  46.033 0.7500000000
39153  -16.961  -38.436  47.190 0.7500000000
39948  -16.867  -38.508  44.784 0.7500000000
39976  -16.837  -38.395  42.521 0.7500000000
96369  -16.801  -38.450  43.511 0.7500000000
40834  -17.011  -37.855  38.831 0.8750000000
40008  -17.761  -38.457  40.028 0.7500000000
110629  -17.035  -37.418  38.282 0.8750000000
43301  -17.470  -34.373  36.525 0.8750000000
41695  -17.629  -35.928  36.843 0.8750000000
44085  -17.895  -33.809  35.996 0.8750000000
45659  -16.702  -31.167  35.808 0.8750000000
47261  -29.544  -29.574  35.194 0.3750000000
100229  -12.002  -41.695  45.376 0.7500000000
103477  -12.166  -41.316  43.870 0.8750000000
37514  -11.667  -41.524  44.491 0.7500000000
37469  -13.407  -41.855  47.991 0.7500000000
37530  -11.457  -41.263  43.657 0.8750000000
112749  -14.318  -41.757  47.982 0.7500000000
115249  -14.028  -41.385  47.529 0.7500000000
37476  -14.556  -40.830  47.451 0.7500000000
38387  -15.099  -39.860  47.728 0.7500000000
115915  -15.488  -39.307  47.390 0.7500000000
39151  -15.790  -38.814  46.766 0.7500000000
39142  -15.808  -39.294  48.083 0.7500000000
39936  -14.953  -37.908  44.967 0.7500000000
39152  -16.282  -38.410  46.440 0.7500000000
40808  -14.856  -36.847  42.018 0.8750000000
100132  -15.096  -37.125  43.576 0.7500000000
39961  -15.872  -37.796  44.379 0.7500000000
39947  -16.024  -38.003  45.458 0.7500000000
39991  -15.638  -37.541  41.340 0.8750000000
113232  -16.356  -38.054  42.169 0.7500000000
40832  -15.735  -37.077  39.145 0.8750000000
40833  -16.301  -37.786  39.460 0.8750000000
40007  -16.725  -38.263  40.227 0.7500000000
40848  -16.678  -36.883  37.990 0.8750000000
43295  -16.933  -34.779  37.004 0.8750000000
41687  -17.204  -36.420  37.375 0.8750000000
44084  -17.422  -33.557  36.423 0.8750000000
47245  -30.577  -29.360  36.055 0.5000000000
47276  -29.827  -29.582  34.369 0.3750000000
114253  -30.182  -29.560  34.880 0.3750000000
47277  -30.998  -29.578  34.618 0.3750000000
37515  -12.503  -41.398  44.553 0.7500000000
113987  -13.101  -41.665  47.474 0.7500000000
38399  -14.607  -40.255  46.544 0.7500000000
38412  -14.558  -39.607  45.493 0.7500000000
38400  -15.131  -39.371  46.604 0.7500000000
114744  -13.861  -37.301  43.800 0.7500000000
39167  -14.474  -38.334  44.921 0.7500000000
39150  -15.179  -38.509  45.748 0.7500000000
39937  -15.628  -38.164  45.710 0.7500000000
40807  -13.574  -36.325  42.483 0.8750000000
40787  -14.162  -37.076  43.718 0.7500000000
99187  -14.940  -37.413  44.329 0.7500000000
41656  -14.728  -36.464  40.584 0.8750000000
115354  -15.312  -36.868  39.760 0.8750000000
40820  -15.227  -37.107  40.960 0.8750000000
42490  -16.195  -35.858  38.043 0.8750000000
108481  -31.030  -29.471  35.423 0.3750000000
96854  -30.582  -29.580  33.690 0.3750000000
96850  -30.779  -29.499  32.184 0.2500000000
96851  -31.113  -29.572  33.009 0.3750000000
37493  -12.224  -41.764  46.477 0.7500000000
97894  -12.909  -41.549  46.675 0.7500000000
107726  -12.757  -41.472  45.539 0.7500000000
37516  -13.331  -41.035  44.757 0.7500000000
37475  -13.494  -41.407  47.079 0.7500000000
38421  -13.474  -40.368  43.891 0.7500000000
38411  -13.880  -40.326  44.796 0.7500000000
38398  -13.978  -40.622  45.626 0.7500000000
39974  -13.095  -37.389  42.906 0.8750000000
39192  -13.267  -39.035  42.622 0.7500000000
39180  -13.674  -39.229  43.780 0.7500000000
40805  -12.761  -36.202  41.943 0.8750000000
40806  -13.089  -36.514  42.663 0.8750000000
111108  -13.945  -38.338  44.326 0.7500000000
39166  -14.029  -39.375  44.532 0.7500000000
41654  -12.901  -35.789  41.550 0.8750000000
40786  -13.521  -37.054  43.381 0.7500000000
42465  -13.119  -35.308  40.846 0.8750000000
41655  -13.410  -35.782  41.608 0.8750000000
47278  -32.336  -29.661  34.477 0.3750000000
47286  -32.573  -29.663  33.780 0.3750000000
114652  -31.631  -29.620  33.783 0.3750000000
47285  -32.011  -29.580  33.149 0.3750000000
96849  -31.613  -29.522  32.437 0.3750000000
97809  -30.505  -29.411  31.309 0.1250000000
47306  -31.334  -29.462  31.670 0.2500000000
47319  -30.736  -29.291  30.533 0.1250000000
37543  -12.200  -41.080  43.212 0.8750000000
38435  -12.211  -40.692  42.479 0.8750000000
37531  -12.820  -41.076  43.800 0.7500000000
39191  -12.783  -40.098  42.407 0.8750000000
38420  -12.790  -40.583  43.111 0.8750000000
47296  -32.771  -29.593  33.132 0.3750000000
47307  -32.061  -29.458  31.962 0.2500000000
96716  -33.854  -30.010  34.627 0.3750000000
111872  -33.123  -29.766  34.277 0.3750000000
47287  -33.482  -29.809  33.783 0.3750000000
114459  -32.254  -29.533  32.633 0.3750000000
47308  -32.529  -29.445  31.471 0.2500000000
46465  -34.363  -30.214  34.287 0.3750000000
47297  -33.440  -29.685  32.872 0.3750000000
102040  -32.737  -29.543  32.360 0.3750000000
46466  -35.263  -30.486  34.910 0.3750000000
46473  -34.154  -29.974  33.365 0.3750000000
47309  -33.285  -29.600  31.919 0.3750000000
104816  -33.020  -29.496  30.786 0.3750000000
46474  -34.833  -30.365  33.751 0.3750000000
46475  -35.679  -30.629  34.137 0.3750000000
46483  -34.635  -30.095  32.901 0.3750000000
46484  -35.296  -30.322  32.984 0.3750000000
46491  -34.855  -30.053  31.932 0.3750000000
46476  -36.631  -30.667  34.648 0.6250000000
46498  -34.475  -29.761  30.876 0.3750000000
46503  -34.263  -29.787  29.922 0.3750000000
46497  -33.694  -29.648  30.393 0.3750000000
113145  -33.628  -29.803  29.520 0.3750000000
112223  -37.126  -30.572  34.009 0.5000000000
46486  -37.495  -30.444  33.201 0.5000000000
46485  -36.360  -30.525  33.077 0.3750000000
46493  -36.214  -30.264  32.012 0.3750000000
46492  -35.674  -30.197  31.507 0.3750000000
46504  -35.012  -29.851  30.299 0.3750000000
99014  -35.467  -29.727  29.911 0.3750000000
46509  -34.019  -30.042  29.047 0.3750000000
47332  -34.862  -29.854  29.340 0.3750000000
47343  -33.817  -29.883  28.213 0.2500000000
47344  -34.453  -29.816  28.580 0.2500000000
47358  -34.446  -29.393  27.801 0.1250000000
61958  -17.037  -11.842  43.233 0.2500000000
61205  -17.623  -12.231  43.431 0.2500000000
47298  -37.987  -29.997  32.682 0.6250000000
47310  -36.402  -30.014  31.325 0.3750000000
47321  -35.796  -29.978  30.646 0.3750000000
49027  -35.095  -28.046  27.563 0.1250000000
49996  -35.572  -26.588  27.726 0.1250000000
51654  -36.712  -24.750  28.141 0.3750000000
51675  -36.693  -24.811  27.159 0.3750000000
48207  -34.630  -28.639  27.172 0.1250000000
52442  -37.724  -23.693  27.915 0.3750000000
65760  -13.551  -6.679  45.873 0.2500000000
65009  -13.178  -7.627  45.230 0.2500000000
64255  -13.298  -8.393  45.776 0.2500000000
63476  -13.598  -9.208  45.582 0.2500000000
64259  -13.331  -8.659  44.698 0.2500000000
111006  -13.870  -9.350  44.711 0.2500000000
62714  -14.966  -10.233  44.749 0.2500000000
61956  -16.028  -11.091  44.041 0.2500000000
63477  -14.315  -9.770  45.155 0.2500000000
47322  -36.590  -29.562  30.575 0.3750000000
47333  -35.581  -29.420  29.241 0.3750000000
50854  -36.873  -25.769  29.400 0.3750000000
47345  -35.109  -29.337  28.489 0.2500000000
48197  -35.382  -28.439  28.239 0.2500000000
49019  -35.514  -27.445  28.159 0.1250000000
49993  -36.333  -26.400  29.036 0.3750000000
50870  -36.436  -25.491  28.643 0.3750000000
48208  -34.988  -28.830  27.817 0.1250000000
50869  -35.903  -25.999  28.217 0.2500000000
50882  -36.259  -25.359  27.730 0.3750000000
51655  -37.359  -24.295  28.441 0.3750000000
65004  -13.448  -7.522  46.348 0.2500000000
48181  -37.482  -28.637  30.662 0.3750000000
48180  -36.760  -28.893  30.000 0.3750000000
48189  -35.628  -28.887  28.766 0.2500000000
48198  -35.858  -28.169  28.767 0.3750000000
49020  -36.111  -27.319  28.901 0.3750000000
49989  -37.019  -26.570  29.737 0.3750000000
49010  -37.097  -27.991  29.989 0.3750000000
102761  -36.431  -28.083  29.388 0.5000000000
59108  -44.844  -15.934  22.388 0.5000000000
59120  -44.519  -15.353  21.661 0.3750000000
63684  -50.875  -9.078  19.848 0.5000000000
63688  -49.708  -9.233  18.404 0.5000000000
34860  -6.321  -45.563  47.284 0.3750000000
34131  -5.242  -45.082  43.993 0.1250000000
112439  -6.664  -44.589  42.738 0.1250000000
34141  -5.035  -44.765  42.138 0.1250000000
34136  -5.124  -44.971  43.028 0.1250000000
113091  -5.747  -44.692  42.658 0.1250000000
34881  -6.128  -45.091  44.558 0.1250000000
34869  -6.216  -45.383  45.786 0.2500000000
36560  -7.618  -43.022  49.134 0.5000000000
34861  -6.954  -45.493  46.679 0.3750000000
34841  -7.437  -45.111  49.404 0.3750000000
36574  -7.858  -42.541  47.847 0.5000000000
41612  -25.440  -36.017  45.981 0.7500000000
44022  -25.650  -33.596  44.944 0.8750000000
42435  -25.558  -35.386  45.707 0.8750000000
41611  -24.477  -36.309  45.499 0.7500000000
43253  -25.400  -34.306  44.820 0.8750000000
42434  -24.813  -35.669  45.035 0.8750000000
41603  -25.370  -36.657  46.416 0.7500000000
39952  -23.323  -37.414  45.928 0.7500000000
44813  -25.681  -31.986  44.509 0.8750000000
43261  -25.294  -33.926  43.948 0.8750000000
42509  -19.562  -34.989  35.684 0.8750000000
105825  -19.895  -35.568  36.099 0.8750000000
44875  -16.978  -31.992  35.954 0.8750000000
42450  -23.935  -35.887  42.321 0.8750000000
41644  -23.313  -36.431  41.815 0.7500000000
42478  -22.794  -35.799  39.662 0.8750000000
42492  -22.511  -35.232  38.520 0.8750000000
42498  -22.248  -34.995  37.816 0.8750000000
42477  -14.711  -35.522  39.262 0.8750000000
41678  -15.617  -36.293  38.682 0.8750000000
47256  -16.343  -29.866  35.715 0.8750000000
41634  -24.271  -36.004  43.308 0.7500000000
42442  -24.681  -35.465  44.038 0.8750000000
112431  -12.616  -38.590  40.910 0.8750000000
41665  -13.991  -35.559  40.416 0.8750000000
104966  2.665  -38.082  44.482 0.3750000000
36587  -7.992  -42.202  46.449 0.5000000000
42438  2.366  -35.468  44.480 0.3750000000
43252  -24.990  -34.690  43.936 0.8750000000
45631  -29.723  -31.743  39.810 0.3750000000
46374  -25.952  -30.338  45.640 0.8750000000
45630  -28.647  -31.393  39.441 0.5000000000
106743  0.313  -28.632  38.950 0.6250000000
101088  -37.191  -29.486  31.218 0.5000000000
110999  -37.705  -27.678  30.494 0.5000000000
58338  -44.876  -17.123  23.330 0.3750000000
63689  -50.906  -8.913  19.032 0.5000000000
63701  -50.734  -8.717  17.208 0.5000000000
41666  -15.016  -36.337  39.598 0.8750000000
39203  -12.752  -39.572  41.843 0.8750000000
39204  -12.887  -38.395  41.839 0.8750000000
39990  -12.798  -36.920  42.346 0.8750000000
44037  -0.903  -32.987  41.441 0.3750000000
47311  -37.702  -29.601  31.942 0.3750000000
115492  -37.246  -27.248  30.034 0.5000000000
50871  -37.044  -24.985  28.981 0.3750000000
44824  -0.448  -32.805  40.693 0.3750000000
44036  -0.332  -33.541  41.069 0.3750000000
44834  1.170  -31.726  39.623 0.6250000000
103050  -7.503  -45.509  47.457 0.3750000000
42447  1.974  -35.246  43.716 0.3750000000
34850  -7.102  -45.419  48.428 0.3750000000
35661  -15.802  -44.326  45.388 0.5000000000
44023  -25.876  -32.821  45.314 0.8750000000
47234  -3.556  -29.608  36.820 0.2500000000
47235  -4.387  -29.895  36.302 0.5000000000
35644  -7.932  -44.519  49.536 0.5000000000
34866  -14.257  -44.515  45.879 0.6250000000
40800  -23.213  -37.233  43.333 0.7500000000
40790  -23.991  -36.708  44.711 0.7500000000
40777  -24.146  -37.205  46.655 0.7500000000
41626  -24.317  -36.218  44.241 0.7500000000
47253  -5.203  -29.434  35.263 0.2500000000
41657  -22.376  -36.776  40.540 0.8750000000
48156  -4.578  -27.671  34.112 0.2500000000
48958  -2.093  -27.017  36.333 0.6250000000
39982  -22.087  -38.037  43.508 0.7500000000
40011  -21.201  -37.887  41.222 0.7500000000
40821  -20.761  -37.784  40.244 0.7500000000
35651  -14.214  -43.478  48.222 0.6250000000
40024  -20.002  -38.100  39.972 0.7500000000
39995  -19.672  -38.515  41.367 0.7500000000
39979  -19.847  -38.611  42.290 0.7500000000
39994  -18.895  -38.603  41.079 0.7500000000
97111  -19.272  -38.256  39.741 0.7500000000
40850  -18.759  -37.691  38.416 0.8750000000
44099  -18.554  -33.549  35.412 0.8750000000
42508  -18.862  -34.943  35.874 0.8750000000
44883  -18.502  -32.000  34.936 0.8750000000
39169  -17.411  -38.516  45.975 0.7500000000
39193  -17.629  -38.769  43.755 0.7500000000
39977  -17.551  -38.669  42.688 0.7500000000
96703  -18.157  -38.666  41.744 0.7500000000
96943  -18.195  -38.579  40.807 0.7500000000
40022  -18.510  -38.290  39.510 0.7500000000
40033  -18.397  -38.024  38.902 0.7500000000
41688  -17.970  -36.567  37.190 0.8750000000
41696  -18.486  -36.038  36.641 0.8750000000
114468  -17.355  -32.548  35.888 0.8750000000
42503  -18.146  -35.254  36.333 0.8750000000
45660  -17.258  -31.265  35.431 0.8750000000
116681  -16.843  -38.367  41.747 0.7500000000
40020  -17.094  -38.196  39.483 0.7500000000
103902  -16.443  -37.355  38.649 0.8750000000
40862  -17.460  -37.084  37.774 0.8750000000
42502  -17.289  -35.339  36.805 0.8750000000
47260  -28.573  -29.618  35.671 0.3750000000
37495  -14.001  -40.918  46.693 0.7500000000
39946  -15.424  -37.874  44.954 0.7500000000
40798  -14.432  -36.768  43.042 0.8750000000
39975  -15.575  -37.441  42.366 0.7500000000
97044  -16.051  -37.767  43.228 0.7500000000
115003  -15.481  -37.450  43.917 0.7500000000
40006  -15.929  -37.817  40.445 0.8750000000
39992  -16.324  -38.104  41.270 0.7500000000
40847  -16.117  -36.886  38.486 0.8750000000
101115  -15.553  -37.294  39.969 0.8750000000
41686  -16.648  -36.198  37.602 0.8750000000
112190  -17.050  -35.906  37.114 0.8750000000
37494  -13.421  -41.188  45.968 0.7500000000
39959  -13.586  -37.967  43.661 0.7500000000
39960  -14.246  -37.604  44.276 0.7500000000
41642  -12.964  -35.971  42.203 0.8750000000
40819  -14.366  -36.369  41.642 0.8750000000
40797  -13.628  -36.756  43.131 0.8750000000
96852  -30.046  -29.501  32.798 0.2500000000
115045  -13.489  -39.113  43.248 0.8750000000
98013  -13.289  -39.834  43.113 0.8750000000
46482  -34.060  -29.846  32.434 0.3750000000
46490  -33.903  -29.666  31.427 0.3750000000
105447  -35.653  -30.285  32.260 0.3750000000
46494  -37.056  -30.154  32.129 0.3750000000
46499  -35.174  -30.035  31.046 0.3750000000
47334  -36.106  -29.511  29.899 0.3750000000
49992  -35.844  -26.709  28.435 0.2500000000
62715  -15.526  -10.650  44.405 0.2500000000
115506  -37.051  -29.164  30.575 0.3750000000
103043  -36.097  -28.874  29.284 0.3750000000
49015  -36.698  -27.260  29.531 0.3750000000
63683  -49.819  -9.229  19.349 0.5000000000
63693  -49.563  -9.232  17.532 0.3750000000
35643  -7.227  -44.012  49.529 0.3750000000
41604  -26.505  -36.805  46.215 0.7500000000
101932  -25.789  -34.706  45.654 0.8750000000
43246  -25.859  -34.075  45.619 0.8750000000
38403  -23.891  -41.062  48.129 0.6250000000
107226  -24.323  -39.684  47.864 0.7500000000
40778  -25.211  -37.327  46.942 0.7500000000
39938  -23.923  -37.724  47.063 0.7500000000
40779  -26.333  -37.545  46.585 0.6250000000
103496  -24.577  -38.756  47.539 0.6250000000
39939  -24.937  -38.042  47.286 0.6250000000
37502  -25.465  -42.456  46.322 0.1250000000
38405  -25.904  -41.242  46.535 0.3750000000
101480  -25.731  -39.187  47.192 0.5000000000
114451  -26.337  -39.303  46.696 0.5000000000
39941  -27.073  -38.441  46.132 0.5000000000
39942  -27.266  -37.705  45.986 0.3750000000
40781  -28.041  -37.818  45.521 0.2500000000
41614  -27.791  -36.262  45.530 0.3750000000
40782  -28.466  -37.409  45.185 0.3750000000
36608  -22.107  -43.709  45.156 0.5000000000
36597  -23.372  -43.693  45.883 0.5000000000
37500  -23.087  -42.419  47.509 0.5000000000
37501  -24.382  -42.622  47.011 0.5000000000
38404  -25.050  -41.299  47.386 0.3750000000
35683  -20.639  -43.668  43.685 0.1250000000
112123  -22.847  -43.840  44.507 0.2500000000
37517  -24.709  -43.534  45.590 0.2500000000
39940  -26.173  -38.479  46.864 0.5000000000
41605  -27.515  -37.030  45.755 0.3750000000
42437  -27.584  -35.192  45.721 0.6250000000
42452  -30.233  -36.516  42.445 0.6250000000
42453  -30.833  -35.621  42.418 0.6250000000
34108  -5.134  -45.903  49.023 0.2500000000
34117  -5.599  -45.754  47.880 0.2500000000
36596  -22.310  -43.232  46.505 0.5000000000
34121  -5.516  -45.562  46.320 0.2500000000
36607  -21.114  -43.865  44.796 0.3750000000
35671  -19.995  -43.964  44.171 0.2500000000
39159  -25.435  -40.112  47.328 0.3750000000
35692  -19.620  -43.469  43.641 0.2500000000
41613  -26.646  -36.131  45.963 0.6250000000
42436  -26.653  -35.349  45.930 0.6250000000
43247  -26.686  -34.392  46.128 0.6250000000
44016  -27.778  -33.068  46.107 0.6250000000
34885  -9.196  -44.701  44.174 0.2500000000
96705  -8.906  -44.352  43.217 0.1250000000
96368  -9.689  -44.199  43.307 0.1250000000
114276  -20.620  -43.528  45.496 0.3750000000
34909  -9.099  -43.966  42.386 0.1250000000
110205  -18.842  -43.521  43.834 0.2500000000
36606  -20.265  -44.075  44.779 0.3750000000
99788  -17.234  -43.369  43.074 0.2500000000
35720  -15.133  -43.595  40.827 0.2500000000
35707  -16.246  -43.611  42.340 0.2500000000
36625  -17.646  -43.006  42.647 0.2500000000
112844  -18.512  -43.303  43.652 0.2500000000
44033  -31.201  -33.442  43.418 0.6250000000
34849  -6.411  -45.517  48.700 0.2500000000
34886  -10.321  -44.555  44.250 0.2500000000
34897  -10.648  -44.030  43.324 0.1250000000
35688  -10.075  -43.793  42.467 0.1250000000
99921  -17.333  -43.651  43.612 0.2500000000
35680  -18.534  -43.888  44.090 0.3750000000
35670  -19.579  -43.999  44.768 0.3750000000
35702  -10.455  -43.625  41.601 0.1250000000
35721  -15.946  -43.502  41.344 0.2500000000
96575  -14.614  -43.661  40.411 0.2500000000
96595  -15.475  -43.670  41.741 0.2500000000
35756  -13.239  -43.097  38.430 0.1250000000
34840  -6.765  -45.010  49.514 0.2500000000
34898  -11.592  -44.033  43.235 0.1250000000
35689  -11.037  -43.762  42.434 0.1250000000
34899  -12.504  -44.119  43.057 0.1250000000
104685  -13.384  -44.110  41.935 0.1250000000
35703  -11.479  -43.689  41.562 0.1250000000
35704  -12.647  -43.897  41.518 0.1250000000
34902  -14.936  -43.866  42.429 0.2500000000
35706  -15.580  -43.758  42.527 0.2500000000
35716  -11.982  -43.462  40.738 0.1250000000
35717  -13.086  -43.645  40.524 0.1250000000
35705  -13.664  -43.896  41.177 0.1250000000
34922  -14.198  -43.790  41.018 0.2500000000
35734  -11.403  -43.066  39.928 0.1250000000
102149  -12.519  -43.276  40.031 0.1250000000
35735  -13.395  -43.483  39.619 0.1250000000
111511  -14.465  -43.709  40.966 0.2500000000
36642  -11.431  -42.801  39.111 0.1250000000
35755  -12.555  -43.076  39.224 0.1250000000
35718  -13.924  -43.704  40.071 0.1250000000
35719  -14.279  -43.676  40.168 0.1250000000
35736  -13.975  -43.571  39.126 0.1250000000
105590  -14.146  -43.567  39.410 0.1250000000
36656  -12.047  -42.656  38.372 0.1250000000
98720  -13.600  -43.404  38.984 0.1250000000
99060  -13.092  -44.160  43.611 0.2500000000
34912  -14.033  -44.093  42.023 0.2500000000
64287  -31.048  -9.916  42.830 0.1250000000
63509  -31.646  -10.073  43.038 0.1250000000
64295  -30.611  -9.808  41.613 0.1250000000
99012  -31.672  -10.580  42.491 0.1250000000
63510  -32.043  -10.685  42.539 0.1250000000
116494  -31.527  -10.930  41.813 0.2500000000
62739  -32.082  -11.300  41.978 0.1250000000
107724  -31.856  -11.891  41.470 0.2500000000
62744  -32.380  -11.264  41.318 0.1250000000
62743  -31.911  -11.905  41.396 0.2500000000
61982  -32.104  -12.418  40.901 0.1250000000
62749  -32.520  -11.442  40.352 0.1250000000
62747  -31.417  -12.137  40.760 0.2500000000
61987  -31.733  -12.915  40.353 0.2500000000
62748  -31.948  -12.595  40.902 0.2500000000
61997  -32.214  -12.514  40.249 0.2500000000
62755  -30.715  -12.367  39.918 0.2500000000
61988  -31.956  -12.858  40.581 0.2500000000
62004  -32.274  -12.193  39.260 0.2500000000
62756  -32.618  -11.196  39.473 0.2500000000
62764  -32.706  -10.649  38.439 0.2500000000
61994  -30.333  -13.211  39.421 0.2500000000
61995  -31.177  -13.401  39.685 0.2500000000
61250  -31.189  -13.680  39.380 0.2500000000
61996  -31.795  -13.106  40.022 0.2500000000
62003  -31.784  -12.862  38.816 0.2500000000
62763  -32.161  -11.515  37.949 0.2500000000
62021  -31.394  -11.736  36.233 0.2500000000
61249  -30.657  -13.983  39.279 0.2500000000
61260  -30.802  -14.156  38.921 0.2500000000
62011  -31.268  -12.906  37.104 0.2500000000
62012  -31.658  -12.199  37.461 0.2500000000
61295  -30.619  -12.390  34.924 0.2500000000
61272  -31.047  -13.949  38.081 0.2500000000
61273  -31.362  -13.474  38.383 0.2500000000
62020  -30.938  -12.507  35.949 0.2500000000
61286  -30.809  -13.664  37.025 0.2500000000
61285  -30.510  -13.370  35.861 0.2500000000
61283  -27.706  -12.970  35.281 0.2500000000
60550  -27.075  -13.589  34.095 0.2500000000
59752  -26.538  -14.544  33.944 0.2500000000
59757  -25.741  -14.901  32.326 0.3750000000
112511  -29.675  -8.932  41.541 0.1250000000
64286  -30.095  -9.244  42.698 0.1250000000
64294  -29.670  -8.949  40.618 0.1250000000
63501  -31.985  -9.875  43.119 0.1250000000
63502  -32.394  -9.863  42.471 0.1250000000
63521  -30.224  -9.679  40.454 0.1250000000
64301  -29.685  -9.073  39.676 0.1250000000
64282  -32.313  -9.063  42.814 0.1250000000
63511  -32.463  -10.577  42.034 0.1250000000
63522  -30.342  -10.393  39.884 0.1250000000
63516  -31.011  -10.822  41.025 0.1250000000
109071  -32.791  -9.526  41.802 0.1250000000
63517  -32.903  -9.685  41.126 0.1250000000
64307  -29.596  -9.247  38.834 0.1250000000
63529  -29.859  -10.416  38.878 0.1250000000
112209  -32.888  -10.247  39.653 0.1250000000
62768  -28.748  -10.897  36.494 0.1250000000
62769  -29.122  -10.965  37.290 0.1250000000
62770  -31.907  -11.043  36.744 0.2500000000
62775  -31.675  -10.804  35.598 0.2500000000
62030  -31.096  -11.486  35.040 0.2500000000
62009  -28.527  -11.948  36.410 0.1250000000
62040  -30.698  -11.678  34.120 0.2500000000
61284  -28.144  -12.668  35.931 0.1250000000
62780  -31.048  -11.039  34.157 0.2500000000
59758  -26.212  -14.281  32.695 0.3750000000
110635  -26.647  -13.390  32.909 0.2500000000
59767  -25.939  -14.219  31.923 0.3750000000
59024  -25.168  -15.246  30.950 0.3750000000
57474  -23.329  -17.093  29.541 0.5000000000
64285  -28.914  -8.309  41.086 0.1250000000
64280  -30.820  -9.414  43.349 0.1250000000
64293  -28.972  -8.307  40.005 0.1250000000
64269  -30.617  -8.766  43.958 0.1250000000
63490  -31.369  -9.327  43.341 0.1250000000
64281  -31.864  -9.068  43.266 0.1250000000
64300  -29.053  -8.406  39.078 0.1250000000
65027  -30.208  -8.176  44.533 0.1250000000
64270  -31.357  -8.563  43.563 0.1250000000
65785  -30.561  -7.441  44.020 0.1250000000
65039  -31.316  -7.707  43.375 0.1250000000
65048  -32.245  -7.636  41.884 0.1250000000
65041  -32.484  -8.301  42.199 0.1250000000
65070  -28.476  -7.936  38.665 0.1250000000
64296  -33.136  -8.606  41.296 0.1250000000
106648  -33.224  -9.056  40.139 0.1250000000
65078  -28.183  -7.859  37.914 0.1250000000
65077  -27.571  -7.533  37.341 0.1250000000
65087  -28.150  -8.007  37.013 0.1250000000
64306  -28.955  -8.523  38.257 0.1250000000
64315  -29.345  -9.324  37.965 0.1250000000
63540  -29.423  -10.396  37.808 0.1250000000
64302  -33.340  -8.560  40.582 0.1250000000
63524  -33.645  -9.071  39.432 0.1250000000
63530  -33.318  -9.725  38.932 0.1250000000
63541  -33.760  -9.355  37.894 0.1250000000
65076  -26.999  -7.237  36.904 0.1250000000
64314  -28.703  -8.598  37.440 0.1250000000
63539  -28.910  -9.374  37.123 0.1250000000
62771  -32.689  -10.355  37.292 0.1250000000
65086  -27.571  -7.742  36.502 0.1250000000
114430  -27.994  -8.156  36.530 0.1250000000
64323  -28.381  -8.695  36.575 0.1250000000
107082  -28.564  -9.428  36.387 0.1250000000
112057  -28.867  -10.096  36.769 0.1250000000
65096  -27.324  -7.895  35.652 0.1250000000
64322  -27.850  -8.336  36.049 0.1250000000
64330  -28.158  -9.130  35.761 0.1250000000
63554  -28.485  -9.989  35.886 0.1250000000
64329  -27.580  -8.600  35.302 0.1250000000
114292  -28.111  -9.655  35.428 0.1250000000
62774  -28.393  -10.881  35.645 0.1250000000
62781  -31.512  -10.671  34.601 0.2500000000
65104  -27.080  -8.116  34.892 0.1250000000
64336  -27.322  -8.787  34.552 0.1250000000
63560  -27.745  -9.400  34.981 0.1250000000
62779  -28.063  -10.162  35.180 0.1250000000
62029  -28.034  -10.993  34.879 0.1250000000
62019  -28.189  -11.667  35.471 0.1250000000
62790  -30.814  -11.119  33.291 0.2500000000
102781  -27.434  -9.381  34.278 0.1250000000
62778  -27.676  -10.149  34.387 0.1250000000
62018  -27.788  -11.988  34.817 0.1250000000
64344  -27.058  -8.974  33.765 0.1250000000
63569  -27.294  -9.695  33.683 0.1250000000
100190  -27.692  -11.091  34.131 0.1250000000
61293  -27.450  -12.792  34.412 0.1250000000
62789  -27.435  -10.424  33.584 0.1250000000
114714  -27.446  -11.096  33.416 0.1250000000
62039  -27.486  -11.858  33.814 0.1250000000
113909  -27.154  -12.595  33.392 0.2500000000
60560  -25.885  -13.842  31.258 0.3750000000
59040  -24.106  -15.625  29.687 0.5000000000
59778  -24.729  -14.976  30.101 0.3750000000
59779  -25.389  -14.235  30.498 0.3750000000
58277  -23.397  -16.194  29.336 0.5000000000
113908  -29.281  -8.619  42.038 0.1250000000
65063  -27.467  -7.232  39.869 0.1250000000
65056  -28.263  -7.685  40.415 0.1250000000
108554  -29.914  -7.731  44.834 0.1250000000
65057  -32.740  -7.342  41.058 0.1250000000
65068  -26.951  -7.043  38.474 0.1250000000
65069  -27.710  -7.427  38.789 0.1250000000
65064  -28.355  -7.748  39.440 0.1250000000
65783  -29.157  -6.731  45.199 0.1250000000
65784  -29.898  -7.000  44.608 0.1250000000
65047  -31.625  -7.294  42.385 0.1250000000
65049  -32.944  -7.938  41.481 0.1250000000
112243  -27.450  -7.397  38.048 0.1250000000
66592  -29.341  -6.125  43.762 0.1250000000
65797  -30.176  -6.429  43.274 0.1250000000
65808  -30.965  -6.780  42.690 0.1250000000
114389  -31.287  -6.832  41.968 0.1250000000
65058  -33.325  -7.837  40.606 0.1250000000
65065  -32.914  -7.327  40.144 0.1250000000
66591  -28.631  -5.500  42.811 0.1250000000
65807  -30.264  -6.129  42.011 0.1250000000
64303  -33.782  -8.208  39.707 0.1250000000
64308  -34.645  -8.224  39.060 0.1250000000
65864  -26.438  -6.949  36.533 0.1250000000
63549  -34.384  -8.917  36.374 0.1250000000
109140  -34.508  -8.877  37.198 0.1250000000
65095  -26.661  -7.473  35.306 0.1250000000
65085  -26.893  -7.297  36.099 0.1250000000
63555  -33.188  -9.514  35.738 0.1250000000
63548  -33.479  -9.551  36.756 0.1250000000
65103  -26.468  -7.731  34.546 0.1250000000
108938  -33.087  -9.064  33.661 0.1250000000
104297  -32.990  -9.433  34.898 0.1250000000
62782  -32.291  -10.099  34.992 0.1250000000
65112  -25.451  -7.417  33.574 0.1250000000
65113  -26.213  -7.920  33.858 0.1250000000
63580  -31.939  -9.928  32.527 0.1250000000
63570  -31.873  -10.029  33.415 0.1250000000
62791  -31.383  -10.575  33.744 0.2500000000
65125  -25.924  -8.096  33.121 0.1250000000
64343  -26.803  -8.346  34.183 0.1250000000
62808  -31.425  -10.379  31.906 0.1250000000
64355  -25.669  -8.262  32.273 0.1250000000
114316  -26.699  -8.914  33.281 0.1250000000
64364  -25.343  -8.420  31.415 0.1250000000
64356  -26.318  -8.773  32.776 0.1250000000
63568  -26.834  -9.385  33.034 0.1250000000
62799  -27.191  -10.652  32.863 0.2500000000
64365  -25.991  -8.915  31.879 0.1250000000
100015  -26.446  -9.336  32.322 0.1250000000
63579  -27.159  -10.012  33.076 0.1250000000
61306  -27.169  -11.596  32.847 0.1250000000
61305  -26.790  -12.380  32.436 0.2500000000
60570  -26.118  -13.054  31.343 0.3750000000
111317  -26.445  -12.904  32.039 0.3750000000
60569  -25.682  -13.309  30.599 0.3750000000
59797  -24.824  -14.138  29.622 0.3750000000
65046  -28.669  -8.169  42.089 0.1250000000
64279  -30.033  -8.934  43.782 0.1250000000
102749  -28.258  -7.745  41.295 0.1250000000
64268  -29.843  -8.400  44.511 0.1250000000
65018  -29.512  -8.045  45.073 0.1250000000
65809  -31.638  -7.006  41.346 0.1250000000
65819  -31.846  -7.034  40.371 0.1250000000
66590  -27.823  -5.227  43.140 0.1250000000
66579  -28.540  -5.782  44.260 0.1250000000
102139  -30.895  -6.522  41.551 0.1250000000
65818  -30.959  -6.585  40.501 0.1250000000
100952  -26.935  -7.157  37.696 0.1250000000
103270  -28.754  -5.381  41.695 0.1250000000
66606  -29.546  -5.689  41.297 0.1250000000
102780  -33.616  -7.664  39.717 0.1250000000
66598  -27.971  -5.136  42.014 0.1250000000
66605  -28.707  -5.218  40.675 0.1250000000
65831  -33.266  -7.248  39.241 0.1250000000
65071  -34.561  -7.728  39.092 0.1250000000
64316  -35.127  -8.021  38.538 0.1250000000
67377  -27.299  -4.761  42.324 0.1250000000
65878  -26.013  -6.846  35.779 0.1250000000
64331  -35.314  -8.297  35.915 0.1250000000
65094  -25.955  -7.144  34.882 0.1250000000
64337  -34.881  -8.447  34.767 0.1250000000
63563  -33.493  -8.992  34.442 0.1250000000
65102  -25.893  -7.442  34.245 0.1250000000
114460  -35.051  -8.442  34.052 0.1250000000
63571  -32.512  -9.464  33.129 0.1250000000
65124  -25.266  -7.642  32.673 0.1250000000
65111  -24.807  -7.134  33.004 0.1250000000
63581  -32.707  -9.436  32.267 0.1250000000
63588  -32.128  -9.888  31.682 0.1250000000
64373  -24.040  -8.230  30.301 0.1250000000
65134  -24.992  -7.783  31.852 0.1250000000
100523  -31.661  -10.315  31.133 0.1250000000
64380  -23.575  -8.860  29.615 0.1250000000
63594  -24.910  -8.654  30.641 0.1250000000
63604  -24.476  -9.070  29.948 0.1250000000
63586  -25.647  -9.242  31.051 0.1250000000
63596  -25.989  -9.960  31.088 0.2500000000
62806  -26.380  -10.392  31.550 0.2500000000
62821  -23.542  -10.228  28.897 0.1250000000
63605  -24.880  -10.005  29.866 0.1250000000
63595  -25.532  -9.964  30.550 0.2500000000
62823  -24.988  -10.913  29.707 0.1250000000
62811  -25.378  -10.581  30.204 0.1250000000
62812  -25.898  -10.709  30.823 0.2500000000
62045  -26.868  -10.907  32.121 0.2500000000
113143  -26.775  -11.653  32.043 0.2500000000
62067  -25.105  -11.681  29.703 0.3750000000
62056  -25.954  -11.642  30.805 0.2500000000
61319  -25.863  -12.495  30.722 0.2500000000
61311  -26.385  -12.190  31.526 0.2500000000
61331  -24.448  -12.778  28.919 0.3750000000
113027  -25.178  -12.287  29.737 0.3750000000
105711  -25.431  -12.734  30.081 0.2500000000
60598  -23.404  -13.371  28.360 0.3750000000
61342  -23.888  -12.820  28.551 0.3750000000
61332  -24.971  -12.810  29.507 0.3750000000
60582  -24.691  -13.436  29.236 0.3750000000
60583  -25.213  -13.450  29.890 0.3750000000
106476  -22.801  -14.030  28.182 0.5000000000
110768  -23.684  -14.275  28.593 0.3750000000
102018  -24.283  -14.724  29.263 0.3750000000
64278  -29.323  -8.640  43.061 0.1250000000
64267  -29.347  -8.491  44.206 0.1250000000
65038  -28.581  -8.218  43.295 0.1250000000
65055  -27.504  -7.279  41.035 0.1250000000
65026  -28.695  -8.228  44.718 0.1250000000
65017  -28.818  -7.886  45.591 0.1250000000
97908  -27.034  -6.958  39.206 0.1250000000
66568  -28.353  -6.448  45.819 0.1250000000
65838  -26.266  -6.833  38.072 0.1250000000
65830  -31.874  -6.870  39.427 0.1250000000
65849  -26.354  -6.880  37.232 0.1250000000
67365  -27.246  -4.860  43.377 0.1250000000
66615  -29.940  -5.976  39.407 0.1250000000
65828  -30.254  -6.183  40.097 0.1250000000
65841  -33.760  -7.101  38.403 0.1250000000
65863  -25.713  -6.639  36.634 0.1250000000
113019  -28.754  -5.238  39.809 0.1250000000
65079  -34.963  -7.556  38.189 0.1250000000
63542  -34.978  -8.328  37.889 0.1250000000
65869  -35.484  -7.137  36.399 0.1250000000
65088  -35.220  -7.339  37.295 0.1250000000
65089  -35.717  -7.724  36.766 0.1250000000
96480  -25.236  -6.663  35.145 0.1250000000
64332  -35.916  -7.766  36.087 0.1250000000
65892  -25.314  -6.962  34.357 0.1250000000
65910  -24.574  -6.736  33.727 0.1250000000
65105  -36.590  -7.495  34.504 0.1250000000
97161  -36.052  -7.814  35.194 0.1250000000
65123  -24.554  -7.258  32.291 0.1250000000
116291  -24.352  -7.430  31.617 0.1250000000
65133  -23.888  -7.426  31.143 0.1250000000
115057  -24.015  -7.755  30.738 0.1250000000
65045  -27.964  -7.657  42.163 0.1250000000
65037  -27.682  -7.747  43.557 0.1250000000
65025  -27.990  -7.957  45.377 0.1250000000
65016  -28.123  -7.479  46.214 0.1250000000
65062  -26.657  -6.785  39.808 0.1250000000
65774  -28.587  -7.329  45.996 0.1250000000
65773  -27.971  -6.956  46.478 0.1250000000
66567  -27.521  -6.174  46.331 0.1250000000
65829  -30.760  -6.450  39.510 0.1250000000
65848  -25.561  -6.584  37.494 0.1250000000
66578  -27.678  -5.386  44.738 0.1250000000
65840  -32.195  -6.740  38.373 0.1250000000
65839  -31.019  -6.486  38.536 0.1250000000
65891  -24.665  -6.596  34.592 0.1250000000
65868  -34.284  -6.742  36.653 0.1250000000
65934  -22.725  -6.711  31.793 0.1250000000
65925  -24.111  -6.749  32.792 0.1250000000
64333  -36.172  -7.441  35.291 0.1250000000
65882  -34.532  -6.616  35.726 0.1250000000
65806  -27.128  -7.149  42.125 0.1250000000
65054  -26.919  -6.872  40.450 0.1250000000
65010  -27.407  -7.054  46.405 0.1250000000
113441  -25.956  -6.566  39.831 0.1250000000
67364  -26.847  -4.679  44.407 0.1250000000
67376  -26.758  -4.421  42.875 0.1250000000
97540  -25.084  -6.444  35.985 0.1250000000
110995  -31.343  -6.512  38.000 0.1250000000
65852  -32.681  -6.643  37.572 0.1250000000
65909  -23.596  -6.450  33.487 0.1250000000
65890  -23.887  -6.364  34.400 0.1250000000
65881  -32.961  -6.415  35.817 0.1250000000
65924  -23.209  -6.554  32.620 0.1250000000
65796  -26.689  -7.100  43.112 0.1250000000
65816  -26.657  -6.781  41.186 0.1250000000
65815  -26.207  -6.626  40.461 0.1250000000
65827  -26.284  -6.640  39.035 0.1250000000
66566  -27.043  -5.274  46.015 0.1250000000
65847  -24.737  -6.385  37.796 0.1250000000
67363  -26.401  -4.254  45.005 0.1250000000
67354  -26.556  -4.711  45.844 0.1250000000
65862  -24.893  -6.409  36.873 0.1250000000
67375  -26.357  -4.105  43.713 0.1250000000
96706  -24.296  -6.386  35.328 0.1250000000
65923  -22.156  -6.450  32.635 0.1250000000
65129  -20.205  -7.659  31.555 0.1250000000
64361  -19.631  -8.428  31.570 0.1250000000
62804  -19.847  -9.965  31.711 0.1250000000
96824  -24.058  -6.314  37.169 0.1250000000
68161  -26.205  -3.416  45.225 0.1250000000
107148  -20.044  -10.444  32.202 0.1250000000
44015  -27.201  -33.688  46.222 0.6250000000
45574  -26.188  -31.102  45.910 0.6250000000
59766  -25.611  -14.635  31.430 0.3750000000
62807  -30.982  -10.806  31.249 0.2500000000
62080  -24.031  -12.046  28.686 0.2500000000
62801  -31.336  -10.486  32.830 0.1250000000
63603  -23.176  -9.538  29.133 0.1250000000
62822  -24.316  -10.518  29.244 0.1250000000
63602  -22.478  -9.718  29.012 0.1250000000
65122  -23.736  -6.943  31.871 0.1250000000
100330  -11.183  -44.265  43.950 0.1250000000
34900  -13.889  -44.083  43.037 0.2500000000
116164  -15.343  -43.826  42.908 0.2500000000
35691  -16.543  -43.670  43.171 0.2500000000
34884  -8.352  -44.643  43.631 0.1250000000
35679  -17.774  -43.871  43.955 0.2500000000
34913  -14.494  -43.900  41.759 0.2500000000
101701  -26.676  -32.860  46.115 0.6250000000
44014  -26.241  -33.539  45.958 0.6250000000
35672  -20.843  -43.897  44.078 0.1250000000
35682  -19.931  -43.753  43.814 0.2500000000
35701  -9.655  -43.681  41.725 0.1250000000
110534  -18.057  -43.521  43.733 0.2500000000
35681  -19.317  -43.855  44.163 0.3750000000
36619  -18.130  -43.112  43.315 0.2500000000
35714  -9.782  -43.463  40.905 0.1250000000
34914  -14.888  -43.743  41.529 0.2500000000
34910  -12.015  -43.917  42.360 0.1250000000
34911  -12.790  -44.088  42.298 0.1250000000
102205  -13.347  -44.125  42.668 0.1250000000
35715  -10.834  -43.434  40.799 0.1250000000
36641  -10.510  -42.857  39.302 0.1250000000
65040  -32.019  -8.211  42.953 0.1250000000
62776  -32.474  -10.207  36.159 0.1250000000
60555  -26.222  -13.593  32.012 0.2500000000
65775  -29.294  -7.581  45.344 0.1250000000
66599  -29.463  -5.788  42.432 0.1250000000
63531  -34.481  -8.594  38.712 0.1250000000
63556  -33.977  -8.941  35.359 0.1250000000
63562  -32.507  -9.599  34.089 0.1250000000
64345  -34.058  -8.690  33.859 0.1250000000
63561  -31.868  -10.192  34.165 0.1250000000
112829  -26.521  -8.513  33.507 0.1250000000
64363  -24.554  -7.885  31.041 0.1250000000
62798  -26.774  -10.026  32.338 0.1250000000
65817  -30.244  -6.107  40.935 0.1250000000
102712  -29.536  -5.696  40.197 0.1250000000
67383  -28.213  -4.992  41.230 0.1250000000
64324  -35.498  -8.230  36.953 0.1250000000
64338  -36.197  -8.121  34.145 0.1250000000
63572  -33.503  -8.900  32.922 0.1250000000
100691  -24.014  -9.661  29.387 0.1250000000
112868  -25.122  -9.370  30.394 0.1250000000
62051  -26.413  -11.240  31.452 0.2500000000
62066  -24.528  -11.402  29.191 0.2500000000
61318  -25.527  -12.021  30.185 0.2500000000
105547  -24.729  -12.170  29.277 0.3750000000
60599  -24.142  -13.443  28.690 0.3750000000
109988  -24.385  -14.025  28.958 0.3750000000
66626  -30.286  -6.190  38.832 0.1250000000
65853  -34.070  -6.885  37.540 0.1250000000
64325  -35.437  -7.885  37.685 0.1250000000
65884  -36.466  -7.200  34.697 0.1250000000
65867  -32.928  -6.535  36.773 0.1250000000
65883  -35.892  -6.969  35.432 0.1250000000
116178  -22.858  -6.259  34.218 0.1250000000
39161  -26.927  -39.327  46.056 0.2500000000
45649  -27.295  -31.181  37.592 0.3750000000
107029  -26.898  -31.614  36.176 0.3750000000
114686  -27.220  -31.991  36.977 0.3750000000
44878  -27.120  -32.485  36.109 0.3750000000
46443  -26.955  -30.841  35.970 0.3750000000
45656  -27.043  -30.977  36.763 0.3750000000
42507  0.867  -35.280  35.125 0.3750000000
102424  1.097  -32.724  39.368 0.5000000000
107051  0.990  -33.144  38.221 0.3750000000
47259  -27.721  -29.840  36.118 0.3750000000
47242  -27.666  -29.857  37.001 0.3750000000
44845  1.897  -31.738  38.934 0.3750000000
44061  1.657  -32.339  38.640 0.3750000000
102641  0.644  -34.201  36.658 0.3750000000
42501  0.617  -35.153  36.227 0.2500000000
46464  -27.069  -30.147  34.789 0.2500000000
46454  -27.225  -30.265  35.623 0.2500000000
46444  -27.304  -30.342  36.468 0.3750000000
45632  1.809  -31.256  38.803 0.3750000000
44073  1.488  -32.356  38.058 0.3750000000
45641  1.651  -31.583  38.255 0.3750000000
44863  1.265  -32.154  37.613 0.3750000000
44079  0.635  -33.660  36.159 0.3750000000
43300  0.768  -34.431  35.588 0.3750000000
44870  0.546  -32.894  36.668 0.3750000000
45620  1.667  -31.234  39.141 0.3750000000
47274  -27.737  -29.803  35.201 0.2500000000
46420  1.191  -30.562  39.310 0.3750000000
107692  0.802  -30.071  40.081 0.5000000000
108578  -1.166  -30.142  38.283 0.5000000000
47215  -0.310  -29.247  38.569 0.5000000000
46427  0.315  -30.131  38.558 0.3750000000
47214  0.569  -29.441  38.939 0.3750000000
46426  1.209  -30.447  38.989 0.3750000000
45642  0.691  -31.535  37.773 0.3750000000
46432  -2.000  -30.598  37.964 0.3750000000
47275  -28.739  -29.650  34.746 0.2500000000
96600  -27.825  -29.748  34.177 0.2500000000
98889  -28.163  -29.602  33.240 0.1250000000
96785  -28.904  -29.604  33.858 0.2500000000
47320  -32.229  -29.379  30.573 0.2500000000
46502  -33.072  -29.664  29.691 0.2500000000
46508  -33.246  -29.827  28.708 0.2500000000
51701  -38.244  -24.008  25.575 0.2500000000
52474  -38.597  -23.467  26.449 0.3750000000
98566  -38.938  -23.527  25.625 0.3750000000
106007  -38.351  -24.356  24.439 0.2500000000
52485  -39.544  -23.376  25.155 0.5000000000
52486  -40.084  -23.044  24.770 0.5000000000
52489  -38.855  -23.919  24.128 0.3750000000
52490  -39.468  -23.430  24.412 0.5000000000
53228  -39.933  -22.953  24.181 0.5000000000
53234  -38.852  -22.974  23.560 0.1250000000
53235  -39.631  -22.677  23.724 0.5000000000
53236  -40.374  -22.375  23.903 0.5000000000
55816  -40.290  -19.313  22.124 0.1250000000
107610  -40.981  -19.525  22.494 0.2500000000
56721  -42.773  -18.469  22.466 0.2500000000
106162  -40.224  -22.476  26.322 0.5000000000
53225  -41.085  -22.128  25.778 0.5000000000
53212  -39.985  -22.924  25.511 0.5000000000
53224  -40.614  -22.645  25.245 0.5000000000
53230  -41.241  -22.270  24.884 0.5000000000
54062  -42.321  -21.290  24.922 0.5000000000
53229  -40.586  -22.585  24.509 0.5000000000
54060  -41.064  -22.047  24.218 0.5000000000
54965  -42.195  -21.063  24.249 0.5000000000
53242  -38.050  -22.219  23.152 0.1250000000
54065  -38.992  -22.023  23.335 0.1250000000
54066  -39.857  -21.818  23.450 0.3750000000
54067  -40.690  -21.608  23.646 0.3750000000
54068  -41.490  -21.388  23.902 0.3750000000
54971  -41.844  -20.633  23.591 0.3750000000
54972  -42.609  -20.368  23.877 0.3750000000
54074  -38.450  -21.501  22.940 0.1250000000
54075  -39.169  -21.123  22.959 0.2500000000
98156  -40.995  -20.798  23.349 0.3750000000
55809  -42.177  -19.884  23.224 0.3750000000
55810  -42.908  -19.596  23.497 0.3750000000
107641  -38.403  -20.919  22.638 0.1250000000
54977  -40.418  -20.127  22.732 0.2500000000
54978  -41.370  -20.063  22.996 0.2500000000
55817  -41.709  -19.357  22.610 0.2500000000
56715  -43.189  -18.838  23.097 0.2500000000
55814  -38.834  -20.268  22.387 0.1250000000
109839  -39.616  -20.454  22.698 0.2500000000
55818  -42.487  -19.159  22.826 0.2500000000
56722  -43.428  -18.127  22.672 0.2500000000
102822  -43.004  -17.922  22.169 0.2500000000
57556  -44.151  -17.552  22.838 0.2500000000
47213  0.936  -29.830  39.354 0.5000000000
47209  0.804  -29.535  39.714 0.5000000000
46431  -27.489  -30.473  38.062 0.5000000000
54966  -42.909  -20.617  24.706 0.6250000000
55804  -43.269  -19.925  24.224 0.3750000000
55811  -43.612  -19.188  23.828 0.3750000000
56716  -43.907  -18.400  23.377 0.3750000000
58366  -44.180  -16.240  21.971 0.3750000000
46410  1.088  -30.817  39.687 0.5000000000
44862  -27.697  -32.120  37.905 0.3750000000
58353  -43.984  -16.945  22.236 0.2500000000
44048  0.961  -33.347  38.958 0.5000000000
101848  0.646  -34.258  37.838 0.3750000000
104985  0.798  -33.078  37.310 0.3750000000
105730  1.828  -31.810  38.448 0.3750000000
111972  -27.019  -30.081  34.048 0.1250000000
45633  1.184  -30.996  38.460 0.3750000000
47283  -27.303  -29.869  33.394 0.2500000000
96853  -29.064  -29.501  33.013 0.2500000000
52484  -38.961  -23.818  24.781 0.3750000000
52494  -39.313  -23.403  23.929 0.5000000000
54061  -41.697  -21.671  24.560 0.5000000000
54970  -40.109  -20.967  23.161 0.2500000000
105157  0.025  -46.357  46.093 0.1250000000
34112  -0.095  -45.971  46.973 0.1250000000
34109  -1.152  -46.176  48.147 0.1250000000
34868  0.025  -45.418  45.917 0.1250000000
34114  -2.497  -46.448  47.633 0.1250000000
34115  -3.597  -46.417  47.738 0.1250000000
34879  -0.609  -44.672  44.169 0.1250000000
35675  -0.673  -43.766  44.049 0.1250000000
98027  -3.957  -46.024  46.467 0.1250000000
34893  -1.125  -44.301  42.699 0.1250000000
36613  -1.081  -42.832  42.868 0.1250000000
35687  -1.444  -43.443  42.419 0.1250000000
36618  -1.458  -42.442  42.237 0.1250000000
36623  -1.976  -42.453  41.487 0.1250000000
36624  -2.383  -42.517  40.845 0.1250000000
37550  -2.426  -41.751  40.536 0.1250000000
37549  -1.736  -41.112  40.918 0.1250000000
36631  -2.807  -42.490  40.180 0.1250000000
37551  -2.904  -41.642  39.812 0.1250000000
36639  -3.215  -42.393  39.409 0.1250000000
37552  -3.314  -41.596  38.991 0.1250000000
38461  -2.730  -40.788  39.316 0.1250000000
36640  -3.418  -42.337  38.642 0.1250000000
35659  0.300  -44.454  46.384 0.1250000000
34848  0.165  -45.126  47.581 0.1250000000
35641  -0.165  -44.792  48.508 0.1250000000
34837  -0.941  -45.443  48.787 0.1250000000
35665  -0.330  -44.352  45.098 0.1250000000
35653  0.483  -44.365  47.279 0.1250000000
34838  -1.698  -45.885  48.844 0.1250000000
34111  -3.165  -46.350  48.629 0.1250000000
36612  -0.508  -42.744  43.701 0.1250000000
37546  -1.437  -41.485  41.685 0.1250000000
36617  -0.715  -42.091  42.895 0.1250000000
103196  -4.899  -45.808  46.741 0.1250000000
38439  -0.856  -40.554  41.269 0.1250000000
34126  -5.395  -45.350  45.074 0.1250000000
38451  -2.189  -40.948  40.198 0.1250000000
38450  -1.205  -40.270  40.463 0.1250000000
39223  -2.032  -40.038  39.074 0.1250000000
38460  -1.861  -40.324  39.744 0.1250000000
98273  -2.711  -40.350  38.623 0.1250000000
39233  -1.265  -39.537  38.658 0.1250000000
38464  -3.231  -40.916  38.475 0.1250000000
39234  -2.227  -39.794  38.290 0.1250000000
36652  -3.512  -42.319  38.006 0.1250000000
37555  -3.550  -41.642  38.110 0.1250000000
98966  -3.462  -40.939  37.788 0.1250000000
38463  -3.032  -40.245  37.891 0.1250000000
38467  -3.090  -39.893  37.202 0.1250000000
39242  -2.451  -39.572  37.538 0.1250000000
39241  -1.514  -39.349  37.818 0.1250000000
108575  -3.623  -42.038  37.548 0.1250000000
97760  -3.643  -41.403  37.207 0.1250000000
38468  -3.451  -40.550  37.173 0.1250000000
39244  -2.734  -39.340  36.839 0.1250000000
40040  -1.817  -39.080  37.055 0.1250000000
38470  -3.698  -40.884  36.431 0.1250000000
39245  -3.380  -39.995  36.472 0.1250000000
40045  -2.228  -38.841  36.303 0.1250000000
39249  -3.024  -39.248  36.194 0.1250000000
35664  0.414  -43.431  45.805 0.1250000000
109166  -4.222  -46.249  48.855 0.1250000000
36599  -0.032  -43.219  44.759 0.1250000000
34116  -4.624  -46.110  47.791 0.1250000000
37545  -0.427  -40.810  41.999 0.1250000000
36670  -3.266  -42.630  37.413 0.1250000000
96692  -3.584  -42.076  36.992 0.1250000000
40044  -0.929  -38.680  36.421 0.1250000000
39250  -3.446  -39.728  35.561 0.1250000000
35658  0.582  -43.385  46.830 0.1250000000
35639  0.545  -43.289  47.704 0.1250000000
35635  -1.022  -44.269  49.335 0.1250000000
34832  -1.863  -45.062  49.470 0.1250000000
36598  1.098  -42.357  45.371 0.1250000000
112817  -0.907  -41.579  42.341 0.1250000000
37522  0.158  -41.692  43.557 0.1250000000
38449  -0.324  -39.989  40.839 0.1250000000
39222  -1.019  -39.713  39.635 0.1250000000
39210  -0.394  -39.726  40.313 0.1250000000
40028  -0.469  -39.167  38.068 0.1250000000
40039  -0.708  -39.026  37.257 0.1250000000
37564  -3.630  -41.671  36.361 0.1250000000
98366  0.000  -38.733  36.886 0.1250000000
36707  -3.450  -41.965  35.583 0.1250000000
37573  -3.704  -41.121  35.563 0.1250000000
39256  -3.621  -40.004  34.713 0.1250000000
40053  -3.262  -39.243  34.842 0.1250000000
40052  -2.830  -38.866  35.573 0.1250000000
40051  -1.717  -38.356  35.506 0.1250000000
40050  -0.460  -38.196  35.728 0.1250000000
101156  -2.612  -38.575  34.816 0.1250000000
35634  -0.252  -43.379  48.902 0.1250000000
34107  -3.667  -45.787  49.657 0.1250000000
36554  0.419  -42.288  48.047 0.1250000000
36582  0.936  -42.305  46.450 0.1250000000
37521  1.349  -41.282  44.094 0.1250000000
36733  -3.176  -42.174  34.953 0.1250000000
37587  -3.461  -41.514  34.855 0.1250000000
98190  -3.613  -40.751  34.708 0.1250000000
107307  0.309  -43.058  48.328 0.1250000000
39186  2.099  -39.411  43.382 0.1250000000
38426  0.542  -40.489  42.363 0.1250000000
39198  1.621  -39.267  42.255 0.1250000000
39199  1.119  -39.469  41.774 0.1250000000
39200  0.738  -39.571  41.399 0.1250000000
38438  0.212  -40.064  41.502 0.1250000000
39209  0.276  -39.520  40.724 0.1250000000
39160  -26.336  -40.114  46.479 0.2500000000
39220  0.415  -39.097  40.210 0.1250000000
39221  -0.012  -39.343  39.854 0.1250000000
38413  -26.357  -41.107  45.527 0.1250000000
39232  -0.251  -39.285  38.950 0.1250000000
39953  -27.666  -39.577  45.090 0.1250000000
40038  0.122  -38.832  37.525 0.1250000000
40043  0.154  -38.223  36.319 0.1250000000
37485  1.667  -41.241  46.258 0.1250000000
111966  1.756  -41.674  45.674 0.1250000000
41628  2.736  -36.672  44.257 0.2500000000
40794  2.545  -37.561  43.727 0.2500000000
39970  2.177  -38.516  43.181 0.2500000000
39985  1.719  -38.503  41.672 0.1250000000
39208  0.823  -39.202  40.911 0.1250000000
40802  2.110  -37.802  42.541 0.2500000000
108288  1.150  -38.663  40.753 0.1250000000
40000  0.663  -38.733  40.087 0.1250000000
40015  0.317  -38.898  39.325 0.1250000000
40814  1.827  -37.421  41.639 0.1250000000
97914  1.043  -38.106  39.813 0.1250000000
112311  0.616  -38.452  39.323 0.1250000000
40027  0.182  -38.874  38.340 0.1250000000
39968  -28.494  -38.834  44.083 0.1250000000
40026  0.495  -38.470  38.576 0.1250000000
97411  0.407  -38.518  37.859 0.1250000000
40037  0.451  -38.349  37.127 0.1250000000
39954  -27.881  -38.428  45.502 0.1250000000
98838  -28.186  -39.016  44.891 0.1250000000
41636  2.237  -36.898  42.921 0.1250000000
40792  -29.203  -37.807  44.285 0.1250000000
103556  1.490  -37.905  40.680 0.1250000000
39969  -29.054  -38.317  43.714 0.1250000000
40014  0.761  -37.993  38.857 0.1250000000
39984  -28.236  -38.343  43.095 0.1250000000
40860  0.623  -37.965  37.913 0.1250000000
40811  -28.318  -37.638  42.178 0.1250000000
42446  2.360  -35.904  43.572 0.2500000000
112135  1.685  -36.327  41.826 0.1250000000
41647  1.582  -36.999  40.603 0.1250000000
105819  1.398  -37.414  39.919 0.1250000000
40793  -29.374  -37.685  43.225 0.2500000000
40827  1.160  -37.403  39.167 0.1250000000
40801  -29.034  -37.757  42.805 0.2500000000
40859  0.780  -37.059  37.705 0.1250000000
115414  0.499  -37.961  36.632 0.1250000000
40872  0.389  -37.348  36.034 0.1250000000
40882  0.141  -37.648  35.430 0.1250000000
99873  0.063  -37.146  34.492 0.1250000000
41712  0.693  -36.253  33.933 0.1250000000
40897  -0.328  -36.876  33.442 0.1250000000
41728  0.341  -36.132  32.933 0.1250000000
41745  0.220  -35.980  32.039 0.1250000000
42458  -29.916  -36.741  42.031 0.5000000000
41646  -29.946  -36.499  41.336 0.3750000000
42454  1.473  -35.443  42.515 0.2500000000
42460  1.319  -36.099  40.436 0.2500000000
41661  1.307  -36.619  39.532 0.1250000000
41659  -29.756  -36.524  40.662 0.2500000000
41645  -29.473  -37.143  42.237 0.1250000000
105078  1.089  -35.506  41.166 0.2500000000
41671  1.082  -36.782  38.577 0.1250000000
99194  0.585  -37.591  36.982 0.1250000000
40881  0.481  -36.758  34.943 0.1250000000
41727  0.962  -35.469  33.245 0.1250000000
42522  0.463  -35.207  31.819 0.1250000000
116128  0.667  -35.478  32.530 0.1250000000
41744  0.785  -34.717  32.545 0.1250000000
43334  0.368  -34.131  32.150 0.1250000000
42459  -30.552  -36.072  41.578 0.5000000000
100558  -30.494  -35.958  40.910 0.3750000000
41660  -30.203  -36.166  40.464 0.2500000000
43264  0.701  -34.824  41.624 0.2500000000
42471  0.982  -35.660  39.486 0.2500000000
116421  0.601  -36.935  37.050 0.1250000000
42469  -30.795  -35.677  40.301 0.2500000000
43271  0.609  -34.767  40.467 0.2500000000
42482  0.983  -35.954  38.718 0.2500000000
41672  0.837  -36.110  37.920 0.1250000000
104728  0.603  -36.159  36.970 0.1250000000
41694  0.521  -36.727  36.427 0.1250000000
112870  0.582  -35.904  36.007 0.1250000000
41702  0.575  -36.300  35.423 0.1250000000
102533  1.174  -35.476  33.866 0.1250000000
42516  1.184  -34.789  33.443 0.1250000000
43324  0.774  -34.146  32.957 0.1250000000
43325  0.174  -33.793  32.669 0.2500000000
107169  -31.257  -35.150  41.582 0.5000000000
43275  -31.114  -35.374  40.859 0.2500000000
44035  0.199  -34.132  40.779 0.2500000000
113127  0.677  -34.608  39.431 0.2500000000
103554  0.549  -33.871  39.798 0.2500000000
112073  0.738  -34.976  38.688 0.2500000000
111086  0.760  -35.325  38.096 0.2500000000
42495  0.612  -35.192  37.293 0.1250000000
41711  0.931  -35.827  34.497 0.1250000000
42512  1.260  -35.013  34.202 0.1250000000
114668  0.560  -33.820  34.087 0.2500000000
43314  0.965  -34.259  33.898 0.2500000000
44107  0.000  -33.549  34.308 0.2500000000
43315  0.461  -33.785  33.513 0.2500000000
44034  -31.647  -33.817  42.477 0.5000000000
43270  -31.793  -33.988  40.939 0.5000000000
43276  -31.510  -34.686  40.563 0.3750000000
43307  0.988  -34.476  34.737 0.2500000000
44106  0.559  -33.861  34.705 0.2500000000
44091  0.033  -33.295  35.170 0.2500000000
111661  -0.661  -33.432  34.980 0.2500000000
44092  -0.878  -33.089  35.670 0.2500000000
44872  -2.451  -32.561  36.617 0.2500000000
44081  -2.114  -33.098  36.067 0.2500000000
100633  -1.639  -33.422  35.270 0.2500000000
44047  -31.776  -33.266  41.103 0.5000000000
44857  -31.144  -33.137  39.793 0.2500000000
102802  -31.636  -33.562  40.443 0.2500000000
44090  0.717  -34.026  35.304 0.2500000000
44080  0.411  -33.475  35.657 0.2500000000
44879  0.049  -32.824  36.002 0.2500000000
44865  -1.628  -32.038  37.118 0.2500000000
45643  -0.805  -31.474  37.621 0.2500000000
44871  -1.227  -32.617  36.457 0.2500000000
45645  -2.957  -31.158  37.409 0.2500000000
44873  -3.554  -32.330  36.643 0.2500000000
108093  -1.323  -30.950  37.992 0.2500000000
44864  0.018  -32.165  36.967 0.2500000000
45650  -2.733  -31.855  37.100 0.2500000000
46433  -2.673  -30.542  37.655 0.2500000000
57445  -39.687  -16.987  31.414 0.2500000000
58990  -40.092  -14.463  34.233 0.2500000000
59003  -39.183  -14.698  33.752 0.2500000000
59004  -40.391  -14.375  33.990 0.2500000000
59017  -38.729  -15.329  32.586 0.2500000000
58232  -39.737  -15.207  33.054 0.2500000000
58250  -38.346  -16.060  31.611 0.2500000000
58251  -39.146  -16.419  31.873 0.2500000000
58266  -37.850  -16.461  30.696 0.2500000000
58267  -38.441  -16.985  31.009 0.2500000000
57444  -39.013  -17.209  31.082 0.2500000000
57461  -38.640  -17.611  30.477 0.2500000000
56623  -39.066  -18.083  30.081 0.2500000000
59000  -35.824  -14.905  32.697 0.3750000000
99547  -36.630  -14.824  33.055 0.3750000000
58987  -37.170  -15.114  33.738 0.3750000000
58988  -38.062  -15.058  34.148 0.3750000000
59001  -37.264  -14.705  32.912 0.2500000000
98258  -38.074  -14.897  33.519 0.2500000000
58989  -39.033  -14.793  34.147 0.2500000000
110374  -38.198  -14.904  33.039 0.2500000000
59016  -37.958  -15.056  32.117 0.2500000000
97272  -37.453  -17.154  30.062 0.2500000000
57460  -37.960  -17.456  30.326 0.2500000000
57477  -37.610  -17.810  29.637 0.2500000000
56634  -37.985  -18.301  29.157 0.2500000000
58354  -44.549  -16.709  22.629 0.2500000000
59119  -43.735  -15.776  21.286 0.2500000000
60627  -44.770  -12.885  24.936 0.3750000000
60625  -42.907  -13.794  24.039 0.2500000000
60626  -43.789  -13.368  24.422 0.2500000000
60636  -44.225  -12.594  24.189 0.3750000000
61377  -43.651  -12.446  23.452 0.3750000000
62113  -46.664  -11.318  23.941 0.2500000000
113753  -44.711  -11.954  23.775 0.3750000000
62112  -43.895  -11.992  23.011 0.3750000000
97442  -45.583  -11.503  23.402 0.3750000000
62123  -44.591  -11.690  22.737 0.3750000000
97171  -45.435  -11.306  22.364 0.2500000000
108728  -46.015  -10.960  22.134 0.2500000000
62134  -44.536  -11.516  21.705 0.2500000000
68163  -6.263  -3.428  42.143 0.3750000000
67385  -7.251  -4.036  40.117 0.2500000000
62904  -49.008  -9.539  21.315 0.2500000000
62903  -47.745  -10.058  20.789 0.3750000000
106894  -48.516  -9.693  20.362 0.2500000000
62911  -48.595  -9.692  19.548 0.2500000000
109127  -49.993  -8.743  16.407 0.3750000000
68910  -5.810  -2.692  42.543 0.3750000000
68169  -6.823  -3.269  41.592 0.3750000000
68176  -7.168  -3.774  40.973 0.3750000000
68177  -7.474  -3.256  40.370 0.2500000000
69597  -5.788  -0.986  41.975 0.3750000000
104054  -6.512  -1.215  41.397 0.2500000000
69592  -5.829  -1.876  42.349 0.3750000000
69598  -6.420  -1.816  41.754 0.3750000000
69599  -6.993  -1.811  41.168 0.2500000000
68911  -6.404  -2.592  42.033 0.3750000000
68916  -6.922  -2.508  41.451 0.3750000000
68170  -7.261  -3.098  41.097 0.3750000000
68184  -7.620  -3.442  39.341 0.2500000000
68922  -7.730  -2.537  39.982 0.2500000000
68189  -7.566  -3.659  38.375 0.2500000000
103865  -7.249  -4.090  38.845 0.2500000000
70270  -4.805  -0.332  42.492 0.3750000000
70958  -4.693  0.442  42.221 0.3750000000
70277  -5.464  -0.144  41.821 0.3750000000
70284  -6.326  -0.386  41.171 0.3750000000
70278  -7.048  -1.101  40.820 0.2500000000
69604  -7.489  -1.800  40.482 0.2500000000
69609  -7.891  -1.733  39.803 0.2500000000
101729  -8.121  -2.402  39.123 0.2500000000
107482  -7.998  -3.052  38.587 0.2500000000
71750  -7.292  1.495  43.700 0.3750000000
103558  -3.613  1.101  42.770 0.3750000000
70963  -5.625  0.570  41.362 0.2500000000
70969  -6.513  0.443  40.627 0.3750000000
70285  -7.218  -0.346  40.362 0.2500000000
104515  -7.557  -1.159  40.248 0.2500000000
108512  -7.655  -0.038  39.735 0.1250000000
70290  -7.909  -0.856  39.657 0.2500000000
69610  -8.202  -1.569  39.230 0.1250000000
70291  -8.353  -0.980  38.836 0.1250000000
69614  -8.388  -1.745  38.567 0.2500000000
69619  -8.485  -1.747  37.740 0.1250000000
68938  -8.265  -2.440  37.393 0.1250000000
72600  -2.937  2.412  44.530 0.3750000000
72601  -4.301  2.321  44.457 0.3750000000
72608  -5.704  2.231  44.124 0.3750000000
72610  -7.867  2.111  43.877 0.3750000000
103716  -8.276  2.497  44.406 0.3750000000
72599  -2.429  2.367  44.143 0.3750000000
72597  -9.121  2.238  45.422 0.3750000000
71759  -2.324  1.917  43.946 0.3750000000
72607  -2.320  2.649  43.854 0.3750000000
72594  -9.219  2.195  46.929 0.3750000000
71760  -2.741  1.869  43.371 0.3750000000
70962  -4.731  1.209  41.887 0.3750000000
71769  -4.866  1.966  41.550 0.2500000000
106798  -6.072  1.082  40.737 0.2500000000
71778  -6.117  1.814  40.545 0.2500000000
71779  -6.682  1.187  40.253 0.2500000000
70970  -7.216  0.534  40.034 0.2500000000
70296  -8.557  -0.288  38.113 0.1250000000
104909  -8.537  -1.148  38.105 0.1250000000
106625  -8.619  -0.966  37.378 0.1250000000
105409  -8.480  -1.694  36.947 0.1250000000
69625  -7.934  -2.141  36.093 0.1250000000
103722  -5.220  3.041  44.354 0.3750000000
72602  -6.380  2.928  44.279 0.3750000000
73370  -6.887  3.397  44.697 0.3750000000
73371  -7.841  3.152  44.864 0.3750000000
73368  -3.557  3.444  44.707 0.3750000000
72603  -7.432  2.738  44.312 0.3750000000
103931  -2.388  3.115  44.208 0.3750000000
73376  -2.687  3.302  43.445 0.3750000000
72615  -3.017  2.594  42.929 0.3750000000
72620  -5.192  2.686  41.257 0.2500000000
71777  -5.503  2.060  40.971 0.2500000000
72626  -6.394  2.583  40.285 0.2500000000
71785  -6.845  1.937  39.946 0.1250000000
105986  -7.564  2.045  39.322 0.1250000000
71787  -7.991  1.313  38.962 0.1250000000
70978  -8.309  0.571  38.615 0.1250000000
70998  -8.714  0.002  36.997 0.1250000000
70308  -8.656  -0.187  35.968 0.1250000000
71033  -8.721  0.629  35.451 0.1250000000
69635  -8.377  -0.955  35.747 0.1250000000
70319  -8.349  -0.228  35.252 0.1250000000
70326  -7.599  -0.175  34.695 0.1250000000
113097  -7.047  0.222  34.492 0.1250000000
73369  -5.488  3.737  44.713 0.3750000000
74082  -3.588  4.515  45.160 0.3750000000
73362  -6.298  3.982  45.216 0.3750000000
73363  -7.237  3.685  45.537 0.3750000000
73366  -2.572  3.612  44.469 0.3750000000
73374  -2.349  3.304  44.068 0.3750000000
73377  -3.679  3.259  42.510 0.3750000000
73390  -5.843  3.110  40.689 0.1250000000
73398  -7.419  3.595  39.496 0.1250000000
72633  -7.109  2.753  39.713 0.1250000000
72634  -7.870  2.908  39.063 0.1250000000
73407  -8.458  3.066  38.385 0.1250000000
72635  -8.296  2.090  38.537 0.1250000000
71795  -8.415  1.252  38.334 0.1250000000
70987  -8.621  0.699  37.808 0.1250000000
72647  -8.735  2.425  37.792 0.1250000000
71810  -8.782  1.117  37.021 0.1250000000
71014  -8.783  0.656  36.295 0.1250000000
73414  -8.874  3.333  37.621 0.1250000000
71803  -8.849  1.899  37.246 0.1250000000
114574  -8.844  1.204  36.451 0.1250000000
108180  -9.106  3.950  37.180 0.1250000000
72648  -9.036  2.567  37.013 0.1250000000
72658  -9.200  2.598  35.979 0.1250000000
110522  -9.084  1.819  35.761 0.1250000000
71015  -8.929  1.242  35.952 0.1250000000
102105  -8.669  1.161  34.819 0.1250000000
71053  -8.311  0.486  34.767 0.1250000000
73425  -9.405  3.522  35.729 0.1250000000
72671  -9.188  2.120  35.162 0.1250000000
71823  -8.967  1.428  35.287 0.1250000000
102234  -8.195  1.127  34.433 0.1250000000
71052  -7.511  0.744  34.400 0.1250000000
105143  -9.389  3.006  34.964 0.1250000000
72682  -8.957  2.384  34.502 0.1250000000
73448  -9.418  3.802  34.628 0.1250000000
74083  -5.258  4.343  45.197 0.3750000000
74076  -4.471  4.961  45.662 0.3750000000
74077  -5.715  4.555  45.880 0.3750000000
114065  -2.885  4.568  45.146 0.3750000000
74086  -2.623  3.906  43.995 0.3750000000
102339  -3.432  3.980  42.972 0.2500000000
73378  -4.472  3.834  42.019 0.2500000000
74097  -5.882  3.963  40.722 0.1250000000
73391  -6.601  3.495  40.146 0.1250000000
74105  -7.057  4.136  39.837 0.1250000000
73399  -8.122  3.828  38.871 0.1250000000
107697  -8.588  3.765  38.252 0.1250000000
74114  -8.522  4.425  38.437 0.1250000000
74121  -8.856  4.165  37.802 0.1250000000
73415  -9.193  3.375  36.685 0.1250000000
74139  -9.593  4.264  35.272 0.1250000000
115749  -9.540  3.632  35.093 0.1250000000
74150  -9.456  4.672  34.516 0.1250000000
108573  -3.899  6.261  46.132 0.2500000000
75255  -4.077  6.666  47.057 0.1250000000
74681  -4.238  6.085  46.648 0.2500000000
74682  -4.969  5.546  47.350 0.2500000000
74688  -3.738  5.777  45.750 0.3750000000
74689  -4.223  5.595  46.104 0.2500000000
74691  -3.469  5.364  45.208 0.2500000000
74075  -3.428  5.168  45.280 0.3750000000
74071  -5.125  5.074  46.377 0.3750000000
74081  -2.852  4.452  44.921 0.3750000000
74693  -3.667  5.338  44.156 0.2500000000
74697  -4.286  5.395  42.877 0.1250000000
74090  -4.361  4.631  42.410 0.1250000000
116200  -4.984  5.155  42.014 0.1250000000
74094  -5.213  4.464  41.427 0.1250000000
74098  -6.524  4.378  40.268 0.1250000000
74099  -7.075  4.777  39.882 0.1250000000
74106  -7.610  4.376  39.404 0.1250000000
74708  -7.732  5.246  39.442 0.1250000000
74107  -8.126  4.627  38.977 0.1250000000
74709  -8.466  5.283  38.667 0.1250000000
74714  -8.920  4.910  37.945 0.1250000000
74122  -9.181  4.622  37.232 0.1250000000
106462  -9.405  5.008  36.627 0.1250000000
74131  -9.375  4.255  36.379 0.1250000000
104132  -9.568  4.997  35.848 0.1250000000
74149  -8.974  4.161  33.937 0.1250000000
113839  -9.183  5.175  33.941 0.1250000000
75259  -4.098  6.829  45.896 0.1250000000
75823  -4.184  7.391  46.579 0.1250000000
75263  -3.892  6.212  45.308 0.1250000000
75266  -3.924  5.968  44.443 0.1250000000
74694  -4.480  6.171  43.282 0.1250000000
75269  -4.863  6.630  42.174 0.1250000000
74701  -5.434  5.347  41.260 0.1250000000
75273  -5.332  6.323  41.149 0.1250000000
74704  -6.155  5.663  40.576 0.1250000000
105427  -6.540  5.025  40.303 0.1250000000
106388  -8.167  6.115  39.206 0.1250000000
101877  -8.435  6.867  38.968 0.1250000000
75290  -8.674  6.173  38.492 0.1250000000
115425  -8.961  5.587  38.050 0.1250000000
98958  -8.872  6.862  38.237 0.1250000000
74723  -9.308  5.455  37.293 0.1250000000
75299  -9.196  6.193  37.758 0.1250000000
74732  -9.575  5.648  36.386 0.1250000000
113588  -9.657  5.040  35.071 0.1250000000
76415  -4.093  7.989  47.255 0.1250000000
75824  -4.625  7.699  45.369 0.1250000000
76416  -4.583  8.304  46.054 0.1250000000
75260  -4.555  7.139  44.769 0.1250000000
75827  -4.851  7.845  44.391 0.1250000000
76423  -4.859  8.518  44.148 0.1250000000
75267  -4.524  6.695  44.108 0.1250000000
105685  -4.869  7.309  43.951 0.1250000000
76425  -4.458  8.489  42.184 0.1250000000
77081  -4.417  9.429  42.247 0.1250000000
97107  -4.780  7.020  43.143 0.1250000000
75831  -4.618  7.552  42.106 0.1250000000
76428  -4.251  8.918  41.344 0.1250000000
76429  -4.415  8.239  41.150 0.1250000000
76434  -4.326  9.038  40.950 0.1250000000
96326  -4.959  5.808  42.140 0.1250000000
75835  -4.844  7.317  41.247 0.1250000000
76435  -4.795  8.609  40.782 0.1250000000
110153  -4.718  9.311  40.762 0.1250000000
75279  -5.456  7.166  40.765 0.1250000000
75842  -5.002  7.853  40.825 0.1250000000
76436  -5.829  8.283  40.465 0.1250000000
105785  -5.543  9.176  40.468 0.1250000000
75280  -6.222  6.587  40.482 0.1250000000
114286  -6.817  6.151  40.212 0.1250000000
75281  -7.101  6.798  40.075 0.1250000000
74705  -6.976  5.490  40.043 0.1250000000
107105  -7.470  6.124  39.769 0.1250000000
75287  -7.890  6.866  39.587 0.1250000000
75857  -8.587  7.433  38.617 0.1250000000
76454  -8.538  8.196  38.534 0.1250000000
75862  -8.950  7.547  37.970 0.1250000000
116636  -8.972  8.216  37.773 0.1250000000
76460  -8.738  9.014  37.990 0.1250000000
77118  -8.846  9.901  37.762 0.1250000000
76461  -9.316  8.631  37.268 0.1250000000
75300  -9.572  6.246  36.981 0.1250000000
105974  -9.369  6.880  37.473 0.1250000000
75863  -9.521  7.664  37.150 0.1250000000
105126  -9.663  6.891  36.767 0.1250000000
102138  -9.571  9.181  36.751 0.1250000000
76469  -9.753  8.316  36.485 0.1250000000
74739  -9.674  5.691  35.498 0.1250000000
114521  -9.798  6.818  35.577 0.1250000000
75871  -9.827  7.319  36.094 0.1250000000
74752  -9.554  5.643  34.566 0.1250000000
74764  -9.297  6.095  33.923 0.1250000000
77704  -3.501  10.880  48.446 0.1250000000
77066  -3.664  9.651  48.501 0.1250000000
77062  -3.662  9.321  49.473 0.1250000000
77071  -4.679  9.133  45.718 0.1250000000
76411  -4.350  8.925  47.022 0.1250000000
76410  -3.860  8.464  48.520 0.1250000000
76405  -3.924  8.622  49.696 0.1250000000
77709  -4.637  10.004  45.432 0.1250000000
77079  -4.754  9.120  43.459 0.1250000000
77078  -4.614  10.134  43.200 0.1250000000
77086  -4.256  9.657  41.322 0.1250000000
77094  -4.430  9.961  40.904 0.1250000000
77736  -5.690  10.665  40.335 0.1250000000
77103  -6.268  9.931  40.121 0.1250000000
77745  -6.526  10.811  39.926 0.1250000000
114852  -5.630  7.671  40.614 0.1250000000
112666  -6.994  10.282  39.660 0.1250000000
75843  -6.400  7.466  40.350 0.1250000000
76445  -6.522  9.005  40.059 0.1250000000
77104  -7.126  9.574  39.644 0.1250000000
76437  -6.901  8.213  40.012 0.1250000000
100376  -7.365  8.794  39.608 0.1250000000
77113  -7.611  10.108  39.200 0.1250000000
75844  -7.399  7.527  39.822 0.1250000000
111208  -7.626  8.140  39.583 0.1250000000
77105  -7.852  9.289  39.188 0.1250000000
77114  -8.304  9.808  38.579 0.1250000000
77755  -7.978  10.725  38.765 0.1250000000
75852  -8.177  7.657  39.275 0.1250000000
76446  -8.058  8.505  39.215 0.1250000000
100551  -8.313  8.961  38.743 0.1250000000
77763  -8.550  10.645  38.133 0.1250000000
77119  -9.331  9.922  37.062 0.1250000000
77125  -9.759  9.835  36.307 0.1250000000
75879  -9.899  7.194  35.047 0.1250000000
96745  -10.016  8.073  35.547 0.1250000000
100878  -9.968  8.987  35.949 0.1250000000
75315  -9.752  6.381  35.136 0.1250000000
77070  -4.307  9.906  46.837 0.1250000000
76403  -3.871  9.468  50.022 0.1250000000
77699  -4.227  10.274  50.051 0.1250000000
77700  -5.017  10.687  49.525 0.1250000000
77714  -4.773  10.021  44.276 0.1250000000
77061  -4.687  9.565  50.161 0.1250000000
77720  -4.253  10.322  42.113 0.1250000000
77726  -4.163  10.548  41.399 0.1250000000
77734  -4.288  10.828  40.961 0.1250000000
77735  -4.794  10.683  40.674 0.1250000000
78385  -6.655  11.610  39.725 0.1250000000
77754  -7.280  10.977  39.358 0.1250000000
78393  -7.708  11.422  38.841 0.1250000000
78394  -8.247  11.397  38.363 0.1250000000
77764  -9.011  10.623  37.401 0.1250000000
77767  -9.480  10.604  36.700 0.1250000000
77773  -9.898  10.610  35.841 0.1250000000
77133  -10.121  9.702  35.456 0.1250000000
75887  -9.755  7.392  34.181 0.1250000000
76477  -10.195  8.845  35.101 0.1250000000
75326  -9.623  6.580  34.375 0.1250000000
77708  -4.144  10.948  46.617 0.1250000000
78344  -3.580  12.119  48.070 0.1250000000
77713  -4.548  10.888  45.100 0.1250000000
78355  -4.249  11.142  43.011 0.1250000000
78361  -3.985  11.050  41.964 0.1250000000
78368  -4.011  11.468  41.434 0.1250000000
78377  -4.555  11.523  40.803 0.1250000000
78378  -5.250  11.212  40.469 0.1250000000
78386  -7.245  11.886  39.200 0.1250000000
105644  -7.777  12.092  38.590 0.1250000000
78398  -8.712  11.355  37.687 0.1250000000
100284  -8.392  12.113  37.979 0.1250000000
78399  -9.171  11.284  37.049 0.1250000000
78402  -9.535  11.320  36.426 0.1250000000
96615  -10.046  8.028  34.674 0.1250000000
75337  -9.417  6.881  33.879 0.1250000000
78348  -3.796  12.058  46.271 0.1250000000
115143  -3.614  12.709  47.382 0.1250000000
78352  -4.230  11.714  44.478 0.1250000000
98824  -3.826  12.140  43.358 0.1250000000
79024  -3.611  12.862  43.640 0.1250000000
110142  -3.763  11.750  42.296 0.1250000000
79032  -3.613  12.627  42.654 0.1250000000
79039  -3.715  12.183  41.841 0.1250000000
79045  -4.143  12.430  41.263 0.1250000000
110212  -3.714  12.799  41.938 0.1250000000
79046  -5.040  12.427  40.591 0.1250000000
79047  -5.969  12.241  40.057 0.1250000000
79658  -4.031  13.453  41.677 0.1250000000
79662  -4.777  13.438  40.844 0.1250000000
79663  -5.568  13.118  40.177 0.1250000000
79664  -6.269  13.009  39.688 0.1250000000
98832  -6.708  12.969  39.354 0.1250000000
79053  -6.704  12.414  39.519 0.1250000000
79054  -7.178  12.800  38.954 0.1250000000
79676  -7.858  12.876  38.247 0.1250000000
79071  -8.898  12.047  37.186 0.1250000000
114556  -9.248  11.705  36.776 0.1250000000
99617  -10.244  10.385  34.979 0.1250000000
76488  -10.116  8.738  34.392 0.1250000000
77149  -10.239  9.562  34.483 0.1250000000
79021  -3.745  12.681  44.460 0.1250000000
98925  -3.746  12.590  45.451 0.1250000000
79641  -3.562  13.426  45.625 0.1250000000
79645  -3.591  13.527  44.563 0.1250000000
79644  -3.538  14.497  45.972 0.1250000000
109898  -3.635  14.390  44.569 0.1250000000
116466  -3.792  14.679  46.952 0.1250000000
80203  -3.949  14.742  47.066 0.1250000000
96979  -3.583  13.478  43.483 0.1250000000
80204  -3.880  15.180  46.727 0.1250000000
80205  -4.280  15.310  46.682 0.1250000000
80209  -3.657  14.272  43.321 0.1250000000
97730  -3.712  15.387  45.930 0.1250000000
80214  -3.801  14.256  42.302 0.1250000000
80219  -4.340  14.288  41.419 0.1250000000
80225  -5.421  13.930  40.171 0.1250000000
80224  -4.939  14.418  40.667 0.1250000000
79668  -5.974  13.630  39.783 0.1250000000
112547  -5.415  14.590  40.116 0.1250000000
79669  -6.633  13.662  39.245 0.1250000000
79675  -7.347  13.648  38.544 0.1250000000
100905  -8.474  12.861  37.574 0.1250000000
77148  -9.926  9.070  33.810 0.1250000000
77161  -9.595  9.471  33.256 0.1250000000
79646  -4.859  14.916  46.607 0.1250000000
80708  -4.141  15.666  46.492 0.1250000000
80206  -5.133  15.516  46.314 0.1250000000
110105  -3.837  15.220  44.364 0.1250000000
80713  -3.703  15.076  43.034 0.1250000000
80724  -4.481  15.117  41.111 0.1250000000
80728  -5.107  15.144  40.401 0.1250000000
80729  -5.674  15.094  39.854 0.1250000000
80230  -5.991  14.360  39.668 0.1250000000
80735  -6.256  15.069  39.402 0.1250000000
80736  -6.900  15.068  38.837 0.1250000000
80231  -6.556  14.498  39.184 0.1250000000
80237  -7.007  14.290  38.801 0.1250000000
79683  -7.991  13.652  37.885 0.1250000000
80744  -7.507  15.423  38.330 0.1250000000
80238  -7.551  14.523  38.223 0.1250000000
80245  -8.244  14.378  37.557 0.1250000000
79686  -8.604  13.617  37.249 0.1250000000
79078  -8.968  12.868  36.886 0.1250000000
107882  -9.346  12.946  36.287 0.1250000000
116108  -10.108  10.919  35.302 0.1250000000
77787  -10.333  10.432  34.110 0.1250000000
77793  -10.046  10.582  33.356 0.1250000000
80718  -3.881  15.091  41.987 0.1250000000
108052  -4.729  15.865  40.745 0.1250000000
103694  -3.904  16.810  42.353 0.1250000000
81257  -5.390  15.781  40.072 0.1250000000
109032  -5.930  15.620  39.639 0.1250000000
81258  -5.877  16.404  39.706 0.1250000000
80737  -7.068  15.906  38.788 0.1250000000
105527  -6.449  15.763  39.250 0.1250000000
104501  -7.554  16.071  38.410 0.1250000000
80753  -8.030  15.142  37.760 0.1250000000
79687  -9.058  13.603  36.577 0.1250000000
78406  -9.906  11.533  35.638 0.1250000000
79099  -10.324  12.682  33.848 0.1250000000
77774  -10.273  11.181  34.707 0.1250000000
78418  -10.322  11.932  34.220 0.1250000000
98076  -10.304  11.208  33.746 0.1250000000
78448  -9.946  11.325  33.057 0.1250000000
81250  -4.326  16.695  41.149 0.1250000000
81251  -5.071  16.573  40.362 0.1250000000
81259  -6.692  16.544  39.207 0.1250000000
81264  -7.360  16.625  38.744 0.1250000000
80248  -8.784  14.341  36.938 0.1250000000
80249  -9.306  14.306  36.268 0.1250000000
79689  -9.526  13.513  35.918 0.1250000000
79086  -9.792  12.598  35.619 0.1250000000
79087  -10.192  12.664  34.727 0.1250000000
78407  -10.147  11.975  35.010 0.1250000000
81756  -4.256  17.512  41.580 0.1250000000
81762  -4.618  17.435  40.713 0.1250000000
80745  -7.995  15.877  37.976 0.1250000000
101519  -8.522  14.943  37.263 0.1250000000
81265  -7.953  16.579  38.294 0.1250000000
37466  0.169  -41.667  48.213 0.1250000000
43262  -31.320  -34.696  42.399 0.5000000000
59135  -44.022  -15.012  20.892 0.2500000000
96423  -45.475  -11.089  21.347 0.2500000000
68932  -7.980  -3.114  37.843 0.2500000000
68950  -8.140  -2.301  36.663 0.1250000000
69626  -8.320  -1.623  36.237 0.1250000000
71742  -4.963  1.474  44.381 0.3750000000
71749  -6.172  1.472  43.962 0.3750000000
71751  -8.276  1.448  43.673 0.3750000000
114645  -8.573  1.940  43.998 0.3750000000
112454  2.109  -41.200  45.458 0.1250000000
43269  -31.569  -34.681  41.050 0.5000000000
100781  0.681  -34.050  38.631 0.2500000000
45634  -0.230  -30.866  38.125 0.2500000000
34859  0.139  -45.392  46.776 0.1250000000
108139  -0.335  -45.215  44.940 0.1250000000
34836  -0.375  -45.731  47.880 0.1250000000
34110  -2.105  -46.325  48.349 0.1250000000
35676  -0.999  -43.504  43.171 0.1250000000
35698  -1.851  -43.278  41.706 0.1250000000
37547  -2.072  -41.855  41.138 0.1250000000
35640  0.376  -44.089  48.107 0.1250000000
34106  -2.584  -45.854  49.270 0.1250000000
36611  0.740  -42.176  44.470 0.1250000000
98982  -3.640  -40.460  35.849 0.1250000000
102199  -3.673  -40.437  35.265 0.1250000000
36568  0.605  -42.507  47.327 0.1250000000
37535  -0.111  -41.234  42.727 0.1250000000
39207  1.262  -39.126  41.434 0.1250000000
39175  -26.993  -40.322  45.171 0.1250000000
112285  -27.595  -38.987  45.549 0.1250000000
40791  -28.609  -38.318  44.780 0.1250000000
40842  0.891  -37.461  38.439 0.1250000000
42461  0.899  -35.385  40.186 0.2500000000
45644  -2.080  -31.307  37.603 0.2500000000
57478  -38.285  -18.060  29.875 0.2500000000
68917  -7.388  -2.498  40.772 0.2500000000
68933  -8.293  -2.463  38.219 0.2500000000
72609  -6.869  2.202  43.908 0.3750000000
71770  -5.515  1.449  41.143 0.2500000000
107550  -8.158  -0.165  39.112 0.1250000000
70977  -7.774  0.589  39.375 0.1250000000
73367  -2.584  3.270  44.488 0.3750000000
71743  -8.914  2.103  44.499 0.3750000000
71768  -3.832  1.873  42.392 0.3750000000
72619  -4.216  2.589  42.064 0.3750000000
72625  -5.814  2.441  40.707 0.1250000000
71786  -7.340  1.275  39.659 0.1250000000
70301  -8.592  -0.914  36.521 0.1250000000
73383  -4.586  3.181  41.760 0.2500000000
108969  -2.716  4.102  44.867 0.3750000000
71802  -8.666  1.577  37.803 0.1250000000
71811  -8.967  1.782  36.502 0.1250000000
74089  -3.441  4.677  43.602 0.2500000000
109340  -5.220  3.532  41.265 0.1250000000
75818  -3.960  7.436  47.815 0.1250000000
74703  -5.948  4.812  40.713 0.1250000000
76420  -4.810  8.457  44.978 0.1250000000
98574  -4.776  7.965  43.366 0.1250000000
77075  -4.821  9.209  44.614 0.1250000000
77095  -5.204  9.947  40.551 0.1250000000
78379  -5.962  11.387  40.186 0.1250000000
97037  -4.615  10.766  44.005 0.1250000000
79654  -3.641  13.454  42.534 0.1250000000
79642  -4.284  14.621  47.077 0.1250000000
106609  -4.009  15.928  41.622 0.1250000000
36620  -19.032  -42.981  43.399 0.1250000000
36626  -18.435  -42.759  42.666 0.1250000000
35708  -16.913  -43.343  41.989 0.1250000000
35722  -16.666  -43.101  40.847 0.1250000000
36632  -17.742  -42.733  41.663 0.1250000000
41669  -29.848  -36.433  39.788 0.1250000000
41683  -29.260  -36.711  39.105 0.1250000000
41670  -30.434  -35.934  39.622 0.1250000000
41693  -29.476  -36.107  37.554 0.1250000000
40871  -28.897  -36.485  36.993 0.1250000000
40879  -28.467  -36.743  36.396 0.1250000000
40880  -28.880  -36.393  36.139 0.1250000000
42480  -31.080  -35.302  39.569 0.1250000000
44060  -31.581  -34.225  40.219 0.1250000000
99042  -30.596  -35.634  38.855 0.1250000000
41685  -30.231  -35.517  37.939 0.1250000000
41701  -29.188  -36.118  36.720 0.1250000000
116822  -28.879  -36.328  35.435 0.1250000000
43284  -31.273  -34.462  39.365 0.1250000000
42494  -30.929  -34.986  38.564 0.1250000000
42499  -29.634  -35.618  37.005 0.1250000000
42500  -30.525  -34.756  37.753 0.1250000000
41707  -29.028  -36.037  34.993 0.1250000000
43294  -30.872  -34.315  38.356 0.1250000000
104624  -31.011  -33.790  39.107 0.1250000000
110988  -30.103  -35.137  37.266 0.1250000000
43299  -30.110  -34.689  37.147 0.1250000000
106602  -29.223  -35.906  35.992 0.1250000000
107910  -29.824  -35.070  36.419 0.1250000000
44078  -30.328  -34.296  37.561 0.1250000000
42511  -29.326  -35.372  35.396 0.1250000000
43313  -29.385  -35.017  34.856 0.1250000000
110654  -30.532  -33.242  39.063 0.1250000000
44072  -30.523  -33.741  38.372 0.1250000000
44071  -29.743  -32.984  38.709 0.1250000000
43306  -29.599  -34.717  35.778 0.1250000000
44077  -29.398  -33.897  37.048 0.1250000000
44105  -29.199  -34.517  35.364 0.1250000000
42513  -29.232  -35.537  34.430 0.1250000000
43312  -29.111  -34.683  34.481 0.1250000000
44089  -29.483  -34.216  36.093 0.1250000000
109148  -28.749  -33.938  35.745 0.1250000000
44070  -28.660  -32.676  38.380 0.1250000000
44076  -28.339  -33.106  37.460 0.1250000000
44088  -28.551  -33.589  36.493 0.1250000000
44087  -27.667  -32.899  36.731 0.1250000000
44104  -28.518  -34.055  35.054 0.1250000000
114282  -27.668  -32.530  37.286 0.2500000000
44887  -27.057  -32.803  35.218 0.1250000000
44886  -26.726  -31.996  35.503 0.2500000000
114360  -26.728  -31.307  35.569 0.2500000000
46453  -26.754  -30.736  35.220 0.2500000000
50903  -36.614  -25.523  25.015 0.1250000000
50887  -36.278  -25.438  26.754 0.2500000000
50888  -36.855  -25.001  25.933 0.1250000000
51706  -37.867  -24.813  24.153 0.1250000000
51707  -38.266  -24.450  23.982 0.1250000000
52492  -37.898  -24.218  23.681 0.1250000000
52493  -38.630  -23.819  23.824 0.1250000000
51693  -37.163  -24.412  26.722 0.1250000000
99259  -37.489  -24.354  26.038 0.1250000000
51700  -37.607  -24.746  24.980 0.1250000000
51676  -37.157  -24.212  27.568 0.2500000000
101150  -29.482  -33.487  37.928 0.2500000000
51711  -37.641  -24.897  23.923 0.1250000000
41692  -28.971  -36.617  38.024 0.1250000000
41684  -29.890  -36.200  38.671 0.1250000000
43298  -29.893  -34.513  36.638 0.1250000000
114109  -37.090  -25.178  24.980 0.1250000000
50904  -37.243  -25.269  24.250 0.1250000000
114139  -0.924  -35.523  30.638 0.1250000000
107737  -1.335  -36.013  30.317 0.1250000000
41792  -2.372  -36.256  29.947 0.1250000000
42532  -0.633  -34.971  30.932 0.1250000000
110227  -1.348  -35.313  30.609 0.1250000000
42533  -2.257  -35.384  30.401 0.1250000000
43351  -1.646  -34.806  30.879 0.1250000000
43326  -0.893  -33.963  32.781 0.1250000000
43343  -0.951  -34.463  31.463 0.1250000000
43344  -2.145  -34.434  31.424 0.1250000000
109177  -2.799  -34.214  32.125 0.1250000000
44117  -0.396  -33.719  33.526 0.1250000000
44082  -3.191  -33.066  36.198 0.1250000000
44118  -1.566  -33.958  33.743 0.1250000000
44093  -2.785  -33.467  35.538 0.1250000000
44109  -2.206  -33.766  34.668 0.1250000000
43327  -2.128  -34.192  33.006 0.1250000000
44110  -3.345  -33.880  34.936 0.1250000000
111224  -3.258  -34.305  33.257 0.1250000000
43317  -3.845  -34.255  34.263 0.1250000000
43328  -3.715  -34.396  32.632 0.1250000000
43329  -4.282  -34.440  33.462 0.1250000000
44094  -3.803  -33.500  35.688 0.1250000000
44083  -4.120  -33.006  36.199 0.1250000000
44095  -4.669  -33.374  35.658 0.1250000000
44111  -4.345  -33.910  35.087 0.1250000000
46434  -3.362  -30.504  37.262 0.1250000000
110241  -4.379  -32.391  36.382 0.1250000000
45652  -4.284  -31.626  36.623 0.1250000000
44874  -4.967  -31.987  36.253 0.1250000000
46437  -4.068  -30.655  36.786 0.1250000000
46438  -4.890  -30.955  36.278 0.1250000000
45657  -5.529  -31.573  35.894 0.1250000000
49862  -3.910  -26.077  34.845 0.1250000000
50775  -4.504  -25.827  34.567 0.1250000000
48985  -4.625  -26.895  33.616 0.1250000000
112715  -5.015  -27.727  33.649 0.1250000000
49903  -4.730  -26.157  33.643 0.1250000000
48986  -5.288  -27.411  33.198 0.1250000000
48987  -5.964  -27.960  32.940 0.1250000000
50786  -5.296  -25.676  33.544 0.1250000000
49904  -5.164  -26.430  33.099 0.1250000000
48995  -5.628  -27.114  32.667 0.1250000000
48996  -6.279  -27.580  32.412 0.1250000000
51587  -9.433  -24.739  35.476 0.1250000000
51593  -9.182  -24.551  34.562 0.1250000000
52393  -9.643  -23.766  34.346 0.1250000000
51599  -8.562  -24.722  33.781 0.1250000000
51592  -8.624  -25.049  34.424 0.1250000000
53136  -10.481  -22.655  35.611 0.1250000000
52386  -9.856  -24.103  35.147 0.1250000000
51585  -9.987  -24.324  35.984 0.1250000000
52394  -10.206  -23.308  34.911 0.1250000000
53956  -10.478  -21.920  36.382 0.1250000000
54803  -10.338  -21.192  36.829 0.1250000000
52382  -10.298  -23.804  36.467 0.2500000000
52387  -10.318  -23.571  35.763 0.1250000000
53952  -10.295  -21.802  37.259 0.2500000000
54802  -10.169  -20.460  36.852 0.1250000000
59802  -34.144  -14.027  29.611 0.2500000000
106096  -35.616  -14.039  30.563 0.2500000000
59770  -36.150  -14.397  31.877 0.2500000000
61955  -12.287  -11.654  43.509 0.2500000000
61195  -12.826  -12.176  44.098 0.2500000000
61196  -13.444  -12.638  44.670 0.2500000000
60436  -14.079  -13.106  45.280 0.2500000000
62736  -10.214  -11.175  41.326 0.2500000000
100216  -43.264  -13.076  23.771 0.2500000000
62150  -44.522  -11.391  20.688 0.1250000000
62901  -45.863  -10.860  19.756 0.1250000000
62902  -46.721  -10.534  20.218 0.1250000000
62910  -47.569  -10.205  19.769 0.1250000000
62162  -45.692  -10.976  18.938 0.1250000000
62909  -46.564  -10.643  19.174 0.1250000000
63506  -8.934  -9.852  41.762 0.2500000000
105495  -10.338  -10.529  41.963 0.2500000000
62918  -47.585  -10.280  18.854 0.1250000000
62917  -46.810  -10.638  18.285 0.1250000000
62926  -47.647  -10.315  18.001 0.1250000000
62196  -46.173  -10.961  16.967 0.1250000000
62925  -46.879  -10.643  17.471 0.1250000000
62207  -46.202  -10.934  15.996 0.1250000000
62919  -48.570  -9.764  18.613 0.1250000000
62935  -48.435  -9.805  16.940 0.1250000000
101649  -47.672  -10.259  16.372 0.1250000000
62726  -9.709  -9.864  42.098 0.2500000000
63700  -49.254  -9.271  16.676 0.2500000000
62945  -47.786  -10.062  15.632 0.1250000000
62956  -47.110  -10.325  14.925 0.1250000000
63709  -48.825  -9.365  15.746 0.2500000000
62967  -47.243  -10.066  14.062 0.1250000000
63718  -48.960  -9.069  14.795 0.2500000000
63498  -9.982  -9.255  42.832 0.2500000000
63719  -49.995  -8.442  15.035 0.2500000000
63727  -48.619  -9.128  13.823 0.2500000000
66842  -51.851  -4.576  8.914 0.2500000000
66075  -51.734  -5.371  9.575 0.2500000000
67644  -51.914  -4.038  8.056 0.2500000000
67643  -51.109  -4.134  8.564 0.2500000000
67658  -51.214  -3.803  7.925 0.2500000000
68433  -50.697  -3.814  7.549 0.2500000000
115309  -50.320  -3.909  7.191 0.1250000000
66865  -49.879  -4.128  6.891 0.1250000000
63728  -49.581  -8.570  14.248 0.2500000000
64475  -50.265  -8.108  13.689 0.2500000000
64483  -50.047  -8.098  12.738 0.1250000000
66841  -50.900  -4.821  9.285 0.2500000000
67657  -50.374  -3.810  8.227 0.2500000000
67673  -49.556  -3.872  7.017 0.1250000000
64264  -9.767  -7.988  43.072 0.2500000000
110735  -10.262  -8.177  43.754 0.2500000000
64258  -10.497  -8.736  44.297 0.2500000000
64311  -4.367  -8.754  37.184 0.2500000000
65283  -50.720  -6.528  9.980 0.2500000000
66074  -50.732  -5.784  9.705 0.2500000000
104170  -49.829  -5.472  9.509 0.2500000000
109855  -48.948  -4.486  8.941 0.2500000000
67642  -49.907  -4.416  8.999 0.2500000000
99323  -49.443  -3.957  8.402 0.1250000000
67641  -48.498  -4.200  8.458 0.1250000000
68422  -49.963  -3.744  7.637 0.1250000000
96590  -48.730  -3.841  7.630 0.1250000000
67656  -49.249  -3.749  7.812 0.1250000000
67672  -48.453  -3.910  6.820 0.1250000000
65791  -9.458  -6.328  42.656 0.2500000000
65022  -10.188  -7.450  43.433 0.2500000000
65014  -10.628  -7.887  44.456 0.2500000000
64253  -10.813  -8.680  45.194 0.2500000000
65081  -3.384  -7.713  36.566 0.2500000000
65778  -10.107  -6.625  43.073 0.2500000000
65767  -10.675  -6.825  43.995 0.2500000000
66574  -11.067  -5.183  44.022 0.2500000000
66559  -10.928  -5.921  44.051 0.2500000000
65768  -11.131  -6.450  44.883 0.2500000000
65758  -10.932  -7.254  44.910 0.2500000000
69570  -10.823  -1.422  44.378 0.2500000000
66537  -11.848  -5.113  47.914 0.2500000000
66560  -11.304  -5.507  44.810 0.2500000000
67340  -11.533  -4.867  45.652 0.2500000000
66542  -11.554  -5.336  46.631 0.2500000000
67348  -11.338  -4.468  44.450 0.2500000000
68158  -11.084  -3.620  43.702 0.2500000000
68146  -11.406  -3.606  44.541 0.2500000000
66549  -11.387  -6.022  45.897 0.2500000000
106376  -11.571  -3.216  45.307 0.2500000000
68893  -11.282  -2.851  44.285 0.2500000000
69571  -11.160  -2.123  44.380 0.2500000000
68885  -11.433  -2.460  45.004 0.2500000000
68879  -11.629  -2.483  45.895 0.2500000000
108048  -11.612  -1.849  46.383 0.2500000000
69562  -11.351  -1.714  45.334 0.2500000000
70236  -11.322  -1.017  46.435 0.2500000000
105241  -11.556  -4.016  45.169 0.2500000000
68138  -11.658  -3.974  46.025 0.2500000000
68132  -11.776  -3.230  46.459 0.2500000000
100784  -11.894  -2.463  47.128 0.2500000000
68871  -12.108  -1.991  48.149 0.2500000000
69555  -11.691  -1.609  47.410 0.2500000000
69561  -10.960  -0.843  45.225 0.2500000000
70232  -11.365  -0.879  47.856 0.2500000000
69553  -11.756  -1.385  48.498 0.2500000000
100602  -10.846  -0.249  45.977 0.2500000000
70235  -10.960  -0.241  47.149 0.2500000000
70231  -11.028  -0.153  48.421 0.2500000000
108311  -11.788  -3.940  47.045 0.2500000000
116394  -11.798  -4.434  47.426 0.2500000000
68126  -12.399  -3.382  48.363 0.2500000000
68125  -11.989  -3.297  47.583 0.2500000000
70925  -10.478  0.314  46.600 0.2500000000
70922  -10.505  0.372  47.762 0.2500000000
70228  -11.557  -0.779  49.120 0.2500000000
70227  -11.267  0.040  49.590 0.2500000000
67327  -12.074  -4.155  48.202 0.2500000000
68872  -12.563  -2.381  48.492 0.2500000000
69549  -12.080  -1.407  49.276 0.2500000000
70224  -11.871  -0.605  49.909 0.2500000000
70920  -10.689  0.601  48.950 0.2500000000
68122  -12.903  -3.412  48.719 0.2500000000
69550  -12.704  -1.626  49.141 0.2500000000
71738  -9.980  0.878  46.130 0.2500000000
111147  -10.142  0.790  47.142 0.2500000000
72596  -8.617  2.798  46.352 0.2500000000
72604  -8.560  2.746  45.127 0.2500000000
74078  -6.599  4.239  46.348 0.2500000000
73360  -7.341  3.881  46.939 0.2500000000
74073  -6.520  4.253  48.024 0.2500000000
73357  -6.933  3.603  48.823 0.2500000000
74072  -5.870  4.784  47.233 0.2500000000
74683  -5.633  5.074  48.486 0.2500000000
74066  -6.018  4.561  48.784 0.2500000000
47254  -5.836  -30.186  35.238 0.1250000000
63717  -48.069  -9.554  14.189 0.2500000000
50785  -4.700  -25.802  33.980 0.1250000000
114950  -10.186  -22.100  37.702 0.2500000000
62161  -45.143  -11.179  19.311 0.1250000000
66849  -52.680  -5.029  8.003 0.2500000000
67359  -10.922  -4.554  43.546 0.2500000000
62927  -48.523  -9.792  17.756 0.1250000000
44108  -1.056  -33.656  34.425 0.1250000000
45651  -3.549  -31.375  37.025 0.1250000000
61384  -43.157  -12.319  22.747 0.2500000000
43342  -0.043  -34.402  31.506 0.1250000000
43335  -0.284  -33.982  31.955 0.1250000000
43336  -1.479  -34.142  32.045 0.1250000000
43316  -2.735  -34.138  34.005 0.1250000000
49882  -4.296  -26.292  34.179 0.1250000000
99628  -8.400  -24.353  32.918 0.1250000000
53130  -10.448  -22.953  36.520 0.1250000000
114783  -10.425  -22.327  36.888 0.2500000000
62173  -46.111  -10.849  18.493 0.1250000000
62933  -46.905  -10.618  16.609 0.1250000000
62934  -47.660  -10.308  17.176 0.1250000000
62946  -48.337  -9.799  16.251 0.2500000000
63708  -47.949  -9.747  14.881 0.1250000000
67659  -52.311  -4.561  7.885 0.2500000000
108967  -49.846  -6.485  9.779 0.2500000000
67655  -47.840  -4.135  8.034 0.1250000000
67640  -47.461  -4.689  8.756 0.1250000000
68875  -12.159  -2.717  48.013 0.2500000000
73364  -8.014  3.317  45.918 0.2500000000
35674  -23.134  -43.838  43.592 0.1250000000
44892  -26.633  -32.173  34.705 0.1250000000
46463  -26.545  -30.754  34.356 0.1250000000
47284  -29.696  -29.552  33.558 0.1250000000
98732  -31.835  -29.378  31.183 0.1250000000
110317  -32.530  -29.485  29.919 0.1250000000
59032  -37.758  -15.270  30.523 0.1250000000
59045  -37.524  -15.128  29.685 0.1250000000
58280  -37.360  -16.269  30.002 0.1250000000
59054  -36.926  -15.285  28.880 0.1250000000
58279  -36.889  -16.218  29.358 0.1250000000
116780  -36.591  -16.260  28.909 0.1250000000
58288  -36.516  -16.940  28.851 0.1250000000
57489  -36.640  -17.713  28.588 0.1250000000
59053  -35.989  -15.798  28.283 0.1250000000
58287  -36.207  -16.436  28.530 0.1250000000
56647  -37.692  -18.444  28.384 0.1250000000
57488  -36.027  -17.319  28.261 0.1250000000
56646  -36.912  -18.276  28.187 0.1250000000
56661  -38.271  -18.643  27.728 0.1250000000
58298  -35.474  -16.691  27.886 0.1250000000
57502  -35.579  -17.621  27.572 0.1250000000
57503  -36.223  -17.993  27.902 0.1250000000
56659  -36.610  -18.400  27.414 0.1250000000
56660  -37.401  -18.558  27.566 0.1250000000
58297  -34.827  -16.485  27.391 0.1250000000
56658  -35.863  -18.185  27.207 0.1250000000
56677  -37.080  -18.607  26.813 0.1250000000
57501  -34.917  -17.238  27.225 0.1250000000
56676  -36.318  -18.472  26.693 0.1250000000
56692  -36.727  -18.589  26.023 0.1250000000
57516  -34.529  -17.627  26.569 0.1250000000
56675  -35.579  -18.310  26.521 0.1250000000
59813  -37.538  -14.031  28.467 0.1250000000
59055  -37.751  -14.128  29.146 0.1250000000
59812  -36.481  -14.801  28.164 0.1250000000
59819  -37.144  -13.810  27.833 0.1250000000
98240  -39.159  -18.635  27.960 0.1250000000
56678  -38.006  -18.682  26.841 0.1250000000
98102  -39.067  -18.652  27.065 0.1250000000
56679  -40.119  -18.453  26.715 0.1250000000
98658  -38.773  -18.580  26.379 0.1250000000
107758  -39.435  -18.492  26.326 0.1250000000
56674  -34.889  -18.175  26.257 0.1250000000
116609  -36.019  -18.520  26.121 0.1250000000
116202  -37.474  -18.614  26.269 0.1250000000
56693  -38.179  -18.583  25.976 0.1250000000
59786  -37.433  -13.953  30.662 0.1250000000
59761  -37.386  -14.618  32.133 0.1250000000
59772  -37.704  -14.560  31.235 0.1250000000
102534  -37.822  -13.361  28.710 0.1250000000
112719  -37.714  -13.563  29.223 0.1250000000
59787  -37.688  -14.146  30.040 0.1250000000
59820  -37.962  -13.141  28.069 0.1250000000
56696  -40.818  -18.138  26.105 0.1250000000
56695  -40.013  -18.288  25.866 0.1250000000
57526  -34.238  -17.996  25.967 0.1250000000
56690  -35.387  -18.455  25.837 0.1250000000
96675  -36.741  -18.507  25.104 0.1250000000
56706  -38.305  -18.365  25.119 0.1250000000
56703  -35.270  -18.532  25.063 0.1250000000
56704  -35.995  -18.503  24.619 0.1250000000
56705  -37.537  -18.317  24.696 0.1250000000
57540  -38.273  -17.900  24.364 0.1250000000
56713  -36.117  -18.231  23.790 0.1250000000
57551  -35.468  -17.959  23.278 0.1250000000
59760  -36.750  -14.529  32.383 0.1250000000
59785  -36.614  -13.897  31.051 0.1250000000
59771  -37.141  -14.222  31.594 0.1250000000
59002  -37.679  -14.802  32.739 0.1250000000
61348  -38.200  -12.017  27.876 0.1250000000
61336  -38.049  -12.851  28.524 0.1250000000
60573  -37.185  -13.554  30.199 0.1250000000
60604  -38.016  -12.720  28.340 0.1250000000
60592  -37.785  -13.189  28.924 0.1250000000
60574  -37.557  -13.589  29.623 0.1250000000
56680  -41.071  -18.211  26.862 0.1250000000
56694  -39.120  -18.370  25.634 0.1250000000
57527  -39.829  -17.949  25.188 0.1250000000
57541  -39.144  -17.880  24.729 0.1250000000
57539  -37.578  -17.883  23.992 0.1250000000
98923  -36.940  -17.764  23.589 0.1250000000
61237  -16.465  -12.789  39.214 0.1250000000
61244  -16.254  -12.700  38.392 0.1250000000
59804  -36.345  -13.663  30.328 0.1250000000
61347  -37.794  -12.299  28.264 0.1250000000
60603  -36.518  -12.769  28.879 0.1250000000
60590  -36.480  -13.295  29.652 0.1250000000
57529  -41.336  -17.591  25.662 0.1250000000
57542  -40.250  -17.397  24.826 0.1250000000
57528  -40.560  -17.770  25.434 0.1250000000
58326  -39.675  -17.066  24.326 0.1250000000
115684  -39.740  -17.612  24.763 0.1250000000
57555  -38.819  -17.236  24.031 0.1250000000
57553  -37.652  -17.247  23.472 0.1250000000
57566  -35.782  -17.399  22.709 0.1250000000
57552  -36.329  -17.564  23.132 0.1250000000
57565  -34.897  -17.578  22.648 0.1250000000
61224  -16.732  -12.334  41.810 0.1250000000
61976  -16.142  -11.731  41.613 0.1250000000
61236  -15.877  -12.382  39.140 0.1250000000
61230  -16.181  -12.486  40.000 0.1250000000
61993  -15.263  -11.789  38.374 0.1250000000
61243  -15.675  -12.265  38.514 0.1250000000
61252  -15.663  -12.287  37.709 0.1250000000
61276  -15.627  -12.028  35.461 0.1250000000
62023  -15.431  -11.564  34.809 0.1250000000
61288  -16.194  -12.170  34.898 0.1250000000
59803  -35.264  -13.780  29.790 0.1250000000
58327  -40.486  -16.651  24.442 0.1250000000
57543  -41.065  -17.032  24.994 0.1250000000
58328  -41.846  -16.348  24.884 0.1250000000
114476  -41.132  -16.324  24.533 0.1250000000
58337  -40.033  -16.237  23.865 0.1250000000
59083  -40.746  -15.904  24.110 0.1250000000
57568  -37.095  -17.074  23.050 0.1250000000
58334  -37.715  -16.703  23.077 0.1250000000
58335  -38.357  -16.722  23.419 0.1250000000
57567  -36.493  -16.800  22.510 0.1250000000
58350  -37.356  -16.430  22.624 0.1250000000
58349  -35.601  -16.871  22.183 0.1250000000
61212  -16.453  -11.619  42.603 0.1250000000
61981  -15.860  -11.786  40.721 0.1250000000
61980  -15.494  -11.772  39.761 0.1250000000
61986  -15.451  -11.954  38.974 0.1250000000
62001  -15.034  -11.564  37.568 0.1250000000
62007  -14.540  -10.904  36.425 0.1250000000
108015  -14.357  -10.477  35.566 0.1250000000
62022  -14.818  -10.868  34.836 0.1250000000
62765  -7.046  -10.585  36.499 0.1250000000
59084  -41.461  -15.665  24.347 0.1250000000
59085  -42.239  -15.449  24.591 0.1250000000
59093  -40.340  -15.451  23.550 0.1250000000
58352  -38.828  -15.999  23.059 0.1250000000
59092  -39.588  -15.730  23.320 0.1250000000
58351  -38.089  -16.207  22.795 0.1250000000
98922  -33.942  -16.930  21.680 0.1250000000
58362  -36.203  -16.197  21.896 0.1250000000
58363  -36.954  -16.023  22.135 0.1250000000
58359  -33.173  -16.746  21.415 0.1250000000
58360  -34.551  -16.436  21.482 0.1250000000
60415  -14.745  -13.713  48.692 0.1250000000
61177  -13.398  -12.887  47.010 0.1250000000
61939  -12.204  -11.476  45.602 0.1250000000
61187  -12.827  -12.260  46.233 0.1250000000
61947  -12.263  -11.580  44.503 0.1250000000
102275  -15.793  -11.180  42.168 0.1250000000
61957  -16.577  -11.449  43.589 0.1250000000
61975  -15.553  -11.170  41.339 0.1250000000
61964  -10.968  -11.108  41.892 0.1250000000
62741  -14.916  -10.968  39.920 0.1250000000
108303  -15.348  -11.233  40.521 0.1250000000
62728  -10.949  -10.655  42.628 0.1250000000
61985  -15.073  -11.388  39.088 0.1250000000
62754  -14.340  -10.506  38.349 0.1250000000
113347  -14.672  -11.110  37.108 0.1250000000
62767  -14.034  -10.216  36.482 0.1250000000
63547  -13.820  -9.693  35.849 0.1250000000
63553  -14.074  -9.786  34.957 0.1250000000
63552  -13.683  -9.165  35.386 0.1250000000
65108  -14.116  -7.330  33.512 0.1250000000
63543  -5.850  -9.164  36.857 0.1250000000
63544  -6.642  -9.815  36.579 0.1250000000
65116  -14.591  -7.391  32.970 0.1250000000
59840  -41.787  -14.862  24.080 0.1250000000
59841  -42.560  -14.590  24.328 0.1250000000
59094  -41.060  -15.154  23.808 0.1250000000
59105  -38.451  -15.514  22.503 0.1250000000
59106  -39.199  -15.266  22.732 0.1250000000
59104  -37.702  -15.760  22.301 0.1250000000
59116  -36.045  -15.580  21.419 0.1250000000
58376  -33.943  -16.268  21.143 0.1250000000
58361  -35.347  -16.209  21.581 0.1250000000
60406  -14.022  -13.368  48.848 0.1250000000
61940  -16.023  -11.141  45.754 0.1250000000
61176  -12.882  -12.480  47.480 0.1250000000
61941  -16.734  -11.348  45.438 0.1250000000
61930  -12.397  -11.716  46.786 0.1250000000
61967  -15.509  -10.716  42.766 0.1250000000
61946  -11.703  -10.965  44.844 0.1250000000
108465  -11.628  -10.770  45.599 0.1250000000
62730  -15.285  -10.606  41.923 0.1250000000
62713  -11.347  -10.584  44.315 0.1250000000
62738  -14.996  -10.480  40.967 0.1250000000
62719  -11.195  -10.585  43.493 0.1250000000
62746  -14.574  -10.682  39.128 0.1250000000
101173  -14.357  -10.035  40.036 0.1250000000
63515  -14.393  -9.710  41.153 0.1250000000
63528  -13.914  -9.913  38.085 0.1250000000
63520  -14.081  -9.954  38.960 0.1250000000
63538  -13.496  -9.274  37.594 0.1250000000
63527  -13.602  -9.292  38.571 0.1250000000
104640  -13.455  -8.890  36.125 0.1250000000
63558  -13.774  -8.961  34.727 0.1250000000
65107  -13.705  -7.349  34.175 0.1250000000
65901  -13.907  -6.570  33.771 0.1250000000
59842  -43.389  -14.258  24.625 0.1250000000
59852  -41.372  -14.368  23.497 0.1250000000
61376  -42.743  -12.783  23.184 0.1250000000
59861  -39.526  -14.505  22.447 0.1250000000
59107  -39.913  -14.954  23.005 0.1250000000
60645  -40.468  -13.488  22.229 0.1250000000
60646  -41.642  -12.764  22.199 0.1250000000
60647  -41.991  -13.037  22.878 0.1250000000
59860  -38.803  -14.752  22.208 0.1250000000
60656  -40.955  -12.917  21.929 0.1250000000
103447  -41.272  -13.269  22.563 0.1250000000
108867  -36.653  -15.622  21.692 0.1250000000
60654  -38.943  -13.676  21.285 0.1250000000
59115  -34.744  -15.839  21.117 0.1250000000
111851  -35.420  -15.545  21.165 0.1250000000
59872  -36.720  -14.940  21.233 0.1250000000
60669  -38.768  -13.365  20.607 0.1250000000
59130  -34.099  -15.495  20.579 0.1250000000
61919  -15.132  -12.661  49.532 0.1250000000
61166  -15.817  -12.652  48.920 0.1250000000
61159  -14.521  -13.041  49.861 0.1250000000
61932  -15.825  -11.359  46.808 0.1250000000
61164  -12.975  -12.599  48.826 0.1250000000
61158  -13.766  -12.966  49.551 0.1250000000
62708  -14.829  -10.299  45.623 0.1250000000
62703  -15.373  -10.803  46.162 0.1250000000
111830  -12.553  -11.965  47.850 0.1250000000
62709  -15.491  -10.681  45.220 0.1250000000
61929  -12.094  -11.236  47.590 0.1250000000
63489  -14.502  -9.690  43.568 0.1250000000
62720  -15.045  -10.161  43.976 0.1250000000
63500  -14.504  -9.659  42.736 0.1250000000
63507  -13.881  -9.063  41.530 0.1250000000
63508  -14.400  -9.550  41.976 0.1250000000
63483  -11.224  -10.237  45.112 0.1250000000
63514  -13.833  -9.158  40.573 0.1250000000
62727  -10.521  -10.040  43.002 0.1250000000
62718  -10.914  -10.057  44.138 0.1250000000
63519  -13.728  -9.247  39.564 0.1250000000
109169  -13.256  -8.712  38.190 0.1250000000
110561  -13.334  -8.904  36.909 0.1250000000
110065  -13.301  -8.172  36.045 0.1250000000
64328  -13.475  -8.413  35.362 0.1250000000
65101  -13.419  -7.398  34.908 0.1250000000
66661  -14.238  -5.779  33.373 0.1250000000
59851  -40.632  -14.649  23.257 0.1250000000
59862  -40.222  -14.217  22.662 0.1250000000
59863  -40.927  -13.895  22.921 0.1250000000
59118  -38.057  -15.034  21.963 0.1250000000
59875  -39.212  -14.068  21.897 0.1250000000
112147  -39.823  -13.901  22.186 0.1250000000
56731  -42.422  -18.027  21.877 0.1250000000
57569  -42.853  -17.407  21.693 0.1250000000
59873  -37.636  -14.597  21.381 0.1250000000
59874  -38.452  -14.304  21.611 0.1250000000
60670  -39.444  -13.212  20.933 0.1250000000
60655  -40.400  -13.077  21.631 0.1250000000
59886  -34.636  -14.761  20.151 0.1250000000
59132  -35.858  -15.004  20.919 0.1250000000
60644  -39.765  -13.456  21.615 0.1250000000
59891  -43.720  -14.647  20.156 0.1250000000
59129  -33.321  -15.450  20.253 0.1250000000
59892  -44.360  -14.357  20.488 0.1250000000
59946  -45.141  -14.190  14.927 0.1250000000
62690  -14.170  -11.736  49.889 0.1250000000
61924  -14.924  -11.790  48.832 0.1250000000
62696  -14.581  -10.931  48.062 0.1250000000
61931  -15.187  -11.149  47.340 0.1250000000
108014  -13.433  -11.632  50.449 0.1250000000
62702  -14.702  -10.490  46.673 0.1250000000
61917  -13.126  -12.267  49.924 0.1250000000
98319  -13.768  -12.314  50.009 0.1250000000
63484  -13.866  -9.235  43.998 0.1250000000
61923  -12.501  -11.779  48.885 0.1250000000
62694  -11.892  -10.784  48.709 0.1250000000
63499  -13.910  -9.083  42.384 0.1250000000
64277  -13.345  -8.523  42.839 0.1250000000
64266  -13.304  -8.570  43.697 0.1250000000
61938  -11.797  -10.969  46.441 0.1250000000
64292  -13.287  -8.367  41.062 0.1250000000
62707  -11.356  -10.284  46.100 0.1250000000
65053  -12.870  -7.700  40.376 0.1250000000
63475  -11.112  -9.745  45.721 0.1250000000
64299  -13.308  -8.475  40.019 0.1250000000
63482  -10.838  -9.439  44.904 0.1250000000
65067  -12.937  -7.847  38.287 0.1250000000
64313  -13.179  -8.465  37.479 0.1250000000
64321  -13.218  -8.297  36.700 0.1250000000
65093  -13.297  -7.620  35.626 0.1250000000
106497  -13.358  -6.003  35.297 0.1250000000
66643  -13.335  -5.514  35.857 0.1250000000
65874  -13.276  -6.810  35.447 0.1250000000
110289  -13.780  -5.950  34.064 0.1250000000
66654  -13.966  -5.204  34.205 0.1250000000
60634  -41.665  -13.631  23.203 0.1250000000
59853  -42.125  -14.099  23.748 0.1250000000
57570  -43.472  -17.453  22.201 0.1250000000
58365  -43.415  -16.665  21.623 0.1250000000
59876  -44.581  -14.639  21.154 0.1250000000
59887  -35.504  -14.539  20.313 0.1250000000
59889  -37.183  -14.214  20.750 0.1250000000
59890  -38.062  -13.846  20.908 0.1250000000
111010  -45.715  -13.938  15.074 0.1250000000
107825  -45.621  -13.982  14.451 0.1250000000
62695  -14.048  -10.577  48.747 0.1250000000
62701  -14.139  -10.121  47.277 0.1250000000
62684  -12.968  -10.998  50.835 0.1250000000
62688  -12.589  -11.417  50.110 0.1250000000
63456  -12.193  -9.753  51.362 0.1250000000
64284  -13.409  -8.465  42.010 0.1250000000
65023  -12.871  -7.859  43.329 0.1250000000
62700  -11.531  -10.462  47.178 0.1250000000
65044  -12.829  -7.599  41.165 0.1250000000
106402  -12.985  -7.877  41.721 0.1250000000
97889  -11.235  -9.715  46.600 0.1250000000
102480  -12.671  -6.887  39.826 0.1250000000
63474  -11.027  -9.235  45.824 0.1250000000
65061  -12.878  -7.735  39.400 0.1250000000
102726  -12.720  -6.795  38.790 0.1250000000
65843  -12.832  -6.909  37.757 0.1250000000
107494  -12.717  -5.925  38.692 0.1250000000
65075  -13.011  -7.687  37.235 0.1250000000
99856  -12.945  -6.012  37.240 0.1250000000
65084  -13.156  -7.624  36.420 0.1250000000
110540  -13.013  -6.925  36.816 0.1250000000
65858  -13.156  -6.256  36.180 0.1250000000
67427  -13.642  -5.168  35.136 0.1250000000
116572  -13.959  -4.760  34.722 0.1250000000
67438  -14.278  -4.340  34.393 0.1250000000
68225  -14.746  -3.826  33.803 0.1250000000
61383  -42.400  -12.558  22.451 0.1250000000
61396  -42.109  -12.403  21.692 0.1250000000
61395  -41.394  -12.588  21.488 0.1250000000
110595  -41.878  -12.357  21.036 0.1250000000
100704  -46.872  -13.529  15.187 0.1250000000
60727  -46.798  -13.517  14.405 0.1250000000
59952  -46.146  -13.780  14.046 0.1250000000
60731  -46.688  -13.500  13.657 0.1250000000
99577  -12.711  -7.077  42.991 0.1250000000
63460  -11.520  -9.756  49.752 0.1250000000
65035  -12.909  -7.830  42.460 0.1250000000
63465  -11.401  -9.496  48.409 0.1250000000
104880  -11.562  -10.117  49.002 0.1250000000
63469  -11.388  -9.971  47.818 0.1250000000
102481  -12.652  -6.906  40.782 0.1250000000
64254  -11.078  -8.641  46.029 0.1250000000
104767  -12.669  -6.042  39.410 0.1250000000
66628  -12.897  -5.325  38.096 0.1250000000
103240  -13.129  -5.013  37.126 0.1250000000
67419  -13.538  -4.693  36.189 0.1250000000
111134  -14.008  -4.337  35.238 0.1250000000
62122  -43.760  -11.898  22.169 0.1250000000
60732  -47.429  -13.163  13.976 0.1250000000
112853  -46.614  -13.493  13.023 0.1250000000
60743  -47.153  -13.192  13.212 0.1250000000
60754  -46.872  -13.143  12.496 0.1250000000
61519  -47.513  -12.728  12.674 0.1250000000
62275  -48.504  -11.586  8.971 0.1250000000
62282  -49.476  -11.343  8.463 0.1250000000
63466  -13.672  -9.937  49.154 0.1250000000
102123  -13.554  -9.119  47.979 0.1250000000
104586  -13.769  -9.770  47.891 0.1250000000
63461  -13.334  -10.119  50.560 0.1250000000
113307  -13.379  -8.843  46.195 0.1250000000
63457  -12.700  -9.963  51.141 0.1250000000
63455  -11.769  -9.778  50.970 0.1250000000
65015  -12.944  -7.798  44.226 0.1250000000
65792  -12.741  -6.189  42.793 0.1250000000
65800  -12.652  -6.097  41.208 0.1250000000
64245  -11.355  -8.796  47.847 0.1250000000
66602  -12.811  -5.327  40.758 0.1250000000
65008  -11.253  -7.868  46.475 0.1250000000
64248  -11.247  -8.700  46.852 0.1250000000
66612  -12.787  -5.295  39.887 0.1250000000
67402  -13.184  -4.533  38.648 0.1250000000
66621  -12.808  -5.265  39.038 0.1250000000
101963  -13.479  -4.347  37.043 0.1250000000
67428  -13.992  -3.952  35.968 0.1250000000
62121  -42.954  -12.144  21.854 0.1250000000
61520  -48.205  -12.401  12.989 0.1250000000
61509  -47.713  -12.845  13.363 0.1250000000
61531  -47.934  -12.154  12.131 0.1250000000
62267  -48.472  -11.239  10.144 0.1250000000
63017  -49.797  -10.529  9.776 0.1250000000
62283  -50.376  -11.075  8.064 0.1250000000
62310  -52.173  -10.875  6.167 0.1250000000
61579  -51.643  -11.651  5.040 0.1250000000
62318  -52.317  -11.007  4.758 0.1250000000
103561  -13.635  -9.108  49.542 0.1250000000
105274  -13.661  -8.235  48.430 0.1250000000
64249  -13.464  -8.403  46.911 0.1250000000
106354  -13.845  -7.963  50.159 0.1250000000
64238  -12.606  -8.918  51.382 0.1250000000
64241  -13.336  -9.051  50.809 0.1250000000
64236  -12.006  -8.480  51.337 0.1250000000
65769  -13.124  -6.728  44.677 0.1250000000
64991  -11.906  -7.636  50.838 0.1250000000
66575  -13.176  -5.523  43.535 0.1250000000
65779  -12.902  -6.394  43.713 0.1250000000
64240  -11.382  -8.957  49.086 0.1250000000
64999  -11.424  -7.991  48.576 0.1250000000
64994  -11.627  -7.414  49.770 0.1250000000
65737  -11.910  -6.473  50.378 0.1250000000
66586  -13.042  -5.238  42.567 0.1250000000
66596  -12.852  -5.310  41.612 0.1250000000
104460  -12.682  -5.961  42.010 0.1250000000
110131  -11.351  -8.187  47.381 0.1250000000
65007  -10.986  -7.952  45.467 0.1250000000
65752  -11.362  -6.831  46.665 0.1250000000
65003  -11.408  -7.406  47.524 0.1250000000
102806  -11.659  -6.008  48.191 0.1250000000
67393  -13.143  -4.570  39.514 0.1250000000
102477  -11.502  -5.993  47.098 0.1250000000
68185  -13.592  -3.880  39.140 0.1250000000
68201  -13.726  -3.806  37.453 0.1250000000
63018  -50.535  -10.216  9.368 0.1250000000
63025  -49.994  -10.730  8.888 0.1250000000
63027  -51.974  -10.006  8.002 0.1250000000
63026  -50.888  -10.425  8.487 0.1250000000
62296  -50.769  -11.245  7.413 0.1250000000
63042  -52.599  -10.329  7.233 0.1250000000
62297  -51.626  -10.926  6.865 0.1250000000
63056  -52.821  -10.436  6.564 0.1250000000
63058  -53.481  -9.455  6.065 0.1250000000
63057  -53.328  -9.979  6.214 0.1250000000
112200  -52.168  -11.121  5.546 0.1250000000
62311  -52.693  -10.475  5.656 0.1250000000
64995  -13.989  -7.271  48.985 0.1250000000
65753  -13.834  -6.681  47.071 0.1250000000
65748  -14.262  -6.407  49.377 0.1250000000
106758  -14.041  -6.968  50.107 0.1250000000
64992  -13.532  -7.190  50.834 0.1250000000
65738  -12.967  -6.545  51.043 0.1250000000
109982  -12.574  -7.606  51.169 0.1250000000
66561  -13.415  -5.730  44.457 0.1250000000
66528  -12.170  -5.627  50.754 0.1250000000
67360  -13.611  -4.731  43.379 0.1250000000
112925  -13.258  -4.682  41.956 0.1250000000
65742  -11.552  -6.749  48.851 0.1250000000
104303  -13.691  -3.955  40.851 0.1250000000
67379  -13.233  -4.631  41.215 0.1250000000
66532  -11.966  -5.558  49.719 0.1250000000
67386  -13.170  -4.606  40.368 0.1250000000
68190  -13.642  -3.826  38.272 0.1250000000
68202  -14.163  -3.240  37.065 0.1250000000
63770  -50.973  -9.756  10.645 0.1250000000
63781  -51.071  -9.659  9.864 0.1250000000
63019  -51.392  -9.735  8.922 0.1250000000
63028  -53.152  -9.658  7.427 0.1250000000
63789  -53.310  -8.681  7.598 0.1250000000
63043  -53.407  -9.949  6.820 0.1250000000
63804  -53.589  -9.149  6.731 0.1250000000
66543  -14.085  -5.878  46.641 0.1250000000
66538  -14.342  -5.897  48.163 0.1250000000
66550  -13.740  -5.843  45.466 0.1250000000
67349  -13.779  -4.954  44.196 0.1250000000
66562  -14.099  -5.069  45.087 0.1250000000
102845  -14.341  -5.582  49.710 0.1250000000
66529  -12.749  -5.600  50.859 0.1250000000
67372  -13.650  -4.378  42.612 0.1250000000
66533  -12.380  -5.030  50.531 0.1250000000
112175  -14.371  -3.326  41.276 0.1250000000
68171  -13.802  -3.979  41.790 0.1250000000
67321  -12.282  -4.727  49.489 0.1250000000
68179  -14.106  -3.245  39.614 0.1250000000
68186  -14.086  -3.230  38.745 0.1250000000
63782  -51.924  -8.987  9.450 0.1250000000
110731  -52.401  -8.393  9.486 0.1250000000
63788  -52.490  -9.232  8.350 0.1250000000
63783  -52.674  -8.369  8.731 0.1250000000
64535  -53.154  -7.490  8.019 0.1250000000
64548  -53.384  -8.187  6.882 0.1250000000
66551  -14.400  -5.101  46.145 0.1250000000
67341  -14.750  -4.349  45.667 0.1250000000
67335  -15.036  -4.305  46.786 0.1250000000
66544  -14.613  -5.073  47.381 0.1250000000
67350  -14.456  -4.346  44.691 0.1250000000
66539  -14.543  -4.973  48.724 0.1250000000
106893  -14.157  -4.355  43.946 0.1250000000
113434  -14.066  -4.773  49.171 0.1250000000
67318  -13.057  -4.915  50.499 0.1250000000
67373  -14.304  -3.652  42.616 0.1250000000
67322  -12.751  -4.576  50.076 0.1250000000
68928  -14.660  -2.631  39.234 0.1250000000
68935  -15.173  -2.058  38.776 0.1250000000
68934  -14.616  -2.656  38.336 0.1250000000
65290  -53.026  -6.360  7.933 0.1250000000
68139  -15.410  -3.587  46.209 0.1250000000
68147  -15.153  -3.598  45.175 0.1250000000
68133  -15.514  -3.512  47.184 0.1250000000
99553  -14.775  -3.609  44.121 0.1250000000
67324  -14.636  -4.349  48.350 0.1250000000
67329  -15.021  -4.238  47.761 0.1250000000
68159  -14.756  -3.356  43.280 0.1250000000
68123  -13.679  -3.527  48.642 0.1250000000
67328  -12.686  -4.243  49.038 0.1250000000
113575  -14.211  -3.294  40.455 0.1250000000
68940  -15.113  -2.080  37.891 0.1250000000
97864  -50.812  -4.062  7.240 0.1250000000
68140  -15.722  -2.820  45.703 0.1250000000
68134  -15.809  -2.915  46.588 0.1250000000
68148  -15.489  -2.790  44.711 0.1250000000
68128  -15.672  -3.014  47.325 0.1250000000
68906  -15.699  -2.100  44.272 0.1250000000
68127  -15.269  -3.590  47.787 0.1250000000
68905  -15.317  -2.717  43.706 0.1250000000
68912  -15.154  -2.763  42.666 0.1250000000
68874  -14.535  -2.183  48.252 0.1250000000
106817  -14.393  -2.980  48.352 0.1250000000
68913  -15.699  -1.969  43.229 0.1250000000
101980  -14.555  -3.295  41.999 0.1250000000
105446  -13.665  -1.701  48.784 0.1250000000
68918  -15.090  -2.674  41.716 0.1250000000
68873  -13.387  -2.504  48.604 0.1250000000
68923  -15.469  -2.036  41.293 0.1250000000
109066  -14.887  -2.701  40.902 0.1250000000
114902  -15.280  -2.176  40.566 0.1250000000
69611  -15.453  -1.343  39.127 0.1250000000
65251  -50.258  -7.649  11.049 0.1250000000
66073  -48.832  -6.213  9.566 0.1250000000
66840  -48.971  -5.134  9.335 0.1250000000
68894  -15.768  -2.185  45.222 0.1250000000
68886  -15.829  -2.358  46.003 0.1250000000
68880  -15.707  -2.497  46.685 0.1250000000
69554  -14.789  -1.506  47.752 0.1250000000
68919  -15.605  -1.961  42.183 0.1250000000
69552  -14.352  -1.361  48.451 0.1250000000
70230  -14.356  -0.764  48.377 0.1250000000
110415  -13.333  -1.343  49.259 0.1250000000
69547  -12.214  -1.129  49.774 0.1250000000
102713  -15.518  -1.252  39.913 0.1250000000
69605  -15.561  -1.462  40.694 0.1250000000
69564  -15.805  -2.018  45.503 0.1250000000
69572  -15.345  -1.645  44.996 0.1250000000
113125  -15.683  -1.815  43.929 0.1250000000
69557  -15.755  -2.138  46.138 0.1250000000
69585  -15.553  -1.463  43.309 0.1250000000
69556  -15.222  -1.761  46.826 0.1250000000
70237  -14.174  -0.306  47.123 0.1250000000
69593  -15.665  -1.365  42.493 0.1250000000
70229  -14.061  -0.161  49.054 0.1250000000
70233  -14.188  -0.213  48.245 0.1250000000
69600  -15.673  -1.323  41.652 0.1250000000
70280  -15.499  -0.770  41.135 0.1250000000
69551  -13.942  -0.891  49.141 0.1250000000
70924  -13.830  0.401  48.968 0.1250000000
70286  -15.037  -0.200  40.609 0.1250000000
69548  -13.012  -1.052  49.653 0.1250000000
70225  -12.720  -0.544  49.973 0.1250000000
70919  -13.511  0.194  49.602 0.1250000000
70918  -12.556  0.194  50.115 0.1250000000
69584  -15.431  -1.550  44.131 0.1250000000
70264  -14.911  -0.957  43.556 0.1250000000
70271  -14.120  -0.417  42.953 0.1250000000
70243  -14.582  -1.043  45.414 0.1250000000
70272  -14.497  -0.344  42.100 0.1250000000
70238  -14.627  -1.038  46.456 0.1250000000
70273  -15.456  -0.816  41.894 0.1250000000
70279  -14.835  -0.283  41.347 0.1250000000
70971  -14.482  0.391  40.875 0.1250000000
70927  -13.661  0.357  47.817 0.1250000000
70921  -13.311  1.007  49.665 0.1250000000
70917  -11.600  0.462  50.134 0.1250000000
70253  -14.678  -1.006  44.456 0.1250000000
70263  -13.938  -0.440  43.874 0.1250000000
70252  -13.907  -0.418  44.859 0.1250000000
70242  -14.013  -0.372  45.955 0.1250000000
70940  -13.297  0.223  45.318 0.1250000000
70964  -14.119  0.354  41.540 0.1250000000
70931  -13.427  0.302  46.504 0.1250000000
71772  -14.002  1.059  41.044 0.1250000000
70926  -12.860  0.960  47.210 0.1250000000
71729  -10.388  1.360  49.636 0.1250000000
70923  -13.298  0.997  48.699 0.1250000000
70916  -10.929  0.729  49.880 0.1250000000
103166  -12.640  0.998  50.119 0.1250000000
102360  -13.337  0.247  43.354 0.1250000000
112291  -13.577  0.450  42.339 0.1250000000
70930  -12.643  1.001  45.700 0.1250000000
71735  -9.729  1.399  46.982 0.1250000000
71739  -12.414  2.061  45.465 0.1250000000
110171  -13.653  1.050  41.649 0.1250000000
71732  -10.038  1.133  48.310 0.1250000000
71736  -12.543  1.822  46.668 0.1250000000
72598  -12.480  2.748  46.378 0.1250000000
71733  -12.850  1.756  48.102 0.1250000000
71730  -13.180  1.879  49.422 0.1250000000
71725  -11.037  1.162  50.135 0.1250000000
71727  -13.066  1.839  49.922 0.1250000000
71726  -12.129  1.451  50.157 0.1250000000
72585  -12.856  2.238  50.015 0.1250000000
70952  -13.257  0.180  44.283 0.1250000000
70951  -12.792  0.826  43.840 0.1250000000
71754  -12.934  1.065  42.980 0.1250000000
70939  -12.784  0.719  44.665 0.1250000000
71762  -13.211  1.606  42.127 0.1250000000
71734  -9.528  1.801  48.030 0.1250000000
113013  -12.464  2.889  45.460 0.1250000000
71771  -13.681  1.744  41.322 0.1250000000
71728  -9.946  1.995  49.746 0.1250000000
72592  -13.148  2.668  49.000 0.1250000000
72595  -12.690  2.678  47.688 0.1250000000
72621  -13.439  2.394  41.676 0.1250000000
98529  -13.226  3.685  48.949 0.1250000000
72584  -11.712  1.931  50.031 0.1250000000
72590  -13.062  2.788  49.629 0.1250000000
71745  -12.525  1.521  44.449 0.1250000000
71753  -12.680  1.502  43.539 0.1250000000
71761  -12.804  1.957  42.921 0.1250000000
72591  -9.052  2.363  48.726 0.1250000000
72611  -12.598  2.276  43.706 0.1250000000
71731  -9.658  1.904  49.226 0.1250000000
73375  -12.757  3.274  43.987 0.1250000000
72612  -12.863  2.844  43.104 0.1250000000
72589  -12.716  2.804  49.819 0.1250000000
73355  -12.462  3.510  49.513 0.1250000000
73356  -13.166  3.732  49.477 0.1250000000
115200  -12.725  3.461  47.353 0.1250000000
73365  -12.666  3.731  46.257 0.1250000000
72616  -13.101  2.540  42.351 0.1250000000
72583  -10.632  1.661  49.979 0.1250000000
105863  -13.428  2.964  41.960 0.1250000000
72586  -8.368  2.953  49.422 0.1250000000
72587  -9.238  2.572  49.427 0.1250000000
113491  -9.418  3.093  49.494 0.1250000000
74074  -13.146  5.446  48.534 0.1250000000
112529  -13.497  6.362  46.714 0.1250000000
74085  -13.481  5.195  45.139 0.1250000000
74692  -13.871  5.685  44.701 0.1250000000
99934  -9.678  2.554  49.563 0.1250000000
73354  -10.826  3.203  49.287 0.1250000000
74079  -13.008  4.826  46.647 0.1250000000
74084  -12.935  4.428  45.600 0.1250000000
73373  -13.049  4.207  44.626 0.1250000000
74695  -14.338  5.633  44.087 0.1250000000
72588  -11.082  2.425  49.732 0.1250000000
73359  -13.175  4.598  49.078 0.1250000000
109073  -13.218  4.694  48.017 0.1250000000
74088  -14.635  4.869  43.858 0.1250000000
74092  -15.008  4.605  43.405 0.1250000000
73361  -7.947  3.370  47.461 0.1250000000
73358  -7.578  3.241  49.213 0.1250000000
73352  -7.746  3.391  49.602 0.1250000000
74061  -7.346  3.826  49.626 0.1250000000
96654  -12.791  7.150  46.861 0.1250000000
75261  -12.814  7.203  45.837 0.1250000000
110132  -12.785  7.225  44.740 0.1250000000
72593  -8.515  2.823  48.019 0.1250000000
74062  -8.552  3.588  49.416 0.1250000000
74678  -11.254  5.514  47.831 0.1250000000
74679  -12.823  6.061  48.136 0.1250000000
75254  -12.973  6.668  47.628 0.1250000000
75262  -13.356  6.796  46.425 0.1250000000
98042  -13.377  6.762  45.342 0.1250000000
75264  -13.438  6.745  44.340 0.1250000000
73353  -8.642  3.007  49.531 0.1250000000
74068  -9.810  4.548  48.301 0.1250000000
100511  -13.147  5.599  48.476 0.1250000000
113853  -13.395  5.889  47.539 0.1250000000
74690  -13.588  6.171  45.625 0.1250000000
75265  -13.815  6.225  44.689 0.1250000000
74063  -10.270  3.780  48.817 0.1250000000
74064  -12.152  4.285  49.017 0.1250000000
74070  -13.152  5.022  48.969 0.1250000000
98784  -13.983  6.294  44.038 0.1250000000
74065  -13.131  4.314  49.285 0.1250000000
110237  -15.083  5.277  43.684 0.1250000000
73351  -7.067  3.694  49.495 0.1250000000
74677  -8.290  4.744  48.684 0.1250000000
104697  -9.738  5.582  47.621 0.1250000000
75830  -12.723  7.240  43.706 0.1250000000
75826  -11.903  7.549  46.021 0.1250000000
74685  -10.923  6.356  47.270 0.1250000000
75257  -10.878  7.125  46.841 0.1250000000
75833  -12.674  7.311  42.717 0.1250000000
74067  -6.461  4.079  49.249 0.1250000000
75268  -13.555  6.747  43.377 0.1250000000
74675  -6.057  4.749  49.003 0.1250000000
74673  -6.434  4.984  49.201 0.1250000000
74696  -14.563  6.076  43.534 0.1250000000
98012  -5.805  5.919  48.782 0.1250000000
75270  -14.078  6.571  42.800 0.1250000000
75256  -4.466  6.223  47.885 0.1250000000
111417  -6.940  6.881  48.418 0.1250000000
75252  -8.000  6.647  47.731 0.1250000000
105557  -4.861  6.504  48.536 0.1250000000
75815  -5.725  7.212  48.805 0.1250000000
115719  -9.046  6.876  47.180 0.1250000000
75819  -8.898  7.672  47.182 0.1250000000
75816  -6.957  7.899  48.366 0.1250000000
98853  -11.949  7.602  45.079 0.1250000000
75828  -11.937  7.669  44.053 0.1250000000
74060  -6.680  4.108  49.424 0.1250000000
75829  -11.936  7.700  43.057 0.1250000000
110453  -7.040  4.514  49.424 0.1250000000
75253  -8.720  6.010  47.662 0.1250000000
74676  -7.504  5.500  48.528 0.1250000000
75834  -13.346  6.980  42.307 0.1250000000
75251  -6.863  5.996  48.591 0.1250000000
75250  -4.222  6.972  48.218 0.1250000000
99982  -6.010  8.105  48.912 0.1250000000
75817  -7.938  7.738  47.695 0.1250000000
74684  -9.824  6.585  47.145 0.1250000000
75821  -10.888  7.824  46.603 0.1250000000
75825  -11.187  8.047  46.259 0.1250000000
76419  -11.329  8.129  45.552 0.1250000000
75822  -11.577  7.401  46.621 0.1250000000
107108  -11.254  8.296  43.439 0.1250000000
76422  -11.336  8.180  44.527 0.1250000000
75820  -9.995  7.650  46.878 0.1250000000
76414  -10.554  8.436  46.585 0.1250000000
76426  -10.906  8.686  42.660 0.1250000000
75832  -12.029  7.776  42.175 0.1250000000
106046  -11.650  8.229  41.774 0.1250000000
76413  -9.765  8.638  46.995 0.1250000000
76417  -10.233  9.145  46.451 0.1250000000
75836  -12.156  7.950  41.384 0.1250000000
76418  -10.817  8.706  45.989 0.1250000000
76427  -11.445  8.236  42.466 0.1250000000
76421  -10.802  8.688  44.993 0.1250000000
77074  -10.305  9.238  45.479 0.1250000000
76424  -10.818  8.659  44.100 0.1250000000
77077  -10.246  9.224  44.294 0.1250000000
77083  -10.337  9.281  42.353 0.1250000000
77088  -10.603  9.521  41.389 0.1250000000
76430  -11.095  8.767  41.791 0.1250000000
77089  -11.260  9.107  40.852 0.1250000000
77080  -9.878  9.512  43.256 0.1250000000
60635  -42.429  -13.388  23.467 0.1250000000
56720  -42.027  -18.654  22.217 0.1250000000
63471  -14.179  -9.843  46.117 0.1250000000
63470  -13.615  -9.321  46.761 0.1250000000
63488  -13.885  -9.162  43.190 0.1250000000
62689  -13.659  -11.009  50.302 0.1250000000
100636  -12.340  -10.420  51.084 0.1250000000
62687  -11.937  -10.585  50.336 0.1250000000
60589  -34.596  -13.409  29.147 0.1250000000
61253  -16.398  -12.682  37.454 0.1250000000
59947  -46.233  -13.763  14.792 0.1250000000
97430  -49.180  -10.956  9.365 0.1250000000
61231  -16.455  -12.376  40.956 0.1250000000
61263  -15.907  -12.402  36.804 0.1250000000
61188  -13.430  -12.698  45.756 0.1250000000
61933  -16.727  -11.484  46.541 0.1250000000
60407  -14.430  -13.291  49.450 0.1250000000
61925  -15.580  -11.808  48.109 0.1250000000
61948  -16.071  -11.067  44.866 0.1250000000
63010  -50.402  -10.142  10.258 0.1250000000
62721  -15.523  -10.655  43.613 0.1250000000
36609  -23.794  -43.858  44.450 0.1250000000
115495  -37.970  -15.467  31.261 0.1250000000
57476  -36.994  -17.276  29.409 0.1250000000
57490  -37.255  -18.073  28.930 0.1250000000
99356  -12.802  -12.164  45.109 0.1250000000
66860  -52.565  -5.057  7.841 0.1250000000
65759  -11.211  -7.077  45.696 0.1250000000
74674  -5.303  5.696  48.471 0.1250000000
57517  -35.197  -17.889  26.902 0.1250000000
56691  -36.006  -18.547  25.461 0.1250000000
102571  -37.478  -18.533  25.531 0.1250000000
56688  -34.137  -18.182  25.378 0.1250000000
56714  -36.818  -18.288  24.268 0.1250000000
56712  -35.130  -18.457  24.129 0.1250000000
60591  -37.562  -13.218  29.197 0.1250000000
104511  -35.528  -13.212  29.218 0.1250000000
57576  -34.022  -17.488  22.311 0.1250000000
61992  -14.776  -11.160  38.386 0.1250000000
62008  -15.024  -11.524  36.645 0.1250000000
111724  -15.492  -12.058  36.213 0.1250000000
62015  -15.013  -11.388  35.678 0.1250000000
60602  -35.247  -12.680  28.750 0.1250000000
58336  -39.227  -16.491  23.656 0.1250000000
58348  -34.743  -16.966  21.931 0.1250000000
62000  -14.533  -10.904  37.734 0.1250000000
100822  -14.294  -10.595  37.134 0.1250000000
63546  -13.623  -9.508  36.698 0.1250000000
59117  -37.299  -15.345  21.770 0.1250000000
109050  -15.022  -10.156  43.209 0.1250000000
62737  -14.802  -10.046  41.796 0.1250000000
113915  -13.623  -8.124  34.579 0.1250000000
112766  -13.417  -7.893  35.106 0.1250000000
65902  -14.354  -6.623  33.114 0.1250000000
59131  -35.063  -15.196  20.704 0.1250000000
61918  -14.474  -12.545  49.894 0.1250000000
64305  -13.240  -8.565  39.036 0.1250000000
65887  -13.526  -6.549  34.603 0.1250000000
61912  -13.127  -11.624  50.509 0.1250000000
104171  -13.159  -7.043  36.097 0.1250000000
66653  -13.623  -5.761  34.635 0.1250000000
66635  -13.184  -5.488  36.513 0.1250000000
67445  -14.538  -4.723  33.384 0.1250000000
59888  -36.335  -14.378  20.531 0.1250000000
59907  -35.943  -13.967  19.858 0.1250000000
102482  -12.660  -6.966  41.886 0.1250000000
100086  -11.295  -9.322  47.271 0.1250000000
104768  -12.645  -6.089  40.288 0.1250000000
104766  -12.758  -6.193  38.121 0.1250000000
105763  -12.823  -7.168  43.780 0.1250000000
67413  -13.313  -4.458  37.789 0.1250000000
65000  -13.690  -7.459  47.577 0.1250000000
68178  -13.616  -3.920  39.994 0.1250000000
63041  -51.321  -10.661  7.666 0.1250000000
63044  -53.528  -9.518  6.448 0.1250000000
109067  -14.060  -6.730  48.190 0.1250000000
65743  -13.817  -6.186  50.577 0.1250000000
68191  -14.116  -3.234  37.889 0.1250000000
66534  -13.920  -5.029  49.904 0.1250000000
108911  -14.729  -2.663  40.099 0.1250000000
67323  -13.432  -4.640  49.814 0.1250000000
68124  -14.668  -3.660  48.284 0.1250000000
98822  -13.142  -4.210  49.272 0.1250000000
102370  -15.241  -3.019  47.926 0.1250000000
68929  -15.307  -1.971  39.787 0.1250000000
68876  -15.356  -2.324  47.434 0.1250000000
70265  -15.226  -0.881  42.689 0.1250000000
70234  -14.599  -0.923  47.495 0.1250000000
69563  -15.284  -1.674  45.893 0.1250000000
72605  -12.490  2.576  44.609 0.1250000000
73372  -12.648  3.474  45.020 0.1250000000
110063  -13.257  4.061  43.913 0.1250000000
73379  -13.435  3.422  42.638 0.1250000000
74080  -13.310  5.488  46.187 0.1250000000
74087  -13.917  4.867  44.273 0.1250000000
74069  -11.152  4.649  48.354 0.1250000000
74091  -14.005  4.277  43.462 0.1250000000
74687  -13.326  6.611  47.337 0.1250000000
111702  -12.479  5.265  48.523 0.1250000000
74686  -12.094  6.361  47.577 0.1250000000
74680  -13.217  6.124  48.041 0.1250000000
75258  -11.991  6.911  47.123 0.1250000000
105582  -10.540  8.920  43.330 0.1250000000
39217  -10.770  -39.793  39.983 1.0000000000
39237  -10.419  -39.039  38.778 1.0000000000
40018  -11.659  -38.580  38.908 1.0000000000
40029  -9.727  -38.725  38.584 1.0000000000
40831  -12.483  -36.586  40.167 1.0000000000
41602  -24.510  -36.744  46.321 0.7500000000
41639  -5.538  -36.585  41.337 0.8750000000
41658  -23.063  -36.294  40.923 1.0000000000
41679  -16.252  -36.484  38.156 0.8750000000
42470  -31.256  -35.178  40.288 0.3750000000
42472  -8.575  -35.168  39.365 1.0000000000
42481  -31.429  -34.784  40.048 0.1250000000
43263  -31.670  -34.244  41.629 0.5000000000
43311  -21.279  -33.796  35.663 0.8750000000
44063  -10.544  -33.489  38.626 1.0000000000
44075  -23.289  -33.307  37.949 1.0000000000
44802  -8.168  -32.579  45.069 1.0000000000
44820  -17.559  -32.511  42.146 1.0000000000
44822  -31.744  -32.528  43.134 0.8750000000
44823  -32.023  -32.472  42.268 0.8750000000
44831  -17.676  -32.547  41.581 1.0000000000
44848  -10.861  -32.279  39.165 1.0000000000
44867  -17.195  -32.909  36.537 0.8750000000
44889  -19.103  -31.970  34.686 0.8750000000
45569  -17.133  -31.633  45.451 1.0000000000
45600  -8.724  -31.526  41.688 1.0000000000
45611  -10.173  -31.175  40.059 1.0000000000
45621  -10.504  -31.675  39.545 1.0000000000
45661  -18.063  -31.272  35.079 0.8750000000
45662  -20.561  -31.947  34.786 1.0000000000
46346  -9.690  -31.155  51.085 1.0000000000
46425  -28.373  -30.463  39.559 0.7500000000
46469  -38.108  -30.702  35.687 0.8750000000
47137  -9.835  -29.743  45.924 1.0000000000
47166  -30.840  -29.058  44.272 1.0000000000
47184  -10.503  -29.787  42.528 1.0000000000
47196  -12.171  -29.952  41.927 1.0000000000
47262  -30.314  -29.498  35.369 0.3750000000
48026  -3.773  -28.123  53.190 1.0000000000
48084  -26.826  -27.598  44.844 1.0000000000
48850  -11.413  -28.322  52.153 0.8750000000
48895  -30.975  -27.633  44.156 1.0000000000
48943  -21.090  -26.779  38.399 1.0000000000
49709  -8.080  -25.546  48.771 0.8750000000
49764  -28.666  -25.354  42.085 1.0000000000
49831  -27.728  -26.443  37.656 0.8750000000
49953  -23.991  -26.835  31.787 0.8750000000
49990  -37.367  -26.031  29.962 0.8750000000
50726  -14.623  -25.629  40.935 0.8750000000
50741  -28.390  -25.532  40.300 1.0000000000
51526  -2.213  -24.171  53.092 1.0000000000
51647  -21.438  -24.813  27.927 0.7500000000
52338  -9.844  -23.485  46.520 0.8750000000
52340  -11.500  -23.973  46.249 0.7500000000
52349  -12.542  -23.206  45.619 0.7500000000
52385  -40.332  -23.434  37.117 1.0000000000
53064  -20.335  -23.036  49.623 0.6250000000
53073  -21.558  -22.472  48.666 0.7500000000
53135  -40.366  -23.145  37.265 1.0000000000
53201  -32.395  -22.391  27.676 0.8750000000
53874  -19.652  -21.442  48.626 0.6250000000
53878  -23.044  -21.555  48.052 0.6250000000
53888  -22.863  -21.845  48.112 0.6250000000
53901  -22.811  -21.729  47.433 0.6250000000
53912  -19.525  -21.922  44.701 0.7500000000
53919  -12.602  -21.160  43.816 0.7500000000
54718  -2.256  -20.346  46.444 1.0000000000
54726  -23.650  -21.029  47.687 0.6250000000
54751  -22.891  -20.985  45.385 0.7500000000
54767  -24.830  -19.700  45.051 0.6250000000
54772  -13.949  -20.335  42.563 0.6250000000
54775  -16.028  -20.046  42.747 0.6250000000
54915  -34.128  -21.038  29.769 0.7500000000
54921  -17.014  -20.487  28.308 0.7500000000
54937  -28.112  -20.500  27.363 0.7500000000
54955  -19.183  -20.482  25.578 0.6250000000
55642  -25.656  -19.208  46.384 0.6250000000
55665  -12.743  -19.557  42.397 0.7500000000
55668  -15.825  -19.731  42.093 0.6250000000
55670  -22.347  -19.696  42.250 0.6250000000
55677  -15.612  -19.285  41.465 0.5000000000
56504  -25.790  -18.885  46.162 0.6250000000
56517  -12.364  -18.841  42.078 0.5000000000
56524  -12.032  -18.116  41.752 0.5000000000
56525  -12.765  -18.351  41.388 0.5000000000
56527  -14.458  -18.640  40.898 0.5000000000
56528  -15.354  -18.637  40.859 0.5000000000
56537  -14.158  -17.905  40.576 0.5000000000
56539  -16.064  -18.151  40.715 0.5000000000
56540  -16.766  -18.271  41.139 0.5000000000
56689  -34.708  -18.349  25.571 0.1250000000
57312  -5.407  -16.962  51.203 0.8750000000
57343  -19.402  -17.492  42.582 0.5000000000
57348  -11.826  -17.294  41.314 0.5000000000
57350  -16.831  -16.942  41.021 0.5000000000
57361  -15.817  -17.462  40.570 0.5000000000
57554  -38.153  -17.405  23.823 0.1250000000
58117  -4.607  -16.221  52.045 0.8750000000
58151  -9.692  -16.116  42.523 0.5000000000
58153  -17.853  -16.183  42.501 0.5000000000
58159  -11.358  -16.495  41.147 0.5000000000
58207  -41.293  -14.731  34.236 0.3750000000
58255  -44.232  -16.024  32.430 0.3750000000
58898  -25.405  -15.165  47.006 0.5000000000
58907  -25.345  -15.245  46.302 0.5000000000
58916  -25.058  -15.364  44.814 0.5000000000
58923  -16.436  -15.454  42.584 0.5000000000
58934  -16.406  -15.970  41.689 0.5000000000
58940  -11.815  -15.728  40.520 0.5000000000
58942  -13.412  -15.441  40.396 0.5000000000
58944  -15.099  -16.003  40.693 0.5000000000
59640  -17.733  -14.035  48.229 0.2500000000
59642  -20.460  -13.430  48.392 0.3750000000
59665  -23.742  -13.864  46.520 0.5000000000
59672  -16.792  -14.744  45.132 0.3750000000
59680  -6.653  -13.799  43.766 0.6250000000
59684  -16.321  -14.816  43.872 0.3750000000
59693  -8.938  -14.747  41.939 0.5000000000
59697  -23.429  -14.127  42.849 0.3750000000
59702  -9.391  -14.179  41.258 0.5000000000
59703  -10.168  -14.600  40.947 0.5000000000
59711  -10.675  -14.102  40.607 0.3750000000
59714  -13.100  -14.723  40.446 0.3750000000
59715  -13.810  -14.994  40.575 0.5000000000
60417  -16.540  -13.852  49.080 0.2500000000
60421  -21.339  -12.890  48.101 0.2500000000
60429  -21.614  -12.931  47.818 0.3750000000
60448  -15.611  -14.018  44.949 0.3750000000
60472  -14.339  -13.773  42.762 0.3750000000
60479  -7.857  -13.042  41.792 0.6250000000
60480  -8.900  -13.423  41.232 0.3750000000
60492  -11.055  -13.495  40.527 0.3750000000
60584  -29.918  -13.511  29.860 0.3750000000
61160  -15.175  -13.232  49.579 0.2500000000
61165  -13.446  -13.042  48.323 0.1250000000
61171  -20.933  -12.625  48.065 0.2500000000
61203  -12.829  -12.247  43.182 0.3750000000
61209  -7.284  -12.561  42.015 0.6250000000
61223  -12.962  -12.901  41.876 0.3750000000
61229  -11.854  -12.818  40.863 0.3750000000
61944  -4.627  -10.872  44.996 0.7500000000
61953  -6.074  -11.637  42.738 0.5000000000
61954  -11.711  -11.106  43.938 0.1250000000
61972  -9.433  -11.428  41.034 0.3750000000
61974  -11.601  -11.699  41.786 0.3750000000
61979  -10.103  -11.885  40.832 0.3750000000
62055  -25.497  -11.262  30.212 0.3750000000
62683  -12.640  -11.034  50.752 0.1250000000
62725  -7.515  -10.132  41.741 0.3750000000
62729  -14.985  -10.161  42.462 0.1250000000
62742  -32.051  -11.340  42.020 0.1250000000
62761  -13.864  -10.007  37.286 0.1250000000
62762  -14.185  -10.389  37.732 0.1250000000
62818  -21.064  -10.713  29.503 0.2500000000
63451  -11.944  -9.209  51.371 0.1250000000
63452  -1.638  -9.271  50.289 0.6250000000
63485  -14.467  -9.740  44.329 0.2500000000
63495  -7.284  -9.682  41.968 0.5000000000
63496  -8.439  -9.280  41.913 0.5000000000
63523  -32.840  -10.122  40.318 0.1250000000
63587  -26.223  -9.626  31.674 0.1250000000
63613  -22.921  -10.081  28.772 0.2500000000
64237  -11.726  -8.829  50.975 0.1250000000
64260  -29.293  -8.202  45.005 0.1250000000
64262  -5.963  -8.557  43.310 0.5000000000
64288  -32.769  -8.834  42.007 0.1250000000
65028  -30.843  -8.213  44.039 0.1250000000
65033  -8.529  -7.344  42.485 0.5000000000
65097  -35.885  -7.487  35.991 0.1250000000
65747  -11.492  -6.604  47.589 0.1250000000
66530  -13.645  -5.398  50.451 0.1250000000
66843  -52.362  -4.728  8.419 0.2500000000
67319  -2.908  -4.829  48.643 0.5000000000
67320  -3.380  -4.611  48.567 0.5000000000
67334  -11.663  -4.601  46.740 0.2500000000
67361  -14.167  -4.020  43.333 0.1250000000
67370  -9.704  -4.684  42.649 0.3750000000
67674  -51.389  -4.009  7.567 0.2500000000
68904  -10.815  -2.759  43.586 0.2500000000
69573  -15.713  -1.907  44.689 0.1250000000
69582  -9.500  -1.338  43.399 0.3750000000
70226  -13.556  -0.435  49.559 0.1250000000
70937  -9.550  0.961  44.188 0.3750000000
75307  -9.728  6.424  36.068 0.1250000000
76404  -4.314  8.813  50.148 0.1250000000
77162  -10.064  9.843  33.633 0.1250000000
79079  -9.400  12.148  36.419 0.1250000000
96694  -23.810  -26.853  33.645 0.8750000000
96704  -8.110  -14.843  42.947 0.6250000000
99312  -13.603  -21.716  44.093 0.7500000000
99521  -11.536  -8.339  49.943 0.1250000000
99845  -9.826  8.214  33.951 0.1250000000
99849  -31.431  -33.853  39.792 0.1250000000
101501  -10.490  -6.116  43.370 0.2500000000
102026  -17.392  -11.640  46.782 0.2500000000
102548  -16.000  -11.122  43.221 0.1250000000
103233  -22.169  -26.271  32.331 0.8750000000
103250  -10.690  -12.947  40.586 0.3750000000
103329  -22.794  -16.673  41.308 0.6250000000
103919  -13.071  -15.874  40.318 0.5000000000
104620  -13.883  -4.274  48.854 0.1250000000
104852  -8.443  -12.766  41.325 0.3750000000
104860  -13.278  -8.141  51.000 0.1250000000
105151  -15.406  -20.546  43.165 0.6250000000
106978  -17.517  -30.961  42.182 1.0000000000
107685  -19.480  -20.165  41.052 0.7500000000
108223  -9.017  -38.316  38.602 1.0000000000
109262  -26.384  -25.702  29.037 0.8750000000
109782  -24.747  -20.337  46.897 0.6250000000
109992  -5.352  11.767  40.421 0.1250000000
110044  -16.132  -21.480  46.338 0.6250000000
110906  -19.389  -24.291  28.745 0.7500000000
111334  -25.486  -32.314  43.386 1.0000000000
111410  -14.690  -9.851  42.253 0.1250000000
111709  -12.257  -6.459  51.029 0.1250000000
111992  -22.503  -34.406  37.561 0.8750000000
112046  -5.487  -8.377  44.048 0.5000000000
112066  -11.509  -9.184  50.200 0.1250000000
112663  -9.542  -30.259  42.771 1.0000000000
113089  -25.848  -17.988  45.252 0.6250000000
113199  -37.792  -30.881  36.305 0.8750000000
113755  -11.131  -36.281  37.877 1.0000000000
113873  -7.883  -11.490  41.396 0.3750000000
113982  -31.315  -6.745  39.928 0.1250000000
114009  -15.933  -11.167  42.691 0.1250000000
114014  -10.453  -29.590  43.199 1.0000000000
114028  -16.611  -12.899  39.696 0.2500000000
114040  -15.419  -12.026  36.959 0.1250000000
114142  -11.165  -9.143  46.477 0.1250000000
114249  -9.155  9.342  37.363 0.1250000000
114308  -15.996  -32.141  42.979 1.0000000000
115093  -10.349  -30.371  41.086 1.0000000000
115386  -15.203  -24.204  34.989 0.8750000000
115502  -9.007  -7.311  42.548 0.3750000000
115513  -17.749  -17.901  41.529 0.5000000000
115667  -17.994  -21.713  42.619 0.7500000000
115782  -10.080  -36.025  37.891 1.0000000000
115826  -4.171  -5.541  48.406 0.5000000000
116109  -16.992  -14.725  46.562 0.3750000000
116149  -20.011  -23.250  49.839 0.7500000000
116190  -14.284  -15.168  40.765 0.5000000000
116290  -7.257  -14.797  44.089 0.6250000000
116416  -8.338  -7.904  42.408 0.5000000000
116564  -19.646  -38.792  44.108 0.7500000000
116635  -9.736  10.090  33.103 0.1250000000
