#!ascii label  , from subject sub-v2s9x29167_ses-1 vox2ras=TkReg
2470
25339  -2.754  -62.107  36.334 0.6250000000
26166  -2.816  -61.822  36.820 0.6250000000
98124  -2.994  -61.173  36.660 0.6250000000
27064  -3.144  -60.426  36.863 0.5000000000
97357  -3.225  -61.112  35.418 0.6250000000
28081  -3.487  -59.933  36.075 0.5000000000
28042  -3.208  -59.685  37.385 0.5000000000
26196  -3.210  -61.542  34.603 0.6250000000
27080  -3.517  -60.280  35.369 0.6250000000
28082  -3.826  -59.443  35.393 0.6250000000
29005  -3.595  -58.939  36.871 0.5000000000
26209  -3.533  -61.596  33.746 0.5000000000
29006  -4.042  -58.342  36.275 0.5000000000
28985  -3.323  -58.920  37.734 0.5000000000
106375  -3.689  -59.099  36.081 0.5000000000
94092  -4.263  -57.378  37.223 0.5000000000
29879  -4.360  -57.599  36.503 0.5000000000
29880  -4.742  -57.019  35.973 0.6250000000
30807  -4.626  -56.880  36.775 0.5000000000
31622  -5.189  -55.376  37.666 0.1250000000
30802  -4.971  -56.060  37.073 0.3750000000
30815  -5.231  -56.378  35.618 0.6250000000
32398  -5.400  -54.762  38.116 0.1250000000
31634  -5.479  -55.660  36.182 0.5000000000
102733  -5.418  -55.327  36.946 0.2500000000
100323  -6.078  -54.991  35.721 0.6250000000
31639  -6.475  -55.287  34.454 0.6250000000
32390  -5.132  -54.641  38.898 0.1250000000
32400  -25.307  -54.041  38.312 0.3750000000
32399  -5.798  -54.116  37.844 0.1250000000
95585  -24.354  -53.561  37.113 0.3750000000
33207  -25.077  -53.786  37.484 0.3750000000
106701  -25.724  -53.856  37.868 0.3750000000
31629  -5.874  -54.805  36.462 0.3750000000
31623  -5.637  -54.734  37.317 0.2500000000
94555  -24.250  -53.394  36.373 0.3750000000
33224  -25.696  -53.687  37.150 0.3750000000
32408  -6.621  -54.229  35.835 0.6250000000
33244  -23.930  -53.171  35.029 0.7500000000
33223  -24.988  -53.571  36.548 0.5000000000
107753  -25.713  -53.544  36.408 0.5000000000
92484  -27.096  -53.513  37.666 0.5000000000
106344  -28.414  -52.762  37.905 0.3750000000
31640  -7.050  -54.713  34.451 0.7500000000
33234  -24.494  -53.374  35.709 0.7500000000
33235  -25.322  -53.444  35.692 0.7500000000
33236  -26.251  -53.363  35.803 0.6250000000
33226  -27.091  -53.254  36.529 0.5000000000
110165  -28.620  -52.490  37.213 0.3750000000
34911  -28.799  -51.766  35.986 0.3750000000
34912  -29.652  -51.340  37.022 0.3750000000
32419  -7.619  -54.461  34.120 0.7500000000
34061  -23.362  -52.563  34.569 0.8750000000
33245  -24.825  -53.247  34.913 0.8750000000
96236  -25.753  -53.283  34.902 0.7500000000
34064  -26.619  -53.201  34.846 0.7500000000
33237  -26.993  -53.116  35.520 0.5000000000
34048  -27.630  -52.795  35.823 0.5000000000
35850  -30.210  -50.657  37.808 0.3750000000
34062  -24.294  -52.678  34.215 0.8750000000
34063  -25.322  -53.018  34.142 0.7500000000
33252  -26.246  -53.201  34.087 0.7500000000
34065  -27.456  -52.842  34.762 0.5000000000
34049  -28.209  -52.340  35.256 0.6250000000
34927  -28.596  -51.602  34.862 0.5000000000
35858  -29.107  -51.041  35.561 0.3750000000
34077  -24.949  -52.464  33.454 1.0000000000
102842  -27.508  -52.695  33.773 0.8750000000
34066  -28.139  -52.234  34.257 0.7500000000
35866  -28.834  -50.825  34.494 0.5000000000
34088  -24.524  -51.926  32.841 1.0000000000
34089  -25.475  -52.215  32.629 1.0000000000
34090  -26.475  -52.560  32.708 0.8750000000
34091  -27.385  -52.480  32.924 0.7500000000
34945  -28.108  -52.053  33.334 0.7500000000
34946  -28.517  -51.429  33.897 0.6250000000
34101  -25.513  -51.829  31.918 1.0000000000
34102  -26.183  -52.089  32.017 1.0000000000
34964  -27.120  -52.145  32.126 0.7500000000
34966  -28.516  -51.205  32.986 0.6250000000
35871  -28.709  -50.636  33.624 0.6250000000
34100  -24.851  -51.720  32.101 1.0000000000
34978  -26.730  -51.703  31.469 0.8750000000
34980  -28.381  -50.814  32.111 0.7500000000
34976  -25.128  -51.629  31.324 1.0000000000
34991  -26.324  -51.405  30.807 1.0000000000
34992  -27.171  -51.115  30.961 0.8750000000
35893  -27.942  -50.578  31.279 0.8750000000
34990  -25.542  -51.459  30.680 1.0000000000
35005  -25.975  -51.213  30.236 1.0000000000
35909  -27.516  -50.327  30.443 0.8750000000
35003  -24.568  -51.079  29.566 1.0000000000
35004  -25.337  -51.169  29.943 1.0000000000
35926  -26.040  -50.773  29.663 1.0000000000
35927  -26.994  -50.101  29.493 1.0000000000
36870  -27.963  -49.500  29.813 1.0000000000
35925  -25.294  -50.758  29.177 1.0000000000
94923  -26.100  -50.260  28.904 1.0000000000
35942  -27.084  -49.728  28.363 1.0000000000
36888  -28.001  -49.417  28.852 1.0000000000
32489  -14.774  -54.955  26.105 0.1250000000
101913  -15.124  -53.346  25.938 0.1250000000
35940  -25.366  -50.348  28.400 1.0000000000
35941  -26.106  -49.980  28.203 1.0000000000
35957  -26.580  -49.687  27.576 1.0000000000
98786  -24.211  -50.176  27.067 1.0000000000
36905  -25.130  -49.960  27.011 1.0000000000
36923  -26.506  -49.303  26.125 1.0000000000
96944  -27.053  -49.306  26.844 1.0000000000
33318  -17.168  -53.382  25.605 0.1250000000
33305  -18.606  -53.892  25.902 0.1250000000
93505  -23.970  -49.921  26.192 1.0000000000
36935  -24.532  -49.682  25.598 1.0000000000
36936  -25.762  -49.409  25.621 1.0000000000
36957  -22.207  -49.368  23.334 0.8750000000
36947  -23.424  -49.377  24.409 1.0000000000
36959  -24.099  -49.193  23.660 1.0000000000
36960  -25.151  -49.040  24.070 1.0000000000
34150  -20.159  -52.809  25.044 0.3750000000
36958  -23.095  -49.197  23.422 0.8750000000
104913  -24.717  -48.841  22.649 0.8750000000
110418  -25.073  -48.753  22.036 0.8750000000
34171  -20.787  -52.274  23.660 0.6250000000
35068  -20.847  -51.541  23.224 0.6250000000
33229  -6.866  -53.596  36.223 0.5000000000
32405  -6.194  -53.987  36.853 0.2500000000
33221  -22.738  -53.213  37.094 0.5000000000
33232  -22.946  -53.000  36.127 0.5000000000
33222  -23.625  -53.281  36.677 0.5000000000
32409  -7.275  -54.107  35.210 0.6250000000
33233  -23.729  -53.207  35.844 0.5000000000
33241  -7.883  -53.765  34.944 0.7500000000
34034  -29.164  -52.055  37.147 0.3750000000
32420  -8.192  -54.121  33.685 0.8750000000
34047  -23.148  -52.847  35.322 0.6250000000
35859  -29.582  -50.511  36.347 0.3750000000
32426  -8.201  -54.253  32.774 0.8750000000
34060  -22.551  -52.360  34.826 0.6250000000
34074  -22.083  -51.931  34.351 0.7500000000
34075  -22.753  -52.020  34.123 0.8750000000
34076  -23.513  -52.120  33.833 0.8750000000
32427  -8.887  -53.890  32.317 0.8750000000
34944  -22.056  -51.651  33.551 0.8750000000
34086  -22.893  -51.803  33.420 0.8750000000
36828  -29.470  -49.792  35.837 0.2500000000
35867  -29.194  -50.339  35.108 0.3750000000
32432  -9.056  -54.112  31.346 0.7500000000
34961  -21.627  -51.248  32.718 0.8750000000
34087  -23.580  -51.793  32.960 1.0000000000
33269  -9.752  -53.689  30.912 0.7500000000
92000  -22.102  -51.129  31.883 0.8750000000
109534  -23.355  -51.582  32.191 1.0000000000
34963  -24.039  -51.674  32.210 1.0000000000
32452  -10.420  -54.334  29.268 0.5000000000
96450  -22.981  -51.306  31.604 1.0000000000
111264  -23.672  -51.492  31.681 1.0000000000
35881  -28.623  -50.308  32.778 0.5000000000
101012  -28.749  -50.064  33.488 0.5000000000
33288  -11.860  -53.519  28.520 0.6250000000
34989  -24.629  -51.355  30.553 1.0000000000
35894  -28.408  -50.027  31.615 0.7500000000
111344  -28.544  -50.194  32.150 0.6250000000
33289  -12.571  -53.057  28.150 0.6250000000
34988  -23.758  -50.962  30.072 1.0000000000
36855  -28.346  -48.934  30.119 1.0000000000
35910  -28.091  -49.692  30.786 0.8750000000
33296  -13.089  -53.334  27.348 0.5000000000
35923  -23.284  -50.825  29.315 1.0000000000
35924  -23.914  -51.057  29.179 1.0000000000
33301  -13.780  -53.437  26.711 0.3750000000
34136  -14.238  -52.685  26.646 0.5000000000
35938  -23.606  -50.817  28.572 1.0000000000
35939  -24.464  -50.804  28.627 1.0000000000
36889  -28.749  -48.915  28.321 1.0000000000
33302  -14.507  -53.406  26.241 0.5000000000
36903  -21.539  -49.422  27.232 1.0000000000
98572  -22.233  -49.608  26.836 1.0000000000
36886  -22.371  -49.831  27.544 1.0000000000
110277  -23.666  -50.318  27.429 1.0000000000
35955  -24.780  -50.307  27.778 1.0000000000
95162  -27.781  -48.773  26.951 1.0000000000
36907  -27.654  -49.288  27.516 1.0000000000
32509  -15.668  -53.739  25.772 0.1250000000
33317  -16.325  -53.414  25.674 0.1250000000
36920  -21.627  -49.376  26.334 1.0000000000
35954  -23.978  -50.593  27.863 1.0000000000
36924  -27.330  -48.872  26.306 1.0000000000
108588  -17.182  -52.508  25.531 0.2500000000
33319  -17.961  -52.992  25.570 0.1250000000
33320  -18.874  -53.112  25.610 0.1250000000
34149  -19.340  -52.497  25.231 0.1250000000
36933  -21.744  -49.318  25.457 1.0000000000
105078  -23.262  -49.666  25.963 1.0000000000
37807  -27.437  -48.096  25.147 0.8750000000
36937  -27.101  -48.715  25.659 1.0000000000
36946  -22.452  -49.302  24.164 1.0000000000
36934  -22.689  -49.364  25.173 1.0000000000
37814  -27.110  -47.990  24.157 0.8750000000
100135  -26.489  -48.233  23.138 0.7500000000
92474  -19.838  -52.018  24.602 0.6250000000
35067  -20.349  -50.840  23.635 0.7500000000
35991  -21.226  -50.066  23.049 0.7500000000
93540  -21.451  -49.624  23.419 0.7500000000
37831  -26.739  -48.137  22.180 0.7500000000
33230  -7.502  -53.584  35.562 0.6250000000
34033  -22.079  -52.922  36.321 0.5000000000
34046  -22.306  -52.647  35.560 0.6250000000
34058  -20.764  -52.129  35.365 0.6250000000
34031  -20.718  -52.591  36.105 0.6250000000
34045  -21.466  -52.581  35.783 0.6250000000
34057  -20.032  -51.709  34.797 0.7500000000
33249  -8.633  -53.592  34.031 0.8750000000
34059  -21.644  -52.102  34.997 0.7500000000
107600  -20.872  -51.793  34.693 0.7500000000
34925  -20.537  -51.607  34.075 0.7500000000
33257  -9.378  -53.373  32.800 0.8750000000
34926  -21.368  -51.745  34.171 0.7500000000
34943  -21.063  -51.447  33.447 0.7500000000
33265  -10.307  -53.223  31.459 0.7500000000
36833  -29.107  -49.727  34.790 0.3750000000
95858  -28.921  -50.188  34.189 0.3750000000
33270  -10.540  -53.419  30.586 0.7500000000
35892  -21.713  -50.690  31.239 0.8750000000
36832  -28.759  -49.515  33.920 0.3750000000
33271  -11.337  -53.155  30.280 0.7500000000
33281  -11.553  -53.283  29.411 0.7500000000
111045  -22.424  -50.909  31.193 1.0000000000
36843  -28.488  -49.611  32.083 0.3750000000
36838  -28.605  -49.587  32.991 0.3750000000
111263  -12.229  -52.722  29.097 0.7500000000
35906  -22.253  -50.596  30.438 1.0000000000
34987  -23.030  -50.944  30.726 1.0000000000
35922  -22.524  -50.531  29.519 1.0000000000
35907  -22.996  -50.694  30.037 1.0000000000
37768  -28.281  -48.674  30.400 1.0000000000
36847  -28.279  -49.259  31.104 0.8750000000
34130  -13.653  -52.682  27.212 0.6250000000
36869  -22.060  -50.209  28.902 1.0000000000
37774  -28.679  -48.379  29.563 1.0000000000
34131  -14.094  -52.134  27.084 0.6250000000
36885  -21.662  -49.647  28.154 1.0000000000
105920  -22.433  -50.143  28.253 1.0000000000
38583  -29.047  -47.985  28.389 1.0000000000
38574  -29.073  -48.091  28.990 1.0000000000
36902  -20.661  -49.194  27.293 1.0000000000
38594  -28.662  -48.166  27.959 1.0000000000
92881  -15.293  -52.135  26.116 0.5000000000
34145  -15.658  -52.821  25.845 0.3750000000
108216  -21.015  -49.262  26.601 1.0000000000
37790  -28.021  -48.278  27.207 1.0000000000
34146  -16.488  -52.602  25.654 0.2500000000
34147  -17.648  -51.948  25.420 0.2500000000
93106  -20.853  -49.264  25.706 1.0000000000
36945  -21.148  -49.303  24.725 0.8750000000
38612  -27.516  -47.556  25.509 0.8750000000
37799  -27.601  -48.265  26.151 1.0000000000
34148  -18.470  -52.239  25.339 0.3750000000
35042  -19.069  -51.608  24.937 0.6250000000
38617  -27.417  -47.442  24.706 0.8750000000
35053  -19.697  -51.010  24.274 0.6250000000
109244  -21.026  -49.735  23.505 0.7500000000
38643  -27.131  -48.060  21.803 0.7500000000
33217  -7.385  -52.984  36.199 0.6250000000
33231  -8.248  -53.280  35.140 0.6250000000
33242  -8.479  -53.440  34.657 0.6250000000
108484  -15.995  -51.023  34.210 0.8750000000
33243  -9.016  -53.102  34.354 0.8750000000
100702  -15.602  -50.854  33.534 1.0000000000
104027  -16.483  -50.934  33.677 1.0000000000
34922  -17.770  -51.471  34.504 0.8750000000
34923  -18.617  -51.542  34.488 0.8750000000
34924  -19.766  -51.494  34.042 0.7500000000
106271  -14.234  -51.217  32.143 1.0000000000
34940  -18.275  -51.273  33.877 0.8750000000
34941  -19.056  -51.392  33.949 0.7500000000
34956  -17.052  -50.740  33.050 0.8750000000
34957  -17.970  -50.800  33.216 0.8750000000
106302  -19.546  -51.217  33.591 0.8750000000
34942  -20.220  -51.285  33.501 0.8750000000
34096  -10.813  -52.722  31.953 1.0000000000
109613  -14.783  -50.988  31.907 1.0000000000
34955  -16.057  -50.724  32.748 1.0000000000
34958  -18.921  -50.910  33.316 0.8750000000
35880  -19.256  -50.653  32.653 0.8750000000
34960  -20.634  -50.963  32.741 0.8750000000
33266  -11.062  -52.924  31.104 1.0000000000
34973  -15.430  -50.771  31.980 1.0000000000
35877  -16.775  -50.561  32.200 1.0000000000
35878  -17.648  -50.537  32.404 0.8750000000
35888  -18.238  -50.291  31.750 0.8750000000
35889  -19.135  -50.431  31.942 0.8750000000
97540  -28.872  -49.138  34.663 0.2500000000
34106  -11.815  -52.642  30.778 0.8750000000
35887  -17.307  -50.242  31.597 0.8750000000
35890  -19.884  -50.638  32.302 0.8750000000
105322  -20.524  -50.634  31.969 0.8750000000
34974  -21.254  -50.830  32.004 0.8750000000
33272  -11.974  -52.775  29.965 0.8750000000
35903  -18.932  -49.889  31.057 0.8750000000
98271  -19.949  -50.298  31.431 0.8750000000
35891  -20.888  -50.448  31.321 0.8750000000
37751  -28.438  -48.946  32.366 0.3750000000
37742  -28.504  -48.848  33.286 0.3750000000
34116  -12.798  -52.021  29.478 0.7500000000
35001  -13.513  -51.437  29.701 0.7500000000
35904  -20.491  -50.085  30.675 1.0000000000
35920  -20.864  -49.988  29.887 1.0000000000
37760  -28.303  -48.890  31.410 0.5000000000
38546  -28.142  -48.241  32.718 0.3750000000
110296  -13.309  -52.128  28.257 0.6250000000
97227  -13.465  -51.702  28.762 0.7500000000
36854  -20.071  -49.684  30.045 1.0000000000
33290  -13.188  -52.568  27.878 0.6250000000
35020  -13.751  -52.007  27.843 0.6250000000
36867  -20.409  -49.491  29.246 1.0000000000
36868  -21.232  -49.809  29.046 1.0000000000
37767  -28.515  -48.256  29.762 1.0000000000
37759  -28.005  -48.433  30.783 0.8750000000
35021  -14.399  -51.528  27.422 0.7500000000
35951  -14.884  -50.902  27.925 0.8750000000
36884  -20.711  -49.302  28.315 1.0000000000
38573  -28.286  -47.864  29.467 1.0000000000
35028  -14.701  -51.901  26.610 0.5000000000
35022  -15.021  -51.065  26.975 0.6250000000
36918  -19.805  -49.148  26.841 1.0000000000
109653  -21.159  -49.342  27.751 1.0000000000
106185  -28.583  -47.907  28.095 1.0000000000
38582  -28.605  -47.832  28.620 1.0000000000
34137  -14.882  -52.688  26.178 0.5000000000
35038  -15.947  -51.949  25.869 0.7500000000
93107  -19.870  -49.276  25.728 1.0000000000
36919  -20.436  -49.215  26.424 1.0000000000
38592  -27.329  -47.454  27.165 1.0000000000
38593  -28.090  -47.883  27.464 1.0000000000
35039  -16.814  -51.683  25.636 0.5000000000
36944  -19.634  -49.558  24.927 0.7500000000
39464  -27.416  -47.031  25.036 0.8750000000
38611  -27.352  -47.200  25.762 0.8750000000
35041  -18.269  -51.333  25.230 0.6250000000
35052  -18.956  -50.717  24.867 0.7500000000
35981  -19.544  -50.126  24.497 0.7500000000
36932  -20.378  -49.374  24.837 0.8750000000
92706  -20.872  -49.505  24.011 0.7500000000
35989  -20.050  -50.288  24.010 0.7500000000
35990  -20.618  -50.002  23.618 0.7500000000
34039  -8.545  -52.754  35.306 0.6250000000
34053  -8.878  -53.012  34.909 0.7500000000
34054  -9.373  -52.604  34.610 0.8750000000
34938  -15.190  -50.964  34.294 1.0000000000
33250  -9.176  -53.211  33.627 0.8750000000
33251  -9.821  -52.879  33.221 0.8750000000
34072  -10.262  -52.344  33.602 1.0000000000
34083  -10.561  -52.530  32.802 1.0000000000
34084  -11.317  -52.204  32.428 1.0000000000
34953  -13.523  -51.406  32.382 1.0000000000
34937  -14.860  -50.879  33.472 1.0000000000
34085  -12.124  -51.993  32.127 1.0000000000
33258  -10.088  -53.072  32.378 1.0000000000
34970  -12.883  -51.742  31.834 1.0000000000
34971  -13.603  -51.460  31.554 1.0000000000
34098  -12.330  -52.171  31.291 1.0000000000
34099  -12.986  -51.738  30.969 1.0000000000
35885  -15.704  -50.513  31.296 1.0000000000
35886  -16.464  -50.316  31.418 1.0000000000
34107  -12.472  -52.223  30.361 1.0000000000
34108  -13.058  -51.703  30.213 0.8750000000
34984  -13.711  -51.328  30.614 1.0000000000
34986  -14.984  -50.787  31.291 1.0000000000
35002  -14.099  -51.020  29.963 1.0000000000
35898  -14.774  -50.602  29.724 1.0000000000
35900  -16.073  -50.155  30.625 1.0000000000
35901  -16.915  -49.864  30.827 1.0000000000
35902  -17.842  -49.819  30.970 1.0000000000
98543  -19.755  -49.865  30.719 1.0000000000
39380  -27.214  -46.848  32.608 0.5000000000
35013  -14.121  -51.092  29.219 1.0000000000
35919  -15.904  -49.909  29.054 1.0000000000
36880  -16.688  -49.577  28.859 1.0000000000
36864  -17.389  -49.406  29.454 1.0000000000
36852  -18.262  -49.440  30.073 1.0000000000
36853  -19.254  -49.527  30.157 1.0000000000
39390  -27.068  -47.070  31.780 0.6250000000
37750  -28.031  -48.388  31.793 0.7500000000
35934  -14.747  -50.691  28.806 1.0000000000
36882  -18.176  -49.186  28.933 1.0000000000
36865  -18.884  -49.251  29.442 1.0000000000
36866  -19.622  -49.314  29.395 1.0000000000
38553  -27.017  -47.275  30.926 0.8750000000
38562  -27.791  -47.891  30.386 0.8750000000
35935  -15.410  -50.355  28.444 1.0000000000
36881  -17.385  -49.369  28.685 1.0000000000
36900  -18.463  -49.192  27.949 1.0000000000
94571  -19.957  -49.154  28.689 1.0000000000
39413  -26.325  -46.874  29.690 1.0000000000
38572  -27.140  -47.374  30.039 1.0000000000
35952  -15.541  -50.471  27.540 1.0000000000
36898  -16.972  -49.585  27.921 1.0000000000
36899  -17.766  -49.430  27.412 1.0000000000
36901  -19.220  -49.139  27.518 1.0000000000
39412  -25.593  -46.392  29.419 1.0000000000
38581  -27.199  -47.452  29.050 1.0000000000
35964  -15.764  -50.706  26.675 0.8750000000
35953  -16.269  -50.078  27.229 1.0000000000
36915  -17.045  -49.813  26.909 1.0000000000
36916  -17.790  -49.617  26.533 1.0000000000
97873  -18.598  -49.313  26.953 1.0000000000
109272  -19.246  -49.216  26.883 1.0000000000
100147  -19.917  -49.072  27.885 1.0000000000
39439  -25.554  -46.629  27.671 1.0000000000
100119  -26.110  -46.977  28.793 1.0000000000
103655  -27.646  -47.597  28.061 1.0000000000
35965  -16.527  -50.405  26.389 0.7500000000
35966  -17.244  -50.089  26.090 0.7500000000
36917  -18.428  -49.509  26.081 1.0000000000
39451  -25.584  -46.592  26.686 1.0000000000
39427  -26.485  -47.117  27.917 1.0000000000
35972  -16.953  -50.788  25.766 0.6250000000
36930  -17.844  -49.828  25.908 0.7500000000
105090  -19.186  -49.283  26.299 1.0000000000
38602  -27.190  -47.265  26.441 1.0000000000
35040  -17.549  -51.097  25.464 0.5000000000
35973  -17.665  -50.376  25.632 0.7500000000
35974  -18.262  -50.554  25.292 0.7500000000
35980  -18.933  -49.995  25.029 0.7500000000
34071  -9.578  -52.720  33.974 0.8750000000
34073  -11.045  -51.957  33.226 1.0000000000
106012  -26.467  -46.541  31.363 0.6250000000
39379  -26.633  -46.302  32.176 0.6250000000
40259  -25.905  -46.028  30.946 1.0000000000
39399  -25.793  -46.258  30.175 1.0000000000
39400  -26.404  -46.727  30.539 1.0000000000
40271  -24.942  -45.835  29.324 1.0000000000
39425  -24.773  -46.167  27.956 1.0000000000
39426  -25.274  -46.382  28.585 1.0000000000
41032  -25.914  -44.885  32.015 0.6250000000
40258  -25.429  -45.555  30.509 1.0000000000
40251  -25.629  -45.238  31.253 0.7500000000
41061  -24.926  -45.272  29.991 1.0000000000
41031  -25.568  -44.506  31.467 0.7500000000
40296  -24.187  -45.703  27.675 1.0000000000
40284  -24.447  -45.642  28.549 1.0000000000
94144  -24.017  -44.978  28.769 1.0000000000
106748  -23.824  -45.111  28.130 1.0000000000
40283  -23.740  -44.424  28.518 1.0000000000
41072  -24.118  -44.378  29.198 1.0000000000
41049  -25.156  -44.658  30.738 1.0000000000
41818  -25.884  -43.878  32.014 0.6250000000
41011  -26.240  -43.542  32.720 0.3750000000
92781  -25.397  -43.819  31.240 0.6250000000
42589  -24.875  -42.916  30.176 0.8750000000
41848  -24.420  -43.658  29.690 1.0000000000
41866  -23.877  -43.584  28.863 1.0000000000
41865  -23.538  -43.874  28.201 1.0000000000
42624  -23.392  -42.704  27.259 1.0000000000
100392  -26.305  -43.017  33.015 0.5000000000
42573  -25.947  -42.896  32.262 0.6250000000
41834  -25.403  -43.004  30.891 0.7500000000
106084  -25.672  -43.158  31.566 0.6250000000
42581  -25.639  -42.328  31.427 0.6250000000
94697  -25.800  -42.131  32.173 0.6250000000
103199  -24.372  -42.852  29.393 0.8750000000
42590  -25.325  -42.194  30.542 0.6250000000
42613  -23.973  -42.659  28.692 1.0000000000
42599  -24.833  -42.155  29.763 0.7500000000
106158  -24.418  -42.171  29.110 0.7500000000
43504  -23.690  -41.805  27.594 1.0000000000
43505  -24.159  -41.771  28.466 0.8750000000
43511  -24.044  -41.146  27.890 0.8750000000
43523  -23.411  -41.292  26.313 1.0000000000
43492  -25.526  -41.464  30.912 0.6250000000
44380  -25.377  -40.666  30.429 0.6250000000
44379  -25.013  -40.675  29.562 0.6250000000
43510  -23.673  -41.020  27.064 0.8750000000
44390  -24.195  -40.422  27.706 0.8750000000
110246  -23.488  -40.560  25.704 0.8750000000
44394  -23.938  -40.156  26.900 0.8750000000
97543  -25.307  -39.789  29.907 0.7500000000
45173  -25.576  -39.375  31.430 0.3750000000
92733  -24.561  -39.974  28.259 0.8750000000
45188  -24.905  -39.927  29.004 0.7500000000
45182  -25.544  -39.048  30.477 0.6250000000
45195  -24.860  -39.297  28.367 0.8750000000
45189  -25.233  -39.075  29.213 0.8750000000
46081  -24.909  -38.737  27.691 0.8750000000
46074  -25.244  -38.600  28.445 0.8750000000
46086  -24.637  -38.740  26.845 0.8750000000
46059  -25.625  -38.504  29.780 0.6250000000
46026  -26.227  -37.816  31.615 0.6250000000
46819  -29.735  -37.478  35.572 0.1250000000
98619  -25.523  -38.387  29.034 0.8750000000
46920  -25.895  -37.901  29.270 0.6250000000
46899  -26.061  -37.843  30.047 0.6250000000
46938  -25.709  -37.946  28.451 0.8750000000
46921  -26.505  -37.395  29.512 0.7500000000
47730  -27.926  -36.682  30.897 0.3750000000
46887  -28.727  -36.805  31.273 0.2500000000
46870  -29.040  -36.964  32.076 0.2500000000
46871  -29.875  -37.256  32.209 0.2500000000
46082  -25.332  -38.230  27.854 0.8750000000
101011  -26.251  -37.436  28.126 1.0000000000
46939  -26.726  -37.195  28.717 0.7500000000
46922  -27.214  -36.924  29.312 0.7500000000
47758  -27.762  -36.707  29.994 0.5000000000
47743  -28.645  -36.687  30.396 0.3750000000
46902  -29.465  -36.837  30.690 0.2500000000
46963  -25.683  -37.671  26.729 0.8750000000
46951  -26.428  -37.256  27.186 1.0000000000
94841  -27.290  -36.801  27.270 0.8750000000
47790  -27.623  -36.772  27.947 0.8750000000
47791  -28.157  -36.634  28.361 0.7500000000
109368  -29.172  -36.563  29.318 0.6250000000
47801  -26.944  -36.869  26.459 0.8750000000
47802  -27.706  -36.573  26.576 0.8750000000
93678  -28.188  -36.530  27.445 0.8750000000
93046  -27.398  -36.654  25.824 0.8750000000
47852  -28.127  -36.136  22.015 0.8750000000
110803  -28.114  -36.308  21.246 0.8750000000
46820  -30.610  -37.698  35.940 0.1250000000
46809  -31.345  -38.073  36.473 0.1250000000
46836  -30.499  -37.536  34.084 0.1250000000
97965  -30.490  -37.568  35.044 0.1250000000
46852  -30.583  -37.505  33.207 0.2500000000
46888  -29.680  -37.066  31.462 0.2500000000
47744  -29.295  -36.652  29.936 0.6250000000
47779  -29.445  -36.468  28.757 0.5000000000
47760  -29.791  -36.537  29.418 0.5000000000
92487  -29.743  -36.371  27.989 0.8750000000
47803  -28.512  -36.417  26.562 0.8750000000
98024  -29.358  -36.348  26.384 0.8750000000
47813  -27.906  -36.455  25.212 1.0000000000
47814  -28.670  -36.361  25.731 0.8750000000
47827  -28.687  -36.315  24.837 0.8750000000
47826  -27.491  -36.526  24.416 0.8750000000
94915  -28.218  -36.333  24.136 0.8750000000
46794  -31.272  -38.344  37.380 0.1250000000
46821  -31.321  -37.814  35.571 0.1250000000
102981  -31.302  -37.698  34.640 0.1250000000
46872  -30.558  -37.451  32.453 0.1250000000
46903  -30.271  -37.027  30.857 0.2500000000
110789  -31.062  -37.515  32.105 0.2500000000
47745  -30.037  -36.698  30.127 0.3750000000
47746  -30.887  -36.833  30.186 0.5000000000
111442  -30.426  -36.586  29.566 0.5000000000
47761  -31.045  -36.585  29.315 0.5000000000
47780  -30.335  -36.459  28.771 0.6250000000
47792  -30.646  -36.423  27.814 0.6250000000
93118  -30.010  -36.382  27.091 0.8750000000
47804  -30.260  -36.306  26.207 0.8750000000
92388  -30.927  -36.378  26.899 0.8750000000
47815  -29.565  -36.253  25.434 0.8750000000
47828  -29.850  -36.284  24.053 1.0000000000
47838  -28.542  -36.256  23.392 0.8750000000
93105  -29.022  -36.287  24.072 0.8750000000
47839  -29.435  -36.328  23.345 0.8750000000
47840  -30.338  -36.397  23.353 1.0000000000
92328  -28.939  -36.254  22.519 0.8750000000
46853  -31.387  -37.666  33.639 0.1250000000
46873  -31.203  -37.586  32.748 0.2500000000
92123  -31.914  -37.717  32.932 0.1250000000
99072  -30.169  -36.214  24.774 0.8750000000
47829  -30.727  -36.343  24.115 1.0000000000
47854  -30.794  -36.530  22.606 1.0000000000
101304  -32.144  -37.798  33.603 0.1250000000
46890  -31.350  -37.387  31.514 0.2500000000
92337  -31.683  -37.571  32.187 0.2500000000
46904  -31.750  -37.124  30.668 0.2500000000
47781  -31.233  -36.514  28.525 0.5000000000
47762  -31.689  -36.802  29.743 0.5000000000
47782  -32.046  -36.585  28.525 0.5000000000
96977  -31.207  -36.306  25.918 0.8750000000
106162  -30.453  -36.233  25.468 0.8750000000
47805  -31.827  -36.391  26.688 0.8750000000
47816  -31.033  -36.271  24.952 0.8750000000
47841  -31.233  -36.523  23.356 1.0000000000
47855  -31.655  -36.747  22.552 1.0000000000
47874  -31.175  -36.676  21.812 0.8750000000
46891  -32.162  -37.429  31.508 0.2500000000
46905  -32.739  -37.285  30.790 0.3750000000
103999  -31.664  -36.616  29.072 0.5000000000
47763  -32.303  -36.737  29.242 0.3750000000
46923  -32.469  -37.041  29.979 0.3750000000
97252  -31.663  -36.481  27.666 0.6250000000
106170  -32.849  -36.660  28.692 0.5000000000
100908  -32.418  -36.478  27.225 0.6250000000
109607  -33.288  -36.672  28.144 0.3750000000
100068  -32.071  -36.352  25.954 0.7500000000
47806  -32.764  -36.476  26.444 0.7500000000
47794  -33.260  -36.606  27.334 0.6250000000
47830  -31.717  -36.497  24.215 0.8750000000
47817  -31.876  -36.379  25.202 0.8750000000
47831  -32.551  -36.533  24.678 0.8750000000
106356  -33.494  -36.638  25.784 0.7500000000
109321  -33.732  -36.718  25.239 0.7500000000
47842  -32.105  -36.757  23.318 0.8750000000
47832  -33.200  -36.779  24.240 0.7500000000
46988  -33.949  -36.889  24.709 0.7500000000
47856  -32.482  -37.059  22.544 0.8750000000
47843  -33.013  -37.080  23.335 0.8750000000
47010  -33.258  -37.304  22.451 0.7500000000
91999  -33.823  -37.354  22.978 0.7500000000
46998  -33.847  -37.134  23.806 0.7500000000
47875  -31.444  -36.759  20.953 0.8750000000
47876  -32.105  -36.965  21.659 1.0000000000
47028  -32.850  -37.228  21.888 1.0000000000
47053  -33.635  -37.333  20.752 0.8750000000
47764  -33.077  -36.899  29.409 0.3750000000
91878  -33.307  -37.245  30.111 0.3750000000
46940  -33.737  -36.890  28.803 0.3750000000
46924  -33.758  -37.130  29.562 0.3750000000
47807  -33.577  -36.668  26.576 0.7500000000
46965  -34.130  -36.870  27.051 0.6250000000
46978  -34.183  -36.881  26.245 0.6250000000
46966  -34.824  -37.162  26.681 0.5000000000
46989  -34.630  -37.251  24.191 0.6250000000
107477  -34.170  -36.882  25.479 0.6250000000
47029  -33.618  -37.387  21.600 1.0000000000
95914  -33.916  -37.420  22.279 0.7500000000
47011  -34.516  -37.455  22.539 0.7500000000
47030  -34.456  -37.466  21.759 0.8750000000
94351  -34.748  -37.144  25.032 0.6250000000
46999  -34.555  -37.381  23.346 0.6250000000
46990  -35.424  -37.392  24.538 0.5000000000
47012  -35.274  -37.483  22.794 0.6250000000
47898  -34.099  -37.243  20.055 0.8750000000
110601  -35.059  -37.474  21.290 0.8750000000
105527  -35.174  -37.485  21.971 0.7500000000
47899  -34.977  -37.142  20.058 0.7500000000
47054  -34.471  -37.426  20.860 0.8750000000
47000  -35.370  -37.442  23.665 0.6250000000
92333  -36.996  -37.602  24.839 0.3750000000
92332  -36.319  -37.523  24.013 0.5000000000
93043  -35.996  -37.502  22.114 0.5000000000
47055  -35.353  -37.296  20.726 0.7500000000
47921  -34.580  -36.796  19.381 0.8750000000
47922  -35.281  -36.503  19.557 0.7500000000
47900  -35.637  -36.792  20.257 0.6250000000
47923  -35.780  -36.135  19.919 0.7500000000
48704  -35.509  -35.225  18.884 0.8750000000
51064  -36.802  -32.238  20.877 0.8750000000
51053  -38.091  -32.411  21.787 0.7500000000
51756  -38.792  -31.980  22.211 0.6250000000
51757  -39.523  -31.626  22.538 0.6250000000
47001  -37.032  -37.544  23.175 0.5000000000
107889  -37.878  -37.447  23.286 0.5000000000
46991  -37.981  -37.558  24.237 0.2500000000
47032  -36.568  -37.356  21.449 0.5000000000
47033  -37.299  -37.172  21.644 0.5000000000
108987  -37.426  -37.456  22.771 0.5000000000
47056  -36.111  -37.122  20.826 0.7500000000
47877  -36.835  -36.903  21.003 0.7500000000
47901  -36.259  -36.455  20.498 0.7500000000
48691  -36.902  -36.111  20.781 0.7500000000
109481  -35.753  -35.556  19.615 0.7500000000
48690  -36.238  -35.500  20.268 0.7500000000
49504  -36.287  -34.587  20.478 0.7500000000
102936  -36.800  -34.018  20.998 0.7500000000
49493  -38.284  -34.256  22.075 0.7500000000
49512  -35.658  -34.600  19.798 0.7500000000
50306  -35.928  -33.760  20.343 0.8750000000
50295  -37.608  -33.740  21.581 0.8750000000
51040  -38.759  -32.823  22.342 0.6250000000
50307  -36.381  -33.056  20.672 0.8750000000
100151  -37.681  -32.993  21.609 0.7500000000
51052  -37.429  -32.491  21.384 0.7500000000
51041  -39.427  -32.438  22.674 0.5000000000
51042  -40.079  -32.076  23.078 0.6250000000
47857  -37.909  -36.746  21.905 0.3750000000
47003  -39.294  -37.101  23.453 0.1250000000
97410  -38.783  -37.386  23.732 0.2500000000
47878  -37.433  -36.518  21.282 0.7500000000
47858  -38.452  -36.289  22.262 0.2500000000
47015  -38.321  -36.886  22.516 0.2500000000
49505  -36.853  -35.123  20.906 0.7500000000
48678  -37.952  -35.961  21.602 0.3750000000
49492  -37.613  -34.866  21.511 0.6250000000
48666  -38.425  -35.322  22.126 0.6250000000
49483  -39.115  -34.730  22.627 0.5000000000
49484  -39.405  -33.957  22.892 0.5000000000
50278  -39.894  -33.680  23.292 0.2500000000
50285  -38.841  -33.699  22.468 0.7500000000
50286  -39.390  -33.237  22.797 0.5000000000
51030  -39.985  -32.881  23.202 0.6250000000
51025  -40.921  -32.904  24.322 0.2500000000
46993  -39.556  -37.340  24.145 0.1250000000
48667  -39.117  -35.921  22.632 0.1250000000
47834  -40.531  -36.496  24.415 0.1250000000
47821  -40.874  -36.773  25.095 0.1250000000
48660  -39.687  -35.483  23.204 0.2500000000
100821  -40.245  -35.097  23.733 0.2500000000
48657  -40.658  -35.572  24.291 0.1250000000
47822  -41.285  -36.118  25.740 0.1250000000
48651  -41.741  -35.430  26.469 0.1250000000
49477  -39.773  -34.504  23.274 0.2500000000
49474  -41.118  -34.965  24.775 0.2500000000
50274  -40.875  -33.912  24.465 0.2500000000
49468  -41.920  -34.333  26.181 0.1250000000
50266  -43.124  -33.457  27.528 0.1250000000
50279  -40.466  -33.345  23.760 0.2500000000
50275  -41.370  -33.227  24.983 0.2500000000
51012  -43.067  -32.653  27.230 0.1250000000
51000  -43.679  -32.763  28.059 0.1250000000
51001  -44.480  -32.447  28.705 0.1250000000
51701  -44.095  -31.965  28.207 0.1250000000
27079  -3.264  -60.760  36.098 0.6250000000
25364  -3.189  -62.217  33.984 0.3750000000
27096  -3.555  -60.669  34.620 0.6250000000
27097  -3.884  -59.834  34.635 0.6250000000
28986  -3.863  -58.122  37.224 0.5000000000
26210  -4.050  -61.138  33.134 0.3750000000
98336  -4.012  -60.327  33.762 0.6250000000
29019  -4.180  -58.640  35.474 0.5000000000
29020  -4.531  -57.793  35.587 0.6250000000
30808  -4.985  -56.403  36.313 0.6250000000
30816  -5.857  -55.634  35.177 0.6250000000
32414  -6.683  -54.719  35.056 0.6250000000
31645  -7.027  -54.977  33.903 0.7500000000
33225  -26.355  -53.564  36.875 0.5000000000
105294  -27.904  -52.826  36.825 0.3750000000
32415  -7.466  -54.276  34.699 0.7500000000
96846  -28.387  -52.404  36.301 0.3750000000
32416  -8.093  -53.955  34.393 0.8750000000
34078  -25.879  -52.847  33.372 0.8750000000
111042  -26.966  -53.144  34.117 0.7500000000
34079  -26.773  -52.945  33.454 0.8750000000
34965  -27.957  -51.772  32.465 0.7500000000
108286  -24.337  -51.534  31.466 1.0000000000
34977  -25.893  -51.707  31.369 1.0000000000
34979  -27.637  -51.436  31.675 0.8750000000
35908  -26.653  -50.865  30.262 1.0000000000
97202  -28.210  -49.260  28.060 1.0000000000
33303  -14.968  -54.075  25.918 0.1250000000
35956  -25.629  -49.970  27.662 1.0000000000
36906  -26.062  -49.695  26.907 1.0000000000
36921  -24.734  -49.878  26.327 1.0000000000
36922  -25.530  -49.680  26.300 1.0000000000
33304  -17.969  -53.890  25.790 0.1250000000
94077  -23.743  -49.598  25.352 1.0000000000
96311  -25.131  -49.660  25.799 1.0000000000
36948  -24.380  -49.438  24.718 1.0000000000
36949  -25.921  -49.089  24.883 1.0000000000
94926  -25.150  -49.421  25.131 1.0000000000
92511  -22.879  -49.355  22.643 0.8750000000
36968  -22.062  -49.785  22.691 0.8750000000
92535  -21.600  -49.367  24.011 1.0000000000
37820  -25.614  -48.622  23.185 1.0000000000
34161  -20.496  -52.519  24.288 0.6250000000
101390  -23.703  -49.087  22.679 0.8750000000
37830  -25.651  -48.567  22.224 0.8750000000
35054  -20.303  -51.711  23.892 0.6250000000
33201  -6.242  -53.386  37.684 0.2500000000
33256  -8.740  -53.707  33.226 0.8750000000
105842  -24.180  -52.153  33.485 1.0000000000
33264  -9.568  -53.543  31.871 0.7500000000
34962  -22.638  -51.519  32.609 1.0000000000
32440  -9.337  -54.379  30.424 0.7500000000
33280  -10.838  -53.669  29.740 0.6250000000
32453  -11.149  -53.942  28.906 0.5000000000
34975  -23.734  -51.286  31.005 1.0000000000
35937  -22.841  -50.580  28.723 1.0000000000
36871  -28.863  -48.652  29.064 1.0000000000
36887  -23.181  -50.371  27.895 1.0000000000
36908  -28.468  -48.772  27.765 1.0000000000
37781  -29.010  -48.374  28.394 1.0000000000
36904  -23.196  -49.962  26.881 1.0000000000
107762  -22.458  -49.515  26.120 1.0000000000
93762  -19.667  -53.272  25.576 0.1250000000
92344  -21.883  -49.291  24.695 1.0000000000
37813  -26.751  -48.594  24.917 0.8750000000
105242  -26.427  -49.075  25.436 1.0000000000
37812  -26.187  -48.614  24.077 0.7500000000
35085  -21.261  -50.906  22.753 0.7500000000
105459  -20.814  -50.632  23.192 0.7500000000
36001  -21.724  -50.440  22.546 0.7500000000
37821  -27.186  -47.573  23.117 0.7500000000
98045  -26.647  -48.752  21.473 0.7500000000
35905  -21.316  -50.349  30.545 1.0000000000
109905  -12.349  -52.441  29.739 0.8750000000
34122  -12.883  -52.319  28.587 0.7500000000
35029  -15.450  -51.453  26.338 0.6250000000
38603  -27.667  -47.691  26.454 1.0000000000
36956  -20.178  -49.708  24.299 0.7500000000
38631  -27.470  -47.180  22.223 0.5000000000
34954  -15.014  -50.889  32.694 1.0000000000
34939  -17.383  -51.136  33.814 0.8750000000
99611  -19.301  -51.576  34.450 0.7500000000
101412  -14.227  -51.077  32.951 1.0000000000
35879  -18.533  -50.576  32.561 0.8750000000
34959  -19.761  -50.881  33.060 0.8750000000
34972  -14.303  -51.146  31.359 1.0000000000
35876  -16.082  -50.608  31.920 1.0000000000
34097  -11.580  -52.460  31.614 1.0000000000
34985  -14.506  -50.875  30.581 1.0000000000
35921  -21.700  -50.266  29.726 1.0000000000
93755  -14.226  -51.315  28.337 0.7500000000
38554  -27.571  -47.806  31.344 0.7500000000
35030  -16.186  -51.132  26.013 0.7500000000
93108  -19.056  -49.519  25.542 1.0000000000
39452  -26.571  -46.869  26.169 1.0000000000
36931  -18.318  -49.914  25.526 0.7500000000
35899  -15.260  -50.486  30.553 1.0000000000
96590  -15.618  -50.145  29.823 1.0000000000
36851  -17.381  -49.581  30.253 1.0000000000
36863  -16.536  -49.710  29.851 1.0000000000
95965  -27.601  -47.642  32.237 0.5000000000
35918  -15.282  -50.308  29.169 1.0000000000
35936  -16.124  -49.973  28.174 1.0000000000
98373  -17.745  -49.320  28.196 1.0000000000
36883  -19.177  -49.099  28.553 1.0000000000
109484  -26.783  -47.294  28.471 1.0000000000
39440  -26.424  -47.016  27.011 1.0000000000
110593  -25.816  -46.780  28.249 1.0000000000
40252  -26.081  -45.758  31.740 0.6250000000
110712  -25.324  -45.873  29.892 1.0000000000
40239  -26.434  -45.417  32.521 0.6250000000
40270  -24.430  -45.121  29.322 1.0000000000
41060  -24.610  -44.465  29.922 0.8750000000
41833  -24.907  -43.745  30.514 1.0000000000
41884  -23.373  -43.651  27.473 1.0000000000
98600  -23.571  -43.159  28.134 1.0000000000
42612  -23.700  -42.417  28.064 1.0000000000
43500  -25.194  -41.431  30.099 0.6250000000
43499  -24.685  -41.477  29.281 0.8750000000
93867  -23.359  -41.882  26.720 1.0000000000
44386  -24.522  -40.766  28.605 0.8750000000
107298  -23.800  -40.057  26.315 0.8750000000
106729  -25.463  -39.914  30.720 0.7500000000
108974  -25.416  -39.102  29.863 0.7500000000
45200  -24.446  -39.526  27.460 0.8750000000
46041  -25.804  -38.289  30.458 0.5000000000
46885  -26.691  -37.328  31.205 0.6250000000
105886  -26.195  -37.571  28.817 0.8750000000
107279  -27.015  -37.034  29.975 0.7500000000
46901  -27.194  -36.957  30.675 0.5000000000
46950  -25.729  -37.764  27.572 0.8750000000
47789  -26.951  -37.053  27.971 0.8750000000
47777  -27.447  -36.852  28.577 0.8750000000
47778  -27.981  -36.689  29.119 0.7500000000
47759  -28.596  -36.622  29.600 0.5000000000
92329  -28.900  -36.442  28.132 0.7500000000
46964  -26.251  -37.258  26.257 1.0000000000
93119  -29.122  -36.387  27.266 0.8750000000
97374  -28.024  -36.442  25.973 1.0000000000
47812  -27.129  -36.756  25.114 1.0000000000
94358  -28.103  -36.145  22.763 0.8750000000
47851  -27.442  -36.309  22.469 0.8750000000
47915  -27.872  -36.807  19.903 0.8750000000
46808  -30.640  -37.851  36.779 0.1250000000
46889  -30.541  -37.322  31.650 0.2500000000
108904  -28.062  -36.393  24.647 0.8750000000
107903  -29.444  -36.245  24.634 0.8750000000
91843  -30.953  -37.192  30.973 0.2500000000
47818  -32.675  -36.462  25.508 0.7500000000
105028  -32.524  -36.709  23.949 0.7500000000
47819  -33.280  -36.596  25.012 0.7500000000
47052  -32.905  -37.212  21.124 1.0000000000
46980  -35.496  -37.383  25.390 0.5000000000
92334  -36.099  -37.496  24.893 0.3750000000
92330  -36.150  -37.503  23.015 0.5000000000
92331  -37.242  -37.542  23.913 0.3750000000
47031  -35.748  -37.418  21.335 0.6250000000
47013  -36.969  -37.549  22.277 0.5000000000
47014  -37.768  -37.240  22.473 0.5000000000
50296  -38.198  -33.306  21.992 0.6250000000
47002  -38.556  -37.185  23.032 0.2500000000
48677  -37.387  -35.746  21.180 0.7500000000
47844  -38.954  -36.750  22.821 0.2500000000
49478  -40.359  -34.200  23.761 0.2500000000
47833  -39.977  -36.964  23.861 0.1250000000
47845  -39.583  -36.505  23.244 0.1250000000
48661  -40.147  -36.070  23.770 0.1250000000
48654  -41.167  -35.994  24.902 0.1250000000
48655  -41.455  -35.184  25.563 0.1250000000
49471  -41.401  -34.147  25.301 0.2500000000
50271  -41.814  -33.393  25.702 0.2500000000
50269  -42.318  -33.401  26.369 0.2500000000
50265  -42.624  -34.055  26.969 0.1250000000
51011  -42.719  -33.242  26.932 0.1250000000
51019  -42.631  -32.688  26.558 0.2500000000
31660  -7.331  -55.620  31.490 0.6250000000
31669  -7.888  -55.636  30.772 0.6250000000
31661  -7.921  -55.081  31.398 0.6250000000
31670  -8.410  -55.682  30.097 0.5000000000
31681  -10.058  -55.199  28.888 0.2500000000
31698  -10.685  -55.624  28.136 0.3750000000
34019  -29.940  -51.809  38.301 0.2500000000
31652  -7.526  -54.916  32.277 0.6250000000
34887  -30.235  -51.248  38.365 0.2500000000
32431  -8.356  -54.501  31.805 0.6250000000
32439  -8.555  -54.909  30.802 0.6250000000
31671  -9.009  -55.103  29.933 0.6250000000
32451  -9.695  -54.689  29.639 0.6250000000
97767  -11.243  -55.044  27.919 0.3750000000
32464  -11.529  -54.337  28.132 0.3750000000
32475  -13.252  -54.354  26.819 0.3750000000
32441  -10.068  -53.982  30.070 0.5000000000
32465  -12.354  -54.037  27.606 0.5000000000
93328  -21.988  -52.748  22.942 0.5000000000
36988  -26.558  -49.470  21.290 0.7500000000
37843  -28.217  -48.518  21.507 0.1250000000
38645  -28.220  -47.742  21.575 0.1250000000
37732  -29.238  -49.102  35.456 0.2500000000
33363  -22.530  -52.770  22.637 0.5000000000
34186  -22.905  -52.375  22.145 0.6250000000
35102  -23.591  -51.261  21.550 0.7500000000
36018  -23.944  -50.422  21.512 0.7500000000
36019  -24.801  -50.274  21.367 0.7500000000
36021  -26.783  -50.370  21.337 0.7500000000
36987  -25.910  -49.160  21.429 0.7500000000
38644  -27.652  -47.681  21.641 0.3750000000
38632  -27.656  -47.339  21.811 0.2500000000
36020  -25.798  -50.098  21.232 0.7500000000
37841  -26.161  -48.603  21.726 0.7500000000
39488  -27.792  -46.670  21.946 0.2500000000
39489  -28.165  -46.395  21.853 0.2500000000
35807  -12.121  -50.974  39.329 0.3750000000
35817  -11.492  -50.617  38.610 0.3750000000
34915  -9.733  -51.972  34.849 0.6250000000
34055  -9.987  -52.165  34.282 0.7500000000
34916  -10.431  -51.474  34.592 0.7500000000
35864  -10.944  -50.739  35.070 0.7500000000
34933  -10.754  -51.748  33.977 0.7500000000
34172  -21.368  -52.440  23.231 0.5000000000
39463  -26.771  -46.771  25.365 0.8750000000
110175  -21.728  -52.316  22.811 0.6250000000
34185  -22.132  -52.146  22.418 0.5000000000
34201  -22.712  -51.458  21.849 0.6250000000
36003  -22.913  -49.846  22.133 0.7500000000
36970  -24.133  -49.096  22.076 0.7500000000
37829  -24.742  -49.027  21.829 0.7500000000
38625  -27.289  -47.292  23.940 0.7500000000
38624  -27.308  -46.748  23.242 0.6250000000
111194  -26.953  -46.521  23.785 0.3750000000
36986  -25.146  -49.486  21.490 0.7500000000
39487  -27.500  -46.094  22.486 0.2500000000
98814  -27.789  -45.894  22.186 0.2500000000
35816  -10.643  -50.488  38.528 0.3750000000
35842  -10.491  -50.385  36.780 0.5000000000
35831  -11.250  -50.358  37.650 0.5000000000
35843  -11.414  -50.359  36.558 0.5000000000
35832  -12.204  -50.573  37.145 0.5000000000
35818  -12.218  -50.728  38.195 0.5000000000
34902  -9.437  -51.610  35.450 0.5000000000
35854  -9.892  -50.850  36.068 0.5000000000
35855  -10.706  -50.540  35.872 0.5000000000
34040  -9.163  -52.432  35.094 0.6250000000
35856  -11.545  -50.452  35.692 0.6250000000
34917  -11.274  -51.060  34.404 0.7500000000
35865  -11.769  -50.590  34.971 0.7500000000
34934  -11.596  -51.346  33.688 0.7500000000
39474  -26.874  -46.676  24.540 0.7500000000
39473  -25.915  -46.416  24.852 0.7500000000
35069  -21.487  -51.790  22.728 0.6250000000
35086  -21.889  -51.221  22.312 0.6250000000
36002  -22.369  -50.480  22.120 0.6250000000
36017  -23.142  -50.501  21.726 0.6250000000
39482  -26.129  -46.079  23.877 0.5000000000
40336  -25.773  -45.376  23.086 0.3750000000
40337  -26.798  -45.888  23.075 0.5000000000
40347  -26.448  -45.196  22.790 0.3750000000
35844  -12.216  -50.503  36.207 0.7500000000
35857  -12.203  -50.514  35.511 0.6250000000
92146  -12.125  -50.791  34.269 0.7500000000
34935  -12.577  -51.099  33.526 0.8750000000
34952  -12.729  -51.520  32.650 0.8750000000
39450  -24.739  -46.219  27.193 0.8750000000
39461  -24.735  -46.180  26.231 0.8750000000
39462  -25.698  -46.519  25.755 0.8750000000
40329  -25.153  -45.636  23.679 0.5000000000
34904  -12.920  -50.747  35.773 0.7500000000
34918  -12.619  -50.636  34.990 0.7500000000
101722  -13.041  -50.749  34.394 0.8750000000
95106  -13.464  -51.129  33.181 0.8750000000
38532  -27.900  -47.165  34.005 0.2500000000
40209  -28.425  -45.779  35.074 0.2500000000
39365  -27.446  -46.576  33.466 0.3750000000
39351  -27.849  -46.221  34.293 0.2500000000
40307  -23.474  -45.042  26.365 0.7500000000
41108  -22.980  -44.513  25.176 0.6250000000
40308  -24.019  -45.713  26.782 0.8750000000
41123  -23.034  -44.573  24.419 0.6250000000
34056  -19.137  -51.741  35.090 0.5000000000
34919  -13.896  -50.841  34.633 0.7500000000
34044  -19.849  -52.162  35.756 0.5000000000
93048  -13.449  -50.820  33.895 0.8750000000
40223  -26.892  -45.096  33.294 0.5000000000
40224  -27.388  -45.649  33.771 0.3750000000
42656  -22.870  -42.632  25.606 0.7500000000
41096  -23.035  -43.854  26.118 0.6250000000
100730  -23.288  -44.280  26.786 0.8750000000
42671  -22.656  -42.559  24.239 0.6250000000
41909  -22.702  -43.130  25.015 0.6250000000
41107  -22.856  -43.871  25.462 0.6250000000
43572  -22.827  -41.514  23.280 0.5000000000
43593  -23.047  -41.392  22.480 0.5000000000
43616  -23.390  -41.182  21.632 0.2500000000
34936  -14.252  -50.829  33.877 0.8750000000
34910  -18.253  -51.685  35.180 0.6250000000
43522  -23.079  -41.869  25.824 0.7500000000
41899  -23.149  -43.407  26.624 0.8750000000
44402  -23.074  -40.946  24.511 0.6250000000
43536  -23.014  -41.369  25.081 0.6250000000
44411  -23.047  -40.868  23.797 0.6250000000
44412  -23.294  -40.078  23.536 0.6250000000
44424  -23.244  -40.601  22.243 0.6250000000
106484  -14.582  -50.983  34.729 0.8750000000
106995  -16.771  -51.311  34.532 0.7500000000
44397  -23.308  -40.558  25.142 0.6250000000
44403  -23.299  -40.280  24.331 0.6250000000
99222  -23.329  -39.946  22.723 0.6250000000
45236  -23.810  -39.701  21.283 0.3750000000
108800  -23.737  -39.300  21.820 0.3750000000
45252  -24.293  -39.424  20.805 0.3750000000
45253  -24.755  -39.533  20.207 0.3750000000
45279  -26.745  -39.759  18.696 0.5000000000
45280  -27.229  -39.474  18.411 0.5000000000
45281  -27.675  -39.187  18.098 0.5000000000
45204  -23.654  -40.025  25.727 0.7500000000
45213  -23.530  -39.521  24.107 0.6250000000
45217  -23.569  -39.193  23.274 0.6250000000
46117  -24.027  -38.728  22.085 0.5000000000
46131  -24.745  -38.781  20.783 0.5000000000
46132  -25.313  -38.757  20.132 0.5000000000
45270  -26.178  -39.523  19.142 0.5000000000
46163  -26.780  -38.996  18.798 0.5000000000
46165  -28.071  -38.523  18.114 0.5000000000
46178  -28.703  -38.691  17.423 0.3750000000
43479  -25.776  -41.582  32.477 0.3750000000
44371  -25.548  -40.591  31.349 0.2500000000
45205  -24.087  -39.460  26.401 0.7500000000
46090  -23.893  -39.248  25.453 0.7500000000
46099  -23.803  -38.866  23.977 0.7500000000
94811  -24.222  -38.659  25.151 0.7500000000
46107  -24.650  -38.132  22.578 0.6250000000
46119  -24.734  -38.341  21.605 0.6250000000
47049  -25.496  -37.990  20.908 0.6250000000
46149  -25.822  -38.874  19.608 0.5000000000
46150  -26.397  -38.518  19.364 0.5000000000
46151  -27.030  -38.157  19.053 0.6250000000
47079  -27.719  -37.916  18.730 0.5000000000
94736  -28.885  -37.221  18.503 0.5000000000
47919  -31.185  -36.626  19.553 0.6250000000
47896  -31.671  -36.721  20.104 0.7500000000
47897  -33.104  -37.149  20.149 0.8750000000
111170  -28.511  -38.196  17.941 0.5000000000
47090  -28.937  -37.819  17.788 0.3750000000
110058  -29.360  -37.217  18.076 0.5000000000
47082  -29.922  -36.924  18.042 0.5000000000
93515  -31.031  -36.591  18.717 0.6250000000
47932  -32.507  -36.597  18.403 0.6250000000
101915  -32.836  -36.865  19.272 0.6250000000
47920  -33.708  -36.939  19.360 0.7500000000
46179  -29.387  -38.344  17.003 0.2500000000
46180  -30.132  -37.993  16.772 0.3750000000
109924  -31.063  -36.998  16.910 0.5000000000
47092  -31.718  -36.733  16.837 0.3750000000
47954  -32.560  -36.497  16.764 0.6250000000
47933  -33.433  -36.619  18.559 0.6250000000
96382  -24.423  -38.662  25.941 0.7500000000
100083  -25.181  -38.178  27.166 0.7500000000
46095  -24.352  -38.354  24.414 0.6250000000
46091  -24.911  -38.030  25.341 0.7500000000
46987  -24.776  -37.901  23.872 0.6250000000
47007  -24.889  -37.847  23.301 0.6250000000
47026  -25.419  -37.679  21.990 0.6250000000
47069  -26.695  -37.738  19.751 0.6250000000
47070  -27.428  -37.445  19.444 0.6250000000
47080  -28.386  -37.801  18.375 0.5000000000
47895  -30.802  -36.607  20.240 0.7500000000
47071  -28.237  -37.173  19.088 0.6250000000
47081  -29.523  -36.818  18.626 0.5000000000
47917  -29.803  -36.591  19.307 0.5000000000
47918  -30.529  -36.572  19.417 0.6250000000
47946  -33.154  -36.328  17.565 0.6250000000
47934  -34.176  -36.284  18.010 0.7500000000
110119  -34.223  -36.591  18.774 0.7500000000
47956  -34.231  -36.157  16.259 0.5000000000
47955  -33.443  -36.347  16.563 0.6250000000
47986  -34.865  -36.739  14.972 0.3750000000
47987  -35.504  -36.699  14.781 0.2500000000
48753  -36.745  -35.986  14.822 0.1250000000
46096  -25.200  -37.703  24.466 0.6250000000
93851  -25.743  -37.471  25.111 0.8750000000
46996  -25.418  -37.509  23.705 0.6250000000
101917  -26.068  -37.177  24.304 0.7500000000
111399  -26.156  -37.269  25.598 0.8750000000
94169  -26.714  -36.957  25.707 0.8750000000
47008  -25.438  -37.534  22.902 0.6250000000
46997  -26.094  -37.085  23.365 0.7500000000
95890  -26.783  -36.837  24.547 0.8750000000
110440  -35.305  -37.355  26.984 0.2500000000
46967  -35.603  -37.458  26.355 0.2500000000
47009  -26.099  -37.115  22.460 0.6250000000
47825  -26.781  -36.707  23.839 0.7500000000
46979  -34.832  -37.177  25.869 0.2500000000
47027  -26.138  -37.229  21.507 0.6250000000
47836  -26.762  -36.622  22.934 0.7500000000
47837  -27.597  -36.341  23.429 0.7500000000
47050  -26.361  -37.445  20.566 0.6250000000
47870  -26.850  -36.792  21.096 0.7500000000
47871  -27.450  -36.394  21.598 0.7500000000
47051  -27.114  -37.082  20.228 0.6250000000
47892  -27.626  -36.583  20.737 0.7500000000
47893  -28.527  -36.453  20.511 0.7500000000
47872  -28.919  -36.267  21.456 0.7500000000
47873  -29.831  -36.444  21.311 0.7500000000
47916  -28.581  -36.672  19.704 0.7500000000
47072  -29.039  -36.734  19.174 0.6250000000
92457  -30.114  -36.519  19.901 0.7500000000
47947  -34.077  -36.028  17.113 0.6250000000
48713  -34.734  -35.770  17.646 0.6250000000
48739  -34.926  -35.859  15.937 0.3750000000
48740  -35.646  -35.615  15.633 0.5000000000
47968  -35.202  -36.221  15.267 0.3750000000
47969  -35.952  -36.069  14.996 0.2500000000
46952  -33.980  -36.908  27.893 0.3750000000
46953  -34.879  -37.246  27.539 0.2500000000
46954  -35.875  -37.628  27.327 0.2500000000
46968  -36.535  -37.757  26.545 0.2500000000
92326  -30.343  -36.494  21.920 0.8750000000
102480  -35.498  -35.946  19.095 0.7500000000
48731  -34.782  -35.685  16.733 0.5000000000
48732  -35.404  -35.249  16.365 0.6250000000
48733  -36.135  -34.831  15.975 0.5000000000
48741  -36.396  -35.447  15.320 0.3750000000
108178  -40.090  -32.644  16.282 0.2500000000
51817  -39.589  -31.413  16.549 0.1250000000
52584  -39.727  -30.702  16.350 0.1250000000
104813  -39.506  -29.832  15.901 0.1250000000
93206  -39.869  -29.258  15.446 0.2500000000
53391  -40.732  -29.371  15.100 0.1250000000
54236  -39.621  -28.471  15.431 0.2500000000
107898  -40.199  -28.680  15.024 0.2500000000
49520  -35.208  -34.697  18.122 0.7500000000
49527  -35.279  -34.193  17.545 0.5000000000
96327  -35.618  -34.467  16.762 0.5000000000
49534  -36.819  -34.266  15.758 0.5000000000
91749  -36.231  -32.856  16.632 0.5000000000
50346  -37.641  -33.992  15.590 0.3750000000
50334  -36.949  -33.425  15.959 0.5000000000
109779  -38.095  -32.613  16.026 0.3750000000
50335  -38.611  -32.984  15.839 0.2500000000
51097  -38.771  -32.301  16.262 0.2500000000
92954  -39.071  -31.653  16.503 0.2500000000
92774  -38.942  -30.967  16.519 0.1250000000
52594  -38.891  -30.085  16.247 0.2500000000
53390  -39.110  -29.169  15.911 0.2500000000
55070  -39.545  -27.769  15.598 0.2500000000
54237  -40.130  -27.896  14.935 0.2500000000
93861  -35.041  -33.888  18.169 0.6250000000
96966  -35.601  -33.533  17.080 0.5000000000
50333  -36.231  -33.891  16.384 0.5000000000
51096  -37.239  -32.580  16.225 0.3750000000
51095  -36.573  -32.104  16.654 0.3750000000
51815  -37.238  -31.737  16.533 0.3750000000
52583  -38.100  -30.378  16.532 0.3750000000
92046  -37.176  -30.717  16.738 0.3750000000
53377  -38.372  -29.534  16.455 0.3750000000
53389  -38.643  -28.874  16.311 0.3750000000
54225  -39.097  -28.372  15.973 0.3750000000
55062  -39.286  -27.746  16.369 0.3750000000
55891  -40.272  -26.835  17.210 0.5000000000
55892  -40.832  -26.353  16.827 0.3750000000
55897  -40.264  -26.734  16.147 0.3750000000
55901  -40.703  -26.652  15.373 0.3750000000
56710  -41.796  -25.794  15.633 0.3750000000
108167  -41.319  -26.233  15.317 0.2500000000
55902  -41.925  -26.112  14.811 0.2500000000
56717  -42.742  -25.825  14.593 0.2500000000
56728  -43.934  -25.941  13.828 0.1250000000
101456  -35.233  -34.217  18.850 0.7500000000
50319  -35.082  -33.327  18.626 0.6250000000
51805  -35.544  -31.953  17.633 0.6250000000
51085  -35.504  -32.636  17.373 0.6250000000
51086  -35.928  -31.979  17.080 0.6250000000
51814  -36.463  -31.369  16.889 0.3750000000
56665  -43.643  -25.588  22.271 0.5000000000
56666  -44.286  -25.171  22.690 0.1250000000
56653  -45.039  -24.955  23.978 0.1250000000
57452  -45.499  -24.320  23.566 0.1250000000
56683  -43.259  -25.301  20.697 0.6250000000
56674  -43.416  -25.428  21.484 0.2500000000
56675  -44.036  -24.826  21.800 0.2500000000
57451  -44.873  -24.750  23.164 0.1250000000
57463  -45.321  -24.173  22.776 0.1250000000
52582  -37.570  -29.821  16.752 0.3750000000
54212  -38.053  -29.088  16.810 0.3750000000
54213  -38.387  -28.532  17.261 0.5000000000
111027  -42.632  -25.512  19.606 0.7500000000
102485  -43.156  -25.158  19.863 0.7500000000
57471  -45.157  -24.002  22.142 0.3750000000
55063  -39.770  -27.186  16.529 0.5000000000
56698  -42.692  -25.389  18.265 0.6250000000
56699  -43.375  -24.906  18.384 0.7500000000
57486  -43.701  -24.653  19.323 0.7500000000
57478  -44.217  -24.418  20.917 0.3750000000
57470  -44.713  -24.160  21.598 0.3750000000
56707  -42.375  -25.440  16.049 0.5000000000
56708  -43.074  -25.103  16.496 0.6250000000
57498  -44.081  -24.442  18.533 0.7500000000
56711  -42.446  -25.581  15.294 0.2500000000
103275  -43.156  -25.359  15.109 0.3750000000
51744  -41.277  -31.296  23.923 0.3750000000
52503  -41.837  -30.824  24.373 0.2500000000
50314  -35.378  -33.561  19.557 0.7500000000
52515  -40.852  -30.868  23.346 0.3750000000
52516  -41.512  -30.452  23.683 0.3750000000
53286  -42.981  -29.488  24.836 0.2500000000
54129  -42.925  -28.925  24.246 0.1250000000
51078  -35.214  -32.437  18.189 0.6250000000
51062  -35.663  -32.905  20.086 0.7500000000
51771  -39.007  -31.181  21.972 0.6250000000
51758  -40.213  -31.256  22.936 0.5000000000
52531  -41.173  -30.075  23.032 0.3750000000
95615  -42.576  -29.566  24.336 0.2500000000
54130  -43.361  -28.352  24.362 0.2500000000
52529  -39.708  -30.799  22.371 0.7500000000
52530  -40.471  -30.431  22.708 0.5000000000
53314  -40.792  -29.660  22.420 0.7500000000
53302  -42.362  -29.260  23.784 0.3750000000
54141  -42.701  -28.529  23.557 0.2500000000
99580  -43.070  -28.480  23.971 0.3750000000
54972  -44.189  -27.266  24.790 0.1250000000
57420  -48.828  -23.894  27.604 0.1250000000
51795  -35.514  -31.683  18.108 0.7500000000
52538  -38.570  -30.735  21.357 0.7500000000
52539  -39.300  -30.399  21.706 0.7500000000
52540  -40.049  -30.011  22.091 0.7500000000
53328  -40.442  -29.285  21.747 0.7500000000
53316  -42.057  -28.918  23.141 0.7500000000
54980  -42.918  -27.821  23.176 0.6250000000
54981  -43.412  -27.377  23.577 0.2500000000
55824  -43.907  -26.927  24.061 0.1250000000
55825  -44.449  -26.479  24.551 0.1250000000
55819  -45.366  -26.330  25.825 0.1250000000
57419  -47.996  -24.396  26.991 0.1250000000
58235  -48.426  -23.727  26.610 0.1250000000
94440  -35.900  -31.263  17.572 0.6250000000
52549  -38.201  -30.309  20.656 0.7500000000
53327  -39.667  -29.636  21.388 0.7500000000
53329  -41.101  -28.930  22.131 0.7500000000
54169  -41.390  -28.247  21.852 0.7500000000
54995  -42.554  -27.495  22.546 0.6250000000
54996  -43.146  -27.104  22.880 0.5000000000
55834  -43.639  -26.623  23.332 0.2500000000
55835  -44.210  -26.192  23.783 0.1250000000
55826  -44.963  -25.976  25.083 0.1250000000
56643  -45.326  -25.267  24.749 0.1250000000
57428  -45.996  -24.876  25.198 0.1250000000
57429  -46.729  -24.546  25.638 0.1250000000
57430  -47.499  -24.129  26.088 0.1250000000
58236  -49.310  -23.279  27.255 0.1250000000
108334  -36.225  -30.572  17.896 0.3750000000
53339  -39.325  -29.264  20.634 0.7500000000
54168  -40.778  -28.548  21.464 0.7500000000
54994  -41.948  -27.867  22.217 0.7500000000
55846  -42.776  -26.762  22.242 0.6250000000
55847  -43.363  -26.341  22.603 0.5000000000
55848  -43.916  -25.878  23.040 0.2500000000
56652  -44.503  -25.448  23.490 0.1250000000
57439  -45.714  -24.530  24.402 0.1250000000
58245  -47.085  -23.966  25.338 0.1250000000
58255  -47.078  -23.590  24.650 0.1250000000
58246  -47.907  -23.464  25.519 0.1250000000
58247  -49.014  -23.127  26.318 0.1250000000
52573  -36.485  -30.596  17.263 0.3750000000
102518  -37.217  -29.388  17.881 0.5000000000
53368  -37.323  -29.528  17.236 0.5000000000
53340  -40.102  -28.889  21.021 0.7500000000
54184  -40.531  -28.082  20.632 0.7500000000
55022  -40.634  -27.433  19.993 0.7500000000
55855  -41.887  -26.875  21.145 0.7500000000
56673  -42.856  -25.848  21.130 0.6250000000
58271  -46.575  -23.416  23.265 0.1250000000
54202  -37.777  -28.993  17.566 0.5000000000
54204  -38.989  -28.201  18.496 0.5000000000
54195  -40.046  -27.858  19.705 0.7500000000
55036  -41.067  -26.876  19.763 0.7500000000
55880  -42.143  -25.937  19.897 0.7500000000
56682  -42.705  -25.637  20.316 0.6250000000
58287  -44.970  -23.829  20.723 0.3750000000
58288  -45.436  -23.728  21.550 0.3750000000
58278  -45.770  -23.739  22.302 0.3750000000
54214  -38.771  -28.205  17.729 0.5000000000
55044  -39.297  -27.772  17.874 0.5000000000
55035  -40.457  -27.215  19.085 0.6250000000
55879  -41.604  -26.320  19.383 0.7500000000
55888  -41.475  -26.191  18.346 0.6250000000
58307  -45.054  -23.822  19.392 0.5000000000
109483  -44.956  -23.826  20.055 0.3750000000
57514  -44.618  -24.322  17.341 0.6250000000
57517  -43.935  -24.614  16.642 0.7500000000
57499  -44.773  -24.075  18.617 0.6250000000
57487  -44.409  -24.196  19.990 0.5000000000
57513  -43.819  -24.613  17.629 0.7500000000
108165  -44.542  -25.420  14.230 0.3750000000
56729  -45.537  -25.546  13.626 0.2500000000
51032  -41.073  -32.089  24.129 0.3750000000
51770  -38.289  -31.519  21.620 0.6250000000
51071  -35.341  -32.690  19.208 0.7500000000
51072  -35.745  -32.167  19.748 0.7500000000
51777  -36.331  -31.730  20.157 0.7500000000
51769  -37.539  -31.811  21.282 0.7500000000
51786  -35.561  -31.906  18.866 0.7500000000
51787  -36.011  -31.542  19.405 0.7500000000
52547  -36.585  -30.915  19.604 0.7500000000
51778  -37.064  -31.352  20.586 0.7500000000
51779  -37.833  -31.038  21.001 0.7500000000
51796  -35.963  -31.115  18.574 0.7500000000
52564  -36.528  -30.319  18.592 0.7500000000
52558  -37.082  -30.085  19.383 0.7500000000
53337  -37.811  -29.876  19.919 0.7500000000
52550  -38.927  -29.993  21.021 0.7500000000
59057  -49.642  -22.724  26.946 0.1250000000
53360  -36.709  -29.921  17.698 0.5000000000
52565  -37.039  -29.660  18.539 0.5000000000
53349  -38.163  -29.262  19.511 0.7500000000
53338  -38.561  -29.596  20.294 0.7500000000
53350  -38.918  -28.904  19.864 0.7500000000
58272  -47.107  -23.223  23.836 0.1250000000
58256  -47.885  -23.098  24.530 0.1250000000
58257  -48.817  -22.892  25.364 0.1250000000
92788  -49.755  -22.461  25.296 0.1250000000
59065  -49.753  -22.519  26.269 0.1250000000
54193  -38.518  -28.659  19.015 0.6250000000
59088  -47.962  -22.847  23.621 0.1250000000
59075  -48.807  -22.754  24.409 0.1250000000
54203  -38.304  -28.564  18.087 0.5000000000
54194  -39.311  -28.296  19.372 0.5000000000
54183  -39.701  -28.526  20.217 0.7500000000
58297  -45.879  -23.490  20.821 0.3750000000
57534  -44.889  -24.815  14.976 0.5000000000
57518  -44.921  -24.358  16.535 0.5000000000
108708  -45.391  -25.038  14.365 0.2500000000
51063  -36.139  -32.397  20.341 0.7500000000
57524  -45.361  -24.435  15.737 0.5000000000
56719  -46.141  -24.946  14.093 0.2500000000
37840  -25.400  -48.881  21.711 0.7500000000
31699  -10.825  -54.716  28.513 0.3750000000
98861  -28.595  -48.644  34.170 0.2500000000
34951  -11.853  -51.619  32.905 0.8750000000
40240  -26.987  -45.982  32.961 0.5000000000
38545  -27.690  -47.445  33.127 0.2500000000
40295  -23.624  -45.109  27.299 0.8750000000
104975  -26.405  -44.392  32.816 0.5000000000
94429  -25.653  -41.521  31.729 0.3750000000
43537  -23.323  -41.049  25.719 0.6250000000
46087  -25.023  -38.085  26.332 0.7500000000
46976  -25.613  -37.600  25.896 0.7500000000
92327  -29.920  -36.399  22.627 0.8750000000
47853  -29.602  -36.349  21.974 0.7500000000
92325  -30.620  -36.603  21.144 0.7500000000
91768  -32.260  -36.930  20.660 0.8750000000
48714  -35.133  -35.543  18.262 0.7500000000
51743  -40.665  -31.683  23.536 0.5000000000
36969  -23.539  -49.421  22.075 0.7500000000
105215  -27.134  -49.050  21.304 0.6250000000
41084  -23.517  -44.445  27.771 0.8750000000
42640  -23.074  -42.635  26.307 0.8750000000
47850  -26.747  -36.645  22.004 0.7500000000
31679  -8.943  -55.837  29.489 0.5000000000
32473  -11.874  -54.955  27.500 0.3750000000
33347  -22.553  -53.341  23.209 0.3750000000
34202  -23.368  -51.960  21.741 0.6250000000
35103  -24.424  -51.134  21.412 0.6250000000
36984  -23.535  -49.906  21.767 0.7500000000
36985  -24.250  -49.623  21.659 0.7500000000
39500  -27.942  -47.091  21.674 0.1250000000
39475  -27.335  -46.927  24.256 0.7500000000
35830  -10.148  -50.396  37.681 0.5000000000
34903  -10.122  -51.133  35.230 0.5000000000
107958  -25.259  -46.044  24.375 0.5000000000
40319  -23.891  -45.619  25.714 0.8750000000
99620  -24.979  -45.124  23.117 0.3750000000
102658  -23.136  -44.414  25.912 0.6250000000
41122  -22.711  -43.935  24.693 0.6250000000
99424  -22.786  -42.194  25.016 0.6250000000
41898  -22.892  -43.270  25.859 0.6250000000
42688  -22.681  -42.179  23.576 0.5000000000
41919  -22.627  -43.330  24.148 0.6250000000
42707  -22.805  -42.296  22.818 0.5000000000
43556  -22.828  -41.650  24.206 0.5000000000
44423  -23.058  -40.727  22.991 0.6250000000
108865  -23.397  -40.530  21.769 0.3750000000
45209  -23.555  -39.765  24.895 0.6250000000
108788  -23.441  -39.935  21.915 0.5000000000
107872  -23.601  -39.265  22.421 0.5000000000
44458  -24.193  -40.277  20.575 0.2500000000
46118  -24.152  -39.005  21.392 0.3750000000
44470  -25.809  -40.460  19.368 0.2500000000
44459  -24.956  -40.543  19.860 0.2500000000
45269  -25.415  -39.606  19.639 0.5000000000
45294  -28.200  -39.371  17.673 0.3750000000
46164  -27.393  -38.666  18.514 0.5000000000
46094  -23.822  -39.048  24.658 0.7500000000
46106  -23.890  -38.673  22.751 0.5000000000
45295  -28.900  -39.638  17.135 0.3750000000
46100  -24.184  -38.380  23.451 0.6250000000
46133  -25.980  -38.141  20.011 0.6250000000
93720  -31.904  -36.688  19.196 0.6250000000
110631  -32.362  -36.862  19.891 0.7500000000
94028  -29.655  -37.524  17.477 0.3750000000
47091  -30.408  -37.100  17.339 0.3750000000
47943  -30.519  -36.689  18.077 0.5000000000
47931  -30.217  -36.637  18.707 0.5000000000
47944  -31.180  -36.643  17.625 0.5000000000
105221  -31.729  -36.557  18.301 0.6250000000
47945  -32.101  -36.469  17.563 0.6250000000
47099  -30.770  -37.601  16.695 0.3750000000
47100  -31.507  -37.601  16.316 0.3750000000
47101  -32.294  -37.074  16.194 0.5000000000
91879  -29.353  -36.505  19.978 0.7500000000
47966  -33.755  -36.704  15.736 0.5000000000
47967  -34.521  -36.443  15.521 0.3750000000
47116  -34.304  -37.070  15.094 0.3750000000
46977  -26.449  -37.096  25.056 0.8750000000
92120  -29.345  -36.412  20.751 0.7500000000
47894  -30.027  -36.496  20.551 0.7500000000
47935  -34.902  -36.222  18.643 0.7500000000
48722  -35.196  -35.123  17.307 0.6250000000
48742  -37.135  -35.353  15.093 0.2500000000
49542  -36.767  -34.903  15.495 0.3750000000
51098  -39.729  -32.112  16.468 0.1250000000
108983  -37.936  -32.148  16.336 0.3750000000
51816  -38.192  -31.441  16.518 0.3750000000
55071  -40.044  -27.202  15.377 0.2500000000
50325  -35.115  -33.294  17.815 0.5000000000
111155  -36.920  -30.007  17.042 0.3750000000
54224  -38.747  -28.443  16.609 0.3750000000
55052  -38.959  -27.990  17.110 0.3750000000
107341  -39.699  -27.271  15.957 0.3750000000
55053  -39.552  -27.434  17.163 0.5000000000
100718  -40.963  -26.358  17.553 0.5000000000
55898  -41.149  -26.131  16.103 0.3750000000
56706  -41.827  -25.673  16.355 0.6250000000
55907  -42.457  -26.366  14.240 0.2500000000
55908  -43.175  -26.268  13.867 0.2500000000
56718  -43.555  -25.618  14.423 0.2500000000
55857  -43.065  -26.062  21.893 0.6250000000
56684  -43.701  -24.931  21.047 0.2500000000
57462  -44.707  -24.487  22.376 0.2500000000
58270  -45.957  -23.781  23.072 0.2500000000
56688  -42.220  -25.733  18.963 0.7500000000
56689  -42.955  -25.200  19.069 0.7500000000
57477  -43.704  -24.739  20.289 0.7500000000
55045  -39.976  -27.262  18.055 0.5000000000
55887  -40.682  -26.707  18.236 0.5000000000
100697  -41.598  -25.854  17.203 0.5000000000
56697  -42.084  -25.734  18.086 0.6250000000
99829  -42.363  -25.508  17.566 0.6250000000
56703  -43.025  -25.139  17.462 0.7500000000
97003  -42.359  -25.424  16.845 0.7500000000
109170  -43.435  -24.831  17.043 0.7500000000
106148  -42.900  -25.279  15.730 0.5000000000
94988  -44.488  -24.309  18.027 0.6250000000
56712  -43.539  -24.990  15.772 0.2500000000
52504  -42.491  -30.240  24.770 0.2500000000
52517  -42.103  -29.994  24.052 0.2500000000
53301  -41.766  -29.653  23.417 0.5000000000
53315  -41.447  -29.300  22.766 0.6250000000
54142  -43.216  -28.064  23.791 0.3750000000
54971  -43.644  -27.673  24.276 0.1250000000
52548  -37.423  -30.571  20.237 0.7500000000
54153  -41.714  -28.574  22.499 0.7500000000
54154  -42.334  -28.213  22.844 0.6250000000
57418  -47.159  -24.830  26.456 0.1250000000
54185  -41.100  -27.946  21.254 0.7500000000
55007  -42.182  -27.159  21.899 0.7500000000
56642  -44.719  -25.701  24.289 0.1250000000
57440  -46.437  -24.202  24.863 0.1250000000
55023  -41.208  -27.329  20.681 0.7500000000
55856  -42.492  -26.480  21.529 0.6250000000
57453  -46.260  -23.777  23.975 0.1250000000
55866  -42.284  -26.222  20.743 0.7500000000
55865  -41.671  -26.569  20.309 0.7500000000
55034  -39.659  -27.722  18.801 0.6250000000
55878  -41.066  -26.659  18.974 0.7500000000
94453  -44.393  -24.211  19.166 0.5000000000
57523  -44.393  -24.681  15.757 0.5000000000
56713  -43.982  -25.126  15.027 0.3750000000
107313  -37.522  -29.563  19.209 0.6250000000
53361  -37.734  -29.110  18.553 0.6250000000
59058  -50.029  -22.100  26.968 0.1250000000
58280  -47.201  -23.037  22.950 0.1250000000
22478  0.855  -66.802  35.534 0.1250000000
107787  0.196  -65.642  36.095 0.2500000000
23211  0.620  -65.763  35.750 0.2500000000
23920  1.002  -65.040  35.626 0.2500000000
22479  0.250  -66.576  35.894 0.2500000000
97238  0.389  -67.425  35.957 0.2500000000
23216  1.102  -65.747  35.214 0.1250000000
98803  -0.942  -66.419  35.264 0.2500000000
23221  1.248  -65.653  34.478 0.1250000000
23914  0.344  -64.641  36.593 0.2500000000
23921  0.845  -64.466  36.048 0.3750000000
23205  0.539  -65.052  36.157 0.2500000000
23206  0.078  -65.153  36.438 0.2500000000
22471  0.002  -65.878  36.175 0.2500000000
23928  1.232  -65.076  35.061 0.3750000000
23207  -0.252  -65.214  36.348 0.2500000000
22481  -0.329  -65.999  35.984 0.2500000000
23935  1.096  -65.002  34.351 0.3750000000
23217  -1.270  -65.679  35.233 0.2500000000
23909  0.123  -64.385  37.045 0.3750000000
109668  0.838  -64.070  36.151 0.3750000000
23915  -0.207  -64.625  36.775 0.3750000000
93224  0.753  -63.668  36.244 0.3750000000
23916  -0.805  -64.233  36.880 0.3750000000
103467  1.088  -64.563  35.375 0.3750000000
24613  0.907  -63.948  35.607 0.3750000000
23208  -0.646  -64.688  36.498 0.2500000000
23212  -0.873  -65.090  35.959 0.2500000000
23929  0.956  -64.286  34.767 0.3750000000
23922  -1.341  -64.301  36.195 0.2500000000
23930  -1.752  -64.777  35.203 0.2500000000
23218  -1.972  -65.456  34.343 0.2500000000
23931  -2.382  -64.153  34.631 0.2500000000
23944  -3.036  -64.855  32.889 0.2500000000
24626  -2.836  -63.580  34.012 0.2500000000
23945  -3.498  -64.462  32.259 0.2500000000
24632  -3.715  -63.635  32.310 0.2500000000
25386  -4.141  -62.688  32.293 0.2500000000
25397  -4.756  -62.906  31.491 0.1250000000
103753  -7.659  -60.028  30.247 0.1250000000
24606  0.566  -64.146  36.658 0.3750000000
99189  0.469  -63.555  37.036 0.3750000000
24601  0.192  -64.087  37.394 0.3750000000
24602  -0.250  -63.907  37.795 0.3750000000
23910  -0.391  -64.146  37.332 0.3750000000
91882  -0.976  -63.874  37.295 0.3750000000
25350  0.601  -63.080  35.590 0.3750000000
26164  0.428  -62.268  36.422 0.2500000000
25385  -3.430  -62.995  33.318 0.2500000000
25374  -3.778  -62.064  33.154 0.2500000000
26225  -4.336  -61.763  32.478 0.2500000000
26240  -4.713  -62.102  31.703 0.2500000000
27148  -4.748  -61.331  31.990 0.2500000000
27150  -6.341  -59.997  30.893 0.1250000000
27165  -6.629  -60.699  30.694 0.1250000000
92518  -7.037  -59.989  30.517 0.1250000000
25328  0.371  -63.051  37.790 0.2500000000
25320  0.116  -63.134  38.386 0.3750000000
91740  0.482  -62.752  37.078 0.2500000000
26130  0.371  -62.445  38.576 0.2500000000
24603  -0.736  -63.745  37.783 0.3750000000
24608  -1.637  -63.353  37.409 0.3750000000
97131  0.446  -61.856  37.087 0.2500000000
92842  -2.073  -63.206  36.700 0.3750000000
25351  -2.498  -62.693  35.985 0.3750000000
25363  -2.765  -62.362  34.914 0.5000000000
27130  -4.654  -60.687  32.515 0.3750000000
27149  -5.196  -60.698  31.675 0.2500000000
95072  -5.696  -59.983  31.431 0.2500000000
28142  -6.766  -59.298  30.646 0.1250000000
29092  -6.539  -58.570  30.950 0.2500000000
28143  -7.512  -59.299  30.109 0.1250000000
29101  -7.678  -58.494  29.826 0.1250000000
28156  -8.065  -58.971  29.621 0.1250000000
27182  -9.056  -59.607  29.432 0.1250000000
28173  -10.213  -59.080  28.660 0.1250000000
28174  -11.162  -59.208  28.598 0.1250000000
29103  -8.950  -58.269  28.924 0.1250000000
28158  -9.362  -58.999  28.916 0.1250000000
29111  -9.753  -58.283  28.511 0.1250000000
30006  -10.169  -57.431  28.144 0.1250000000
26110  0.150  -61.590  40.301 0.1250000000
26111  -0.599  -61.532  40.448 0.1250000000
26117  -1.073  -61.845  39.753 0.2500000000
27006  0.479  -61.385  39.850 0.1250000000
26115  0.212  -62.113  39.485 0.2500000000
25316  -0.523  -62.470  39.295 0.2500000000
26118  -1.997  -61.425  39.407 0.3750000000
33149  -18.787  -53.490  41.605 0.1250000000
33138  -19.519  -53.406  42.405 0.1250000000
33139  -20.406  -53.528  42.369 0.1250000000
92152  0.471  -61.763  39.139 0.2500000000
26132  -2.303  -61.708  38.703 0.2500000000
33150  -19.701  -53.596  41.699 0.1250000000
107425  0.552  -61.478  37.729 0.2500000000
25322  -0.996  -62.877  38.655 0.3750000000
25323  -1.868  -62.528  38.448 0.5000000000
26146  -2.548  -61.945  38.022 0.5000000000
26145  0.518  -62.287  37.810 0.2500000000
25329  -1.329  -63.198  38.100 0.3750000000
25330  -2.173  -62.683  37.769 0.5000000000
26165  -2.646  -62.100  37.403 0.5000000000
108868  -4.320  -60.514  33.110 0.3750000000
28113  -4.866  -58.985  33.495 0.5000000000
28119  -4.630  -59.863  33.063 0.3750000000
27131  -5.134  -59.946  32.167 0.2500000000
28129  -5.623  -59.255  31.851 0.2500000000
28130  -6.139  -59.286  31.195 0.1250000000
29093  -7.117  -58.584  30.349 0.1250000000
29996  -8.521  -57.411  29.255 0.1250000000
29997  -9.321  -57.466  28.663 0.1250000000
34188  -24.555  -52.533  22.041 0.5000000000
26995  -1.088  -60.923  40.955 0.1250000000
33129  -20.396  -53.358  43.087 0.1250000000
33152  -21.802  -53.496  42.062 0.2500000000
92016  -22.245  -53.660  41.407 0.2500000000
27008  -2.425  -60.614  39.680 0.2500000000
27028  -2.644  -60.879  38.922 0.2500000000
33136  -18.186  -53.252  41.845 0.1250000000
33137  -18.693  -53.318  42.179 0.1250000000
94366  -21.129  -53.574  42.259 0.1250000000
27047  -2.719  -61.095  38.214 0.5000000000
33986  -17.162  -52.936  41.159 0.1250000000
33148  -17.952  -53.253  41.356 0.1250000000
33163  -19.158  -53.656  40.993 0.1250000000
93170  -21.070  -53.749  41.207 0.1250000000
33165  -21.771  -53.927  40.439 0.2500000000
33179  -22.812  -54.183  39.572 0.2500000000
32392  -23.524  -54.180  39.214 0.2500000000
26147  -2.822  -61.294  37.393 0.3750000000
105593  -16.986  -52.843  40.500 0.1250000000
33162  -18.403  -53.457  40.847 0.1250000000
33164  -19.989  -53.755  41.068 0.1250000000
111482  -21.040  -53.776  40.172 0.2500000000
33178  -21.458  -53.857  39.555 0.2500000000
96773  -22.082  -53.824  39.038 0.2500000000
33192  -22.854  -53.808  38.689 0.2500000000
33193  -23.611  -53.931  38.353 0.2500000000
33160  -17.270  -52.904  39.906 0.1250000000
33175  -18.101  -53.291  39.997 0.1250000000
33176  -18.772  -53.569  40.305 0.1250000000
106053  -19.043  -53.507  39.676 0.1250000000
102830  -19.811  -53.582  39.551 0.1250000000
106629  -20.653  -53.678  39.461 0.2500000000
33191  -21.164  -53.536  38.599 0.2500000000
33206  -22.998  -53.532  37.940 0.2500000000
95429  -23.642  -53.579  37.527 0.2500000000
33187  -17.591  -52.954  39.159 0.2500000000
33188  -18.446  -53.196  39.156 0.1250000000
33189  -19.295  -53.242  38.898 0.1250000000
33190  -20.174  -53.337  38.733 0.2500000000
97650  -21.256  -53.181  37.687 0.2500000000
28097  -4.279  -59.052  34.759 0.3750000000
34006  -17.075  -52.695  38.404 0.2500000000
34007  -17.883  -52.844  38.328 0.3750000000
34017  -18.229  -52.666  37.626 0.2500000000
33203  -19.609  -52.950  38.053 0.2500000000
33204  -20.499  -53.061  37.868 0.2500000000
33219  -20.793  -52.902  36.945 0.3750000000
33220  -21.711  -53.082  37.061 0.3750000000
28112  -4.350  -59.444  33.983 0.5000000000
28120  -5.206  -59.175  32.655 0.5000000000
29085  -5.696  -58.575  32.326 0.5000000000
29936  -6.198  -57.428  32.269 0.5000000000
29086  -6.083  -58.604  31.621 0.3750000000
29959  -6.442  -57.794  31.462 0.2500000000
29960  -6.875  -57.070  31.079 0.2500000000
101301  -7.343  -57.958  30.113 0.1250000000
29980  -7.946  -56.983  29.756 0.2500000000
30897  -9.039  -56.623  29.035 0.1250000000
30917  -9.697  -56.656  28.507 0.1250000000
31697  -10.034  -55.964  28.494 0.1250000000
34204  -24.895  -51.830  21.545 0.5000000000
34189  -25.408  -52.421  22.060 0.2500000000
27994  -0.238  -59.825  42.138 0.1250000000
26988  -0.617  -60.484  41.569 0.1250000000
26987  0.284  -60.481  41.360 0.1250000000
27999  -1.600  -60.212  41.317 0.1250000000
26996  -2.055  -60.415  40.509 0.1250000000
93558  0.635  -60.633  40.043 0.1250000000
26994  -0.044  -61.159  41.049 0.1250000000
27007  -1.576  -61.156  40.171 0.1250000000
33975  -15.586  -52.471  41.177 0.1250000000
33962  -16.358  -52.593  42.432 0.1250000000
33977  -17.371  -52.962  41.914 0.1250000000
33965  -19.694  -53.146  43.281 0.1250000000
33141  -22.664  -53.189  43.039 0.2500000000
93420  -22.669  -53.393  42.415 0.2500000000
33153  -23.391  -53.632  41.812 0.2500000000
33976  -16.425  -52.691  41.578 0.1250000000
33964  -18.907  -53.053  42.929 0.1250000000
33140  -21.884  -53.477  42.851 0.2500000000
33167  -24.062  -53.892  41.244 0.2500000000
32380  -23.630  -54.342  40.163 0.2500000000
27029  -2.799  -60.443  38.496 0.3750000000
33984  -15.482  -52.465  40.321 0.1250000000
33985  -16.354  -52.657  40.783 0.1250000000
33166  -22.836  -54.079  40.614 0.2500000000
27048  -2.882  -60.454  37.803 0.3750000000
110379  -14.765  -52.221  39.326 0.2500000000
34866  -14.390  -51.861  38.441 0.3750000000
94568  -16.039  -52.597  39.086 0.2500000000
33993  -16.331  -52.653  39.881 0.1250000000
34882  -14.470  -51.709  37.580 0.3750000000
34013  -15.042  -52.090  38.078 0.3750000000
34014  -15.866  -52.275  37.798 0.3750000000
34005  -16.304  -52.553  38.476 0.3750000000
29034  -5.138  -57.541  34.418 0.5000000000
34896  -14.569  -51.515  36.547 0.3750000000
34883  -15.221  -51.839  37.244 0.3750000000
34015  -16.609  -52.483  37.892 0.3750000000
34018  -19.010  -52.670  37.394 0.2500000000
34030  -19.337  -52.414  36.573 0.3750000000
105896  -20.131  -52.583  36.494 0.3750000000
34032  -21.347  -52.836  36.428 0.3750000000
29055  -5.013  -58.263  33.944 0.5000000000
30821  -5.411  -56.851  34.576 0.5000000000
34897  -15.440  -51.647  36.424 0.5000000000
34898  -16.235  -51.687  36.228 0.3750000000
34041  -17.030  -51.774  36.034 0.5000000000
34042  -17.876  -51.821  35.976 0.3750000000
34043  -18.809  -51.927  35.920 0.3750000000
29918  -5.518  -57.726  33.561 0.5000000000
30828  -5.660  -56.981  33.927 0.5000000000
34907  -15.684  -51.463  35.672 0.6250000000
34908  -16.492  -51.521  35.422 0.6250000000
34909  -17.361  -51.620  35.244 0.3750000000
29070  -5.369  -58.435  33.137 0.6250000000
29958  -6.067  -58.081  32.081 0.5000000000
29919  -5.992  -57.193  33.104 0.5000000000
30856  -6.519  -57.031  31.748 0.5000000000
30874  -7.331  -56.338  30.863 0.3750000000
29979  -7.397  -57.148  30.300 0.2500000000
30875  -7.853  -56.333  30.186 0.2500000000
30896  -8.426  -56.453  29.614 0.3750000000
34205  -25.631  -51.736  21.612 0.3750000000
35105  -26.280  -51.183  21.479 0.3750000000
35088  -27.642  -51.434  22.334 0.1250000000
27995  -1.167  -59.939  42.117 0.1250000000
28000  -2.324  -59.797  40.810 0.1250000000
28957  -2.751  -58.893  40.030 0.1250000000
28028  -2.804  -60.125  39.112 0.1250000000
28970  -2.754  -59.376  39.255 0.2500000000
104851  -15.549  -52.466  41.963 0.1250000000
28029  -2.912  -59.720  38.355 0.2500000000
33973  -13.807  -51.804  40.810 0.1250000000
102984  -14.927  -52.275  41.581 0.1250000000
33983  -14.691  -52.199  40.807 0.1250000000
33991  -14.657  -52.219  39.897 0.1250000000
34840  -13.968  -51.886  39.967 0.2500000000
34865  -13.835  -51.714  38.789 0.2500000000
104148  -13.785  -51.541  38.050 0.2500000000
101084  -5.451  -56.422  34.973 0.5000000000
34881  -13.764  -51.401  37.083 0.3750000000
34906  -14.367  -51.160  35.502 0.5000000000
94566  -15.019  -51.448  35.866 0.3750000000
30822  -5.880  -56.150  34.341 0.5000000000
34920  -15.111  -51.251  35.174 0.7500000000
34921  -15.876  -51.236  34.898 0.6250000000
30829  -6.157  -56.411  33.467 0.6250000000
31650  -6.568  -55.904  33.033 0.5000000000
35104  -25.292  -51.032  21.342 0.6250000000
28951  -2.639  -59.181  40.781 0.1250000000
27996  -2.052  -59.592  41.557 0.1250000000
109470  -3.428  -58.262  38.058 0.1250000000
33948  -16.555  -52.491  43.305 0.1250000000
28971  -2.979  -58.823  38.573 0.1250000000
33974  -14.190  -51.938  41.613 0.1250000000
34839  -13.256  -51.610  40.206 0.2500000000
34851  -13.566  -51.680  39.423 0.2500000000
34880  -13.037  -51.130  37.634 0.1250000000
31644  -6.482  -55.644  33.737 0.6250000000
34905  -13.494  -50.839  35.254 0.6250000000
36022  -27.373  -49.761  21.354 0.1250000000
107047  -2.855  -58.319  40.910 0.1250000000
29859  -3.234  -57.041  40.078 0.1250000000
29863  -3.464  -57.237  39.090 0.1250000000
99866  -2.869  -57.932  39.848 0.1250000000
29862  -3.131  -58.023  38.796 0.1250000000
30796  -3.894  -56.499  39.465 0.1250000000
34827  -13.344  -51.663  41.736 0.1250000000
34828  -13.698  -51.759  42.419 0.1250000000
33946  -14.701  -52.071  43.106 0.1250000000
104927  -15.882  -52.400  43.125 0.1250000000
109119  -3.835  -57.476  38.051 0.1250000000
35798  -11.435  -51.079  40.172 0.1250000000
95493  -12.906  -51.560  41.071 0.2500000000
30801  -4.449  -56.748  37.605 0.2500000000
34838  -12.342  -51.324  40.391 0.1250000000
32425  -7.562  -54.615  33.309 0.6250000000
36989  -27.874  -49.131  21.375 0.2500000000
37842  -27.482  -48.386  21.485 0.3750000000
40349  -28.331  -45.625  22.180 0.1250000000
40348  -27.279  -45.434  22.551 0.1250000000
41155  -27.559  -44.987  22.494 0.1250000000
30799  -4.175  -56.658  38.516 0.2500000000
34837  -11.550  -51.327  40.988 0.1250000000
30800  -4.709  -56.013  38.037 0.2500000000
108135  -10.670  -51.011  39.963 0.2500000000
35815  -9.629  -50.653  38.544 0.3750000000
34892  -8.393  -51.593  36.573 0.3750000000
34879  -9.005  -51.051  36.991 0.3750000000
34038  -7.954  -53.039  35.564 0.5000000000
34025  -8.024  -52.362  35.881 0.5000000000
35841  -9.652  -50.673  36.916 0.3750000000
34893  -9.172  -51.253  36.281 0.3750000000
41154  -26.567  -44.698  22.743 0.1250000000
41138  -26.711  -43.956  23.006 0.1250000000
34024  -7.607  -52.151  36.639 0.3750000000
40346  -25.263  -44.766  22.865 0.2500000000
41153  -25.545  -44.313  22.773 0.1250000000
41944  -25.857  -43.614  22.881 0.1250000000
42710  -25.801  -42.554  22.864 0.1250000000
102918  -24.542  -43.456  22.225 0.1250000000
41943  -25.161  -43.316  22.488 0.1250000000
41956  -24.138  -43.090  21.865 0.1250000000
41957  -24.715  -42.843  21.856 0.1250000000
100248  -25.973  -42.096  22.641 0.1250000000
39472  -24.758  -46.140  25.144 0.7500000000
107621  -23.305  -44.954  25.620 0.5000000000
99169  -23.936  -45.696  24.826 0.5000000000
97312  -23.826  -44.842  23.326 0.3750000000
41151  -23.649  -44.265  22.905 0.2500000000
41942  -24.082  -43.833  22.371 0.2500000000
108303  -23.745  -43.225  22.111 0.2500000000
41136  -22.752  -43.970  23.929 0.5000000000
42708  -23.242  -42.832  22.321 0.3750000000
102366  -22.644  -42.835  23.509 0.3750000000
44492  -28.437  -40.362  17.643 0.2500000000
45293  -27.709  -39.908  17.999 0.3750000000
103827  -25.558  -40.075  32.230 0.3750000000
46025  -25.833  -38.469  31.934 0.2500000000
103609  -25.805  -38.422  31.128 0.5000000000
46868  -26.820  -37.376  32.047 0.3750000000
46900  -26.580  -37.379  30.381 0.5000000000
57546  -47.343  -24.518  11.382 0.1250000000
56749  -47.747  -25.218  10.648 0.1250000000
57554  -47.556  -24.572  10.585 0.1250000000
57544  -47.203  -24.250  12.353 0.2500000000
58371  -47.397  -23.604  11.711 0.1250000000
92715  -45.904  -24.577  14.916 0.3750000000
57525  -46.808  -24.235  15.124 0.3750000000
57526  -47.242  -24.106  14.411 0.3750000000
58360  -47.762  -23.643  14.643 0.3750000000
56720  -46.799  -24.628  13.787 0.1250000000
94206  -47.245  -24.020  13.400 0.2500000000
58365  -47.448  -23.476  12.650 0.2500000000
59190  -47.584  -22.851  12.109 0.2500000000
57515  -45.448  -24.079  17.211 0.5000000000
58343  -46.140  -23.863  17.076 0.5000000000
57520  -46.285  -24.200  15.775 0.3750000000
58352  -47.562  -23.763  15.291 0.3750000000
108826  -47.714  -23.301  13.500 0.3750000000
59187  -48.283  -22.605  13.560 0.2500000000
109332  -47.734  -22.879  12.887 0.2500000000
59191  -48.056  -22.298  12.634 0.2500000000
59976  -48.931  -20.788  11.886 0.2500000000
60790  -48.855  -20.661  9.629 0.2500000000
58321  -45.546  -23.768  18.610 0.5000000000
57500  -45.149  -24.057  17.948 0.5000000000
93537  -46.748  -23.541  17.958 0.5000000000
58344  -46.688  -23.815  16.531 0.5000000000
58351  -47.013  -23.939  15.805 0.5000000000
58345  -47.570  -23.555  16.266 0.5000000000
58346  -48.224  -23.297  15.716 0.5000000000
58353  -48.117  -23.398  15.034 0.5000000000
59184  -48.686  -22.597  14.368 0.3750000000
59185  -49.305  -22.221  14.778 0.3750000000
59188  -49.059  -22.052  13.992 0.3750000000
59962  -48.688  -21.788  13.187 0.3750000000
59967  -49.226  -21.116  12.818 0.3750000000
59966  -48.459  -21.554  12.297 0.3750000000
60773  -49.134  -20.448  11.062 0.3750000000
60772  -48.581  -20.963  11.074 0.2500000000
60783  -49.272  -20.272  10.277 0.2500000000
59952  -50.048  -21.803  15.185 0.2500000000
59957  -49.773  -21.638  14.372 0.3750000000
59964  -50.129  -21.226  13.969 0.3750000000
60757  -50.097  -20.820  13.333 0.3750000000
91820  -49.754  -20.269  11.725 0.2500000000
25352  -2.883  -61.879  35.603 0.5000000000
109279  -4.797  -57.648  34.979 0.5000000000
34901  -8.720  -51.946  35.656 0.5000000000
46886  -27.440  -36.923  31.547 0.3750000000
24620  -2.895  -62.853  34.254 0.2500000000
106810  -4.461  -61.236  32.525 0.3750000000
29033  -4.640  -58.234  34.767 0.3750000000
30857  -6.826  -56.358  31.609 0.5000000000
108796  -9.421  -55.340  29.380 0.2500000000
31680  -9.512  -55.929  28.945 0.1250000000
33364  -23.201  -53.044  22.607 0.3750000000
34203  -24.073  -51.922  21.611 0.5000000000
34850  -12.873  -51.424  39.617 0.2500000000
35806  -11.120  -50.780  39.359 0.2500000000
34864  -13.069  -51.370  38.723 0.1250000000
34894  -13.012  -50.944  36.651 0.5000000000
40335  -24.371  -45.267  23.484 0.2500000000
40328  -24.465  -45.762  24.263 0.3750000000
40327  -23.640  -45.232  24.086 0.3750000000
34895  -13.728  -51.127  36.137 0.6250000000
41137  -23.262  -44.483  23.627 0.3750000000
40318  -23.345  -45.189  24.955 0.5000000000
41929  -22.719  -43.422  23.548 0.3750000000
44482  -27.849  -40.581  18.154 0.2500000000
99755  -29.264  -39.067  16.801 0.2500000000
57519  -45.821  -24.133  16.490 0.5000000000
30841  -6.857  -55.697  32.294 0.6250000000
111382  1.176  -64.727  34.953 0.2500000000
25337  0.619  -63.023  36.366 0.3750000000
23923  -2.008  -64.017  35.454 0.2500000000
97443  -2.535  -65.228  33.547 0.2500000000
23937  -2.739  -64.432  33.742 0.2500000000
24619  -2.433  -63.273  35.039 0.2500000000
23938  -3.233  -63.996  33.089 0.2500000000
24633  -4.286  -63.510  31.754 0.2500000000
27166  -7.387  -60.670  30.493 0.1250000000
24596  0.189  -63.681  37.893 0.3750000000
24597  -0.485  -63.468  38.242 0.3750000000
95581  0.465  -62.524  35.900 0.3750000000
24607  -1.480  -63.760  36.821 0.3750000000
27164  -5.860  -60.716  31.018 0.1250000000
28144  -8.277  -59.672  29.823 0.1250000000
25321  -0.322  -62.955  38.688 0.3750000000
27046  0.575  -60.663  38.059 0.1250000000
25338  -2.470  -62.604  36.958 0.5000000000
29102  -8.275  -58.327  29.388 0.1250000000
28157  -8.646  -58.985  29.287 0.1250000000
27183  -9.819  -59.662  29.199 0.1250000000
29112  -10.746  -58.363  28.153 0.1250000000
26993  0.463  -60.973  40.635 0.1250000000
26131  -1.470  -62.238  39.109 0.3750000000
92479  0.565  -61.660  38.449 0.2500000000
29978  -6.925  -57.841  30.679 0.1250000000
29995  -7.822  -57.728  29.707 0.2500000000
33963  -18.099  -52.981  42.473 0.1250000000
97708  -21.145  -53.475  42.969 0.2500000000
33151  -20.445  -53.625  41.745 0.1250000000
33161  -17.671  -53.143  40.660 0.1250000000
33177  -20.323  -53.769  40.285 0.1250000000
111156  -22.162  -54.090  39.816 0.2500000000
97800  -19.476  -53.709  40.339 0.1250000000
33205  -22.105  -53.437  38.010 0.2500000000
33994  -16.770  -52.731  39.146 0.2500000000
33202  -18.732  -52.918  38.238 0.2500000000
33218  -19.903  -52.778  37.190 0.2500000000
29054  -4.617  -58.776  34.200 0.5000000000
34016  -17.340  -52.469  37.461 0.3750000000
34029  -18.286  -52.325  36.778 0.2500000000
29935  -5.836  -57.913  32.769 0.5000000000
28009  -2.726  -59.766  40.004 0.1250000000
94813  -17.299  -52.693  42.824 0.1250000000
33949  -18.147  -52.702  43.644 0.1250000000
33131  -21.738  -53.082  43.358 0.2500000000
34003  -14.873  -52.199  38.837 0.2500000000
34852  -14.286  -51.974  39.234 0.3750000000
33992  -15.357  -52.428  39.404 0.2500000000
34004  -15.552  -52.397  38.599 0.3750000000
34026  -16.002  -51.910  36.989 0.3750000000
34027  -16.760  -52.032  36.778 0.3750000000
108093  -16.510  -52.256  37.383 0.3750000000
34028  -17.459  -52.096  36.602 0.3750000000
30840  -6.422  -56.570  32.488 0.5000000000
35106  -27.078  -51.091  21.666 0.5000000000
33961  -15.381  -52.321  42.711 0.1250000000
33960  -14.626  -52.108  42.351 0.1250000000
104787  -17.234  -52.547  43.702 0.1250000000
95277  -3.030  -57.586  40.699 0.1250000000
107300  -12.196  -51.396  41.270 0.1250000000
34826  -12.434  -51.504  42.026 0.1250000000
33932  -15.945  -52.341  43.870 0.1250000000
33933  -16.689  -52.337  44.230 0.1250000000
35829  -9.292  -50.756  37.649 0.3750000000
35805  -10.234  -50.753  39.305 0.2500000000
92953  -24.791  -44.069  22.590 0.2500000000
41152  -24.408  -44.629  22.880 0.3750000000
41941  -23.389  -43.553  22.597 0.2500000000
41930  -23.025  -43.830  23.228 0.3750000000
41940  -22.824  -43.146  22.948 0.3750000000
46848  -26.894  -37.448  32.911 0.2500000000
110168  -47.479  -24.935  10.959 0.1250000000
94288  -47.635  -23.668  14.072 0.3750000000
59199  -47.536  -22.834  11.091 0.2500000000
58336  -46.022  -23.772  17.814 0.5000000000
58361  -48.149  -23.189  14.341 0.3750000000
59200  -47.850  -22.155  11.765 0.2500000000
59975  -48.259  -21.480  11.431 0.3750000000
59974  -48.148  -21.517  10.533 0.2500000000
58337  -46.688  -23.630  17.321 0.5000000000
93701  -47.211  -23.516  16.958 0.5000000000
59177  -48.687  -22.842  15.141 0.5000000000
59178  -49.486  -22.373  15.602 0.3750000000
59963  -49.510  -21.441  13.619 0.3750000000
60761  -49.804  -20.556  12.493 0.3750000000
59179  -50.315  -22.087  16.138 0.2500000000
59958  -50.604  -21.304  14.590 0.3750000000
99750  -50.492  -20.400  12.863 0.2500000000
33332  -21.621  -53.624  24.382 0.2500000000
33348  -23.584  -53.610  23.336 0.1250000000
33365  -24.128  -53.109  22.633 0.2500000000
33351  -26.301  -53.316  23.556 0.1250000000
34190  -26.330  -52.162  22.163 0.2500000000
34187  -23.716  -52.533  22.103 0.2500000000
103437  -30.484  -48.044  39.356 0.1250000000
94977  -30.504  -49.188  38.159 0.1250000000
37700  -30.219  -48.361  37.517 0.1250000000
38490  -29.783  -47.473  36.829 0.1250000000
39323  -29.839  -46.681  37.390 0.1250000000
36817  -30.035  -49.875  37.199 0.1250000000
95095  -29.814  -49.108  36.637 0.1250000000
37731  -28.855  -48.407  35.068 0.1250000000
37716  -29.471  -48.301  36.103 0.1250000000
37680  -30.443  -48.642  39.237 0.1250000000
39322  -29.267  -46.035  36.597 0.1250000000
36801  -30.509  -49.962  38.728 0.1250000000
39336  -29.373  -46.728  36.345 0.1250000000
38500  -29.003  -47.371  35.580 0.1250000000
98018  -28.480  -47.728  34.511 0.1250000000
38516  -28.464  -46.737  34.812 0.1250000000
38533  -28.236  -48.017  33.620 0.1250000000
38479  -28.502  -47.985  38.644 0.1250000000
36800  -30.175  -49.327  39.186 0.1250000000
36787  -30.432  -49.619  39.140 0.1250000000
107811  -30.314  -50.307  39.199 0.1250000000
35823  -30.023  -51.041  39.393 0.1250000000
35824  -30.310  -50.998  39.339 0.1250000000
33211  -29.160  -52.533  39.182 0.1250000000
34009  -29.992  -52.076  39.328 0.1250000000
37687  -28.566  -48.964  38.294 0.1250000000
37699  -27.449  -48.266  37.496 0.1250000000
34008  -29.501  -52.168  39.804 0.1250000000
34871  -29.346  -51.776  39.732 0.1250000000
34857  -28.811  -52.449  40.097 0.1250000000
35849  -27.033  -50.061  37.090 0.1250000000
101375  -23.264  -42.082  21.959 0.2500000000
40989  -27.176  -44.050  34.258 0.2500000000
41799  -26.636  -43.629  33.503 0.2500000000
110098  -26.908  -44.359  33.589 0.2500000000
42810  -33.569  -42.190  17.976 0.1250000000
43473  -26.277  -42.087  33.800 0.2500000000
42566  -26.088  -42.298  32.938 0.2500000000
110115  -30.639  -42.257  18.427 0.1250000000
42795  -31.448  -42.409  18.676 0.1250000000
44493  -29.413  -40.594  17.107 0.1250000000
43683  -30.515  -41.626  17.246 0.1250000000
42807  -30.969  -42.184  17.779 0.1250000000
42809  -32.641  -42.292  17.791 0.1250000000
43699  -32.468  -41.467  16.436 0.1250000000
43472  -25.909  -41.489  33.236 0.2500000000
101271  -25.638  -40.958  32.082 0.2500000000
43697  -30.794  -41.151  16.553 0.1250000000
44525  -31.486  -40.147  15.795 0.1250000000
43698  -31.656  -41.418  16.481 0.1250000000
43700  -33.274  -41.397  16.427 0.1250000000
45308  -29.637  -39.759  16.614 0.1250000000
44524  -30.873  -39.816  15.925 0.1250000000
45325  -32.030  -39.406  15.606 0.1250000000
45324  -31.231  -39.307  15.803 0.2500000000
47113  -32.287  -37.879  15.779 0.2500000000
110259  -33.343  -37.064  15.673 0.3750000000
47136  -35.775  -37.351  14.621 0.1250000000
48743  -37.908  -35.277  15.021 0.1250000000
49543  -37.420  -34.726  15.383 0.1250000000
49544  -38.265  -34.633  15.309 0.1250000000
96359  -38.641  -35.268  15.021 0.1250000000
58279  -46.489  -23.417  22.517 0.1250000000
58289  -46.260  -23.475  21.674 0.2500000000
58290  -47.220  -23.154  21.885 0.1250000000
59098  -48.082  -22.811  22.653 0.1250000000
96347  -46.733  -23.336  20.944 0.2500000000
103841  -45.527  -23.597  20.055 0.2500000000
105582  -47.589  -23.190  20.824 0.2500000000
58308  -45.953  -23.541  19.326 0.3750000000
58298  -46.454  -23.407  20.110 0.2500000000
109712  -47.011  -23.327  20.454 0.2500000000
58309  -46.835  -23.397  19.292 0.2500000000
58310  -47.653  -23.224  19.323 0.2500000000
58322  -46.400  -23.547  18.574 0.3750000000
58338  -47.288  -23.407  17.617 0.3750000000
106050  -48.306  -23.136  16.517 0.3750000000
108808  -48.717  -22.848  16.700 0.3750000000
58323  -47.286  -23.332  18.480 0.3750000000
58324  -48.133  -23.042  18.734 0.3750000000
59153  -48.543  -22.878  17.280 0.3750000000
94535  -47.819  -23.288  17.088 0.3750000000
59167  -49.584  -22.473  16.311 0.3750000000
98750  -50.411  -19.921  11.649 0.2500000000
38489  -26.687  -47.691  36.885 0.1250000000
106647  -27.651  -53.157  37.479 0.2500000000
102707  -29.344  -52.355  38.193 0.1250000000
34162  -21.123  -52.929  23.927 0.3750000000
33346  -21.781  -53.182  23.548 0.2500000000
35839  -30.487  -50.814  38.985 0.1250000000
34873  -30.274  -51.455  39.215 0.1250000000
46190  -29.984  -38.967  16.428 0.2500000000
46191  -30.845  -38.488  16.230 0.2500000000
47965  -33.038  -36.807  16.063 0.3750000000
47135  -34.973  -37.311  14.745 0.2500000000
47114  -32.968  -37.473  15.654 0.2500000000
33366  -25.040  -53.065  22.644 0.1250000000
34173  -25.901  -52.893  22.798 0.1250000000
34174  -26.736  -52.738  23.039 0.1250000000
59166  -48.913  -22.828  16.093 0.3750000000
60784  -49.934  -19.933  10.903 0.2500000000
43682  -29.769  -41.404  17.503 0.1250000000
106093  -22.209  -53.673  23.856 0.2500000000
33333  -24.294  -53.870  23.843 0.1250000000
33349  -24.617  -53.520  23.289 0.1250000000
33350  -25.480  -53.433  23.392 0.1250000000
37689  -30.661  -48.558  38.933 0.1250000000
38472  -30.218  -47.845  39.491 0.1250000000
103143  -30.668  -49.193  39.064 0.1250000000
37688  -29.893  -48.359  39.422 0.1250000000
110868  -30.392  -50.396  39.195 0.1250000000
36799  -29.148  -50.077  38.692 0.1250000000
33210  -28.093  -53.224  38.682 0.1250000000
33198  -28.711  -52.619  39.768 0.1250000000
34872  -29.996  -51.759  39.607 0.1250000000
108506  -28.821  -50.849  38.914 0.1250000000
34858  -29.468  -52.202  39.835 0.1250000000
33998  -28.850  -52.350  40.006 0.1250000000
34870  -27.802  -51.850  39.459 0.1250000000
34886  -27.789  -51.164  38.519 0.1250000000
36815  -26.822  -49.417  36.742 0.1250000000
35838  -26.830  -50.642  37.480 0.1250000000
43686  -32.989  -41.949  17.056 0.1250000000
43668  -29.436  -41.745  18.264 0.1250000000
43669  -30.202  -41.962  17.929 0.1250000000
43684  -31.296  -41.873  17.065 0.1250000000
43696  -30.107  -41.085  16.904 0.1250000000
42808  -31.798  -42.321  17.752 0.1250000000
43685  -32.133  -42.048  16.996 0.1250000000
44505  -30.158  -40.490  16.528 0.1250000000
44506  -30.807  -40.389  16.144 0.1250000000
102787  -31.333  -40.804  16.158 0.1250000000
44507  -31.997  -40.850  16.002 0.1250000000
44508  -32.800  -40.847  15.964 0.1250000000
45309  -30.326  -39.800  16.225 0.1250000000
45310  -30.637  -39.291  16.074 0.2500000000
46207  -31.719  -38.556  15.787 0.2500000000
44526  -32.372  -40.184  15.668 0.1250000000
110599  -32.819  -38.038  15.510 0.2500000000
94629  -47.272  -23.306  19.998 0.2500000000
58339  -47.947  -23.105  17.901 0.3750000000
25398  -5.316  -62.478  31.078 0.1250000000
26241  -5.349  -61.551  31.190 0.1250000000
25410  -6.661  -62.192  30.659 0.1250000000
33216  -6.639  -53.165  36.837 0.3750000000
30939  -12.470  -56.889  27.292 0.1250000000
31723  -11.477  -55.716  27.578 0.1250000000
31724  -12.346  -55.839  27.119 0.1250000000
31742  -13.186  -55.443  26.803 0.1250000000
32474  -12.562  -54.909  27.092 0.1250000000
110383  -25.601  -40.135  33.015 0.2500000000
45160  -25.601  -39.125  32.243 0.2500000000
46007  -25.826  -38.477  32.766 0.2500000000
51031  -40.547  -32.500  23.668 0.3750000000
51026  -41.427  -32.423  24.742 0.2500000000
25409  -5.910  -62.155  30.760 0.1250000000
30938  -11.790  -56.431  27.394 0.1250000000
32388  -26.326  -53.599  39.843 0.2500000000
33169  -25.797  -53.197  41.581 0.1250000000
32382  -25.391  -53.606  40.859 0.1250000000
33142  -23.766  -53.325  42.712 0.1250000000
33154  -24.565  -53.618  42.230 0.1250000000
33168  -25.128  -53.654  41.824 0.1250000000
32387  -25.665  -53.749  40.066 0.1250000000
32395  -25.551  -54.086  39.199 0.2500000000
32386  -24.141  -54.330  39.717 0.1250000000
101039  -24.911  -54.135  39.712 0.1250000000
32381  -24.533  -53.982  40.611 0.1250000000
32394  -24.892  -54.247  38.787 0.1250000000
33194  -24.444  -54.008  38.032 0.1250000000
33180  -26.240  -53.284  40.802 0.1250000000
33181  -27.044  -53.083  40.494 0.2500000000
33196  -27.142  -53.410  39.686 0.2500000000
33967  -24.276  -53.066  42.867 0.1250000000
33143  -24.646  -53.348  42.482 0.1250000000
33195  -26.230  -53.872  38.755 0.2500000000
33966  -23.307  -52.854  43.087 0.1250000000
33952  -21.684  -52.408  43.687 0.1250000000
108355  -22.678  -51.911  43.077 0.1250000000
35775  -21.280  -51.273  43.473 0.1250000000
33209  -27.172  -53.588  38.733 0.2500000000
34820  -23.645  -52.375  42.737 0.1250000000
33208  -26.369  -53.728  37.820 0.2500000000
35788  -21.796  -51.203  43.003 0.1250000000
35796  -22.276  -51.070  42.449 0.1250000000
35787  -20.973  -50.705  42.867 0.1250000000
40990  -27.709  -44.500  34.860 0.1250000000
107582  -27.361  -44.796  34.042 0.1250000000
41784  -27.573  -43.702  36.020 0.1250000000
41793  -27.432  -43.822  35.100 0.1250000000
108548  -27.370  -43.432  36.522 0.1250000000
42546  -26.782  -42.722  37.508 0.1250000000
97176  -26.390  -41.611  38.793 0.1250000000
103446  -26.893  -43.365  34.387 0.1250000000
104171  -26.937  -42.893  36.643 0.1250000000
98304  -26.537  -42.026  36.903 0.1250000000
41792  -27.059  -43.200  35.210 0.1250000000
42551  -26.703  -42.247  36.041 0.1250000000
43439  -26.355  -41.413  39.658 0.1250000000
42560  -26.628  -42.675  34.476 0.1250000000
42555  -26.714  -42.479  35.256 0.1250000000
98549  -26.447  -41.759  37.852 0.1250000000
43453  -26.371  -41.320  36.294 0.1250000000
43465  -26.382  -41.888  34.618 0.1250000000
43459  -26.424  -41.647  35.436 0.1250000000
44324  -26.459  -40.533  39.655 0.1250000000
110894  -26.304  -40.848  38.994 0.1250000000
43444  -26.301  -40.844  38.242 0.1250000000
43449  -26.288  -40.913  37.255 0.1250000000
44333  -26.269  -40.101  37.841 0.1250000000
44349  -26.122  -41.030  34.916 0.1250000000
93509  -26.191  -40.756  35.708 0.1250000000
44336  -26.206  -40.388  36.502 0.1250000000
44328  -26.346  -40.082  38.742 0.1250000000
95352  -26.307  -39.419  37.477 0.1250000000
44342  -26.064  -39.871  35.892 0.1250000000
93865  -26.179  -39.538  36.676 0.1250000000
111098  -26.218  -40.047  37.159 0.1250000000
44348  -25.789  -40.286  34.471 0.1250000000
104784  -25.724  -40.650  33.530 0.1250000000
45098  -26.549  -39.359  38.739 0.1250000000
45123  -26.109  -38.898  35.993 0.1250000000
104661  -26.366  -38.770  36.972 0.1250000000
45956  -25.983  -38.700  35.202 0.1250000000
45136  -25.748  -38.959  34.539 0.1250000000
44341  -25.842  -39.472  35.149 0.1250000000
109622  -25.718  -39.561  34.503 0.1250000000
45903  -26.650  -38.759  38.058 0.1250000000
45920  -26.814  -38.178  37.217 0.1250000000
45938  -26.576  -38.228  36.348 0.1250000000
45975  -26.120  -38.309  34.685 0.1250000000
45957  -26.367  -38.231  35.496 0.1250000000
109908  -26.324  -37.962  34.125 0.1250000000
104653  -27.147  -38.079  37.958 0.1250000000
46791  -27.408  -37.708  37.417 0.1250000000
46816  -26.886  -37.802  35.760 0.1250000000
46805  -27.122  -37.758  36.585 0.1250000000
94044  -26.709  -37.809  34.862 0.1250000000
94497  -27.260  -37.587  35.271 0.1250000000
46008  -26.275  -37.847  32.440 0.1250000000
45991  -26.286  -37.890  33.316 0.1250000000
45326  -32.855  -39.459  15.462 0.1250000000
104009  -33.599  -39.458  15.360 0.1250000000
101929  -33.279  -38.887  15.287 0.1250000000
46806  -27.803  -37.355  36.828 0.1250000000
46817  -27.648  -37.473  35.907 0.1250000000
46832  -26.967  -37.571  33.898 0.1250000000
46833  -27.430  -37.475  34.644 0.1250000000
97007  -35.984  -38.436  32.307 0.1250000000
46209  -33.377  -38.163  15.285 0.1250000000
97375  -27.817  -37.376  35.173 0.1250000000
106655  -28.376  -37.319  36.300 0.1250000000
46818  -28.617  -37.322  35.470 0.1250000000
93675  -27.767  -37.296  34.034 0.1250000000
46834  -28.265  -37.265  34.593 0.1250000000
46849  -27.657  -37.159  33.290 0.1250000000
46028  -35.918  -38.310  31.430 0.1250000000
46044  -36.679  -38.384  30.888 0.1250000000
46043  -35.863  -38.142  30.575 0.1250000000
109041  -36.417  -38.211  30.190 0.1250000000
109993  -37.091  -38.300  29.172 0.1250000000
46942  -35.463  -37.567  28.359 0.1250000000
46926  -36.137  -37.870  28.975 0.1250000000
46083  -37.160  -38.143  28.125 0.1250000000
46955  -36.826  -37.994  27.366 0.1250000000
46981  -36.310  -37.602  25.647 0.1250000000
46835  -29.428  -37.350  34.548 0.1250000000
46850  -28.644  -37.145  33.651 0.1250000000
93532  -28.365  -36.904  32.729 0.1250000000
46869  -27.520  -37.035  32.436 0.1250000000
92728  -28.153  -36.758  31.947 0.1250000000
46925  -34.523  -37.315  29.319 0.1250000000
46060  -35.937  -37.948  29.784 0.1250000000
46941  -34.589  -37.214  28.461 0.1250000000
46956  -37.593  -37.993  27.476 0.1250000000
46969  -37.323  -37.879  26.696 0.1250000000
92335  -37.827  -37.651  26.085 0.1250000000
92240  -37.146  -37.722  25.860 0.1250000000
92239  -37.913  -37.610  25.244 0.1250000000
92339  -29.293  -37.136  32.837 0.1250000000
46893  -35.158  -38.052  31.035 0.1250000000
46908  -35.092  -37.711  30.129 0.1250000000
46851  -29.753  -37.334  33.520 0.1250000000
92878  -34.154  -37.429  30.127 0.1250000000
46907  -34.522  -37.730  30.724 0.1250000000
46992  -38.858  -37.521  24.619 0.1250000000
46906  -33.708  -37.542  30.916 0.1250000000
98511  -37.853  -33.212  15.793 0.2500000000
53405  -40.827  -28.489  14.661 0.1250000000
94519  -47.459  -23.798  10.757 0.1250000000
58387  -47.936  -23.481  9.080 0.1250000000
100259  -47.572  -23.180  10.036 0.1250000000
59141  -48.730  -22.821  18.201 0.2500000000
59154  -49.373  -22.638  17.638 0.2500000000
100139  -49.952  -22.454  16.983 0.2500000000
57535  -46.607  -24.520  14.467 0.2500000000
59209  -47.744  -22.323  10.297 0.1250000000
108810  -48.076  -22.694  8.632 0.1250000000
59142  -49.615  -22.654  18.550 0.2500000000
59155  -50.425  -22.448  17.948 0.2500000000
59168  -50.875  -22.173  17.064 0.2500000000
59940  -51.265  -21.737  16.366 0.1250000000
59993  -48.349  -21.279  9.717 0.1250000000
59216  -47.965  -21.889  9.755 0.1250000000
96930  -48.148  -21.874  8.891 0.1250000000
59224  -48.572  -22.305  7.987 0.1250000000
60782  -48.667  -20.808  10.389 0.1250000000
102028  -48.586  -21.125  9.066 0.1250000000
60007  -49.236  -21.628  7.541 0.1250000000
99289  -50.989  -20.483  13.459 0.1250000000
60001  -48.754  -21.400  8.351 0.1250000000
96324  -49.777  -20.141  8.890 0.1250000000
60002  -49.325  -20.984  8.078 0.1250000000
42567  -26.470  -42.844  33.681 0.1250000000
44360  -25.671  -40.857  32.736 0.1250000000
46943  -36.403  -37.915  28.145 0.1250000000
54248  -40.902  -27.818  14.565 0.1250000000
55075  -40.643  -27.226  14.831 0.2500000000
32393  -24.228  -54.224  38.925 0.1250000000
33953  -22.380  -52.617  43.393 0.1250000000
60799  -49.159  -20.648  8.807 0.1250000000
60752  -50.599  -20.896  13.924 0.1250000000
60753  -51.243  -20.786  14.245 0.1250000000
60762  -50.449  -20.150  12.259 0.1250000000
107245  -47.799  -22.045  11.029 0.1250000000
59953  -50.902  -21.567  15.506 0.1250000000
43464  -25.998  -41.277  34.072 0.1250000000
106281  -49.158  -22.660  16.845 0.2500000000
46208  -32.634  -38.633  15.498 0.1250000000
105117  -25.629  -39.634  33.797 0.1250000000
45148  -25.602  -39.325  32.946 0.1250000000
33155  -25.087  -53.484  42.247 0.1250000000
34806  -21.869  -51.866  43.549 0.1250000000
35774  -20.600  -50.913  43.686 0.1250000000
41783  -27.127  -43.008  35.931 0.1250000000
105238  -25.970  -40.285  35.241 0.1250000000
45990  -25.833  -38.563  33.757 0.1250000000
46061  -36.684  -38.200  29.524 0.1250000000
46075  -36.825  -38.173  28.775 0.1250000000
101242  -35.362  -37.609  29.245 0.1250000000
102147  -47.801  -22.570  9.389 0.1250000000
58311  -48.357  -23.056  19.439 0.2500000000
59959  -51.509  -21.150  14.995 0.1250000000
59954  -51.769  -21.397  15.793 0.1250000000
24618  0.624  -63.453  34.862 0.2500000000
24625  -0.078  -63.223  33.618 0.1250000000
97607  -0.444  -62.393  33.530 0.1250000000
26195  -0.162  -61.825  34.913 0.1250000000
26208  -0.371  -61.971  34.179 0.1250000000
26223  -0.720  -61.686  33.357 0.1250000000
101168  -1.017  -60.936  33.257 0.1250000000
26180  0.158  -61.857  35.833 0.1250000000
27095  -0.355  -61.069  35.174 0.1250000000
27077  0.155  -61.355  36.392 0.1250000000
27078  -0.239  -60.961  35.782 0.1250000000
27062  0.308  -60.765  37.125 0.1250000000
31620  -4.948  -55.324  38.480 0.1250000000
34862  -8.778  -51.008  38.254 0.2500000000
42734  -23.750  -42.635  21.703 0.1250000000
43637  -23.867  -41.166  20.852 0.1250000000
44438  -23.613  -40.457  21.312 0.1250000000
94762  -24.446  -41.057  20.332 0.1250000000
43652  -25.591  -41.174  19.662 0.1250000000
43639  -25.041  -41.449  20.114 0.1250000000
43667  -28.572  -41.523  18.638 0.1250000000
43653  -26.402  -41.232  19.376 0.1250000000
43665  -26.987  -40.988  18.891 0.1250000000
43655  -27.914  -41.555  19.162 0.1250000000
44483  -28.269  -41.017  18.121 0.1250000000
43617  -23.775  -41.940  21.222 0.1250000000
44481  -27.225  -40.363  18.499 0.1250000000
44471  -26.527  -40.430  18.936 0.1250000000
24624  0.528  -63.762  34.110 0.2500000000
26194  0.210  -62.269  35.381 0.1250000000
25362  0.168  -62.632  34.764 0.1250000000
25373  -0.099  -62.658  34.119 0.1250000000
27129  -0.700  -61.271  33.881 0.1250000000
26181  -0.095  -61.620  35.391 0.1250000000
27063  -0.129  -60.368  36.368 0.1250000000
43666  -27.698  -41.138  18.643 0.1250000000
43654  -27.230  -41.438  19.269 0.1250000000
42775  -27.561  -41.737  19.804 0.1250000000
20892  -2.232  -68.339  33.657 0.1250000000
21669  -0.727  -67.685  35.036 0.1250000000
21680  -1.527  -67.778  34.024 0.1250000000
22491  -0.259  -67.036  35.796 0.1250000000
22502  -1.167  -67.029  34.628 0.1250000000
22503  -1.923  -66.907  33.651 0.1250000000
23223  -1.589  -66.260  34.365 0.1250000000
23224  -2.266  -66.072  33.510 0.1250000000
108214  -3.364  -65.167  32.283 0.1250000000
111373  -2.313  -64.806  34.299 0.1250000000
23230  -2.942  -65.781  32.728 0.1250000000
23241  -3.899  -64.917  31.752 0.1250000000
23232  -4.347  -65.664  31.860 0.1250000000
23242  -4.772  -64.914  31.690 0.1250000000
24639  -4.969  -63.618  31.389 0.1250000000
23946  -3.901  -64.163  31.794 0.1250000000
32527  -21.913  -54.165  25.143 0.1250000000
32513  -21.212  -53.853  25.249 0.1250000000
32528  -22.355  -54.062  24.476 0.1250000000
34849  -9.935  -51.120  40.038 0.1250000000
95375  -23.056  -54.333  24.588 0.1250000000
35087  -26.934  -51.643  21.994 0.1250000000
94541  -9.101  -51.250  39.838 0.1250000000
34847  -8.358  -51.441  39.449 0.1250000000
33990  -7.004  -52.428  39.289 0.1250000000
34863  -8.926  -51.005  39.027 0.1250000000
34002  -7.191  -52.207  38.308 0.1250000000
95771  -8.353  -51.320  38.738 0.1250000000
34011  -6.732  -52.687  37.567 0.1250000000
34861  -7.987  -51.577  38.068 0.1250000000
34023  -7.031  -52.585  36.874 0.1250000000
34877  -7.975  -51.688  37.247 0.1250000000
50347  -38.694  -33.804  15.571 0.1250000000
50272  -42.236  -32.714  25.949 0.1250000000
51731  -41.816  -31.995  25.105 0.1250000000
51740  -41.593  -31.661  24.570 0.1250000000
51721  -42.806  -31.291  26.047 0.1250000000
51732  -42.202  -31.253  25.130 0.1250000000
52492  -43.193  -30.290  25.851 0.1250000000
53277  -42.981  -30.006  25.271 0.1250000000
55906  -41.252  -26.687  14.775 0.1250000000
56735  -46.109  -25.937  12.930 0.1250000000
56730  -46.393  -25.237  13.345 0.1250000000
58291  -48.575  -22.936  20.846 0.1250000000
59109  -49.039  -22.731  21.569 0.1250000000
102736  -48.091  -23.176  20.066 0.1250000000
59118  -49.034  -22.901  20.029 0.1250000000
59128  -49.764  -22.643  19.474 0.1250000000
98375  -50.526  -22.456  19.035 0.1250000000
103441  -50.257  -22.491  21.117 0.1250000000
108729  -50.516  -22.418  19.847 0.1250000000
59129  -51.462  -22.100  19.808 0.1250000000
59156  -51.357  -22.151  18.698 0.1250000000
59169  -51.319  -22.116  17.835 0.1250000000
92043  -51.843  -21.701  17.277 0.1250000000
106218  -52.007  -21.483  16.497 0.1250000000
59912  -52.359  -21.668  19.402 0.1250000000
59120  -51.000  -22.291  20.696 0.1250000000
59925  -52.121  -21.716  18.353 0.1250000000
33331  -20.854  -53.229  24.722 0.1250000000
51022  -41.794  -32.622  25.362 0.1250000000
50336  -39.565  -33.080  15.910 0.1250000000
55077  -41.924  -26.814  14.238 0.1250000000
52491  -42.711  -30.625  25.422 0.1250000000
32541  -22.859  -53.922  23.880 0.1250000000
22480  0.141  -66.600  36.031 0.1250000000
34848  -9.540  -50.914  39.342 0.1250000000
34878  -8.572  -51.240  37.476 0.1250000000
57543  -46.911  -24.804  12.934 0.1250000000
23954  -4.470  -64.227  31.612 0.1250000000
59127  -48.950  -22.860  19.083 0.1250000000
34012  -7.350  -52.095  37.438 0.1250000000
34846  -7.724  -51.731  38.956 0.1250000000
50348  -39.640  -34.036  15.563 0.1250000000
103970  -42.577  -32.146  26.168 0.1250000000
95370  -49.456  -22.676  20.972 0.1250000000
59119  -49.972  -22.563  20.337 0.1250000000
20891  -1.536  -68.533  34.113 0.1250000000
24614  -2.007  -63.546  36.067 0.2500000000
25315  0.071  -62.670  38.932 0.3750000000
26116  -0.250  -62.010  39.949 0.1250000000
26182  -3.003  -61.505  36.168 0.6250000000
27114  -3.615  -61.032  33.944 0.6250000000
28062  -3.432  -59.611  36.649 0.5000000000
28958  -2.767  -58.619  39.318 0.1250000000
29894  -5.016  -57.096  35.156 0.5000000000
31651  -6.970  -55.251  33.102 0.6250000000
44393  -23.613  -40.597  26.248 0.8750000000
45105  -26.399  -39.512  38.156 0.1250000000
46042  -26.142  -37.786  30.821 0.6250000000
46062  -37.447  -38.360  29.659 0.1250000000
47793  -32.591  -36.549  27.941 0.5000000000
49473  -40.660  -34.733  24.205 0.2500000000
50308  -37.083  -33.074  21.239 0.7500000000
51023  -42.223  -32.008  25.630 0.1250000000
55006  -41.610  -27.566  21.526 0.7500000000
92338  -30.024  -37.351  32.839 0.2500000000
94409  -28.714  -36.567  28.880 0.6250000000
105594  -34.984  -37.398  28.850 0.1250000000
109561  -14.268  -52.021  40.345 0.1250000000
109941  0.332  -60.130  37.480 0.1250000000
110184  -28.027  -36.687  31.442 0.3750000000
110195  -18.582  -53.425  39.795 0.1250000000
