#!ascii label  , from subject sub-v2s9x29157_ses-1 vox2ras=TkReg
2626
40262  -6.202  -47.347  32.187 0.6250000000
40247  -6.657  -46.852  32.850 0.6250000000
40263  -6.826  -46.861  31.809 0.6250000000
41298  -7.383  -46.408  32.237 0.5000000000
40274  -6.490  -47.592  30.632 0.6250000000
123171  -6.953  -47.007  30.938 0.6250000000
41302  -7.413  -46.464  31.318 0.5000000000
41299  -8.002  -45.971  32.601 0.5000000000
40275  -7.077  -47.258  30.110 0.6250000000
41314  -7.478  -46.590  30.427 0.6250000000
41303  -7.956  -45.987  31.715 0.5000000000
40285  -6.685  -47.931  29.791 0.5000000000
42283  -8.456  -45.575  31.246 0.5000000000
42276  -8.602  -45.575  32.927 0.5000000000
41315  -7.920  -46.007  30.839 0.5000000000
42284  -9.094  -45.097  31.622 0.5000000000
42296  -8.366  -45.623  30.514 0.5000000000
43378  -9.436  -44.666  30.874 0.6250000000
125631  -9.169  -44.820  30.070 0.6250000000
43357  -9.694  -44.559  31.589 0.5000000000
44415  -10.752  -43.680  31.819 0.1250000000
122274  -10.243  -44.102  31.011 0.3750000000
43396  -9.511  -44.535  29.510 0.6250000000
117941  -10.277  -43.954  30.127 0.5000000000
133371  -10.915  -43.543  31.107 0.2500000000
43414  -10.371  -43.780  28.670 0.6250000000
124643  -10.068  -44.134  27.986 0.6250000000
127862  -25.533  -39.690  33.462 0.3750000000
46552  -26.745  -41.931  31.783 0.3750000000
47499  -26.689  -41.033  32.050 0.3750000000
47483  -26.018  -39.734  32.950 0.3750000000
44435  -10.772  -43.508  30.388 0.3750000000
46560  -26.886  -41.969  30.810 0.3750000000
48442  -26.479  -40.114  32.208 0.3750000000
49552  -26.343  -38.774  31.800 0.3750000000
44468  -10.965  -43.185  28.921 0.6250000000
119736  -26.587  -43.498  28.315 0.7500000000
45567  -26.833  -42.543  29.343 0.5000000000
46568  -26.782  -41.303  30.163 0.5000000000
118638  -26.620  -40.478  30.375 0.5000000000
134679  -26.269  -38.089  31.964 0.5000000000
132929  -25.953  -34.892  32.653 0.3750000000
44484  -10.685  -43.683  27.836 0.7500000000
47520  -26.583  -40.668  29.508 0.7500000000
48455  -26.423  -39.569  30.560 0.6250000000
129231  -26.215  -38.252  31.196 0.5000000000
51675  -26.013  -36.756  31.068 0.5000000000
137619  -25.912  -35.040  32.360 0.3750000000
116095  -25.661  -35.024  31.206 0.3750000000
54584  -25.687  -33.792  32.132 0.3750000000
43429  -10.825  -43.754  26.886 0.7500000000
44512  -26.550  -43.556  26.990 0.8750000000
45574  -26.815  -42.743  28.191 0.8750000000
115580  -26.821  -41.899  28.499 0.8750000000
47531  -26.583  -40.948  28.562 0.7500000000
48467  -26.163  -39.227  29.695 0.7500000000
50671  -25.995  -37.669  30.487 0.5000000000
50670  -25.776  -36.891  30.281 0.5000000000
124632  -25.531  -34.315  31.496 0.3750000000
45588  -26.814  -42.720  27.138 0.8750000000
136102  -26.760  -41.493  28.059 0.7500000000
48493  -26.072  -40.204  28.042 0.7500000000
49579  -25.878  -38.384  29.621 0.5000000000
51698  -25.420  -36.610  29.764 0.6250000000
52632  -25.601  -35.541  30.675 0.6250000000
53604  -25.251  -35.050  30.378 0.5000000000
53596  -25.129  -34.282  30.751 0.3750000000
45594  -26.735  -42.484  26.301 1.0000000000
49589  -25.533  -38.347  28.788 0.8750000000
50689  -25.151  -37.680  28.456 0.7500000000
52646  -25.240  -35.772  29.904 0.6250000000
52658  -24.921  -36.341  29.255 0.5000000000
131583  -24.679  -34.916  29.542 0.5000000000
45600  -26.557  -42.663  25.523 1.0000000000
47562  -26.107  -41.208  26.051 1.0000000000
127468  -25.438  -39.726  26.936 0.8750000000
49621  -24.970  -38.337  27.153 0.7500000000
50702  -24.897  -37.720  27.585 0.7500000000
51710  -24.664  -36.373  28.444 0.6250000000
52645  -24.616  -35.659  28.978 0.5000000000
123966  -26.427  -41.952  25.760 1.0000000000
46603  -25.868  -41.379  25.318 1.0000000000
47551  -25.739  -40.481  26.464 1.0000000000
128440  -25.013  -38.988  26.675 0.7500000000
135905  -24.759  -37.711  26.871 0.6250000000
51726  -24.516  -36.322  27.505 0.6250000000
128464  -26.421  -42.900  24.768 1.0000000000
46611  -26.194  -42.165  25.032 1.0000000000
121326  -25.462  -40.491  25.578 1.0000000000
48522  -24.931  -39.542  25.382 0.8750000000
50722  -24.786  -38.189  26.375 0.7500000000
46620  -26.008  -42.398  24.192 1.0000000000
47571  -25.095  -40.833  24.259 1.0000000000
49674  -24.718  -38.793  25.239 0.8750000000
48541  -24.647  -39.207  24.581 0.8750000000
135457  -25.346  -41.602  23.664 1.0000000000
48555  -24.631  -40.006  24.032 0.8750000000
48554  -24.488  -39.160  23.685 0.8750000000
44572  -26.690  -43.983  21.996 1.0000000000
45645  -26.322  -43.276  21.802 1.0000000000
133935  -25.228  -41.873  22.776 1.0000000000
47593  -24.456  -40.578  22.805 1.0000000000
125953  -24.352  -39.087  22.875 1.0000000000
44588  -26.798  -43.813  21.238 1.0000000000
45644  -25.635  -42.656  21.526 1.0000000000
46630  -24.640  -41.252  22.378 1.0000000000
117591  -24.203  -40.512  22.074 1.0000000000
48585  -23.936  -39.756  21.764 1.0000000000
123019  -16.424  -45.291  19.570 0.1250000000
120199  -16.839  -44.756  19.211 0.1250000000
45664  -25.587  -42.795  20.740 1.0000000000
45663  -24.791  -42.330  20.311 1.0000000000
46647  -23.774  -40.812  20.478 1.0000000000
120670  -26.183  -44.031  18.563 1.0000000000
44618  -25.520  -43.240  19.051 1.0000000000
46661  -23.963  -41.779  19.257 1.0000000000
46660  -23.756  -41.103  19.816 1.0000000000
41437  -18.625  -46.284  19.510 0.1250000000
41449  -18.969  -46.262  18.800 0.1250000000
122054  -19.718  -47.752  19.335 0.1250000000
138599  -20.083  -48.195  19.343 0.1250000000
43563  -25.770  -45.093  17.449 1.0000000000
44617  -25.347  -43.452  18.313 1.0000000000
115518  -24.537  -42.859  18.145 1.0000000000
121479  -24.271  -46.163  15.304 0.8750000000
42478  -25.263  -45.261  16.781 1.0000000000
43573  -24.842  -44.482  16.128 1.0000000000
44659  -24.235  -43.434  15.887 1.0000000000
39382  -20.810  -48.236  17.390 0.3750000000
118530  -24.015  -46.602  14.959 0.8750000000
123140  -24.694  -45.541  15.135 0.8750000000
115317  -24.934  -45.227  14.634 0.8750000000
43594  -24.759  -44.309  14.364 0.8750000000
39396  -21.807  -48.229  16.275 0.6250000000
39397  -22.575  -48.536  16.076 0.6250000000
44451  -11.305  -42.931  29.817 0.5000000000
44436  -11.363  -43.013  30.767 0.2500000000
43387  -26.378  -44.280  30.627 0.5000000000
136680  -26.571  -43.941  29.625 0.5000000000
44461  -26.761  -43.413  30.024 0.5000000000
136340  -10.807  -43.462  28.406 0.6250000000
43417  -25.921  -44.877  28.777 0.5000000000
43418  -26.431  -44.066  28.867 0.5000000000
44485  -11.455  -43.328  27.496 0.7500000000
44477  -26.670  -43.363  29.045 0.6250000000
53590  -25.786  -34.745  32.002 0.3750000000
44503  -11.603  -43.468  26.629 0.8750000000
43436  -26.333  -44.077  27.922 0.6250000000
132960  -26.176  -44.304  27.208 0.7500000000
54591  -25.207  -33.495  31.098 0.3750000000
44521  -11.724  -43.621  25.879 0.8750000000
43435  -25.811  -44.887  27.750 0.6250000000
42355  -25.415  -45.226  26.402 0.7500000000
42356  -25.946  -44.670  26.012 0.8750000000
53603  -24.767  -34.315  30.009 0.3750000000
44522  -12.293  -43.635  25.373 0.8750000000
42365  -25.561  -45.184  25.467 0.8750000000
120172  -26.273  -44.141  26.491 0.8750000000
119978  -26.555  -43.515  26.153 0.8750000000
46597  -26.782  -41.965  26.917 1.0000000000
54590  -24.780  -33.532  30.032 0.2500000000
43461  -12.127  -43.971  24.592 0.7500000000
41370  -24.626  -46.068  24.039 0.8750000000
41371  -25.373  -45.734  24.173 0.8750000000
130025  -26.471  -44.033  24.834 1.0000000000
125458  -26.673  -43.097  25.875 1.0000000000
128094  -24.387  -34.028  29.339 0.3750000000
53615  -24.282  -34.674  28.555 0.3750000000
43474  -12.670  -43.920  24.015 0.7500000000
121330  -25.258  -46.469  22.755 0.8750000000
42379  -26.250  -44.652  24.186 1.0000000000
44546  -26.492  -43.505  24.680 1.0000000000
50721  -24.652  -37.257  26.144 0.5000000000
52673  -24.408  -35.573  28.023 0.5000000000
43496  -12.953  -44.276  22.435 0.5000000000
42402  -26.087  -45.941  22.670 1.0000000000
43478  -26.471  -44.057  23.897 1.0000000000
121474  -26.341  -43.293  23.770 1.0000000000
51744  -24.468  -36.206  26.462 0.5000000000
44583  -14.589  -43.530  21.351 0.6250000000
44559  -26.578  -44.087  22.863 1.0000000000
50754  -24.737  -37.686  24.566 0.7500000000
50740  -24.761  -37.073  25.133 0.6250000000
43511  -26.990  -44.489  21.493 1.0000000000
45628  -26.330  -43.363  22.649 1.0000000000
50771  -24.762  -37.611  23.699 1.0000000000
43521  -15.148  -44.471  19.989 0.5000000000
128177  -26.876  -45.910  20.808 1.0000000000
123622  -24.450  -38.329  22.453 1.0000000000
49708  -24.573  -38.360  23.267 1.0000000000
43532  -15.827  -44.177  19.579 0.3750000000
43533  -16.531  -43.961  19.212 0.5000000000
43524  -26.960  -45.357  19.864 1.0000000000
119141  -26.969  -44.345  19.803 1.0000000000
44603  -26.526  -43.584  20.374 1.0000000000
49725  -23.826  -39.086  21.213 1.0000000000
118592  -24.097  -39.042  22.097 1.0000000000
135450  -16.240  -44.631  19.416 0.5000000000
124152  -23.590  -46.295  18.697 1.0000000000
41451  -24.220  -46.693  18.922 1.0000000000
41452  -25.069  -46.636  18.367 1.0000000000
43537  -26.736  -44.684  19.068 1.0000000000
128539  -26.374  -43.763  19.409 1.0000000000
123417  -23.601  -40.280  20.125 1.0000000000
47616  -23.704  -40.301  20.801 1.0000000000
42436  -17.191  -45.546  19.566 0.1250000000
42447  -17.623  -45.000  18.915 0.1250000000
42451  -24.157  -46.521  18.130 1.0000000000
43546  -26.281  -45.070  18.213 1.0000000000
118703  -23.615  -41.078  18.894 1.0000000000
42448  -18.432  -45.595  18.762 0.1250000000
40428  -19.698  -47.436  18.460 0.1250000000
40443  -19.829  -47.095  17.548 0.1250000000
40429  -20.214  -47.833  17.872 0.1250000000
42463  -24.060  -46.312  17.209 1.0000000000
132423  -25.432  -45.778  17.254 1.0000000000
47655  -23.184  -40.435  17.435 0.8750000000
116605  -23.438  -41.249  17.955 1.0000000000
123722  -24.833  -46.059  16.795 1.0000000000
46712  -22.853  -40.847  16.073 0.8750000000
46713  -23.094  -41.585  15.959 0.7500000000
40460  -20.830  -47.029  16.259 0.6250000000
40461  -21.521  -47.380  15.929 0.7500000000
40462  -22.236  -47.748  15.713 0.6250000000
41486  -22.637  -46.771  15.447 0.7500000000
42488  -23.195  -46.547  15.486 0.7500000000
46725  -23.098  -41.734  15.082 0.7500000000
44686  -24.016  -42.921  14.165 0.7500000000
44469  -11.282  -43.208  28.274 0.6250000000
43403  -25.776  -45.059  29.797 0.5000000000
42328  -25.261  -45.525  28.382 0.6250000000
42353  -23.666  -45.772  26.546 0.6250000000
42343  -23.307  -46.059  27.343 0.6250000000
42344  -24.310  -45.943  27.415 0.6250000000
42363  -23.154  -45.337  25.869 0.7500000000
134853  -25.203  -45.470  27.372 0.6250000000
133015  -24.877  -45.571  26.689 0.7500000000
42354  -24.379  -45.691  26.268 0.7500000000
42364  -23.885  -45.685  25.629 0.7500000000
116785  -24.425  -45.700  25.450 0.7500000000
44523  -13.184  -43.443  25.594 0.7500000000
42376  -24.097  -45.906  24.701 0.7500000000
133921  -13.304  -43.656  24.217 0.7500000000
42377  -24.984  -45.701  24.907 0.8750000000
41369  -24.056  -46.198  23.756 0.8750000000
54606  -24.301  -33.682  28.525 0.3750000000
132385  -24.173  -34.792  27.676 0.3750000000
43475  -13.290  -43.796  23.362 0.7500000000
41378  -24.539  -46.397  23.224 0.8750000000
41389  -24.577  -46.649  22.408 0.8750000000
53627  -24.091  -34.034  27.812 0.3750000000
44552  -14.306  -43.453  23.261 0.7500000000
44568  -14.476  -43.456  22.215 0.7500000000
41390  -25.691  -46.712  22.030 1.0000000000
52701  -24.444  -35.709  25.553 0.3750000000
116805  -24.145  -35.045  26.257 0.3750000000
52687  -24.225  -35.385  27.135 0.3750000000
44567  -13.705  -43.795  22.405 0.7500000000
41407  -24.973  -46.832  21.479 1.0000000000
42403  -26.702  -45.416  22.175 1.0000000000
51756  -24.625  -36.513  25.607 0.3750000000
44584  -15.229  -43.127  20.926 0.6250000000
41408  -26.045  -46.673  21.121 1.0000000000
42415  -26.526  -46.133  21.705 1.0000000000
131278  -24.726  -37.615  22.843 1.0000000000
44599  -15.519  -43.437  20.070 0.6250000000
44600  -16.254  -42.884  19.868 0.6250000000
41439  -24.421  -46.746  19.822 1.0000000000
41425  -25.263  -46.839  20.500 1.0000000000
44612  -16.125  -43.505  19.584 0.6250000000
41426  -25.519  -46.718  19.569 1.0000000000
49740  -24.004  -38.240  20.798 1.0000000000
49726  -24.241  -38.304  21.646 1.0000000000
44613  -16.696  -43.178  19.375 0.5000000000
42450  -23.125  -45.819  17.948 1.0000000000
41440  -24.913  -46.848  19.108 1.0000000000
49739  -23.663  -38.900  20.277 1.0000000000
43534  -17.159  -44.231  18.858 0.5000000000
43542  -17.834  -44.026  18.481 0.3750000000
48615  -23.556  -39.557  19.737 1.0000000000
41450  -19.357  -46.663  18.217 0.2500000000
42462  -22.874  -45.838  16.822 1.0000000000
48641  -23.336  -39.491  17.766 0.8750000000
47646  -23.448  -40.322  18.353 1.0000000000
41462  -20.183  -46.670  16.758 0.6250000000
40444  -20.444  -47.488  17.006 0.3750000000
42476  -22.427  -45.990  16.062 0.8750000000
47669  -22.810  -40.142  16.160 0.8750000000
41475  -21.404  -46.562  15.863 0.7500000000
41485  -22.143  -46.367  15.737 0.7500000000
46740  -23.286  -41.667  14.149 0.7500000000
115393  -11.709  -42.775  28.976 0.6250000000
44470  -12.193  -42.936  28.155 0.6250000000
44486  -12.276  -43.145  27.237 0.6250000000
123180  -19.554  -43.930  26.526 0.8750000000
44504  -12.518  -43.333  26.323 0.8750000000
116132  -19.515  -43.663  25.880 1.0000000000
44529  -20.110  -43.644  25.511 1.0000000000
43462  -21.454  -44.368  25.792 0.8750000000
43451  -22.245  -44.867  26.035 0.8750000000
44544  -18.667  -43.205  24.804 1.0000000000
120121  -20.518  -43.561  24.851 0.8750000000
44545  -21.413  -43.963  24.891 0.8750000000
137417  -22.013  -44.436  25.297 0.7500000000
43463  -22.730  -44.787  25.205 0.7500000000
129126  -25.586  -32.598  31.522 0.2500000000
44543  -17.761  -43.030  24.639 1.0000000000
116588  -19.579  -43.381  25.015 1.0000000000
42375  -23.488  -45.405  25.004 0.8750000000
117733  -13.851  -43.530  24.012 1.0000000000
45610  -17.568  -42.719  23.699 1.0000000000
45598  -18.552  -42.816  23.874 1.0000000000
44556  -20.098  -43.167  24.161 1.0000000000
119479  -21.070  -43.474  23.971 0.8750000000
43476  -22.252  -44.309  24.628 0.8750000000
43488  -22.494  -44.257  23.846 0.8750000000
123141  -23.666  -45.665  24.154 0.8750000000
55657  -25.172  -32.749  30.412 0.2500000000
44540  -14.541  -43.334  24.296 1.0000000000
135954  -18.860  -42.570  23.030 1.0000000000
136061  -21.853  -43.758  23.423 0.8750000000
125192  -22.564  -44.269  22.992 0.8750000000
133281  -23.797  -45.968  23.496 0.8750000000
55675  -24.729  -32.938  28.428 0.2500000000
44553  -15.213  -43.169  22.833 0.8750000000
44557  -20.429  -43.075  23.315 1.0000000000
44558  -21.182  -43.369  22.988 0.8750000000
43497  -21.886  -43.767  22.558 0.8750000000
42387  -23.685  -45.854  22.876 0.8750000000
41388  -23.956  -46.405  22.471 0.8750000000
54619  -24.397  -33.435  27.877 0.3750000000
42400  -23.148  -45.036  22.538 0.8750000000
42401  -23.604  -45.882  22.122 0.8750000000
51767  -24.709  -36.239  24.905 0.3750000000
53655  -24.211  -34.707  25.429 0.3750000000
45621  -15.799  -42.794  22.198 0.7500000000
125477  -16.177  -42.612  21.792 0.7500000000
42413  -23.038  -45.170  21.687 1.0000000000
42414  -23.569  -45.992  21.291 1.0000000000
41424  -24.258  -46.711  20.887 1.0000000000
131338  -24.721  -35.902  24.240 0.5000000000
52716  -24.446  -35.337  24.758 0.3750000000
45657  -15.958  -42.737  20.596 0.6250000000
45638  -16.584  -42.451  21.284 0.7500000000
119747  -22.957  -45.329  20.818 1.0000000000
122150  -24.880  -36.864  23.233 1.0000000000
45658  -16.788  -42.471  20.338 0.6250000000
42426  -22.921  -45.491  19.930 1.0000000000
42438  -23.521  -46.249  19.472 1.0000000000
50788  -24.611  -37.600  22.045 1.0000000000
132808  -24.838  -36.930  22.424 0.8750000000
45659  -17.669  -42.278  19.884 0.7500000000
45677  -17.393  -42.787  19.210 0.8750000000
50799  -24.396  -37.556  21.252 1.0000000000
119386  -18.222  -42.470  19.168 0.6250000000
43545  -22.316  -44.912  18.502 1.0000000000
42437  -22.951  -45.655  19.014 1.0000000000
44614  -17.218  -43.497  18.909 0.5000000000
45696  -17.939  -43.084  18.668 0.5000000000
43543  -18.497  -44.273  18.121 0.7500000000
43561  -22.168  -45.065  17.517 1.0000000000
49762  -23.498  -38.711  18.462 1.0000000000
126350  -23.577  -38.805  19.386 1.0000000000
124881  -18.220  -44.787  18.415 0.5000000000
42459  -18.804  -44.980  17.887 0.5000000000
42461  -21.829  -45.341  16.642 0.7500000000
49781  -22.882  -38.850  15.978 0.8750000000
49768  -23.366  -38.529  17.550 0.8750000000
48628  -23.523  -39.519  18.819 1.0000000000
41461  -19.557  -46.187  17.320 0.5000000000
41473  -20.091  -45.844  16.638 0.6250000000
42474  -20.644  -45.561  16.403 0.7500000000
42475  -21.403  -45.757  16.104 0.7500000000
48661  -23.118  -39.096  16.865 0.8750000000
41474  -20.698  -46.218  16.208 0.6250000000
44487  -13.129  -43.066  27.121 0.7500000000
44528  -18.817  -43.467  25.607 1.0000000000
44505  -13.522  -43.180  26.440 0.8750000000
115817  -14.093  -43.240  25.843 1.0000000000
44539  -13.794  -43.431  24.857 1.0000000000
44524  -14.743  -43.209  25.252 1.0000000000
128883  -17.577  -43.207  25.233 1.0000000000
44542  -16.276  -43.101  24.903 1.0000000000
44541  -15.405  -43.162  24.649 1.0000000000
44555  -16.891  -42.909  24.301 1.0000000000
115516  -15.173  -43.214  23.745 1.0000000000
44554  -16.005  -42.989  23.951 1.0000000000
45609  -16.724  -42.700  23.391 1.0000000000
45611  -19.543  -42.821  23.449 1.0000000000
133725  -20.001  -42.788  22.767 1.0000000000
45608  -15.972  -42.844  23.043 1.0000000000
128486  -17.394  -42.499  22.800 1.0000000000
45625  -19.407  -42.574  22.536 1.0000000000
44570  -20.568  -43.011  22.499 1.0000000000
43509  -21.861  -43.859  21.684 1.0000000000
45622  -16.578  -42.555  22.331 1.0000000000
135880  -17.907  -42.404  22.438 1.0000000000
45624  -18.552  -42.358  22.139 1.0000000000
45626  -19.967  -42.662  22.067 1.0000000000
44586  -21.200  -43.357  21.232 1.0000000000
43510  -22.416  -44.553  21.246 1.0000000000
54681  -24.743  -33.728  23.618 0.5000000000
54665  -24.539  -33.720  24.420 0.5000000000
53668  -24.337  -34.433  24.622 0.3750000000
45623  -17.520  -42.329  21.862 1.0000000000
45641  -18.928  -42.180  21.180 1.0000000000
45642  -19.804  -42.455  21.125 1.0000000000
44601  -20.550  -42.796  20.714 1.0000000000
43522  -21.791  -43.986  20.798 1.0000000000
53678  -24.589  -34.427  23.296 0.6250000000
118618  -24.428  -35.014  23.890 0.7500000000
45639  -17.504  -42.233  20.828 1.0000000000
45660  -18.362  -42.092  20.511 1.0000000000
45661  -19.215  -42.112  20.336 1.0000000000
45662  -19.958  -42.341  20.127 1.0000000000
44602  -21.153  -43.377  20.307 1.0000000000
43523  -22.368  -44.702  20.360 1.0000000000
52742  -24.716  -35.564  22.120 0.8750000000
51793  -24.840  -36.200  22.725 0.8750000000
119188  -18.648  -42.127  19.717 1.0000000000
44615  -20.514  -42.757  19.812 1.0000000000
43535  -21.729  -44.080  19.876 1.0000000000
130107  -24.448  -36.271  20.536 1.0000000000
52756  -24.630  -36.060  21.291 1.0000000000
45678  -18.960  -42.333  19.119 1.0000000000
132327  -19.657  -42.631  18.718 1.0000000000
128150  -20.432  -43.196  18.431 1.0000000000
44628  -21.099  -43.693  18.409 1.0000000000
43544  -21.684  -44.186  18.945 1.0000000000
43536  -22.344  -44.815  19.458 1.0000000000
51822  -24.308  -35.920  19.804 1.0000000000
50807  -24.174  -37.472  20.442 1.0000000000
45697  -18.765  -42.756  18.644 0.8750000000
44643  -19.860  -43.382  17.880 1.0000000000
129065  -21.582  -44.293  18.003 1.0000000000
135492  -23.553  -37.046  17.963 1.0000000000
51821  -23.978  -36.587  19.341 1.0000000000
50814  -23.912  -37.362  19.643 1.0000000000
44626  -18.570  -43.523  18.275 0.7500000000
44627  -19.231  -43.172  18.206 0.7500000000
44644  -20.682  -43.872  17.640 0.8750000000
43559  -20.613  -44.509  17.040 1.0000000000
43560  -21.314  -44.603  17.168 1.0000000000
124235  -23.598  -36.825  17.113 1.0000000000
50821  -23.487  -37.877  18.205 1.0000000000
49754  -23.605  -38.022  19.083 1.0000000000
43557  -19.181  -43.983  17.738 0.6250000000
42460  -19.490  -44.834  17.310 0.6250000000
43558  -19.983  -44.183  17.284 0.7500000000
50844  -23.378  -37.461  16.482 1.0000000000
135958  -19.287  -45.492  17.519 0.5000000000
42473  -20.169  -45.024  16.783 0.7500000000
131906  -12.904  -43.014  27.769 0.6250000000
44506  -14.359  -43.131  26.705 1.0000000000
53703  -24.994  -34.104  21.991 0.6250000000
54700  -24.805  -33.956  22.811 0.6250000000
123484  -24.713  -34.675  20.378 1.0000000000
53702  -24.734  -34.790  21.310 0.8750000000
53693  -24.725  -34.629  22.421 0.7500000000
123419  -24.507  -34.959  19.772 1.0000000000
53722  -24.671  -34.635  19.034 1.0000000000
52772  -24.353  -35.264  19.213 1.0000000000
52765  -24.521  -35.484  20.527 1.0000000000
138923  -24.075  -35.681  17.611 1.0000000000
51841  -24.065  -35.693  18.167 1.0000000000
51829  -24.111  -35.817  18.943 1.0000000000
51840  -23.808  -36.228  17.728 1.0000000000
136217  -25.185  -33.944  21.287 0.7500000000
115903  -25.648  -33.578  21.732 0.6250000000
53707  -25.129  -34.086  20.598 1.0000000000
54714  -25.913  -33.553  20.888 0.7500000000
118817  -26.772  -33.235  20.853 0.6250000000
53738  -24.757  -34.516  18.312 1.0000000000
53723  -25.026  -34.214  19.693 1.0000000000
54733  -25.688  -33.688  20.017 0.7500000000
53739  -25.219  -34.040  18.726 1.0000000000
52813  -24.504  -35.029  16.742 1.0000000000
52796  -24.447  -35.000  17.612 1.0000000000
53761  -25.342  -34.069  17.680 1.0000000000
53760  -24.914  -34.512  16.918 1.0000000000
54715  -26.516  -33.202  21.533 0.6250000000
54734  -26.519  -33.385  20.174 0.8750000000
54756  -26.227  -33.516  19.416 1.0000000000
53779  -25.656  -34.152  16.461 1.0000000000
54716  -27.462  -32.975  21.293 0.6250000000
54735  -27.466  -33.189  20.353 0.6250000000
54792  -27.123  -33.570  17.934 0.8750000000
53740  -26.170  -33.621  18.071 1.0000000000
54757  -27.112  -33.349  19.489 0.7500000000
115216  -26.538  -33.776  17.144 1.0000000000
53780  -26.615  -34.002  16.307 1.0000000000
131135  -26.982  -34.350  15.138 1.0000000000
116398  -28.093  -33.041  20.800 0.5000000000
54736  -28.252  -33.251  20.272 0.6250000000
118045  -28.884  -33.260  20.713 0.3750000000
54776  -27.764  -33.550  18.691 0.7500000000
54758  -28.025  -33.373  19.612 0.6250000000
54737  -28.808  -33.518  19.874 0.6250000000
53741  -27.958  -33.736  17.875 0.8750000000
54777  -28.727  -33.751  19.053 0.6250000000
138784  -29.478  -33.578  20.145 0.6250000000
53762  -27.659  -33.843  17.223 0.8750000000
53742  -28.688  -33.881  18.182 0.6250000000
53781  -27.409  -34.029  16.492 1.0000000000
53763  -28.553  -34.085  17.387 0.7500000000
53764  -29.450  -34.337  17.633 0.6250000000
115618  -28.051  -34.470  15.936 0.7500000000
53805  -28.940  -34.782  16.052 0.7500000000
122420  -27.767  -34.552  15.174 1.0000000000
52857  -28.486  -34.977  14.500 1.0000000000
53804  -28.662  -34.861  15.315 0.8750000000
52876  -28.425  -35.199  13.490 1.0000000000
53743  -29.563  -34.121  18.518 0.6250000000
53783  -29.206  -34.545  16.808 0.7500000000
52797  -30.149  -34.714  16.980 0.6250000000
52814  -29.863  -35.072  16.155 0.6250000000
115973  -29.328  -35.211  14.045 0.8750000000
52837  -29.258  -35.161  14.787 0.8750000000
52858  -29.953  -35.160  14.707 0.8750000000
52877  -29.368  -35.222  13.165 0.8750000000
53831  -29.781  -35.061  13.808 0.8750000000
52815  -30.662  -35.006  16.323 0.6250000000
52798  -30.997  -34.773  17.202 0.6250000000
52839  -30.352  -35.158  15.552 0.7500000000
52840  -30.947  -35.039  15.808 0.7500000000
53766  -31.669  -34.517  17.239 0.3750000000
53832  -30.251  -34.855  14.418 0.8750000000
53806  -30.600  -34.995  15.130 0.7500000000
129317  -31.250  -34.654  16.079 0.6250000000
53833  -30.691  -34.392  14.858 0.8750000000
54822  -31.079  -33.659  15.300 0.8750000000
131802  -30.335  -34.249  14.312 0.8750000000
55857  -30.146  -32.691  14.126 0.8750000000
53784  -31.550  -34.246  16.654 0.5000000000
55838  -31.459  -32.870  15.860 0.6250000000
55834  -32.338  -32.503  17.037 0.6250000000
128319  -36.414  -29.403  18.649 0.1250000000
55839  -31.990  -32.188  16.354 0.6250000000
55843  -31.055  -32.555  15.117 0.8750000000
56854  -31.557  -31.823  15.602 0.8750000000
56855  -32.121  -31.201  16.071 0.7500000000
57945  -33.436  -30.244  16.669 0.3750000000
58961  -34.741  -29.472  16.582 0.2500000000
138121  -35.229  -29.377  16.847 0.2500000000
55842  -30.597  -32.219  14.495 0.8750000000
56859  -31.120  -31.481  14.789 1.0000000000
57950  -31.731  -30.871  15.319 0.7500000000
57951  -32.384  -30.352  15.665 0.7500000000
57952  -33.125  -29.906  15.945 0.5000000000
58970  -33.747  -29.381  15.420 0.3750000000
58971  -34.680  -29.134  15.757 0.2500000000
56858  -30.182  -31.804  13.915 0.8750000000
56871  -30.733  -30.943  14.061 1.0000000000
57963  -32.159  -29.746  14.241 0.8750000000
125618  -33.584  -29.098  14.610 0.7500000000
58979  -34.357  -28.855  14.961 0.6250000000
57962  -31.278  -30.143  13.796 0.8750000000
58990  -32.686  -29.175  13.606 0.8750000000
58991  -33.418  -28.840  13.868 0.8750000000
59006  -32.414  -28.989  12.805 0.8750000000
60080  -31.519  -28.435  9.336 0.8750000000
58923  -36.876  -29.461  19.485 0.1250000000
129762  -38.384  -28.815  19.792 0.1250000000
133497  -36.718  -29.057  18.042 0.1250000000
58936  -37.162  -29.009  18.587 0.1250000000
115348  -35.732  -29.257  17.174 0.2500000000
58948  -36.564  -28.950  17.373 0.1250000000
58962  -35.460  -29.061  16.350 0.2500000000
58963  -36.322  -28.822  16.613 0.2500000000
58972  -35.408  -28.774  15.659 0.2500000000
58980  -35.036  -28.692  15.213 0.5000000000
60033  -34.646  -28.098  13.851 0.8750000000
60016  -34.994  -28.374  14.560 0.6250000000
122823  -33.147  -28.618  13.117 0.8750000000
60044  -33.556  -28.064  12.580 0.8750000000
59019  -32.142  -28.796  11.918 1.0000000000
60043  -32.857  -28.395  12.296 0.8750000000
60055  -32.642  -28.087  11.311 0.8750000000
60056  -33.279  -27.862  11.860 0.8750000000
123204  -37.667  -29.205  20.092 0.1250000000
58924  -37.724  -28.958  19.225 0.1250000000
135158  -38.415  -28.720  19.010 0.1250000000
58949  -37.399  -28.777  17.671 0.1250000000
58973  -36.102  -28.638  15.871 0.2500000000
59989  -36.942  -28.524  16.104 0.2500000000
60017  -35.767  -28.411  15.134 0.5000000000
60007  -36.674  -28.272  15.423 0.3750000000
130832  -35.708  -28.038  14.520 0.5000000000
60018  -36.395  -27.924  14.744 0.5000000000
60035  -36.103  -27.567  14.036 0.6250000000
60970  -35.021  -27.667  13.467 0.8750000000
60032  -33.951  -28.264  13.391 0.8750000000
60969  -34.551  -27.798  13.260 0.8750000000
60984  -35.022  -27.306  12.668 0.8750000000
115293  -35.689  -27.335  13.285 0.8750000000
60983  -34.251  -27.685  12.660 0.8750000000
134446  -34.561  -27.293  12.040 0.8750000000
60998  -35.185  -26.996  11.665 1.0000000000
115918  -33.565  -27.508  11.014 0.8750000000
60997  -34.467  -27.233  11.297 0.8750000000
61011  -34.386  -27.287  10.454 1.0000000000
61024  -35.168  -27.328  9.960 1.0000000000
60081  -32.930  -27.771  9.411 0.8750000000
58937  -37.995  -28.776  18.378 0.1250000000
58964  -37.147  -28.665  16.841 0.2500000000
59990  -37.861  -28.592  17.009 0.1250000000
61012  -35.121  -27.026  10.834 1.0000000000
121546  -35.714  -27.118  10.520 1.0000000000
58950  -38.322  -28.611  17.573 0.1250000000
120666  -37.735  -28.414  16.378 0.2500000000
60008  -37.503  -28.175  15.694 0.2500000000
60950  -36.940  -27.401  14.181 0.5000000000
60019  -37.232  -27.791  14.986 0.5000000000
125061  -36.667  -26.989  13.207 0.8750000000
115732  -36.025  -26.774  12.202 0.8750000000
133038  -36.983  -26.620  12.235 0.8750000000
116740  -35.883  -26.810  11.164 0.8750000000
61025  -36.070  -27.533  9.937 1.0000000000
60084  -35.679  -27.921  9.318 0.8750000000
60085  -36.463  -28.391  9.462 1.0000000000
60009  -38.286  -28.105  15.982 0.2500000000
59991  -38.556  -28.361  16.774 0.1250000000
60923  -38.057  -27.738  15.290 0.3750000000
60951  -37.891  -27.222  14.353 0.3750000000
120254  -38.730  -27.748  15.597 0.3750000000
60971  -37.431  -26.963  13.596 0.3750000000
115652  -38.785  -26.764  13.977 0.5000000000
60985  -37.567  -26.641  12.751 0.6250000000
60972  -38.168  -26.701  13.362 0.5000000000
60986  -38.412  -26.540  12.386 0.7500000000
61013  -36.466  -27.151  10.558 0.8750000000
60999  -36.894  -26.712  11.323 0.8750000000
121393  -37.794  -26.954  11.093 0.8750000000
61001  -38.622  -26.944  11.409 0.7500000000
61002  -39.544  -27.303  11.508 0.7500000000
61014  -37.353  -27.389  10.555 0.8750000000
61015  -38.247  -27.854  10.644 0.7500000000
60057  -39.100  -27.991  10.926 0.7500000000
60058  -39.776  -28.381  11.208 0.7500000000
60068  -36.902  -27.893  9.977 0.8750000000
60069  -37.644  -28.444  10.161 0.8750000000
125234  -38.208  -28.984  10.300 0.7500000000
60070  -38.780  -28.979  10.577 0.7500000000
60086  -37.196  -29.005  9.677 1.0000000000
59034  -37.870  -29.592  9.909 1.0000000000
59035  -38.475  -29.984  10.221 0.8750000000
58002  -38.114  -30.700  9.715 0.8750000000
115234  -38.742  -27.310  14.890 0.3750000000
60952  -39.499  -26.818  14.480 0.3750000000
60973  -39.038  -26.516  13.035 0.6250000000
60987  -39.304  -26.642  12.174 0.7500000000
61855  -39.993  -26.502  12.928 0.6250000000
60988  -40.151  -26.917  12.050 0.6250000000
61865  -40.808  -26.804  12.620 0.5000000000
61003  -40.201  -27.701  11.569 0.6250000000
59036  -39.233  -30.144  10.629 0.7500000000
60071  -39.375  -29.014  10.862 0.7500000000
58017  -37.783  -31.139  9.190 0.8750000000
58003  -38.774  -31.010  10.041 0.8750000000
59020  -39.891  -29.583  11.120 0.6250000000
60059  -40.445  -28.734  11.469 0.6250000000
60060  -41.202  -29.027  11.700 0.5000000000
57988  -39.970  -30.779  10.949 0.6250000000
58018  -38.455  -31.354  9.423 0.8750000000
58004  -39.506  -31.265  10.369 0.8750000000
56922  -38.754  -31.532  9.211 0.7500000000
56906  -39.133  -31.530  9.738 0.8750000000
59021  -40.649  -30.093  11.381 0.6250000000
59023  -42.183  -30.382  11.923 0.3750000000
134258  -40.544  -31.209  11.095 0.7500000000
59022  -41.476  -30.135  11.666 0.5000000000
56892  -40.241  -31.516  10.591 0.7500000000
56923  -39.457  -31.534  9.531 0.7500000000
56936  -38.315  -31.376  8.831 0.8750000000
56937  -39.046  -31.519  8.948 0.8750000000
56938  -39.850  -31.342  9.251 0.6250000000
58035  -39.334  -30.880  8.668 0.7500000000
59069  -38.604  -29.997  8.083 0.8750000000
117893  -41.231  -26.882  9.304 0.8750000000
62696  -41.756  -25.539  9.399 0.7500000000
62697  -42.690  -25.954  9.729 0.6250000000
62699  -43.928  -24.898  10.154 0.6250000000
61885  -41.011  -26.059  9.206 0.8750000000
56893  -40.941  -31.683  10.859 0.5000000000
56894  -41.848  -31.742  11.177 0.5000000000
57990  -42.488  -31.349  11.683 0.2500000000
56924  -40.255  -31.665  9.835 0.5000000000
56925  -41.080  -31.696  10.165 0.5000000000
56909  -41.430  -31.775  10.672 0.5000000000
58036  -40.236  -30.491  9.034 0.7500000000
59071  -40.528  -29.325  9.044 0.7500000000
59070  -39.556  -29.514  8.527 0.7500000000
60104  -40.812  -28.416  9.174 0.7500000000
60087  -41.566  -28.375  9.414 0.7500000000
60103  -40.069  -28.445  8.750 0.7500000000
61034  -41.046  -27.621  9.262 0.8750000000
61026  -41.822  -27.482  9.465 0.7500000000
61880  -43.410  -26.772  9.996 0.6250000000
61032  -39.701  -27.450  8.551 0.8750000000
61879  -41.864  -26.502  9.478 0.7500000000
62698  -43.649  -25.779  10.098 0.5000000000
62690  -44.597  -25.611  10.386 0.6250000000
56910  -42.317  -31.944  10.926 0.3750000000
56895  -42.837  -31.896  11.327 0.2500000000
134506  -41.558  -31.362  9.979 0.6250000000
58021  -42.242  -31.084  10.119 0.3750000000
132582  -43.881  -31.978  11.300 0.1250000000
56911  -43.199  -32.013  11.100 0.2500000000
58020  -41.724  -30.571  9.689 0.7500000000
58005  -42.721  -31.655  10.654 0.2500000000
59051  -41.105  -30.005  9.357 0.7500000000
59053  -42.481  -30.105  9.874 0.3750000000
59072  -41.203  -29.078  9.333 0.7500000000
59052  -41.913  -29.371  9.568 0.6250000000
117584  -42.642  -29.200  9.835 0.6250000000
60089  -43.179  -28.694  10.002 0.5000000000
60088  -42.443  -28.291  9.680 0.7500000000
61028  -43.246  -27.788  9.938 0.5000000000
61029  -44.086  -27.500  10.234 0.2500000000
61881  -44.227  -26.537  10.284 0.6250000000
61874  -46.049  -26.538  10.619 0.2500000000
58006  -43.740  -31.518  10.761 0.1250000000
56912  -44.533  -31.717  11.274 0.1250000000
59054  -43.183  -29.644  10.091 0.1250000000
58007  -44.664  -30.772  10.733 0.1250000000
58008  -45.326  -31.193  11.255 0.1250000000
59055  -43.863  -29.071  10.218 0.2500000000
59038  -44.750  -29.435  10.453 0.2500000000
59040  -46.273  -29.831  10.965 0.1250000000
59041  -46.999  -29.415  11.166 0.1250000000
60090  -43.751  -28.278  10.158 0.2500000000
132739  -45.170  -28.538  10.450 0.2500000000
61017  -45.967  -28.196  10.559 0.1250000000
61016  -45.028  -27.661  10.377 0.2500000000
127227  -45.771  -27.277  10.517 0.2500000000
61018  -47.735  -27.821  11.085 0.1250000000
120103  -49.811  -27.570  11.802 0.1250000000
61873  -45.109  -26.626  10.445 0.2500000000
61877  -48.609  -26.275  11.206 0.1250000000
61869  -49.566  -26.672  11.476 0.1250000000
62687  -51.199  -26.365  12.143 0.1250000000
62686  -50.381  -26.142  11.643 0.1250000000
39190  -6.033  -48.270  30.282 0.3750000000
42280  -8.546  -45.589  32.080 0.5000000000
39200  -6.884  -48.345  28.913 0.3750000000
40286  -7.245  -47.555  29.300 0.6250000000
42281  -9.046  -45.257  32.450 0.5000000000
42297  -8.832  -45.169  30.712 0.5000000000
122096  -9.775  -44.376  30.183 0.6250000000
43397  -10.012  -44.112  29.451 0.6250000000
44450  -10.591  -43.548  29.554 0.5000000000
43428  -10.166  -44.192  27.206 0.7500000000
45554  -26.859  -42.718  30.449 0.5000000000
135067  -26.340  -39.331  32.252 0.3750000000
116510  -26.644  -40.291  31.285 0.3750000000
51674  -25.996  -36.046  31.521 0.3750000000
49566  -26.161  -38.663  30.407 0.6250000000
51686  -25.736  -36.141  30.639 0.5000000000
48479  -26.214  -39.866  28.956 0.7500000000
49590  -25.862  -39.002  29.044 0.7500000000
50680  -25.548  -37.502  29.472 0.6250000000
47541  -26.534  -41.100  27.645 0.8750000000
47552  -26.380  -41.209  26.846 0.8750000000
48478  -25.678  -39.213  28.244 0.7500000000
121881  -26.550  -41.761  26.374 0.8750000000
47540  -25.948  -40.400  27.259 0.8750000000
131971  -25.661  -39.714  27.581 0.8750000000
48492  -25.309  -39.053  27.424 0.8750000000
125544  -24.973  -36.994  28.950 0.6250000000
51727  -24.741  -37.072  28.004 0.7500000000
48505  -25.194  -39.693  26.163 1.0000000000
121884  -25.418  -40.881  24.896 1.0000000000
46610  -25.653  -41.551  24.567 1.0000000000
49646  -24.816  -38.874  25.899 0.8750000000
122277  -25.013  -40.162  24.791 1.0000000000
49645  -24.718  -38.025  25.470 0.7500000000
45612  -25.852  -42.549  23.233 1.0000000000
49673  -24.671  -38.397  24.800 0.7500000000
49691  -24.619  -38.394  24.095 0.8750000000
45627  -25.748  -42.615  22.329 1.0000000000
47582  -24.744  -40.699  23.519 1.0000000000
47581  -24.414  -39.902  23.250 1.0000000000
44587  -26.250  -43.208  21.139 1.0000000000
46639  -25.018  -41.998  21.970 1.0000000000
47594  -24.838  -41.224  23.045 1.0000000000
48568  -24.189  -39.800  22.493 1.0000000000
43525  -27.119  -44.681  20.686 1.0000000000
45643  -24.878  -42.117  21.134 1.0000000000
46638  -24.371  -41.247  21.518 1.0000000000
47617  -23.930  -40.865  20.980 1.0000000000
45682  -25.524  -43.030  19.910 1.0000000000
46648  -24.208  -41.488  20.604 1.0000000000
45681  -24.678  -42.502  19.435 1.0000000000
115382  -24.215  -41.861  19.904 1.0000000000
45698  -23.834  -42.158  18.074 1.0000000000
45699  -24.227  -42.306  18.730 1.0000000000
46678  -23.763  -41.724  18.609 1.0000000000
41438  -19.235  -46.920  19.255 0.1250000000
44629  -25.792  -44.274  17.818 1.0000000000
43562  -25.319  -44.422  17.084 1.0000000000
138536  -24.828  -42.870  18.754 1.0000000000
44645  -25.006  -43.592  17.567 1.0000000000
44660  -24.653  -43.598  16.748 1.0000000000
45715  -24.111  -42.735  17.316 1.0000000000
41487  -23.289  -46.910  15.157 0.8750000000
123400  -23.847  -46.123  16.115 1.0000000000
42477  -24.701  -45.544  15.904 0.8750000000
43583  -24.805  -44.844  15.220 1.0000000000
131304  -23.960  -42.873  16.464 1.0000000000
44676  -24.508  -43.983  15.203 0.8750000000
40445  -21.102  -47.860  16.573 0.6250000000
44675  -23.916  -43.162  15.027 0.8750000000
135563  -24.337  -43.579  14.490 0.8750000000
39384  -22.238  -48.935  16.783 0.5000000000
45547  -11.882  -42.630  30.468 0.2500000000
42345  -25.844  -44.831  26.888 0.7500000000
126987  -26.381  -44.045  25.667 0.8750000000
43464  -26.532  -43.527  25.426 1.0000000000
42378  -25.769  -45.225  24.596 1.0000000000
44538  -12.908  -43.693  24.789 0.7500000000
41377  -24.052  -46.351  23.052 0.8750000000
41379  -25.329  -46.059  23.456 1.0000000000
42388  -25.977  -45.417  23.707 1.0000000000
42389  -26.488  -44.876  23.071 1.0000000000
44569  -15.162  -43.114  21.811 0.7500000000
44582  -14.028  -43.818  21.691 0.7500000000
43499  -26.818  -44.724  22.133 1.0000000000
42416  -27.003  -45.280  21.505 1.0000000000
120182  -24.835  -36.780  24.193 1.0000000000
42428  -26.303  -46.395  20.130 1.0000000000
42439  -26.381  -45.905  19.094 1.0000000000
41441  -25.604  -46.540  18.900 1.0000000000
133134  -23.736  -39.823  21.170 1.0000000000
48584  -23.628  -39.645  20.566 1.0000000000
42452  -25.970  -46.068  18.404 1.0000000000
47631  -23.571  -40.282  19.276 1.0000000000
42464  -24.914  -46.351  17.584 1.0000000000
42465  -25.741  -45.887  17.788 1.0000000000
42449  -19.048  -45.880  18.082 0.2500000000
39367  -20.639  -48.477  18.275 0.1250000000
46695  -23.152  -41.225  16.886 0.8750000000
48640  -23.014  -39.873  16.881 0.8750000000
45714  -23.545  -41.879  17.383 1.0000000000
46724  -22.833  -41.148  15.412 0.7500000000
45734  -23.547  -42.467  15.675 0.8750000000
45752  -23.521  -42.385  14.667 0.7500000000
40482  -22.737  -47.299  15.376 0.7500000000
40481  -22.061  -46.960  15.570 0.7500000000
45766  -23.741  -42.295  13.920 0.7500000000
129581  -25.084  -42.883  13.008 0.7500000000
41406  -24.069  -46.616  21.806 1.0000000000
53640  -24.109  -34.338  26.964 0.3750000000
45637  -15.783  -42.738  21.412 0.7500000000
45676  -16.925  -42.648  19.710 0.5000000000
132852  -22.893  -39.520  16.313 0.8750000000
45782  -24.373  -42.522  13.367 0.7500000000
46757  -23.905  -41.853  13.419 0.5000000000
44530  -20.748  -43.931  25.613 0.8750000000
120016  -18.068  -43.286  25.380 1.0000000000
43477  -23.057  -44.794  24.397 0.8750000000
45599  -19.296  -43.067  24.276 1.0000000000
136301  -21.832  -43.872  24.155 0.8750000000
118425  -18.142  -42.533  23.015 1.0000000000
42386  -23.268  -45.016  23.482 0.8750000000
134186  -15.579  -43.052  23.418 1.0000000000
43498  -22.488  -44.392  22.114 0.8750000000
42427  -23.563  -46.146  20.376 1.0000000000
51779  -24.811  -36.032  23.541 0.8750000000
51813  -24.472  -36.852  20.883 1.0000000000
138405  -24.799  -36.362  22.051 1.0000000000
50806  -23.807  -38.141  19.936 1.0000000000
43572  -20.964  -45.060  16.569 1.0000000000
49782  -23.208  -38.275  16.681 1.0000000000
132456  -19.673  -45.471  17.039 0.6250000000
115816  -14.960  -43.171  26.193 1.0000000000
115392  -17.082  -43.134  25.101 1.0000000000
123238  -19.352  -42.417  21.807 1.0000000000
44585  -20.559  -42.896  21.639 1.0000000000
44571  -21.213  -43.365  22.114 1.0000000000
45640  -18.177  -42.191  21.289 1.0000000000
132584  -24.446  -34.243  23.970 0.5000000000
52727  -24.658  -35.285  22.979 0.7500000000
45679  -19.428  -42.244  19.543 1.0000000000
44616  -21.013  -43.400  19.272 1.0000000000
45680  -20.017  -42.423  19.421 1.0000000000
124759  -20.347  -42.747  19.083 1.0000000000
50815  -24.270  -36.766  20.120 1.0000000000
50828  -23.427  -37.685  17.330 1.0000000000
121461  -23.660  -37.209  18.821 1.0000000000
51828  -23.806  -36.425  18.520 1.0000000000
118231  -25.163  -33.509  23.077 0.6250000000
52782  -24.370  -35.125  18.540 1.0000000000
54702  -26.228  -33.164  22.294 0.6250000000
54755  -25.571  -33.778  19.323 0.8750000000
54774  -25.878  -33.652  18.757 0.8750000000
54775  -26.703  -33.485  18.720 1.0000000000
53802  -26.341  -34.205  15.652 1.0000000000
53803  -27.200  -34.226  15.799 1.0000000000
122959  -27.329  -34.679  14.315 1.0000000000
53782  -28.307  -34.296  16.647 0.7500000000
52838  -29.547  -35.135  15.412 0.8750000000
52816  -31.218  -34.737  16.672 0.7500000000
53807  -31.064  -34.605  15.497 0.7500000000
54808  -31.415  -33.937  15.987 0.7500000000
54843  -30.556  -33.329  14.599 0.8750000000
54809  -31.865  -33.295  16.674 0.5000000000
57944  -32.751  -30.651  16.399 0.5000000000
58960  -33.960  -29.649  16.237 0.2500000000
131837  -30.653  -31.585  14.318 0.8750000000
57955  -31.489  -30.507  14.557 0.8750000000
131291  -32.074  -30.167  14.995 0.8750000000
57956  -32.824  -29.646  15.050 0.7500000000
58978  -32.961  -29.307  14.255 0.8750000000
58989  -31.889  -29.555  13.325 0.8750000000
57961  -30.645  -30.450  13.407 1.0000000000
58992  -34.147  -28.580  14.216 0.6250000000
59005  -31.634  -29.381  12.453 1.0000000000
61010  -32.848  -27.777  10.332 0.8750000000
127114  -32.225  -28.194  10.553 0.8750000000
115591  -32.224  -28.103  9.776 0.8750000000
60066  -30.877  -28.846  9.806 0.8750000000
59063  -30.951  -29.367  8.231 0.8750000000
60996  -33.933  -27.553  11.919 0.8750000000
61000  -37.732  -26.582  11.806 0.7500000000
59050  -37.461  -30.194  9.448 1.0000000000
59007  -41.914  -29.354  11.956 0.3750000000
57989  -41.167  -31.124  11.363 0.5000000000
133740  -41.807  -30.995  11.609 0.3750000000
56907  -39.851  -31.730  10.059 0.6250000000
56908  -40.619  -31.721  10.346 0.5000000000
116488  -43.156  -25.060  9.828 0.7500000000
56926  -41.864  -31.681  10.476 0.5000000000
58019  -40.848  -31.175  9.571 0.7500000000
61033  -40.421  -27.750  8.961 0.8750000000
61027  -42.599  -27.126  9.684 0.6250000000
58022  -43.064  -30.749  10.247 0.2500000000
60072  -44.439  -28.392  10.307 0.2500000000
137420  -44.611  -27.064  10.336 0.3750000000
59037  -43.900  -30.206  10.341 0.1250000000
59039  -45.499  -30.203  10.812 0.1250000000
60073  -45.679  -29.156  10.624 0.1250000000
60074  -46.395  -28.985  10.766 0.1250000000
60075  -46.979  -28.446  10.854 0.1250000000
121304  -46.702  -27.384  10.699 0.2500000000
133611  -47.525  -27.027  10.916 0.2500000000
61019  -48.549  -27.130  11.248 0.1250000000
61876  -47.779  -26.350  11.004 0.2500000000
115462  -23.503  -42.123  16.630 1.0000000000
43459  -10.608  -44.461  25.356 0.6250000000
42373  -10.361  -45.215  24.565 0.6250000000
43472  -10.915  -44.540  24.649 0.6250000000
132001  -10.979  -44.920  23.974 0.5000000000
43495  -12.378  -44.744  22.437 0.2500000000
43506  -12.718  -44.879  21.763 0.3750000000
54578  -25.788  -33.656  32.766 0.2500000000
43446  -11.016  -43.883  25.990 0.7500000000
43460  -11.392  -44.001  25.138 0.6250000000
43473  -11.520  -44.388  24.317 0.6250000000
127876  -12.089  -44.272  23.962 0.6250000000
43486  -11.651  -44.684  23.588 0.6250000000
43487  -12.395  -44.342  23.228 0.6250000000
43507  -13.429  -44.367  21.571 0.3750000000
43519  -13.695  -44.906  20.824 0.3750000000
43520  -14.424  -44.732  20.426 0.3750000000
43508  -14.086  -44.140  20.997 0.6250000000
39398  -23.379  -48.737  15.935 0.5000000000
42529  -26.807  -45.300  13.480 0.7500000000
121179  -25.913  -44.310  13.275 0.6250000000
44700  -27.272  -43.201  13.395 0.1250000000
45784  -26.532  -42.595  13.172 0.1250000000
136873  -24.550  -33.346  29.147 0.2500000000
55666  -24.944  -32.806  29.413 0.2500000000
44598  -14.769  -43.836  20.580 0.5000000000
39399  -24.201  -48.807  15.892 0.5000000000
39417  -24.616  -48.309  15.318 0.6250000000
40485  -25.094  -47.772  14.811 0.7500000000
40505  -25.662  -47.187  14.392 0.7500000000
42505  -25.586  -45.499  13.809 0.7500000000
42528  -26.115  -45.071  13.474 0.7500000000
43612  -25.203  -44.251  13.635 0.7500000000
121354  -25.022  -42.117  12.871 0.3750000000
45783  -25.823  -41.951  12.986 0.2500000000
43613  -25.564  -44.830  13.619 0.7500000000
44697  -24.681  -43.452  13.652 0.7500000000
135763  -24.418  -41.978  13.063 0.2500000000
133370  -23.892  -40.389  12.949 0.2500000000
47709  -24.786  -40.342  12.833 0.2500000000
44440  -16.233  -44.158  30.612 0.3750000000
132591  -13.859  -43.071  27.133 0.6250000000
115818  -15.134  -43.243  27.086 0.7500000000
121139  -24.123  -34.150  26.059 0.2500000000
48678  -22.711  -39.615  15.639 0.7500000000
49793  -23.071  -38.006  15.857 0.8750000000
39415  -22.985  -48.063  15.513 0.6250000000
39416  -23.786  -48.248  15.366 0.6250000000
40484  -24.252  -47.676  14.902 0.6250000000
41488  -24.710  -46.511  14.578 0.7500000000
47682  -22.676  -40.436  15.299 0.7500000000
47691  -22.742  -40.370  14.376 0.6250000000
47707  -23.141  -40.375  13.635 0.5000000000
138430  -24.369  -39.983  12.770 0.2500000000
48713  -24.736  -39.566  12.648 0.2500000000
44439  -15.642  -43.732  30.874 0.3750000000
44455  -15.532  -43.682  29.784 0.3750000000
118046  -15.159  -43.421  28.906 0.5000000000
44473  -15.843  -43.679  28.883 0.5000000000
44456  -16.311  -44.029  29.627 0.5000000000
116380  -13.739  -43.041  27.877 0.5000000000
44472  -14.547  -43.196  28.414 0.5000000000
115987  -15.325  -43.377  28.054 0.5000000000
115611  -16.171  -43.637  28.122 0.7500000000
44488  -14.511  -43.147  27.552 0.6250000000
44489  -15.856  -43.447  27.379 0.7500000000
44507  -15.708  -43.308  26.578 0.7500000000
44525  -15.700  -43.197  25.652 0.8750000000
115725  -16.242  -43.306  26.242 0.8750000000
132642  -24.316  -33.694  25.915 0.2500000000
40503  -24.030  -47.043  14.801 0.7500000000
49792  -22.840  -38.424  15.200 0.7500000000
50859  -23.053  -37.791  15.174 0.7500000000
50860  -23.338  -37.284  15.630 0.8750000000
40483  -23.473  -47.528  15.138 0.6250000000
127499  -22.690  -39.072  15.217 0.7500000000
129535  -23.092  -38.920  13.544 0.5000000000
48736  -23.683  -38.820  12.855 0.3750000000
48712  -24.044  -39.580  12.727 0.5000000000
48737  -24.504  -38.865  12.465 0.3750000000
44474  -16.583  -43.906  28.832 0.6250000000
44508  -16.347  -43.455  26.878 0.7500000000
44526  -16.599  -43.223  25.688 0.8750000000
52812  -23.893  -36.020  15.934 0.8750000000
51874  -23.641  -36.547  15.349 0.8750000000
49812  -23.331  -38.342  13.332 0.5000000000
50899  -23.949  -37.443  12.743 0.5000000000
115208  -16.988  -43.825  28.046 0.7500000000
44490  -16.462  -43.580  27.523 0.7500000000
115603  -16.988  -43.574  27.169 0.7500000000
42352  -22.781  -45.542  26.677 0.6250000000
116177  -16.864  -43.375  26.410 0.8750000000
55726  -25.418  -32.690  25.650 0.2500000000
55712  -27.155  -32.161  26.094 0.2500000000
123340  -24.921  -33.269  24.166 0.3750000000
55746  -25.792  -32.643  25.009 0.2500000000
137801  -24.956  -34.847  14.680 0.7500000000
52795  -24.001  -35.836  16.898 0.8750000000
52873  -25.019  -35.232  13.024 0.6250000000
53828  -24.534  -35.255  14.617 0.6250000000
52836  -24.301  -35.357  16.054 0.8750000000
52888  -25.257  -35.597  12.386 0.6250000000
52887  -24.650  -35.865  12.751 0.6250000000
42342  -22.442  -45.901  27.419 0.5000000000
44509  -17.583  -43.541  26.665 0.7500000000
41349  -23.613  -46.407  28.192 0.5000000000
116507  -25.917  -33.133  23.006 0.5000000000
54667  -25.642  -32.828  24.334 0.3750000000
52875  -27.170  -34.897  13.408 0.7500000000
53829  -25.547  -34.691  14.314 0.6250000000
53801  -25.419  -34.499  15.349 0.8750000000
126578  -26.760  -35.433  11.994 0.6250000000
52874  -26.374  -34.970  12.839 0.6250000000
53848  -25.579  -34.889  13.384 0.6250000000
52905  -27.828  -35.572  11.694 0.5000000000
51928  -28.376  -36.156  10.475 0.5000000000
51945  -28.794  -36.597  9.826 0.2500000000
116349  -18.195  -43.496  26.144 0.8750000000
43450  -21.527  -44.749  26.462 0.6250000000
128187  -26.304  -34.449  14.758 0.8750000000
52891  -28.805  -35.348  12.445 0.6250000000
52907  -29.106  -35.172  12.139 0.6250000000
52906  -28.495  -35.471  11.328 0.5000000000
53871  -28.844  -34.980  11.335 0.6250000000
52919  -28.671  -35.682  10.410 0.6250000000
44492  -18.347  -43.789  26.973 0.8750000000
43434  -21.203  -44.988  27.121 0.6250000000
44510  -18.935  -43.724  26.403 0.8750000000
44511  -20.133  -43.914  26.166 0.7500000000
52892  -29.408  -35.147  12.586 0.6250000000
53872  -29.337  -35.014  12.301 0.6250000000
123549  -28.749  -35.024  10.095 0.3750000000
53879  -28.556  -34.081  10.383 0.3750000000
53885  -28.685  -34.045  9.551 0.3750000000
123817  -29.461  -35.001  8.992 0.3750000000
125025  -30.454  -33.714  8.488 0.5000000000
54901  -31.316  -33.614  8.365 0.5000000000
54915  -31.923  -33.307  7.782 0.5000000000
53849  -29.665  -34.973  12.997 0.7500000000
54873  -29.404  -34.527  12.539 0.6250000000
122191  -28.690  -33.884  11.276 0.6250000000
54887  -28.392  -33.087  10.563 0.5000000000
54892  -28.455  -33.158  9.756 0.5000000000
53886  -29.052  -34.134  8.953 0.5000000000
55885  -28.588  -32.383  9.337 0.5000000000
54893  -28.760  -33.243  9.093 0.5000000000
131638  -29.610  -33.323  8.628 0.5000000000
54900  -30.623  -33.034  8.339 0.5000000000
56948  -31.242  -31.977  7.522 0.5000000000
55906  -31.892  -32.574  7.263 0.5000000000
54932  -32.502  -33.184  7.137 0.3750000000
53724  -30.418  -34.231  18.943 0.3750000000
53765  -30.538  -34.631  17.936 0.2500000000
54864  -29.697  -34.087  13.237 0.7500000000
53850  -29.970  -34.621  13.770 0.7500000000
54865  -30.047  -33.615  13.939 0.7500000000
54872  -28.834  -33.539  12.045 0.7500000000
55865  -29.119  -33.210  12.769 0.7500000000
133098  -28.379  -32.309  10.767 0.6250000000
55879  -28.291  -32.353  10.000 0.6250000000
55886  -29.126  -32.409  8.761 0.6250000000
124062  -30.054  -32.404  8.434 0.5000000000
56947  -30.501  -31.732  8.115 0.6250000000
59049  -36.758  -29.558  9.194 0.8750000000
134728  -31.535  -31.318  7.248 0.5000000000
56949  -32.036  -31.034  6.933 0.5000000000
58064  -32.727  -30.842  6.723 0.5000000000
59067  -35.421  -29.165  8.258 0.6250000000
59068  -36.365  -29.914  8.553 0.7500000000
58016  -37.106  -30.663  8.915 0.8750000000
126167  -31.934  -31.790  6.953 0.5000000000
56965  -32.482  -31.497  6.730 0.3750000000
56966  -33.147  -31.519  6.555 0.5000000000
123682  -33.915  -30.178  6.886 0.5000000000
58048  -34.646  -30.205  7.058 0.6250000000
58050  -36.253  -31.004  7.466 0.6250000000
58032  -36.737  -30.934  8.244 0.6250000000
58033  -37.489  -31.142  8.672 0.7500000000
54933  -33.246  -33.151  6.733 0.2500000000
123636  -33.919  -31.453  6.527 0.3750000000
56967  -34.573  -31.867  6.512 0.5000000000
56968  -35.387  -31.703  6.591 0.3750000000
56969  -36.305  -31.832  6.426 0.6250000000
56934  -36.951  -31.136  7.809 0.6250000000
55856  -29.631  -32.724  13.498 0.7500000000
55864  -28.732  -32.488  12.159 0.6250000000
123129  -29.141  -32.132  12.820 0.7500000000
56880  -28.904  -31.715  12.200 0.6250000000
56890  -28.585  -31.824  11.412 0.6250000000
56904  -28.456  -31.648  10.450 0.6250000000
57999  -28.704  -30.996  10.010 0.6250000000
56919  -28.534  -31.645  9.642 0.6250000000
56933  -28.876  -31.597  8.990 0.6250000000
121773  -29.667  -31.598  8.570 0.6250000000
58029  -30.233  -30.885  8.247 0.6250000000
58045  -30.955  -31.137  7.671 0.6250000000
58046  -31.498  -30.618  7.371 0.5000000000
60101  -36.047  -28.788  8.882 0.7500000000
123816  -32.187  -30.154  7.142 0.6250000000
58047  -33.069  -30.149  6.861 0.5000000000
59079  -33.422  -29.577  7.235 0.5000000000
59066  -34.465  -28.999  7.841 0.6250000000
56921  -38.089  -31.455  9.031 0.7500000000
56952  -37.401  -31.036  7.909 0.7500000000
56935  -37.689  -31.177  8.651 0.7500000000
56986  -37.137  -31.573  5.738 0.5000000000
56970  -36.709  -31.241  6.481 0.6250000000
56987  -37.944  -31.529  5.298 0.3750000000
119585  -38.755  -31.589  4.995 0.2500000000
117200  -39.699  -31.532  4.819 0.1250000000
56881  -29.504  -31.205  12.620 0.6250000000
56870  -30.113  -31.020  13.373 0.8750000000
56891  -29.073  -31.116  11.769 0.6250000000
57974  -29.639  -30.630  12.034 0.7500000000
57975  -30.222  -30.378  12.656 0.8750000000
57976  -31.025  -29.890  13.005 0.8750000000
58000  -29.201  -30.420  10.408 0.6250000000
57986  -29.403  -30.495  11.292 0.7500000000
57987  -30.042  -30.068  11.710 0.8750000000
59004  -30.803  -29.724  12.125 0.8750000000
133206  -41.385  -26.691  13.060 0.2500000000
60989  -41.556  -27.297  12.534 0.2500000000
59017  -30.560  -29.512  11.228 0.7500000000
59018  -31.369  -29.184  11.581 0.8750000000
60045  -40.915  -27.711  11.906 0.2500000000
58015  -29.165  -30.438  9.574 0.6250000000
59032  -30.331  -29.384  10.312 0.7500000000
60054  -31.829  -28.585  11.062 0.7500000000
58028  -29.402  -30.715  8.846 0.6250000000
131561  -30.279  -29.406  8.817 0.7500000000
60079  -30.785  -28.846  8.964 0.7500000000
61022  -33.638  -27.505  9.961 0.7500000000
60096  -31.598  -28.624  8.515 0.7500000000
60082  -33.817  -27.699  8.995 0.7500000000
59078  -31.471  -29.866  7.621 0.6250000000
59064  -31.989  -29.186  7.703 0.7500000000
60097  -32.484  -28.460  8.223 0.7500000000
60098  -33.557  -28.434  8.164 0.7500000000
60099  -34.590  -28.309  8.489 0.7500000000
60110  -32.928  -28.988  7.626 0.6250000000
131266  -37.147  -31.005  5.850 0.5000000000
58051  -37.268  -30.358  6.658 0.6250000000
58082  -37.639  -30.717  5.528 0.3750000000
58083  -38.220  -30.082  5.206 0.5000000000
131480  -38.313  -30.866  5.072 0.2500000000
116195  -38.954  -30.904  4.800 0.2500000000
61840  -40.218  -26.503  13.923 0.3750000000
60974  -42.170  -26.921  13.144 0.2500000000
60046  -41.717  -28.296  12.098 0.2500000000
58052  -37.780  -30.203  7.535 0.7500000000
58067  -37.291  -30.431  6.007 0.5000000000
59094  -37.605  -29.557  6.109 0.6250000000
59109  -37.699  -29.937  5.716 0.3750000000
59111  -38.794  -29.318  5.052 0.5000000000
58084  -38.929  -30.215  4.808 0.3750000000
115212  -43.076  -28.870  4.766 0.2500000000
61920  -42.858  -26.664  5.064 0.1250000000
62744  -43.325  -25.899  5.092 0.1250000000
122131  -42.981  -25.471  4.705 0.1250000000
63560  -43.062  -24.175  3.540 0.2500000000
62760  -43.753  -24.801  3.713 0.1250000000
132578  -43.778  -24.190  3.240 0.2500000000
59083  -38.110  -29.001  7.410 0.7500000000
59082  -37.649  -29.230  6.736 0.7500000000
60111  -37.935  -28.181  6.952 0.5000000000
59110  -38.008  -29.289  5.630 0.5000000000
60137  -39.106  -28.399  5.230 0.5000000000
59112  -39.779  -29.000  4.755 0.3750000000
60138  -40.056  -28.196  4.918 0.5000000000
60139  -40.997  -28.044  4.762 0.3750000000
59133  -41.624  -28.662  4.610 0.2500000000
115418  -41.872  -27.946  4.754 0.2500000000
61066  -42.127  -27.226  4.913 0.2500000000
62743  -42.535  -25.818  4.948 0.2500000000
62750  -42.301  -25.095  4.562 0.2500000000
63555  -42.952  -24.926  4.118 0.1250000000
64420  -42.525  -23.314  3.585 0.3750000000
64421  -43.451  -23.361  3.156 0.2500000000
64430  -44.072  -23.019  2.811 0.2500000000
59084  -38.691  -28.887  7.990 0.7500000000
60136  -38.387  -28.642  5.599 0.5000000000
128227  -38.562  -27.797  5.870 0.5000000000
61063  -39.421  -27.588  5.362 0.3750000000
120491  -39.725  -26.908  5.386 0.3750000000
61064  -40.343  -27.414  5.065 0.3750000000
61918  -40.521  -26.474  5.182 0.3750000000
61919  -41.744  -26.362  5.020 0.3750000000
120464  -40.972  -25.715  5.064 0.3750000000
62742  -41.676  -25.432  4.840 0.3750000000
62749  -41.600  -24.683  4.571 0.3750000000
63554  -42.120  -24.203  3.990 0.3750000000
66387  -42.857  -21.659  3.822 0.3750000000
67373  -43.448  -20.912  4.174 0.5000000000
67374  -44.237  -20.650  3.625 0.3750000000
65334  -43.001  -22.497  3.399 0.3750000000
128561  -43.568  -21.871  3.191 0.3750000000
66389  -44.170  -21.307  3.019 0.3750000000
67383  -45.418  -20.487  2.758 0.3750000000
127929  -45.306  -21.924  2.405 0.2500000000
66398  -45.458  -21.090  2.384 0.2500000000
66399  -46.184  -21.169  1.892 0.2500000000
66405  -46.887  -21.290  1.528 0.1250000000
60112  -38.413  -28.021  7.584 0.7500000000
60102  -39.149  -28.197  8.260 0.7500000000
131026  -38.332  -27.203  7.123 0.6250000000
131258  -38.597  -26.481  6.819 0.6250000000
61045  -38.598  -27.036  6.424 0.6250000000
61916  -39.072  -26.928  5.845 0.6250000000
61917  -39.526  -26.198  5.626 0.3750000000
68319  -47.641  -19.218  8.319 0.5000000000
69286  -49.320  -18.320  8.431 0.1250000000
69272  -50.377  -18.250  9.467 0.1250000000
70283  -50.910  -17.807  8.977 0.1250000000
62741  -40.120  -25.501  5.373 0.3750000000
68330  -47.225  -18.810  6.950 0.6250000000
69284  -47.790  -18.744  7.596 0.2500000000
69297  -48.501  -18.390  7.339 0.2500000000
69287  -50.130  -18.031  8.655 0.1250000000
70301  -50.761  -17.729  8.102 0.1250000000
63545  -40.788  -24.786  4.969 0.3750000000
63553  -41.271  -23.950  4.498 0.3750000000
64411  -41.034  -23.177  4.631 0.5000000000
68341  -46.321  -19.066  5.614 0.7500000000
68337  -47.020  -18.747  6.032 0.7500000000
129295  -47.916  -18.496  6.965 0.5000000000
69298  -49.084  -18.235  7.735 0.2500000000
126825  -49.922  -17.912  7.717 0.3750000000
65333  -42.158  -22.468  3.842 0.3750000000
67367  -44.695  -20.064  4.150 0.5000000000
117126  -46.054  -19.210  4.772 0.6250000000
69315  -46.593  -18.920  4.885 0.7500000000
69310  -47.568  -18.488  5.399 0.7500000000
69305  -48.509  -18.246  6.545 0.3750000000
118644  -49.105  -17.967  6.142 0.3750000000
69306  -49.326  -18.036  6.916 0.3750000000
67382  -44.808  -20.810  2.902 0.3750000000
67376  -45.738  -20.035  2.944 0.5000000000
121189  -46.606  -19.301  3.410 0.6250000000
69321  -47.713  -18.553  3.925 0.7500000000
69311  -48.455  -18.157  5.631 0.5000000000
67384  -46.105  -20.401  2.307 0.2500000000
68357  -46.694  -19.869  2.316 0.3750000000
120957  -47.105  -19.319  2.785 0.6250000000
63493  -45.514  -24.495  10.458 0.3750000000
63494  -46.483  -24.378  10.603 0.2500000000
63492  -44.716  -24.679  10.340 0.3750000000
63503  -45.000  -23.924  10.244 0.5000000000
64361  -45.801  -23.736  10.335 0.3750000000
64363  -47.432  -23.050  10.522 0.2500000000
65281  -47.534  -22.297  10.364 0.1250000000
61039  -38.871  -27.206  7.886 0.7500000000
63501  -43.475  -24.308  9.738 0.6250000000
63502  -44.231  -24.089  10.012 0.5000000000
64370  -45.313  -23.296  10.025 0.3750000000
65287  -46.747  -22.567  10.190 0.2500000000
66332  -47.797  -21.572  10.248 0.2500000000
61889  -38.827  -26.313  7.432 0.7500000000
135561  -42.864  -24.491  9.551 0.7500000000
64369  -44.658  -23.352  9.777 0.5000000000
119441  -46.049  -22.146  9.670 0.3750000000
117311  -46.891  -21.675  9.836 0.2500000000
67329  -48.824  -20.663  10.404 0.1250000000
71172  -54.332  -16.729  12.755 0.1250000000
61888  -38.768  -25.922  6.826 0.7500000000
63500  -42.334  -24.263  9.255 0.7500000000
64367  -42.971  -23.860  9.348 0.7500000000
65285  -44.400  -22.796  9.346 0.7500000000
66336  -46.692  -20.861  9.235 0.6250000000
127514  -47.787  -20.415  9.621 0.2500000000
67334  -48.358  -20.167  9.826 0.1250000000
68301  -49.755  -19.538  10.342 0.1250000000
70253  -54.476  -17.753  12.326 0.1250000000
71184  -54.761  -17.133  12.173 0.1250000000
71173  -54.842  -16.222  12.023 0.1250000000
61895  -38.956  -26.168  6.271 0.6250000000
62721  -39.079  -25.405  6.508 0.5000000000
64376  -42.347  -23.517  8.785 0.7500000000
64377  -43.134  -23.212  8.994 0.7500000000
65293  -43.747  -22.590  8.841 0.7500000000
65294  -44.595  -22.133  8.946 0.7500000000
66345  -45.564  -21.068  8.639 0.7500000000
136426  -46.135  -20.778  8.784 0.6250000000
67333  -47.232  -20.314  9.162 0.5000000000
68311  -48.587  -19.446  9.418 0.1250000000
69259  -50.688  -18.605  10.258 0.1250000000
70260  -52.031  -17.837  10.284 0.1250000000
69261  -52.551  -18.259  11.176 0.1250000000
70262  -54.322  -17.470  11.472 0.1250000000
116989  -53.820  -17.171  10.403 0.1250000000
70254  -54.857  -16.877  10.990 0.1250000000
63532  -39.399  -24.823  6.225 0.3750000000
136019  -43.424  -22.227  8.352 0.7500000000
66343  -43.932  -21.768  8.269 0.7500000000
66344  -44.833  -21.401  8.464 0.7500000000
67341  -47.215  -19.786  8.656 0.6250000000
68320  -48.265  -19.160  8.797 0.2500000000
69271  -49.613  -18.485  9.202 0.1250000000
69273  -51.139  -18.013  9.845 0.1250000000
121202  -51.724  -17.608  9.359 0.1250000000
70270  -52.679  -17.396  9.840 0.1250000000
71191  -55.386  -16.236  10.470 0.1250000000
63544  -39.924  -24.538  5.622 0.5000000000
63552  -40.558  -23.812  5.060 0.5000000000
65303  -43.091  -21.948  7.865 0.7500000000
67346  -43.910  -20.718  6.923 0.7500000000
67347  -45.520  -20.146  7.535 0.7500000000
68329  -46.643  -19.325  7.383 0.6250000000
70285  -52.389  -17.272  8.828 0.1250000000
64404  -40.617  -23.043  5.254 0.5000000000
65323  -41.030  -22.631  4.918 0.5000000000
66363  -41.607  -21.943  5.870 0.5000000000
66365  -43.124  -21.099  6.557 0.7500000000
67355  -44.433  -20.246  6.422 0.7500000000
68336  -45.723  -19.447  6.256 0.7500000000
127667  -46.464  -19.140  6.571 0.6250000000
69313  -49.889  -17.749  6.100 0.3750000000
69307  -50.150  -17.761  6.870 0.3750000000
70316  -50.746  -17.648  7.277 0.3750000000
66372  -41.486  -22.116  5.041 0.5000000000
66374  -42.880  -21.054  5.648 0.5000000000
67359  -43.617  -20.595  6.035 0.6250000000
68335  -44.969  -19.804  5.911 0.7500000000
68340  -45.541  -19.453  5.336 0.6250000000
69318  -49.525  -17.812  4.797 0.5000000000
69312  -49.303  -17.870  5.499 0.3750000000
68359  -47.909  -19.083  2.332 0.6250000000
68352  -47.780  -18.752  3.186 0.7500000000
69317  -48.150  -18.296  4.619 0.6250000000
68358  -47.323  -19.764  1.841 0.5000000000
68346  -47.140  -18.892  3.655 0.7500000000
68370  -47.792  -20.053  1.025 0.3750000000
67407  -48.231  -20.407  0.439 0.2500000000
119459  -45.232  -25.130  10.501 0.3750000000
117058  -42.400  -24.977  9.539 0.6250000000
61883  -39.438  -26.481  8.279 0.7500000000
62702  -40.094  -25.691  8.591 0.7500000000
62701  -39.315  -25.736  7.900 0.7500000000
131525  -40.344  -24.871  8.436 0.7500000000
62703  -40.938  -25.170  9.019 0.7500000000
63499  -41.697  -24.711  9.171 0.7500000000
62706  -39.032  -25.471  7.211 0.7500000000
62707  -39.606  -24.965  7.788 0.7500000000
64375  -41.502  -23.641  8.368 0.7500000000
63517  -39.305  -24.795  6.879 0.7500000000
63518  -39.730  -24.322  7.233 0.7500000000
64386  -40.263  -23.655  7.254 0.7500000000
131751  -41.080  -23.217  7.673 0.7500000000
65292  -42.840  -22.654  8.379 0.7500000000
72120  -55.153  -15.746  11.375 0.1250000000
63533  -39.726  -24.105  6.443 0.5000000000
64388  -41.888  -22.924  8.065 0.7500000000
65302  -42.303  -22.272  7.584 0.7500000000
70271  -53.421  -16.991  9.382 0.1250000000
71205  -55.366  -16.182  9.585 0.1250000000
71192  -55.899  -15.631  9.913 0.1250000000
72138  -55.573  -15.594  10.610 0.1250000000
65308  -40.556  -22.931  6.026 0.5000000000
66355  -43.486  -21.332  7.417 0.7500000000
70302  -51.322  -17.530  7.686 0.1250000000
70303  -52.132  -17.274  7.742 0.1250000000
70286  -53.147  -16.932  8.342 0.1250000000
71224  -54.245  -16.609  8.961 0.1250000000
65317  -41.004  -22.480  5.548 0.5000000000
65309  -41.142  -22.427  6.394 0.5000000000
65310  -41.886  -21.998  6.755 0.5000000000
66354  -42.668  -21.630  7.092 0.7500000000
118567  -49.920  -17.724  5.348 0.3750000000
70321  -50.796  -17.562  6.375 0.3750000000
68371  -48.112  -19.399  1.471 0.5000000000
61884  -40.394  -26.821  8.951 0.7500000000
69334  -48.618  -18.788  1.955 0.6250000000
67418  -48.574  -19.998  -0.198 0.2500000000
69342  -48.634  -19.009  1.204 0.5000000000
43595  -25.159  -44.970  14.026 0.7500000000
46739  -22.835  -41.082  14.703 0.6250000000
117349  -24.300  -33.637  27.302 0.2500000000
54682  -25.435  -33.145  23.626 0.5000000000
54666  -24.907  -33.069  24.930 0.2500000000
54651  -24.323  -33.801  25.300 0.2500000000
51857  -23.632  -36.665  16.237 0.8750000000
54701  -25.390  -33.564  22.462 0.5000000000
53778  -24.838  -34.641  16.149 0.8750000000
54703  -27.111  -32.848  22.137 0.5000000000
56869  -29.658  -31.729  13.294 0.7500000000
59033  -31.082  -28.974  10.707 0.7500000000
61023  -34.374  -27.468  9.682 0.8750000000
60100  -35.335  -28.292  8.780 0.7500000000
58034  -38.384  -31.038  8.472 0.6250000000
42489  -24.677  -45.991  14.782 0.7500000000
44698  -25.524  -43.537  13.150 0.6250000000
47708  -23.526  -41.139  13.453 0.3750000000
59048  -30.211  -29.336  9.427 0.7500000000
58030  -30.844  -30.281  7.884 0.7500000000
43445  -10.347  -44.333  26.272 0.6250000000
38351  -23.857  -49.221  16.538 0.3750000000
40504  -24.820  -47.110  14.525 0.7500000000
42504  -25.093  -45.771  14.285 0.7500000000
41500  -25.486  -46.378  14.130 0.7500000000
46758  -24.353  -41.333  12.983 0.2500000000
48694  -22.617  -39.659  14.802 0.7500000000
48710  -22.770  -39.538  13.954 0.5000000000
136565  -22.791  -38.898  13.963 0.6250000000
48711  -23.393  -39.635  13.249 0.5000000000
49803  -22.728  -38.846  14.485 0.6250000000
49811  -22.978  -38.315  13.911 0.6250000000
50886  -23.169  -37.619  14.085 0.5000000000
52835  -24.088  -35.734  15.126 0.8750000000
49822  -25.041  -38.166  11.911 0.3750000000
44527  -17.425  -43.305  25.808 0.8750000000
53800  -24.643  -34.982  15.338 0.8750000000
53847  -24.852  -35.075  13.894 0.6250000000
53861  -25.598  -35.144  12.735 0.6250000000
52872  -24.539  -35.573  13.409 0.6250000000
42351  -21.959  -45.263  26.886 0.5000000000
52890  -27.638  -35.235  12.634 0.7500000000
53830  -26.355  -34.689  13.828 0.6250000000
52889  -25.915  -35.404  12.190 0.6250000000
51927  -27.656  -36.245  10.793 0.5000000000
54881  -29.073  -34.527  11.933 0.6250000000
137505  -29.507  -35.045  12.595 0.6250000000
52930  -29.156  -35.687  9.583 0.2500000000
132388  -28.992  -34.771  9.419 0.2500000000
52931  -29.795  -35.842  9.026 0.2500000000
55905  -31.301  -32.818  7.924 0.5000000000
55872  -28.514  -32.824  11.405 0.5000000000
53894  -29.877  -34.290  8.649 0.5000000000
56905  -28.784  -31.029  10.889 0.6250000000
118593  -32.698  -29.590  7.279 0.7500000000
58031  -35.917  -30.358  7.871 0.6250000000
59081  -35.042  -29.770  7.525 0.6250000000
58065  -33.553  -30.809  6.624 0.3750000000
58066  -34.593  -30.957  6.669 0.5000000000
59080  -34.220  -29.601  7.333 0.5000000000
58049  -35.402  -30.693  7.123 0.6250000000
56950  -35.847  -31.359  6.847 0.6250000000
55926  -34.527  -32.573  6.479 0.3750000000
136498  -35.320  -31.176  6.771 0.3750000000
120544  -35.899  -32.287  6.383 0.5000000000
56951  -36.316  -31.207  6.875 0.6250000000
59062  -30.143  -30.007  8.483 0.7500000000
55943  -37.558  -32.326  5.494 0.3750000000
55944  -38.446  -32.335  5.258 0.2500000000
58001  -29.815  -29.898  10.814 0.7500000000
59031  -29.660  -29.849  9.887 0.7500000000
59047  -29.683  -29.863  9.097 0.7500000000
117162  -32.955  -27.987  8.718 0.7500000000
60083  -34.834  -27.710  9.146 0.8750000000
138488  -38.589  -30.512  4.943 0.2500000000
57004  -39.638  -30.670  4.659 0.2500000000
59130  -39.662  -29.850  4.647 0.3750000000
124922  -42.808  -27.818  4.835 0.1250000000
61921  -43.650  -26.418  5.214 0.1250000000
118814  -38.221  -27.722  6.525 0.5000000000
60122  -37.960  -28.579  6.241 0.5000000000
59131  -40.575  -29.598  4.564 0.3750000000
61065  -41.282  -27.253  4.935 0.3750000000
65341  -43.665  -22.558  3.003 0.2500000000
64412  -41.696  -23.264  4.064 0.3750000000
65324  -41.507  -22.551  4.427 0.3750000000
66380  -42.057  -21.861  4.440 0.5000000000
67365  -43.466  -20.684  5.088 0.5000000000
66388  -43.614  -21.247  3.524 0.3750000000
67366  -44.112  -20.363  4.565 0.5000000000
66397  -44.795  -21.418  2.670 0.3750000000
67375  -45.137  -20.142  3.425 0.6250000000
67396  -46.598  -20.725  1.774 0.2500000000
66418  -47.543  -21.309  1.101 0.1250000000
67385  -46.767  -20.251  1.903 0.2500000000
67397  -47.198  -20.555  1.386 0.2500000000
69270  -48.878  -18.791  8.968 0.1250000000
69285  -48.457  -18.651  8.193 0.2500000000
133763  -47.221  -19.116  7.677 0.6250000000
116441  -47.762  -18.453  6.263 0.7500000000
66381  -42.766  -21.235  4.713 0.5000000000
67360  -44.203  -20.215  5.502 0.5000000000
68339  -44.799  -19.860  4.971 0.6250000000
68344  -45.418  -19.596  4.342 0.6250000000
137465  -45.967  -19.333  4.217 0.7500000000
68345  -46.486  -19.073  4.148 0.7500000000
69316  -47.215  -18.675  4.555 0.7500000000
68350  -45.933  -19.575  3.600 0.7500000000
68351  -46.331  -19.718  2.864 0.5000000000
117084  -47.410  -23.874  10.724 0.2500000000
64362  -46.639  -23.414  10.418 0.2500000000
64371  -45.952  -22.933  10.085 0.5000000000
64368  -43.792  -23.446  9.467 0.7500000000
65286  -45.196  -22.613  9.566 0.6250000000
66337  -47.405  -20.950  9.736 0.3750000000
66338  -48.110  -20.863  10.137 0.1250000000
68300  -49.047  -19.873  10.109 0.1250000000
63507  -41.047  -24.357  8.585 0.7500000000
65295  -45.372  -21.752  9.118 0.7500000000
66335  -46.093  -21.359  9.226 0.7500000000
138843  -50.359  -19.215  10.512 0.1250000000
70261  -53.145  -17.690  10.832 0.1250000000
116094  -54.786  -17.144  11.753 0.1250000000
71185  -55.115  -16.446  11.354 0.1250000000
66356  -44.354  -21.055  7.718 0.7500000000
67340  -46.582  -20.212  8.572 0.6250000000
134538  -45.849  -20.449  8.227 0.7500000000
68310  -47.839  -19.751  9.133 0.5000000000
68312  -49.278  -19.111  9.663 0.1250000000
69258  -49.967  -18.814  9.912 0.1250000000
66357  -45.141  -20.733  7.988 0.7500000000
68318  -46.890  -19.549  8.094 0.6250000000
67348  -46.220  -19.855  7.829 0.6250000000
70284  -51.519  -17.523  8.423 0.1250000000
71204  -54.555  -16.681  9.983 0.1250000000
64396  -40.231  -23.414  6.452 0.5000000000
116066  -44.746  -20.419  7.253 0.7500000000
68328  -45.937  -19.585  7.092 0.7500000000
67356  -45.198  -19.881  6.786 0.7500000000
66364  -42.352  -21.489  6.217 0.6250000000
66373  -42.154  -21.561  5.305 0.5000000000
137218  -48.862  -18.004  4.952 0.5000000000
69322  -48.370  -18.359  3.685 0.6250000000
64374  -40.817  -23.808  8.009 0.7500000000
73063  -55.078  -15.078  11.043 0.1250000000
64387  -41.450  -22.567  7.259 0.6250000000
64397  -40.667  -22.928  6.878 0.6250000000
73074  -54.680  -14.620  10.536 0.1250000000
39144  -2.957  -49.042  34.680 0.1250000000
39145  -3.786  -48.647  34.854 0.2500000000
40245  -2.461  -48.191  34.176 0.2500000000
118347  -3.686  -49.493  35.215 0.2500000000
38093  -4.356  -49.926  35.439 0.2500000000
39154  -2.345  -48.880  34.180 0.1250000000
38099  -4.724  -49.840  34.116 0.2500000000
40254  -1.129  -48.161  32.730 0.1250000000
121506  -3.089  -48.203  34.559 0.3750000000
116109  -4.370  -49.235  35.022 0.2500000000
133435  -4.584  -49.309  34.568 0.2500000000
40243  -0.859  -47.015  33.018 0.3750000000
39163  -4.493  -48.928  33.594 0.2500000000
40236  -3.561  -47.699  34.612 0.3750000000
40237  -4.249  -47.925  34.613 0.3750000000
40235  -2.707  -47.245  34.223 0.3750000000
41294  -2.111  -46.384  33.706 0.3750000000
39146  -4.383  -48.470  34.581 0.2500000000
40244  -1.878  -47.201  33.664 0.3750000000
41293  -1.389  -46.169  33.380 0.3750000000
39155  -4.523  -48.672  34.393 0.2500000000
39176  -4.509  -48.938  32.395 0.2500000000
38121  -4.359  -49.496  31.946 0.2500000000
38122  -4.666  -49.099  31.402 0.2500000000
38148  -5.287  -50.102  29.760 0.2500000000
38136  -4.928  -49.505  30.488 0.2500000000
38149  -5.902  -49.875  29.273 0.2500000000
38161  -6.377  -49.282  28.930 0.2500000000
38162  -6.854  -49.889  28.210 0.1250000000
127044  -8.921  -49.003  25.041 0.1250000000
129734  -3.309  -46.898  34.468 0.3750000000
41289  -3.964  -46.907  34.742 0.3750000000
41287  -2.746  -46.096  34.034 0.3750000000
132416  -4.635  -47.834  34.433 0.3750000000
42275  -1.895  -45.440  33.436 0.3750000000
39164  -4.870  -48.204  33.616 0.2500000000
39177  -5.034  -48.431  31.895 0.3750000000
39189  -5.310  -48.671  30.812 0.2500000000
119626  -6.993  -49.017  28.206 0.1250000000
39222  -7.499  -48.742  27.494 0.2500000000
39244  -8.167  -48.225  26.429 0.1250000000
39263  -8.529  -48.263  25.568 0.1250000000
39280  -8.935  -48.085  24.742 0.1250000000
41288  -3.482  -46.336  34.516 0.2500000000
42268  -2.629  -45.107  33.721 0.2500000000
42270  -4.030  -46.063  34.744 0.2500000000
40238  -5.122  -47.373  34.377 0.3750000000
39147  -4.937  -48.032  34.143 0.3750000000
138871  -5.448  -47.438  34.092 0.5000000000
40246  -5.433  -47.640  33.635 0.3750000000
39178  -5.817  -47.871  31.379 0.5000000000
131322  -6.309  -48.586  29.508 0.2500000000
40297  -7.460  -47.741  28.526 0.3750000000
39223  -7.846  -48.218  27.099 0.2500000000
40329  -8.420  -47.613  26.186 0.1250000000
40342  -8.730  -47.422  25.515 0.2500000000
40357  -9.431  -47.616  24.130 0.1250000000
41367  -9.535  -46.699  24.334 0.1250000000
39298  -10.013  -48.044  23.628 0.1250000000
127588  -10.943  -48.383  23.429 0.1250000000
39299  -11.740  -48.208  23.100 0.1250000000
134311  -12.267  -47.988  22.804 0.1250000000
134246  -10.491  -46.898  22.928 0.1250000000
129730  -11.211  -47.896  22.900 0.1250000000
40384  -11.149  -47.181  22.590 0.1250000000
41387  -12.033  -47.046  22.053 0.1250000000
138681  -5.239  -45.309  35.205 0.1250000000
42263  -5.982  -45.428  35.449 0.1250000000
41285  -6.215  -46.197  35.122 0.2500000000
43332  -4.610  -44.690  35.088 0.1250000000
42262  -4.677  -45.657  34.928 0.2500000000
41284  -5.450  -46.044  35.023 0.2500000000
123907  -5.500  -46.745  34.658 0.2500000000
41286  -6.905  -46.191  35.185 0.3750000000
44459  -22.571  -43.461  29.388 0.1250000000
45566  -23.262  -42.550  29.029 0.1250000000
43340  -3.898  -45.095  34.724 0.2500000000
123831  -6.303  -46.556  34.705 0.2500000000
41295  -6.570  -46.731  34.264 0.5000000000
45565  -23.107  -43.150  29.242 0.1250000000
43339  -3.233  -44.603  34.218 0.2500000000
40239  -5.833  -47.042  34.333 0.5000000000
119979  -6.140  -47.160  33.780 0.5000000000
42269  -3.296  -45.544  34.359 0.2500000000
40255  -5.968  -47.371  33.045 0.5000000000
41333  -7.627  -47.152  28.874 0.3750000000
40298  -7.909  -47.100  28.087 0.5000000000
40316  -8.142  -47.483  27.064 0.2500000000
40343  -9.119  -47.157  24.855 0.1250000000
41376  -10.364  -46.266  23.213 0.1250000000
41385  -10.866  -46.386  22.708 0.1250000000
41386  -11.464  -46.518  22.334 0.1250000000
42412  -12.717  -45.709  21.472 0.2500000000
39418  -25.466  -48.294  15.426 0.5000000000
42264  -6.725  -45.647  35.648 0.1250000000
46567  -23.484  -41.747  29.074 0.1250000000
47498  -23.417  -40.881  31.845 0.2500000000
46542  -23.616  -41.995  32.809 0.2500000000
136793  -6.953  -46.426  34.707 0.2500000000
44476  -21.946  -43.256  28.970 0.1250000000
119753  -23.649  -42.427  30.445 0.1250000000
131276  -6.839  -46.716  33.691 0.5000000000
44441  -20.352  -44.108  31.466 0.1250000000
44458  -21.845  -43.831  29.825 0.1250000000
43402  -22.642  -44.219  30.304 0.1250000000
134420  -23.518  -42.288  29.586 0.1250000000
45553  -23.758  -43.422  31.129 0.1250000000
126466  -23.939  -42.987  33.103 0.2500000000
45510  -24.324  -42.978  33.654 0.2500000000
44408  -25.793  -43.631  32.868 0.2500000000
136578  -21.244  -44.268  30.858 0.1250000000
43383  -21.895  -44.701  30.998 0.1250000000
44460  -23.179  -43.762  29.942 0.1250000000
44442  -23.558  -44.067  30.917 0.1250000000
119316  -24.158  -44.444  32.140 0.2500000000
45538  -24.085  -43.677  32.558 0.2500000000
45524  -24.621  -43.397  33.350 0.2500000000
131445  -25.049  -43.336  33.340 0.2500000000
45525  -25.669  -42.827  33.187 0.2500000000
43382  -20.909  -45.079  31.642 0.1250000000
137168  -22.556  -45.038  31.355 0.1250000000
43384  -22.931  -45.897  31.902 0.1250000000
43365  -23.906  -45.876  32.229 0.1250000000
44423  -24.577  -45.154  32.335 0.2500000000
44424  -25.167  -44.873  32.389 0.2500000000
44407  -25.225  -43.920  32.891 0.2500000000
43368  -26.231  -44.160  31.744 0.2500000000
44426  -26.298  -43.665  32.102 0.2500000000
44443  -26.637  -43.550  31.115 0.3750000000
42287  -20.840  -45.759  31.788 0.2500000000
41304  -21.448  -46.284  31.543 0.2500000000
42288  -22.507  -46.486  31.840 0.1250000000
42289  -23.356  -46.570  32.019 0.1250000000
41319  -23.491  -46.930  31.525 0.2500000000
131990  -24.446  -46.263  31.911 0.2500000000
42300  -24.647  -46.287  31.115 0.2500000000
43367  -25.824  -44.785  31.824 0.2500000000
131378  -26.090  -44.692  30.165 0.3750000000
41324  -8.017  -46.058  29.852 0.3750000000
42299  -20.386  -46.089  31.421 0.2500000000
42310  -20.441  -46.273  30.238 0.3750000000
41325  -21.922  -46.837  30.368 0.2500000000
41318  -22.664  -46.994  31.183 0.2500000000
41308  -24.046  -46.679  31.763 0.2500000000
41337  -24.214  -46.581  29.615 0.3750000000
42301  -25.265  -45.711  30.421 0.3750000000
42313  -25.296  -45.671  29.329 0.3750000000
42321  -8.462  -45.709  28.846 0.5000000000
41334  -7.950  -46.519  28.900 0.5000000000
120488  -8.231  -46.335  28.177 0.5000000000
41347  -8.375  -46.576  27.376 0.5000000000
125240  -9.075  -46.202  26.181 0.5000000000
41355  -8.636  -46.823  26.384 0.3750000000
41362  -9.048  -46.658  25.610 0.2500000000
117692  -9.371  -46.474  25.071 0.2500000000
41368  -9.993  -46.078  23.939 0.2500000000
42397  -10.761  -45.812  22.978 0.1250000000
42374  -11.138  -45.275  23.215 0.2500000000
42398  -11.386  -45.769  22.519 0.1250000000
42399  -12.118  -45.366  22.073 0.1250000000
128299  -13.140  -45.083  21.212 0.2500000000
40486  -25.967  -47.811  14.940 0.5000000000
40463  -26.869  -47.757  15.426 0.2500000000
43325  -6.595  -44.343  36.582 0.1250000000
43334  -6.297  -44.846  35.903 0.1250000000
43333  -5.478  -44.568  35.521 0.1250000000
42265  -7.416  -45.755  35.679 0.1250000000
41291  -7.554  -46.142  35.017 0.1250000000
136299  -19.781  -43.475  31.380 0.1250000000
45551  -19.518  -42.813  30.745 0.1250000000
45563  -20.529  -42.986  29.619 0.1250000000
46577  -23.090  -41.989  28.403 0.1250000000
48454  -23.122  -40.021  31.093 0.2500000000
128013  -23.353  -41.056  33.025 0.2500000000
47488  -23.235  -40.586  33.667 0.2500000000
45552  -20.138  -43.198  30.492 0.1250000000
44457  -20.926  -43.544  30.232 0.1250000000
45573  -21.557  -42.765  28.462 0.1250000000
118809  -22.527  -42.722  28.598 0.1250000000
47508  -23.423  -40.774  30.557 0.2500000000
46551  -23.600  -41.668  31.171 0.2500000000
46536  -23.680  -41.634  33.770 0.2500000000
46537  -24.124  -42.390  33.863 0.2500000000
127802  -7.414  -46.380  34.168 0.3750000000
121985  -7.398  -46.369  33.174 0.3750000000
44422  -19.574  -44.120  32.047 0.1250000000
45509  -24.010  -42.668  33.711 0.2500000000
45511  -24.722  -42.778  33.702 0.2500000000
43381  -18.176  -45.207  31.506 0.2500000000
43362  -19.326  -44.774  32.204 0.1250000000
43363  -20.074  -44.943  32.027 0.1250000000
115928  -17.987  -45.104  30.213 0.3750000000
42285  -19.008  -45.371  32.026 0.2500000000
42286  -19.838  -45.526  32.041 0.1250000000
43415  -17.993  -44.609  29.092 0.3750000000
43400  -18.595  -45.191  29.620 0.3750000000
42309  -19.197  -45.728  30.194 0.3750000000
136688  -19.787  -46.111  30.691 0.3750000000
42307  -8.628  -45.375  29.879 0.5000000000
42308  -9.014  -44.948  29.194 0.5000000000
43416  -18.648  -44.684  28.695 0.3750000000
43401  -19.247  -45.207  29.080 0.3750000000
42311  -21.206  -46.525  29.703 0.2500000000
41335  -22.027  -46.659  29.163 0.2500000000
41348  -22.886  -46.651  28.702 0.3750000000
41336  -23.626  -46.708  29.209 0.3750000000
42312  -24.741  -46.315  29.966 0.3750000000
42327  -24.736  -46.097  28.978 0.3750000000
122729  -24.730  -45.865  28.177 0.3750000000
42322  -8.992  -45.073  28.199 0.5000000000
43431  -18.455  -44.225  27.891 0.3750000000
43432  -19.270  -44.660  28.166 0.5000000000
42339  -19.946  -45.258  28.546 0.3750000000
42340  -20.722  -45.388  27.933 0.5000000000
42325  -21.358  -46.160  28.566 0.3750000000
42326  -22.186  -46.305  28.192 0.3750000000
41350  -24.258  -46.288  28.607 0.3750000000
42337  -8.605  -45.780  27.760 0.5000000000
43447  -19.223  -44.163  27.212 0.6250000000
119572  -19.968  -44.705  27.654 0.6250000000
43433  -20.545  -44.721  27.215 0.6250000000
42341  -21.622  -45.692  27.658 0.2500000000
41356  -8.796  -45.990  26.859 0.5000000000
43427  -9.568  -44.618  27.644 0.5000000000
42349  -9.335  -45.554  26.375 0.5000000000
42350  -9.937  -45.167  25.688 0.3750000000
42372  -9.760  -45.925  24.874 0.2500000000
42385  -10.549  -45.583  23.601 0.2500000000
40506  -26.551  -47.260  14.549 0.3750000000
41489  -27.831  -46.675  14.962 0.1250000000
43335  -7.068  -45.204  36.284 0.1250000000
44386  -5.786  -43.829  36.003 0.1250000000
42271  -8.258  -45.874  34.508 0.1250000000
45537  -19.277  -43.265  31.783 0.1250000000
45562  -19.819  -42.466  29.493 0.1250000000
41296  -8.095  -45.999  33.526 0.2500000000
44420  -18.157  -43.968  32.480 0.1250000000
137687  -18.800  -42.996  32.023 0.1250000000
44421  -18.852  -43.879  32.297 0.1250000000
43361  -18.475  -44.653  32.377 0.1250000000
43380  -17.478  -44.872  30.848 0.2500000000
43399  -17.396  -44.603  29.736 0.2500000000
43413  -9.629  -44.445  28.650 0.5000000000
44491  -17.691  -43.814  27.506 0.5000000000
43448  -20.021  -44.307  26.868 0.6250000000
43449  -20.798  -44.404  26.462 0.5000000000
41501  -26.317  -46.596  14.005 0.6250000000
41522  -26.940  -46.019  13.718 0.5000000000
42266  -8.214  -45.682  35.493 0.1250000000
45550  -18.895  -42.431  31.113 0.1250000000
119584  -8.661  -45.573  33.720 0.1250000000
44405  -18.222  -43.254  32.365 0.1250000000
43360  -17.639  -44.392  32.429 0.2500000000
43359  -16.974  -44.564  31.518 0.2500000000
43398  -16.886  -44.223  29.448 0.1250000000
42530  -27.475  -45.430  13.680 0.1250000000
135283  -8.598  -45.302  36.137 0.1250000000
136109  -8.630  -45.544  34.967 0.1250000000
43341  -9.606  -44.907  34.877 0.1250000000
43346  -9.886  -44.733  34.032 0.1250000000
42272  -9.044  -45.289  34.397 0.1250000000
130220  -9.915  -44.655  33.183 0.1250000000
45522  -17.727  -42.493  32.392 0.1250000000
45536  -18.344  -42.400  31.792 0.1250000000
46565  -18.584  -41.791  30.115 0.1250000000
45561  -19.181  -42.248  30.188 0.1250000000
42277  -9.277  -45.152  33.287 0.1250000000
133727  -16.290  -43.895  32.414 0.1250000000
44404  -17.380  -43.588  32.607 0.2500000000
46574  -19.352  -41.867  28.616 0.1250000000
43351  -9.627  -44.767  32.406 0.2500000000
43353  -16.856  -44.199  32.400 0.1250000000
127454  -15.050  -43.406  30.284 0.3750000000
43614  -26.682  -44.484  13.257 0.3750000000
123478  -27.206  -43.951  13.262 0.2500000000
44699  -26.476  -43.532  13.083 0.3750000000
128734  -25.769  -42.763  12.914 0.3750000000
134585  -26.600  -40.322  13.991 0.1250000000
118933  -25.476  -39.708  12.780 0.1250000000
48714  -26.157  -39.804  13.128 0.1250000000
43342  -10.338  -44.503  34.918 0.1250000000
43347  -10.569  -44.269  33.495 0.1250000000
127673  -16.562  -43.621  32.850 0.1250000000
43358  -10.187  -44.215  32.033 0.2500000000
44418  -15.685  -43.668  31.866 0.2500000000
44438  -14.462  -42.977  30.394 0.3750000000
44453  -13.566  -42.897  29.184 0.3750000000
44454  -14.534  -43.190  29.411 0.3750000000
44471  -13.172  -42.924  28.441 0.5000000000
118263  -13.934  -43.047  28.662 0.3750000000
48738  -26.195  -39.261  12.401 0.1250000000
48739  -26.743  -39.530  13.075 0.1250000000
117663  -27.576  -39.452  12.730 0.1250000000
44452  -12.632  -42.747  29.054 0.3750000000
118808  -25.302  -39.045  12.301 0.2500000000
48760  -27.343  -39.327  11.953 0.1250000000
48740  -28.319  -39.562  12.031 0.1250000000
49823  -25.853  -38.612  11.710 0.1250000000
49839  -27.113  -38.384  10.812 0.1250000000
48761  -28.222  -39.273  11.284 0.1250000000
49854  -28.109  -38.619  10.588 0.1250000000
48775  -28.796  -39.137  10.769 0.1250000000
48777  -30.125  -39.399  11.101 0.1250000000
51887  -23.748  -36.396  14.514 0.7500000000
51898  -23.569  -36.890  13.887 0.5000000000
50916  -25.303  -37.248  11.581 0.3750000000
50917  -25.997  -37.312  11.109 0.2500000000
49838  -26.303  -38.143  11.101 0.2500000000
50935  -26.730  -37.530  10.716 0.2500000000
52903  -25.561  -35.903  11.857 0.5000000000
51943  -27.223  -36.995  10.511 0.3750000000
124636  -26.946  -35.960  11.307 0.3750000000
54902  -32.134  -33.925  8.345 0.2500000000
132311  -32.452  -33.759  7.646 0.2500000000
52799  -31.583  -34.700  17.539 0.3750000000
53785  -32.067  -34.117  17.274 0.2500000000
67446  -50.451  -20.060  -2.301 0.1250000000
132850  -51.024  -20.414  -2.408 0.1250000000
67447  -51.002  -19.884  -2.950 0.1250000000
129519  -49.807  -18.939  -1.845 0.2500000000
68404  -50.337  -19.251  -2.570 0.1250000000
68377  -48.377  -19.576  0.589 0.3750000000
69343  -48.868  -18.865  0.528 0.3750000000
69353  -49.067  -18.744  -0.289 0.3750000000
69354  -49.649  -18.127  -0.451 0.3750000000
69369  -49.372  -18.789  -1.099 0.1250000000
69370  -49.909  -18.135  -1.319 0.2500000000
69386  -50.301  -18.263  -2.204 0.2500000000
69400  -50.638  -18.534  -2.939 0.2500000000
69326  -48.506  -18.543  2.820 0.5000000000
69323  -49.137  -18.128  3.355 0.5000000000
69324  -49.923  -17.917  3.019 0.5000000000
134549  -49.301  -18.488  1.430 0.3750000000
69344  -49.508  -18.300  0.453 0.3750000000
70349  -50.233  -17.694  0.317 0.3750000000
70377  -50.530  -17.464  -1.490 0.3750000000
70364  -51.012  -16.861  -0.826 0.2500000000
70387  -50.797  -17.541  -2.299 0.2500000000
70378  -51.153  -16.856  -1.699 0.2500000000
69387  -51.032  -17.778  -3.068 0.2500000000
70388  -51.367  -16.958  -2.537 0.2500000000
71361  -52.448  -16.201  -3.513 0.2500000000
72326  -53.784  -15.598  -4.857 0.2500000000
129588  -48.953  -18.012  4.222 0.5000000000
130038  -50.469  -17.679  3.451 0.5000000000
69328  -50.057  -18.022  2.159 0.5000000000
69335  -50.157  -17.978  1.246 0.5000000000
118475  -50.941  -17.513  1.108 0.5000000000
116582  -51.625  -17.163  1.093 0.5000000000
118242  -51.145  -17.134  0.225 0.5000000000
70363  -50.334  -17.477  -0.597 0.5000000000
71318  -52.803  -16.308  0.273 0.3750000000
71334  -51.693  -16.379  -1.158 0.3750000000
71347  -52.314  -15.917  -1.515 0.3750000000
71346  -51.733  -16.313  -1.999 0.3750000000
72304  -52.900  -15.493  -1.888 0.3750000000
71355  -52.322  -15.881  -2.316 0.3750000000
71362  -53.121  -15.578  -3.575 0.3750000000
128510  -53.675  -15.330  -4.032 0.3750000000
72327  -54.304  -15.046  -4.422 0.2500000000
71319  -53.775  -15.855  0.697 0.2500000000
71348  -53.025  -15.619  -1.047 0.3750000000
72305  -53.561  -15.184  -1.459 0.3750000000
72314  -53.520  -15.193  -2.178 0.3750000000
72306  -54.005  -14.754  -1.164 0.3750000000
72313  -52.885  -15.525  -2.765 0.3750000000
72320  -53.948  -15.066  -2.937 0.2500000000
132231  -6.459  -47.323  31.379 0.5000000000
41323  -7.556  -46.838  29.563 0.5000000000
43494  -11.814  -44.988  22.818 0.2500000000
41521  -26.212  -45.846  13.706 0.6250000000
46759  -25.205  -41.130  12.934 0.1250000000
44419  -16.284  -44.099  31.660 0.2500000000
47710  -25.873  -40.231  13.249 0.1250000000
43379  -16.845  -44.480  30.265 0.1250000000
50874  -23.302  -37.221  14.717 0.5000000000
49820  -23.663  -38.081  12.893 0.3750000000
44475  -17.285  -44.179  28.897 0.5000000000
50898  -23.444  -37.638  13.437 0.3750000000
50900  -24.609  -37.330  12.139 0.2500000000
51910  -23.814  -36.946  13.200 0.3750000000
51911  -24.309  -36.653  12.664 0.3750000000
43430  -17.780  -44.145  28.311 0.6250000000
135866  -23.871  -36.304  13.974 0.5000000000
51925  -25.727  -36.525  11.473 0.3750000000
51912  -24.991  -36.373  12.014 0.3750000000
132454  -22.895  -46.344  27.930 0.3750000000
52904  -26.176  -35.924  11.566 0.3750000000
53896  -31.691  -34.322  8.666 0.2500000000
69327  -49.270  -18.326  2.457 0.5000000000
39153  -1.778  -48.237  33.488 0.1250000000
125355  -4.790  -48.431  32.825 0.2500000000
37103  -4.367  -49.852  31.192 0.2500000000
38137  -5.694  -49.160  29.808 0.2500000000
41290  -4.758  -47.295  34.535 0.3750000000
42273  -1.216  -45.342  33.105 0.3750000000
39165  -5.410  -47.870  32.657 0.3750000000
39210  -7.308  -48.339  28.187 0.1250000000
40315  -7.695  -47.918  27.752 0.2500000000
39243  -7.859  -48.875  26.668 0.1250000000
39281  -9.520  -48.491  24.344 0.1250000000
41283  -4.798  -46.528  34.747 0.3750000000
43338  -2.712  -44.336  33.664 0.1250000000
40369  -9.939  -47.034  23.488 0.1250000000
40383  -10.559  -47.601  23.093 0.1250000000
116512  -11.770  -48.516  23.855 0.1250000000
39315  -11.816  -47.752  22.577 0.1250000000
41398  -11.983  -46.147  21.916 0.1250000000
129794  -23.826  -42.675  31.760 0.2500000000
48441  -23.061  -40.133  32.460 0.2500000000
45564  -21.258  -43.208  29.197 0.1250000000
118235  -22.513  -42.037  27.995 0.1250000000
47519  -23.460  -40.847  29.450 0.2500000000
46559  -23.599  -41.597  29.982 0.1250000000
115366  -23.442  -43.113  29.844 0.1250000000
125907  -23.912  -45.004  31.954 0.1250000000
45523  -24.341  -43.281  33.418 0.2500000000
44406  -24.701  -44.168  32.839 0.2500000000
44425  -25.841  -44.267  32.446 0.2500000000
43364  -21.849  -45.817  31.677 0.1250000000
43385  -23.260  -44.718  31.263 0.1250000000
42290  -23.978  -46.468  32.148 0.2500000000
43366  -24.511  -45.806  32.141 0.2500000000
42291  -25.138  -45.651  31.699 0.2500000000
128957  -21.753  -46.263  31.728 0.1250000000
41305  -22.240  -46.582  31.665 0.2500000000
41307  -23.556  -46.772  32.024 0.1250000000
41317  -21.880  -46.711  31.269 0.3750000000
41327  -23.526  -46.926  30.383 0.2500000000
41328  -24.129  -46.719  30.742 0.2500000000
41316  -21.198  -46.523  30.887 0.3750000000
42324  -20.559  -45.956  29.038 0.3750000000
41326  -22.784  -46.916  29.812 0.2500000000
42338  -9.088  -45.246  27.231 0.5000000000
42362  -9.434  -45.992  25.648 0.2500000000
45572  -20.686  -42.684  28.752 0.1250000000
48466  -23.239  -40.009  29.920 0.2500000000
42298  -18.667  -45.551  30.876 0.2500000000
133994  -19.468  -45.842  31.446 0.2500000000
135949  -18.228  -44.398  28.481 0.3750000000
42323  -19.834  -45.789  29.573 0.3750000000
43444  -9.702  -44.812  26.716 0.5000000000
41502  -27.217  -46.607  14.237 0.2500000000
123937  -27.517  -45.955  13.931 0.5000000000
117582  -17.741  -44.852  31.921 0.2500000000
46575  -20.212  -42.130  28.225 0.1250000000
45521  -16.992  -42.582  32.851 0.1250000000
46558  -18.331  -41.897  31.007 0.1250000000
46566  -19.093  -41.989  29.482 0.1250000000
43352  -10.196  -44.364  32.742 0.2500000000
121048  -15.071  -43.279  31.125 0.2500000000
44437  -13.891  -42.867  29.842 0.3750000000
49840  -27.503  -38.978  11.184 0.2500000000
48759  -26.710  -38.852  11.489 0.2500000000
49837  -25.674  -37.898  11.407 0.3750000000
50936  -27.581  -37.708  10.401 0.1250000000
51899  -24.096  -36.246  13.416 0.3750000000
51926  -26.568  -36.632  10.987 0.3750000000
53897  -32.383  -34.469  8.696 0.2500000000
55830  -32.834  -32.335  17.832 0.2500000000
68396  -49.985  -19.629  -2.010 0.1250000000
117650  -50.731  -20.654  -1.845 0.1250000000
68414  -50.826  -19.166  -3.204 0.1250000000
68385  -49.013  -19.520  -0.784 0.2500000000
69401  -51.080  -18.561  -3.559 0.2500000000
122848  -49.827  -17.745  3.950 0.5000000000
71317  -51.891  -16.627  -0.238 0.3750000000
129412  -51.610  -17.070  -3.299 0.2500000000
71354  -51.959  -16.389  -2.842 0.2500000000
137414  -52.376  -15.950  -2.861 0.3750000000
136273  -52.433  -16.610  -4.201 0.2500000000
129754  -54.317  -14.905  -3.686 0.3750000000
70335  -50.692  -17.688  2.785 0.5000000000
70342  -50.854  -17.664  1.971 0.5000000000
71335  -52.498  -16.107  -0.637 0.3750000000
71336  -53.222  -15.728  -0.180 0.3750000000
72278  -53.690  -15.335  0.080 0.3750000000
133671  -54.150  -14.843  -1.932 0.2500000000
39383  -21.489  -48.616  17.036 0.2500000000
38333  -22.789  -49.398  17.410 0.2500000000
38352  -24.665  -49.187  16.599 0.1250000000
120436  -25.908  -48.631  16.235 0.2500000000
39401  -26.801  -48.343  16.422 0.1250000000
125101  -25.049  -48.759  16.011 0.2500000000
39419  -26.208  -48.207  15.647 0.2500000000
57797  -27.545  -30.161  31.755 0.1250000000
58766  -28.106  -29.544  32.393 0.1250000000
131286  -26.408  -31.152  31.935 0.1250000000
56686  -26.786  -30.753  31.087 0.1250000000
56701  -27.298  -30.861  29.973 0.1250000000
115376  -28.005  -31.104  29.169 0.1250000000
123920  -25.602  -32.072  30.598 0.1250000000
138566  -26.271  -31.431  30.059 0.1250000000
118100  -27.054  -31.293  29.060 0.1250000000
55676  -25.469  -32.299  28.723 0.1250000000
55677  -26.196  -31.711  28.913 0.1250000000
57779  -27.406  -30.008  32.540 0.1250000000
56722  -27.856  -31.422  28.378 0.1250000000
56668  -26.383  -31.104  32.724 0.1250000000
56721  -26.962  -31.570  28.175 0.1250000000
117687  -26.176  -31.936  28.050 0.1250000000
55690  -25.441  -32.393  27.839 0.1250000000
137260  -26.144  -32.094  27.422 0.1250000000
118358  -26.584  -32.090  26.826 0.1250000000
55689  -24.748  -32.950  27.358 0.1250000000
54637  -25.036  -32.756  26.431 0.1250000000
59762  -27.812  -28.595  33.101 0.1250000000
129707  -26.348  -30.017  33.755 0.1250000000
122693  -26.419  -30.333  33.510 0.1250000000
56638  -25.790  -31.263  33.581 0.1250000000
56652  -26.182  -30.888  33.347 0.1250000000
118262  -25.605  -30.879  33.995 0.1250000000
127284  -25.927  -35.024  33.010 0.1250000000
53579  -25.890  -34.338  32.885 0.1250000000
54574  -25.575  -33.466  33.226 0.1250000000
122483  -26.079  -36.666  32.593 0.1250000000
55711  -26.027  -32.365  26.255 0.1250000000
54652  -24.646  -33.219  25.793 0.1250000000
58749  -26.434  -29.365  33.932 0.1250000000
59753  -26.324  -28.439  33.970 0.1250000000
59742  -25.771  -28.883  34.425 0.1250000000
60748  -25.609  -27.450  32.872 0.1250000000
56629  -25.125  -30.807  34.615 0.1250000000
54573  -24.974  -33.350  33.822 0.1250000000
55628  -24.715  -31.606  34.697 0.1250000000
55627  -23.892  -31.956  35.244 0.1250000000
58742  -23.738  -28.966  35.176 0.1250000000
54683  -26.404  -32.720  23.748 0.2500000000
51944  -28.002  -36.945  10.227 0.2500000000
55763  -27.333  -32.557  23.663 0.2500000000
54684  -27.840  -32.642  22.849 0.2500000000
115179  -26.808  -32.796  22.938 0.2500000000
54717  -28.391  -32.909  21.432 0.2500000000
51950  -35.706  -36.510  10.025 0.1250000000
130884  -29.847  -33.433  20.787 0.2500000000
52936  -33.341  -34.655  9.457 0.1250000000
53910  -32.803  -34.418  7.885 0.1250000000
52951  -33.186  -34.801  8.746 0.1250000000
52952  -34.086  -35.501  8.620 0.1250000000
51964  -35.460  -36.474  9.278 0.1250000000
51974  -35.787  -36.530  8.509 0.1250000000
54760  -30.347  -33.867  19.924 0.2500000000
54759  -29.550  -33.833  19.401 0.2500000000
53744  -31.343  -34.640  18.539 0.2500000000
52960  -33.932  -35.329  7.911 0.1250000000
53924  -34.331  -34.488  6.881 0.1250000000
119676  -34.576  -35.841  8.069 0.1250000000
51986  -35.317  -36.052  7.823 0.1250000000
52783  -31.515  -34.811  17.914 0.2500000000
54916  -33.015  -33.897  7.180 0.1250000000
53925  -34.989  -34.189  6.537 0.1250000000
138036  -34.419  -33.814  6.599 0.2500000000
131084  -35.820  -32.923  6.232 0.2500000000
55942  -36.636  -32.480  5.886 0.3750000000
54960  -39.015  -33.136  5.417 0.1250000000
57006  -41.079  -30.943  4.720 0.1250000000
58102  -40.446  -30.391  4.579 0.1250000000
58103  -41.284  -30.188  4.589 0.1250000000
56989  -41.644  -31.558  5.127 0.1250000000
70317  -51.474  -17.451  6.991 0.2500000000
70318  -52.261  -17.232  6.744 0.1250000000
70304  -53.038  -16.922  7.338 0.1250000000
137142  -51.156  -17.468  5.679 0.2500000000
70322  -51.622  -17.383  6.177 0.1250000000
70325  -50.527  -17.588  5.533 0.2500000000
70323  -52.365  -17.212  5.866 0.2500000000
69319  -50.277  -17.652  4.776 0.3750000000
132549  -51.117  -17.497  4.899 0.2500000000
120304  -51.751  -17.364  5.393 0.2500000000
138846  -51.857  -17.358  4.697 0.2500000000
70331  -51.162  -17.543  3.429 0.3750000000
70343  -51.629  -17.374  1.803 0.3750000000
70350  -52.145  -16.789  0.716 0.3750000000
70326  -51.537  -17.445  4.107 0.3750000000
120305  -51.893  -17.382  3.460 0.3750000000
70336  -51.617  -17.443  2.682 0.3750000000
119500  -52.276  -17.224  2.272 0.3750000000
70344  -53.011  -16.915  2.173 0.3750000000
132147  -52.320  -17.029  1.573 0.3750000000
71312  -53.183  -16.556  1.271 0.3750000000
72293  -53.570  -15.242  -0.666 0.2500000000
73228  -54.847  -14.627  -3.167 0.2500000000
60755  -25.330  -27.505  32.100 0.1250000000
121240  -26.048  -36.066  32.714 0.2500000000
50659  -26.157  -37.456  31.540 0.3750000000
52615  -26.024  -35.444  32.557 0.2500000000
51664  -26.095  -35.992  32.255 0.2500000000
53584  -25.844  -34.487  32.517 0.1250000000
56667  -26.049  -31.860  32.301 0.1250000000
55667  -25.550  -32.169  29.686 0.1250000000
38350  -23.041  -49.147  16.609 0.2500000000
55648  -25.774  -32.780  32.608 0.1250000000
55641  -25.691  -32.692  33.123 0.1250000000
55924  -32.652  -32.303  6.732 0.1250000000
55925  -33.722  -32.288  6.534 0.2500000000
53923  -33.756  -33.896  6.813 0.2500000000
54934  -34.100  -33.164  6.568 0.2500000000
55927  -35.203  -32.416  6.434 0.2500000000
38335  -24.377  -49.504  17.257 0.2500000000
70330  -50.727  -17.581  4.099 0.3750000000
53898  -32.887  -34.647  8.497 0.1250000000
38332  -21.980  -49.195  17.612 0.2500000000
38334  -23.594  -49.493  17.275 0.2500000000
128909  -25.082  -49.441  17.287 0.1250000000
39400  -25.497  -49.102  16.824 0.1250000000
39385  -26.345  -48.895  17.094 0.1250000000
40446  -27.482  -48.228  16.937 0.1250000000
57778  -26.891  -30.555  32.185 0.1250000000
58757  -27.553  -29.442  33.116 0.1250000000
56685  -26.001  -31.577  31.260 0.1250000000
57762  -26.822  -30.307  33.131 0.1250000000
59761  -26.992  -28.073  33.479 0.1250000000
58750  -27.091  -28.974  33.632 0.1250000000
57746  -25.979  -30.509  33.781 0.1250000000
58756  -26.800  -29.790  33.530 0.1250000000
123200  -25.627  -31.948  33.476 0.1250000000
56651  -25.927  -31.804  33.068 0.1250000000
57734  -25.515  -30.221  34.461 0.1250000000
55629  -25.414  -31.503  33.967 0.1250000000
52606  -25.878  -35.815  33.064 0.1250000000
53578  -25.339  -34.342  33.468 0.1250000000
55633  -25.262  -32.450  33.770 0.1250000000
59752  -25.945  -27.759  33.513 0.1250000000
60749  -26.554  -27.534  33.010 0.1250000000
54571  -24.543  -32.572  34.452 0.1250000000
135178  -23.852  -31.169  35.541 0.1250000000
58748  -24.252  -28.340  33.888 0.1250000000
57745  -23.593  -29.021  34.527 0.1250000000
57719  -23.234  -29.786  35.831 0.1250000000
57732  -23.163  -29.534  35.486 0.1250000000
52935  -32.798  -34.725  9.490 0.1250000000
51948  -33.796  -34.764  9.755 0.1250000000
119282  -33.263  -34.882  8.005 0.1250000000
51963  -34.477  -35.746  9.183 0.1250000000
51973  -34.928  -36.161  8.578 0.1250000000
53911  -33.625  -34.631  7.392 0.1250000000
53912  -34.310  -35.050  7.300 0.1250000000
52961  -34.720  -35.530  7.523 0.1250000000
52977  -34.960  -35.010  6.899 0.1250000000
51987  -36.268  -36.269  7.837 0.1250000000
52962  -35.324  -35.511  7.242 0.1250000000
54935  -34.966  -33.242  6.413 0.2500000000
52978  -35.644  -34.568  6.525 0.2500000000
138137  -35.636  -35.174  6.851 0.1250000000
54936  -36.447  -33.367  5.973 0.2500000000
118429  -53.989  -16.599  6.954 0.1250000000
70319  -53.076  -16.963  6.389 0.1250000000
70337  -52.672  -17.169  3.022 0.3750000000
55623  -23.049  -31.339  36.107 0.1250000000
38204  -7.640  -49.416  26.916 0.1250000000
38205  -8.055  -49.675  26.271 0.1250000000
45559  -12.194  -42.613  29.799 0.3750000000
41418  -13.839  -46.296  20.831 0.1250000000
42422  -13.416  -45.636  20.939 0.1250000000
41419  -14.652  -46.335  20.611 0.1250000000
42423  -14.134  -45.584  20.547 0.1250000000
126562  -15.045  -45.543  20.154 0.1250000000
42435  -15.714  -45.041  19.674 0.1250000000
53767  -32.153  -34.625  17.890 0.2500000000
131920  -32.458  -34.081  17.855 0.2500000000
54793  -32.399  -33.297  17.487 0.2500000000
54794  -32.801  -33.432  18.286 0.2500000000
56850  -32.605  -31.550  16.903 0.2500000000
133925  -39.515  -26.558  13.633 0.2500000000
62691  -45.529  -25.790  10.566 0.3750000000
53745  -31.948  -34.782  18.333 0.2500000000
41400  -13.187  -46.366  21.233 0.1250000000
130348  -13.660  -46.827  21.274 0.1250000000
50641  -24.787  -38.114  33.794 0.2500000000
49516  -23.490  -38.961  34.462 0.1250000000
50633  -24.109  -38.146  34.276 0.1250000000
48429  -22.775  -39.855  33.439 0.1250000000
48415  -22.594  -39.682  33.949 0.1250000000
48416  -22.967  -40.026  34.020 0.1250000000
48408  -23.874  -39.605  34.318 0.1250000000
48417  -24.665  -39.410  33.974 0.1250000000
49528  -25.029  -38.574  33.658 0.2500000000
124507  -22.609  -39.423  32.513 0.1250000000
47480  -23.388  -40.668  33.868 0.1250000000
47474  -24.235  -40.307  34.194 0.1250000000
47481  -23.934  -41.287  34.058 0.1250000000
123405  -24.991  -40.047  33.822 0.1250000000
46538  -24.641  -41.804  33.929 0.1250000000
46544  -26.311  -41.890  32.667 0.1250000000
45526  -26.327  -42.839  32.386 0.1250000000
47489  -26.171  -40.886  32.875 0.2500000000
121560  -22.791  -37.712  34.841 0.1250000000
51642  -23.771  -37.310  34.385 0.1250000000
52602  -24.639  -36.417  33.898 0.2500000000
49515  -22.530  -38.971  34.472 0.1250000000
50642  -25.367  -37.730  33.422 0.2500000000
49539  -22.258  -39.091  33.256 0.1250000000
49527  -22.139  -39.132  34.136 0.1250000000
49529  -25.564  -38.286  33.298 0.2500000000
49551  -22.241  -38.816  31.960 0.1250000000
48453  -22.735  -39.351  30.430 0.1250000000
49550  -21.698  -38.330  32.510 0.1250000000
49578  -22.259  -38.795  29.905 0.1250000000
123106  -25.371  -36.345  33.464 0.2500000000
49538  -21.571  -38.573  33.821 0.1250000000
50651  -25.885  -37.457  33.012 0.2500000000
50652  -26.115  -37.516  32.426 0.2500000000
49577  -21.729  -38.300  30.360 0.1250000000
49564  -21.717  -38.284  31.340 0.1250000000
122321  -21.766  -38.287  29.469 0.1250000000
41503  -27.917  -46.052  14.377 0.1250000000
55747  -26.645  -32.521  24.659 0.1250000000
55748  -27.611  -32.437  24.479 0.1250000000
122422  -28.118  -32.337  25.139 0.1250000000
137541  -27.025  -32.503  24.144 0.1250000000
119816  -28.844  -32.455  25.027 0.1250000000
55749  -28.383  -32.448  24.523 0.1250000000
122599  -30.123  -32.428  25.374 0.1250000000
55750  -29.586  -32.502  24.832 0.1250000000
129362  -30.243  -32.492  24.679 0.1250000000
55764  -28.195  -32.512  23.801 0.1250000000
55751  -30.777  -32.383  25.033 0.1250000000
55733  -32.076  -31.799  25.192 0.1250000000
55753  -32.262  -31.869  24.277 0.1250000000
54685  -28.815  -32.620  23.124 0.1250000000
55767  -30.808  -32.483  24.115 0.1250000000
54704  -28.635  -32.754  22.248 0.1250000000
54686  -29.649  -32.660  23.254 0.1250000000
54687  -30.447  -32.647  23.315 0.1250000000
56788  -32.911  -31.565  24.900 0.1250000000
54705  -29.415  -32.782  22.451 0.1250000000
55768  -31.666  -32.282  23.736 0.1250000000
55752  -31.474  -32.180  24.642 0.1250000000
54706  -30.197  -32.833  22.457 0.1250000000
135228  -31.142  -32.557  23.319 0.1250000000
54719  -30.287  -33.169  21.542 0.1250000000
115488  -30.834  -32.978  21.937 0.1250000000
55781  -30.995  -32.744  22.622 0.1250000000
55754  -33.086  -31.627  23.953 0.1250000000
55769  -32.536  -32.101  23.383 0.1250000000
55782  -31.896  -32.549  22.751 0.1250000000
55783  -32.896  -32.320  22.488 0.1250000000
54720  -31.250  -33.378  21.266 0.1250000000
54707  -31.581  -32.912  21.856 0.1250000000
55770  -33.373  -31.854  23.069 0.1250000000
132236  -33.288  -32.559  21.659 0.1250000000
54721  -32.257  -33.507  21.079 0.1250000000
54722  -33.112  -33.262  21.086 0.1250000000
54708  -32.481  -32.760  21.774 0.1250000000
124206  -32.001  -34.642  18.956 0.1250000000
54738  -31.846  -34.059  20.506 0.1250000000
53708  -31.249  -34.129  20.078 0.1250000000
55785  -34.179  -31.814  21.870 0.1250000000
55784  -33.644  -32.066  22.213 0.1250000000
54741  -33.883  -33.142  20.371 0.1250000000
54723  -33.724  -32.878  20.959 0.1250000000
54740  -33.550  -33.793  20.045 0.1250000000
122423  -33.522  -33.471  20.520 0.1250000000
53711  -33.119  -34.223  19.758 0.1250000000
53710  -32.599  -34.340  20.050 0.1250000000
54739  -33.030  -33.965  20.392 0.1250000000
53726  -32.594  -34.455  19.354 0.1250000000
53709  -31.973  -34.465  19.756 0.1250000000
55798  -34.202  -32.292  20.991 0.1250000000
54762  -33.856  -33.391  19.996 0.1250000000
53747  -32.915  -34.285  19.202 0.1250000000
54761  -33.404  -33.887  19.662 0.1250000000
55816  -33.708  -33.234  19.568 0.1250000000
54778  -32.611  -34.256  18.547 0.1250000000
54779  -33.184  -33.812  19.089 0.1250000000
56829  -34.613  -31.447  21.570 0.1250000000
56830  -35.036  -30.955  21.444 0.1250000000
56835  -34.689  -31.577  20.791 0.1250000000
55817  -34.131  -32.796  19.954 0.1250000000
55809  -34.184  -32.605  20.324 0.1250000000
55831  -33.397  -32.823  18.773 0.1250000000
55823  -34.000  -32.148  19.370 0.1250000000
132664  -36.272  -34.967  6.595 0.1250000000
53926  -36.345  -34.193  6.207 0.1250000000
56836  -35.102  -31.086  20.280 0.1250000000
56840  -34.476  -31.940  20.100 0.1250000000
56841  -34.700  -31.137  19.472 0.1250000000
56845  -34.151  -31.348  18.789 0.1250000000
56847  -33.256  -31.336  17.599 0.1250000000
56844  -33.574  -31.807  18.417 0.1250000000
61794  -43.021  -26.791  16.839 0.1250000000
57926  -35.550  -30.565  19.785 0.1250000000
57934  -35.259  -30.350  18.989 0.1250000000
56848  -33.901  -30.993  18.095 0.1250000000
131554  -42.792  -26.669  16.181 0.1250000000
116829  -43.397  -26.530  15.957 0.1250000000
61815  -42.541  -26.543  15.431 0.1250000000
61816  -43.574  -26.426  15.108 0.1250000000
60954  -43.818  -26.759  14.345 0.1250000000
61857  -41.626  -26.487  13.687 0.1250000000
61843  -42.917  -26.501  14.383 0.1250000000
60975  -43.562  -27.238  13.675 0.1250000000
60990  -42.300  -27.857  12.544 0.1250000000
60036  -43.063  -27.703  13.025 0.1250000000
137707  -42.284  -28.741  12.249 0.1250000000
57939  -34.379  -30.329  17.752 0.1250000000
57933  -34.561  -30.699  18.558 0.1250000000
57940  -35.049  -30.068  18.160 0.1250000000
57938  -33.684  -30.605  17.355 0.1250000000
56851  -33.091  -30.842  17.010 0.1250000000
61793  -42.267  -26.876  16.461 0.1250000000
61841  -41.094  -26.477  14.393 0.1250000000
134370  -41.671  -26.590  15.094 0.1250000000
61856  -40.854  -26.506  13.413 0.1250000000
60037  -43.912  -28.225  13.323 0.1250000000
60047  -42.871  -28.693  12.542 0.1250000000
59009  -43.405  -29.773  12.587 0.1250000000
59008  -42.586  -29.615  12.255 0.1250000000
57977  -42.914  -30.701  12.186 0.1250000000
57946  -34.163  -29.948  17.010 0.1250000000
58946  -34.959  -29.701  17.338 0.1250000000
61814  -41.653  -26.841  15.933 0.1250000000
60953  -40.266  -26.792  14.957 0.1250000000
60048  -43.510  -28.730  12.855 0.1250000000
58947  -35.498  -29.605  17.823 0.1250000000
60925  -41.032  -27.203  16.179 0.1250000000
60924  -40.391  -27.294  15.881 0.1250000000
56896  -43.621  -31.997  11.552 0.1250000000
124967  -39.513  -27.413  15.500 0.1250000000
60155  -40.760  -28.812  4.632 0.2500000000
64422  -44.240  -23.794  2.889 0.1250000000
68425  -52.591  -19.349  -4.599 0.1250000000
69414  -51.571  -18.580  -4.195 0.1250000000
70338  -53.843  -16.702  2.784 0.2500000000
119802  -54.752  -16.318  2.802 0.2500000000
71313  -54.188  -16.136  1.512 0.2500000000
68378  -48.708  -19.304  -0.079 0.2500000000
70403  -51.931  -17.833  -4.533 0.1250000000
69431  -52.652  -17.900  -5.157 0.1250000000
71306  -55.244  -15.783  2.582 0.2500000000
72273  -55.233  -15.262  2.266 0.2500000000
71320  -54.414  -15.601  1.296 0.1250000000
73188  -54.347  -14.827  1.136 0.1250000000
138205  -52.005  -16.647  -3.398 0.1250000000
71369  -52.965  -16.145  -4.509 0.1250000000
71368  -52.422  -17.090  -4.732 0.1250000000
70409  -53.569  -17.637  -5.540 0.1250000000
132644  -54.942  -18.242  -5.877 0.1250000000
72294  -53.845  -14.821  -0.339 0.1250000000
71377  -53.520  -16.263  -5.229 0.1250000000
115458  -53.864  -16.795  -5.609 0.1250000000
70411  -55.423  -17.720  -6.186 0.1250000000
73212  -54.226  -14.239  -0.893 0.1250000000
134776  -54.571  -16.656  -5.884 0.1250000000
121681  -55.049  -15.281  -5.573 0.1250000000
71378  -55.033  -16.143  -6.011 0.1250000000
45539  -26.712  -42.786  31.450 0.2500000000
136208  -27.887  -32.751  21.984 0.1250000000
54718  -29.334  -33.026  21.606 0.1250000000
53725  -31.229  -34.345  19.377 0.1250000000
133594  -42.891  -26.831  13.642 0.1250000000
137315  -42.310  -26.542  13.841 0.1250000000
66396  -44.405  -22.203  2.706 0.2500000000
46543  -25.547  -41.885  33.496 0.1250000000
48440  -22.682  -39.370  31.516 0.1250000000
47479  -22.974  -40.161  33.907 0.1250000000
72333  -54.404  -15.254  -5.092 0.1250000000
72279  -54.157  -15.147  0.664 0.1250000000
73221  -54.648  -14.359  -1.669 0.1250000000
70397  -51.988  -17.013  -3.977 0.1250000000
71376  -53.033  -16.952  -5.309 0.1250000000
136489  -29.814  -32.929  22.009 0.1250000000
70332  -52.453  -17.237  4.078 0.2500000000
70345  -53.747  -16.557  1.998 0.2500000000
119132  -35.694  -33.734  6.284 0.1250000000
53746  -32.339  -34.596  18.596 0.1250000000
47473  -23.492  -40.308  34.126 0.1250000000
48406  -22.620  -39.515  34.152 0.1250000000
138903  -24.629  -40.908  34.026 0.1250000000
49565  -22.239  -38.789  30.898 0.1250000000
55765  -29.064  -32.550  24.099 0.1250000000
55766  -29.956  -32.574  24.053 0.1250000000
130834  -30.793  -33.656  20.697 0.1250000000
136643  -32.483  -34.078  20.477 0.1250000000
139021  -33.851  -32.308  21.505 0.1250000000
61842  -42.021  -26.460  14.440 0.1250000000
138557  -43.299  -26.739  13.986 0.1250000000
61813  -41.002  -26.815  15.420 0.1250000000
69416  -52.788  -18.752  -5.037 0.1250000000
69415  -52.180  -18.600  -4.663 0.1250000000
67472  -53.222  -20.008  -4.384 0.1250000000
68424  -51.922  -19.209  -4.309 0.1250000000
71305  -54.509  -16.251  2.213 0.2500000000
71300  -54.724  -16.424  3.563 0.2500000000
71314  -54.827  -15.705  1.876 0.2500000000
69432  -53.414  -18.517  -5.358 0.1250000000
70333  -53.473  -16.895  3.719 0.2500000000
72272  -54.738  -15.234  1.581 0.1250000000
70410  -54.539  -17.467  -5.881 0.1250000000
73197  -53.872  -14.524  0.029 0.1250000000
41292  -0.794  -45.911  33.022 0.2500000000
128394  0.186  -45.433  31.263 0.1250000000
43373  0.205  -44.841  30.038 0.1250000000
43349  -0.835  -44.867  32.241 0.1250000000
43355  -0.528  -44.708  31.446 0.1250000000
43374  -0.314  -44.607  30.465 0.1250000000
43392  0.003  -44.628  29.482 0.1250000000
42279  -1.258  -44.959  32.826 0.1250000000
43356  -1.158  -44.456  32.028 0.1250000000
43344  -1.788  -44.571  32.974 0.1250000000
44409  -1.777  -44.246  32.524 0.1250000000
133928  -2.361  -44.256  33.279 0.1250000000
45560  -13.105  -42.684  29.845 0.2500000000
51959  -29.440  -36.391  9.468 0.1250000000
51960  -29.974  -36.652  9.261 0.1250000000
52934  -32.279  -35.397  9.331 0.1250000000
52932  -30.635  -36.035  8.905 0.1250000000
52933  -31.509  -35.767  9.017 0.1250000000
52949  -31.904  -34.897  8.952 0.1250000000
53895  -30.776  -34.377  8.573 0.1250000000
41297  -0.343  -46.167  32.417 0.2500000000
42274  -1.584  -44.966  33.115 0.1250000000
43345  -2.067  -44.764  33.287 0.1250000000
52947  -30.260  -35.137  8.719 0.1250000000
42278  -0.651  -45.389  32.495 0.1250000000
43354  0.069  -44.964  30.911 0.1250000000
122165  -0.233  -45.141  31.693 0.1250000000
43350  -1.361  -44.648  32.575 0.1250000000
44395  -2.432  -43.839  33.080 0.1250000000
52948  -31.111  -35.129  8.709 0.1250000000
127859  -31.209  -36.507  9.177 0.1250000000
36042  -4.892  -51.843  32.335 0.1250000000
125073  -5.028  -50.606  34.051 0.1250000000
36025  -4.987  -51.149  33.321 0.1250000000
123703  -4.818  -49.829  35.041 0.1250000000
37079  -4.564  -50.382  33.112 0.1250000000
124841  -4.552  -51.377  31.490 0.1250000000
38109  -4.358  -49.581  32.869 0.1250000000
37092  -4.243  -50.164  32.076 0.1250000000
36054  -4.365  -50.671  31.312 0.1250000000
37104  -4.703  -50.390  30.462 0.1250000000
37120  -5.871  -50.678  29.298 0.1250000000
36065  -5.911  -51.448  29.414 0.1250000000
37133  -6.353  -50.281  28.766 0.1250000000
134442  -7.107  -51.533  28.188 0.1250000000
37134  -6.922  -50.786  28.207 0.1250000000
38301  -23.181  -49.978  18.852 0.1250000000
38315  -22.560  -49.590  18.250 0.1250000000
38316  -23.410  -49.719  18.044 0.1250000000
44417  -15.042  -43.265  32.095 0.1250000000
126944  -24.111  -49.732  17.850 0.1250000000
40507  -27.257  -47.184  14.882 0.1250000000
115385  -14.326  -42.939  32.234 0.1250000000
45534  -13.611  -42.630  31.498 0.1250000000
45533  -12.891  -42.599  31.820 0.1250000000
45535  -14.380  -42.826  31.330 0.1250000000
45549  -13.697  -42.670  30.587 0.1250000000
133365  -42.246  -29.206  4.614 0.1250000000
61875  -46.908  -26.457  10.792 0.1250000000
117507  -46.668  -25.158  10.747 0.1250000000
117073  -45.944  -25.120  10.620 0.1250000000
130820  -48.398  -24.983  11.135 0.1250000000
63495  -47.482  -24.824  10.908 0.1250000000
63496  -48.263  -24.248  11.037 0.1250000000
64364  -48.181  -23.430  10.829 0.1250000000
65349  -46.553  -21.946  1.807 0.1250000000
67408  -48.707  -20.814  -0.038 0.1250000000
138779  -47.758  -20.704  0.855 0.1250000000
67419  -49.113  -20.407  -0.646 0.1250000000
70327  -52.451  -17.204  5.016 0.1250000000
70324  -53.138  -16.980  5.483 0.1250000000
71290  -54.887  -16.323  5.514 0.1250000000
71297  -54.001  -16.699  4.315 0.1250000000
138010  -55.208  -16.120  3.001 0.1250000000
130902  -55.607  -15.975  5.014 0.1250000000
71299  -55.645  -15.897  4.222 0.1250000000
72261  -56.050  -15.116  3.544 0.1250000000
72267  -55.687  -15.215  2.957 0.1250000000
72248  -56.160  -15.235  4.127 0.1250000000
73169  -55.886  -14.906  3.396 0.1250000000
73185  -55.426  -14.985  2.579 0.1250000000
73189  -55.027  -14.999  1.930 0.1250000000
129795  -55.237  -14.720  2.917 0.1250000000
73184  -54.759  -14.744  1.953 0.1250000000
73183  -53.572  -14.183  1.921 0.1250000000
127942  -54.395  -14.498  2.592 0.1250000000
73134  -56.301  -14.877  4.861 0.1250000000
73187  -54.032  -14.328  1.131 0.1250000000
134536  -42.330  -28.519  4.667 0.1250000000
65343  -46.039  -22.584  2.200 0.1250000000
129074  -45.896  -21.736  2.111 0.1250000000
67432  -49.426  -20.112  -1.180 0.1250000000
51652  -25.784  -36.740  33.154 0.1250000000
62692  -46.358  -25.786  10.709 0.1250000000
70328  -53.219  -16.963  4.605 0.1250000000
71301  -55.654  -15.638  3.350 0.1250000000
71289  -53.945  -16.682  5.092 0.1250000000
36041  -4.436  -50.994  32.258 0.1250000000
36081  -6.467  -51.289  28.775 0.1250000000
45548  -12.748  -42.544  30.740 0.1250000000
59132  -41.446  -29.404  4.559 0.1250000000
58104  -42.081  -29.978  4.674 0.1250000000
62693  -47.173  -25.687  10.872 0.1250000000
120530  -56.114  -15.625  5.891 0.1250000000
120818  -56.207  -15.350  4.979 0.1250000000
41306  -22.977  -46.859  31.936 0.2500000000
42366  -26.106  -44.601  25.118 0.8750000000
43386  -25.793  -45.044  30.778 0.2500000000
43404  -26.234  -44.479  29.615 0.5000000000
44493  -26.653  -43.296  27.671 0.8750000000
46578  -26.782  -41.579  29.328 0.5000000000
46588  -26.846  -41.935  27.638 0.7500000000
46694  -22.973  -40.504  16.691 0.8750000000
47482  -25.429  -40.729  33.620 0.1250000000
47605  -23.924  -40.415  21.406 1.0000000000
47692  -23.016  -40.960  14.030 0.7500000000
48407  -23.062  -39.621  34.287 0.1250000000
48418  -25.286  -39.136  33.563 0.2500000000
48419  -25.762  -38.891  33.162 0.3750000000
49517  -24.364  -38.808  34.153 0.1250000000
49540  -25.916  -38.092  32.941 0.2500000000
49541  -26.116  -38.598  32.541 0.3750000000
49605  -25.266  -38.372  27.934 0.8750000000
49821  -24.233  -38.130  12.458 0.2500000000
50632  -23.109  -38.305  34.684 0.1250000000
50701  -24.652  -37.066  27.080 0.6250000000
50873  -22.950  -38.036  14.560 0.7500000000
50961  -31.470  -37.143  9.561 0.1250000000
51641  -22.982  -37.038  34.757 0.1250000000
51651  -24.880  -37.270  33.722 0.2500000000
51665  -26.137  -36.668  31.972 0.3750000000
51803  -24.687  -36.903  21.665 1.0000000000
52624  -25.945  -35.412  31.870 0.3750000000
52784  -31.993  -34.824  18.056 0.2500000000
54570  -23.807  -32.694  34.949 0.1250000000
54636  -24.400  -33.508  26.547 0.1250000000
55892  -30.757  -32.397  8.105 0.6250000000
56621  -23.210  -30.399  36.032 0.1250000000
56920  -28.866  -31.067  9.370 0.6250000000
58745  -25.942  -29.763  34.204 0.1250000000
59065  -33.721  -29.082  7.603 0.5000000000
60034  -35.334  -27.832  14.002 0.8750000000
60067  -31.607  -28.488  10.212 0.8750000000
62740  -39.400  -25.394  5.891 0.3750000000
63506  -40.274  -24.316  7.905 0.7500000000
63508  -41.785  -24.088  8.873 0.7500000000
69309  -46.933  -18.759  5.302 0.7500000000
70396  -51.429  -17.798  -3.872 0.2500000000
71298  -54.801  -16.398  4.611 0.1250000000
119693  -54.270  -15.960  -5.516 0.1250000000
120706  -55.878  -14.612  4.816 0.1250000000
121208  -40.212  -23.607  5.765 0.5000000000
121290  -26.476  -39.494  31.535 0.3750000000
123225  -24.970  -45.533  25.839 0.7500000000
125420  -25.816  -35.615  31.199 0.5000000000
125580  -32.230  -28.103  8.940 0.7500000000
127967  -26.810  -41.153  31.083 0.3750000000
133210  -26.316  -38.946  31.081 0.5000000000
133433  -25.634  -32.400  27.029 0.1250000000
134237  -24.189  -35.742  14.114 0.5000000000
134725  -50.648  -18.035  -2.663 0.2500000000
135720  -26.723  -43.072  26.480 0.8750000000
135878  -26.908  -42.031  30.002 0.5000000000
135898  -26.566  -43.178  25.284 1.0000000000
137108  -25.614  -33.801  18.305 0.8750000000
137265  -26.695  -41.539  27.247 0.8750000000
137393  -24.566  -43.131  33.561 0.2500000000
137450  -26.415  -39.949  29.792 0.6250000000
