#!ascii label  , from subject sub-v2s9x29157_ses-1 vox2ras=TkReg
4375
28495  -9.687  -57.923  33.286 0.2222220004
29631  -11.551  -57.337  34.545 0.3333329856
30722  -14.197  -56.895  35.453 0.4444440007
31810  -14.193  -55.952  35.120 0.5555559993
32905  -13.871  -55.191  35.091 0.5555559993
33961  -13.355  -54.003  35.516 0.4444440007
33952  -12.593  -52.949  35.513 0.5555559993
137203  -9.647  -57.219  33.819 0.4444440007
131603  -10.455  -57.135  34.156 0.3333329856
30716  -7.103  -56.086  34.473 0.3333329856
30727  -7.544  -56.697  34.131 0.3333329856
120643  -8.869  -57.397  33.581 0.3333329856
29626  -12.068  -57.273  34.784 0.4444440007
29632  -13.446  -57.547  35.178 0.4444440007
30715  -6.161  -56.242  34.225 0.1111110002
30726  -6.781  -56.864  33.997 0.3333329856
30721  -12.721  -57.090  34.933 0.4444440007
30731  -12.907  -56.412  34.081 0.5555559993
30730  -12.332  -56.553  33.893 0.5555559993
32916  -12.553  -55.772  33.325 0.5555559993
32915  -11.680  -55.033  32.283 0.6666669846
33960  -12.121  -53.691  34.076 0.5555559993
34978  -11.626  -52.526  34.638 0.6666669846
34974  -12.668  -52.498  35.598 0.4444440007
33975  -11.532  -54.065  32.659 0.6666669846
34988  -11.231  -52.921  33.180 0.6666669846
36028  -10.861  -51.835  33.851 0.7777780294
36019  -11.105  -51.149  34.791 0.7777780294
33974  -10.772  -53.214  32.164 0.7777780294
34987  -10.575  -52.198  32.567 0.7777780294
36018  -10.708  -50.932  33.759 0.7777780294
33986  -10.559  -53.541  31.319 0.7777780294
124390  -10.235  -53.101  30.833 0.7777780294
36043  -10.344  -51.518  31.997 0.7777780294
36027  -10.517  -51.430  32.895 0.7777780294
35019  -10.182  -52.402  30.572 0.7777780294
35002  -10.330  -52.481  31.529 0.7777780294
36055  -10.242  -51.628  31.085 0.7777780294
29625  -10.936  -56.642  34.532 0.4444440007
30717  -8.144  -55.803  34.511 0.3333329856
30728  -8.564  -56.522  34.181 0.3333329856
29630  -9.788  -56.458  34.356 0.4444440007
30719  -10.131  -56.038  34.556 0.4444440007
31799  -5.852  -55.502  34.551 0.4444440007
31801  -7.670  -55.103  34.776 0.4444440007
30718  -9.334  -55.630  34.481 0.3333329856
30720  -11.560  -56.882  34.605 0.5555559993
31800  -6.675  -55.378  34.752 0.5555559993
32896  -7.250  -54.334  34.993 0.4444440007
32898  -8.610  -54.761  34.444 0.4444440007
31803  -9.287  -55.249  34.378 0.5555559993
129607  -9.766  -55.478  34.350 0.5555559993
129689  -10.543  -56.263  34.487 0.5555559993
30729  -11.632  -56.389  33.532 0.5555559993
31819  -12.030  -56.157  32.968 0.5555559993
138242  -7.295  -53.722  34.962 0.5555559993
33950  -7.581  -53.883  34.717 0.4444440007
33951  -8.076  -54.218  34.443 0.5555559993
124895  -10.123  -55.557  33.779 0.5555559993
30747  -11.218  -56.042  32.450 0.5555559993
32902  -8.161  -54.108  33.777 0.5555559993
32903  -8.623  -54.511  34.143 0.5555559993
133926  -8.769  -54.869  33.207 0.6666669846
31818  -9.965  -56.132  32.165 0.6666669846
31834  -10.451  -56.042  31.799 0.6666669846
31835  -11.371  -55.710  32.115 0.7777780294
121609  -11.675  -49.503  34.920 0.7777780294
34986  -6.513  -52.680  33.537 0.5555559993
33973  -7.511  -53.689  33.388 0.4444440007
32914  -7.720  -54.640  32.472 0.5555559993
131198  -8.215  -55.455  31.960 0.6666669846
122633  -10.718  -55.517  31.350 0.7777780294
32931  -11.193  -55.086  31.611 0.7777780294
33987  -11.105  -54.287  31.754 0.7777780294
37080  -10.934  -50.059  33.625 0.7777780294
33972  -6.759  -53.348  32.920 0.3333329856
32913  -6.952  -54.146  32.198 0.4444440007
31831  -7.596  -55.309  31.429 0.6666669846
31832  -8.252  -55.833  31.202 0.6666669846
31833  -9.558  -56.066  31.380 0.7777780294
32943  -9.837  -54.893  30.342 0.7777780294
32930  -10.758  -54.614  31.141 0.7777780294
117303  -10.363  -50.821  31.445 0.7777780294
37093  -10.525  -50.646  32.522 0.7777780294
31845  -9.300  -55.783  30.697 0.6666669846
33999  -10.285  -54.064  30.585 0.7777780294
136238  -10.234  -51.693  30.314 0.7777780294
127323  -10.322  -50.993  30.591 0.7777780294
31856  -8.368  -55.078  29.778 0.5555559993
31857  -9.070  -55.087  30.014 0.6666669846
34012  -9.866  -54.058  30.009 0.6666669846
125180  -10.027  -53.262  29.995 0.6666669846
32964  -8.080  -54.658  29.361 0.5555559993
32954  -8.826  -54.522  29.516 0.5555559993
34011  -9.446  -53.836  29.372 0.5555559993
35038  -9.822  -53.029  28.979 0.5555559993
35039  -10.158  -52.258  29.533 0.7777780294
34022  -8.533  -54.041  28.936 0.5555559993
35059  -10.101  -52.273  28.537 0.5555559993
36066  -10.433  -51.534  28.881 0.6666669846
39156  -11.778  -48.481  33.846 0.6666669846
39148  -12.450  -48.360  34.678 0.4444440007
38110  -11.320  -49.155  33.424 0.7777780294
38124  -11.130  -49.148  31.964 0.7777780294
38123  -10.614  -50.008  31.690 0.7777780294
119461  -10.368  -51.257  29.766 0.7777780294
37105  -10.546  -50.266  30.840 0.7777780294
37121  -10.679  -50.693  29.238 0.6666669846
34023  -9.068  -53.396  28.555 0.5555559993
39166  -11.602  -48.477  32.728 0.8888890147
40240  -12.621  -47.833  34.283 0.5555559993
126819  -13.625  -47.673  34.833 0.4444440007
39167  -12.070  -47.898  32.254 0.8888890147
127083  -12.093  -47.912  31.132 0.8888890147
38138  -10.915  -49.528  30.961 0.7777780294
130835  -11.828  -48.350  30.174 0.8888890147
37106  -10.791  -49.866  30.304 0.7777780294
38150  -11.249  -49.204  30.079 0.7777780294
37122  -10.908  -49.932  29.600 0.6666669846
39201  -11.637  -48.697  29.476 0.7777780294
37135  -10.724  -50.917  28.376 0.5555559993
38163  -11.322  -49.343  29.158 0.7777780294
37136  -11.048  -50.120  28.764 0.4444440007
38180  -11.392  -49.480  28.288 0.6666669846
37155  -11.076  -50.368  27.832 0.5555559993
122346  -11.400  -49.709  27.308 0.5555559993
40252  -15.752  -47.085  35.514 0.4444440007
40256  -13.373  -46.944  33.062 0.8888890147
40251  -14.894  -47.010  35.110 0.5555559993
29638  -20.696  -57.328  32.806 0.3333329856
40264  -12.703  -47.326  31.940 0.8888890147
40276  -12.857  -47.280  30.904 0.8888890147
29639  -21.483  -57.583  32.747 0.4444440007
30742  -22.567  -57.161  32.909 0.5555559993
31813  -23.261  -55.281  33.313 0.5555559993
39202  -12.192  -48.041  29.295 0.8888890147
32909  -23.959  -54.484  33.463 0.6666669846
39211  -11.719  -48.688  28.738 0.7777780294
39212  -12.186  -48.100  28.342 0.7777780294
35010  -24.197  -51.742  32.695 0.8888890147
122265  -24.427  -52.673  33.705 0.7777780294
35051  -29.459  -52.468  30.165 0.3333329856
39224  -11.763  -48.791  27.854 0.6666669846
36034  -24.716  -51.470  33.472 0.8888890147
34982  -25.020  -51.972  33.727 0.6666669846
35030  -28.938  -52.728  30.773 0.4444440007
35031  -29.445  -52.330  30.924 0.4444440007
36036  -26.191  -50.795  33.439 0.6666669846
34998  -27.308  -51.784  33.129 0.6666669846
34999  -28.071  -51.610  32.755 0.5555559993
36038  -28.062  -50.585  33.022 0.6666669846
37085  -26.566  -50.208  33.080 0.7777780294
36037  -27.134  -50.533  33.248 0.6666669846
40259  -16.295  -47.288  35.328 0.6666669846
39160  -16.535  -47.723  35.217 0.1111110002
30750  -19.400  -56.690  32.271 0.2222220004
40257  -14.486  -46.860  33.883 0.7777780294
40258  -15.543  -46.896  34.774 0.7777780294
30751  -19.978  -57.168  32.698 0.4444440007
125144  -14.135  -46.851  32.604 0.7777780294
30739  -20.112  -56.944  33.089 0.5555559993
40265  -13.471  -46.970  31.724 0.8888890147
135374  -13.004  -47.253  30.150 0.8888890147
40277  -13.681  -47.120  30.551 0.8888890147
32921  -21.666  -55.798  32.876 0.5555559993
118889  -21.695  -56.502  33.022 0.5555559993
32922  -22.531  -54.538  33.017 0.5555559993
31825  -22.646  -55.116  33.141 0.5555559993
40288  -13.394  -47.255  29.754 0.8888890147
33964  -23.246  -53.166  33.623 0.7777780294
32908  -23.163  -54.085  33.624 0.5555559993
36076  -29.989  -51.997  29.772 0.5555559993
40299  -12.723  -47.603  28.707 0.7777780294
34995  -23.398  -52.539  33.372 0.8888890147
35014  -29.602  -51.889  31.497 0.5555559993
124989  -12.631  -47.708  27.954 0.6666669846
36047  -25.131  -50.976  32.965 0.8888890147
36021  -24.959  -51.415  33.635 0.7777780294
38117  -27.910  -49.819  32.683 0.6666669846
133496  -28.792  -50.644  32.644 0.6666669846
39225  -12.224  -48.163  27.448 0.6666669846
35011  -24.815  -51.829  31.724 1.0000000000
36060  -25.577  -51.555  31.524 0.8888890147
36048  -25.837  -50.527  33.271 0.8888890147
125875  -27.726  -50.158  31.089 0.7777780294
37086  -27.387  -49.952  32.990 0.7777780294
39245  -11.772  -48.980  26.884 0.5555559993
40317  -12.889  -47.590  27.119 0.6666669846
35029  -25.853  -51.886  30.441 1.0000000000
37113  -26.807  -50.226  32.330 0.8888890147
37114  -27.374  -49.982  31.985 0.8888890147
39246  -12.243  -48.295  26.387 0.6666669846
36074  -26.328  -51.761  29.738 0.8888890147
36061  -26.472  -51.218  31.075 0.8888890147
126142  -12.406  -48.153  25.578 0.5555559993
39171  -17.056  -47.816  34.948 0.1111110002
38105  -17.823  -49.565  34.349 0.1111110002
31822  -19.331  -56.008  32.891 0.3333329856
39161  -17.117  -48.472  34.708 0.1111110002
117444  -16.201  -47.404  34.067 0.7777780294
30738  -19.572  -56.553  32.892 0.4444440007
40268  -16.070  -47.495  32.440 0.7777780294
31823  -19.813  -56.288  33.057 0.4444440007
117351  -15.302  -47.319  31.418 0.7777780294
31839  -20.743  -55.915  32.868 0.5555559993
31824  -20.613  -56.605  33.018 0.5555559993
40278  -14.691  -47.260  30.462 0.7777780294
40289  -14.167  -47.274  29.561 0.7777780294
33993  -22.357  -53.955  32.135 0.8888890147
36063  -30.715  -51.293  30.734 0.5555559993
36077  -30.550  -51.534  30.029 0.4444440007
35008  -22.947  -52.790  32.561 0.8888890147
36051  -30.211  -50.651  32.033 0.5555559993
40301  -14.198  -47.386  28.624 0.8888890147
40300  -13.413  -47.333  29.040 0.8888890147
35009  -23.538  -52.137  32.717 1.0000000000
38118  -28.485  -49.702  32.526 0.5555559993
40318  -13.382  -47.435  28.084 0.6666669846
35027  -24.200  -51.860  30.805 1.0000000000
35028  -25.194  -52.116  30.555 1.0000000000
36062  -27.239  -50.579  31.033 0.8888890147
37128  -27.650  -50.381  30.060 0.8888890147
35049  -25.518  -52.190  29.604 1.0000000000
36075  -27.046  -51.054  29.906 0.8888890147
37144  -27.413  -50.621  28.984 0.8888890147
39265  -12.131  -48.413  24.749 0.4444440007
40344  -12.910  -47.799  25.144 0.6666669846
40345  -13.466  -47.565  25.690 0.7777780294
35065  -25.937  -52.092  28.773 1.0000000000
36092  -26.363  -51.738  27.961 1.0000000000
40358  -13.433  -47.717  24.439 0.6666669846
37076  -17.995  -50.345  34.363 0.1111110002
37082  -17.709  -50.807  34.140 0.1111110002
31838  -19.051  -56.058  32.649 0.2222220004
39172  -17.744  -48.694  34.277 0.2222220004
31821  -19.033  -55.261  32.824 0.3333329856
39181  -17.004  -47.941  33.470 0.5555559993
32920  -19.347  -55.530  32.903 0.4444440007
32934  -20.204  -54.669  32.210 0.6666669846
40280  -16.118  -47.651  31.173 0.7777780294
34003  -20.698  -53.775  30.964 0.6666669846
32935  -20.498  -55.256  32.452 0.6666669846
37115  -31.216  -50.703  30.965 0.4444440007
37145  -31.188  -50.726  29.415 0.3333329856
40279  -15.585  -47.524  30.362 0.7777780294
32947  -21.010  -54.459  31.390 0.7777780294
32936  -21.513  -55.017  32.111 0.6666669846
37129  -31.160  -50.911  30.143 0.3333329856
34004  -21.348  -53.671  30.637 0.8888890147
35025  -22.286  -53.228  31.146 0.8888890147
131431  -30.733  -50.933  31.367 0.6666669846
116994  -14.801  -47.464  28.994 0.7777780294
40291  -16.020  -47.768  29.511 0.7777780294
116795  -22.871  -52.157  30.776 1.0000000000
38119  -29.188  -49.285  32.348 0.7777780294
37088  -29.181  -50.039  32.575 0.5555559993
40302  -15.159  -47.547  28.266 0.7777780294
35047  -23.872  -51.577  29.673 1.0000000000
38156  -28.158  -49.845  30.551 0.8888890147
38132  -28.578  -49.501  32.227 0.6666669846
134132  -13.759  -47.488  26.445 0.6666669846
40319  -14.369  -47.457  27.793 0.8888890147
40321  -16.071  -47.615  27.563 0.7777780294
35048  -24.784  -52.232  29.681 1.0000000000
115989  -14.565  -47.469  27.001 0.7777780294
40331  -15.489  -47.487  26.796 0.7777780294
125047  -24.079  -51.403  28.275 0.8888890147
120425  -25.090  -52.346  28.755 1.0000000000
40332  -16.433  -47.543  26.602 0.8888890147
35064  -24.493  -52.019  28.888 1.0000000000
36091  -25.456  -52.232  27.929 1.0000000000
36093  -26.760  -51.425  28.867 1.0000000000
131139  -13.666  -47.586  25.113 0.6666669846
117276  -15.095  -47.500  25.330 0.7777780294
117156  -15.765  -47.468  25.965 0.7777780294
35077  -24.757  -52.152  27.874 0.8888890147
39285  -13.170  -47.846  23.628 0.5555559993
40359  -14.338  -47.557  24.620 0.5555559993
120185  -13.880  -47.658  23.858 0.4444440007
40372  -14.670  -47.565  23.506 0.5555559993
123232  -15.371  -47.514  24.430 0.6666669846
37077  -18.215  -50.927  34.225 0.1111110002
34991  -17.955  -52.470  33.594 0.1111110002
38115  -18.258  -49.531  34.149 0.1111110002
38106  -18.342  -50.212  34.241 0.1111110002
37083  -18.739  -50.945  34.068 0.1111110002
34992  -18.534  -52.626  33.631 0.1111110002
32919  -18.749  -54.197  32.884 0.3333329856
39182  -17.529  -48.474  32.426 0.6666669846
37084  -19.095  -51.380  33.547 0.5555559993
36046  -19.192  -52.174  33.199 0.6666669846
33979  -18.839  -53.691  33.106 0.5555559993
138570  -16.719  -47.877  32.019 0.7777780294
35007  -19.287  -53.151  32.737 0.5555559993
127176  -19.028  -54.714  32.960 0.4444440007
117348  -19.593  -52.415  31.575 0.7777780294
34002  -20.111  -53.262  31.181 0.7777780294
37130  -31.587  -50.185  30.575 0.4444440007
37146  -31.560  -50.254  29.926 0.2222220004
121682  -16.280  -47.784  30.357 0.7777780294
37101  -30.892  -50.232  31.770 0.6666669846
38134  -31.248  -49.479  31.798 0.4444440007
38158  -31.826  -49.616  30.358 0.2222220004
35044  -20.795  -52.403  29.571 1.0000000000
35023  -20.658  -53.047  30.273 1.0000000000
118049  -15.428  -47.633  28.961 0.7777780294
39203  -16.848  -48.072  30.011 0.7777780294
34015  -21.051  -53.092  30.003 1.0000000000
39196  -29.125  -48.686  31.146 0.6666669846
38133  -30.557  -49.444  32.191 0.5555559993
39185  -30.542  -48.684  32.182 0.5555559993
39213  -16.806  -48.109  29.039 0.7777780294
35063  -21.050  -51.855  28.863 1.0000000000
134138  -21.517  -52.220  29.352 1.0000000000
35045  -22.588  -51.843  29.759 1.0000000000
38144  -28.659  -49.271  31.166 0.7777780294
126880  -29.324  -48.247  30.768 0.7777780294
40281  -29.670  -47.636  30.972 0.8888890147
40270  -30.871  -47.801  32.121 0.5555559993
40304  -16.922  -47.870  28.117 0.7777780294
36071  -21.671  -51.590  28.791 1.0000000000
36072  -22.391  -51.433  29.039 1.0000000000
35046  -23.429  -51.684  30.331 1.0000000000
38157  -28.543  -49.413  30.038 0.8888890147
39216  -29.059  -48.719  29.039 0.7777780294
39207  -29.445  -48.032  29.834 0.6666669846
123867  -29.979  -47.548  28.386 0.8888890147
36089  -22.290  -51.023  28.434 1.0000000000
36090  -23.739  -51.321  28.975 1.0000000000
37143  -27.118  -50.947  28.045 0.8888890147
116465  -27.670  -50.153  28.148 0.8888890147
38171  -28.539  -49.239  28.486 0.8888890147
39229  -28.997  -48.698  27.949 0.8888890147
40305  -29.777  -47.586  29.197 0.8888890147
40322  -17.100  -47.734  27.206 0.8888890147
120693  -24.252  -51.591  27.379 0.8888890147
36127  -26.187  -51.756  26.511 1.0000000000
119964  -28.098  -49.635  28.128 0.8888890147
40347  -16.670  -47.497  25.734 0.7777780294
40333  -17.330  -47.624  26.327 0.8888890147
35078  -25.160  -52.281  27.226 1.0000000000
36113  -25.915  -52.019  27.176 0.8888890147
40360  -16.013  -47.476  25.125 0.6666669846
40348  -17.539  -47.566  25.455 0.8888890147
40334  -18.136  -47.752  26.031 0.8888890147
122800  -16.292  -47.481  24.327 0.6666669846
40373  -15.778  -47.488  23.567 0.5555559993
40374  -16.707  -47.407  23.613 0.6666669846
38130  -18.342  -49.205  33.478 0.5555559993
37098  -19.061  -50.523  33.180 0.6666669846
38131  -18.775  -49.683  32.576 0.6666669846
37099  -19.335  -51.291  32.034 0.7777780294
38140  -18.240  -49.016  31.766 0.6666669846
37111  -19.164  -50.178  31.599 0.7777780294
38159  -32.017  -49.175  30.079 0.3333329856
38141  -18.731  -49.478  30.990 0.7777780294
37112  -19.475  -50.736  30.534 1.0000000000
35022  -20.202  -52.481  30.365 1.0000000000
38145  -31.827  -49.418  31.068 0.4444440007
39194  -17.533  -48.490  30.799 0.7777780294
39195  -18.227  -48.876  30.297 0.7777780294
119004  -19.886  -51.215  29.672 1.0000000000
35043  -20.241  -51.845  29.688 1.0000000000
39186  -31.498  -48.704  31.838 0.4444440007
127506  -31.744  -48.083  31.876 0.4444440007
40271  -31.487  -47.417  32.030 0.4444440007
39204  -17.558  -48.430  29.612 0.7777780294
38154  -18.797  -49.263  29.706 0.7777780294
37127  -19.628  -50.449  29.424 1.0000000000
41309  -30.668  -46.790  31.755 0.5555559993
41310  -31.634  -46.782  31.937 0.4444440007
39205  -18.240  -48.756  29.157 0.7777780294
36069  -20.234  -51.463  29.303 1.0000000000
40292  -29.807  -47.232  29.997 0.6666669846
40293  -30.181  -46.599  29.993 0.6666669846
41321  -30.964  -46.046  31.451 0.4444440007
39214  -17.596  -48.314  28.632 0.7777780294
39215  -18.339  -48.527  28.234 0.8888890147
36087  -20.830  -51.305  28.487 1.0000000000
40306  -30.137  -47.034  29.153 0.8888890147
120911  -30.574  -46.420  29.191 0.7777780294
41329  -30.514  -46.085  29.992 0.6666669846
42302  -30.793  -45.708  30.576 0.4444440007
39226  -17.739  -48.084  27.740 0.8888890147
36088  -21.446  -51.237  28.363 1.0000000000
40323  -29.636  -48.079  27.733 0.8888890147
40324  -30.253  -47.498  27.467 0.8888890147
41339  -31.008  -46.191  28.466 0.8888890147
41330  -31.016  -45.705  29.358 0.4444440007
39247  -17.934  -47.880  26.884 0.8888890147
36110  -22.022  -50.676  27.842 0.8888890147
36111  -22.887  -50.617  27.866 0.8888890147
37165  -26.752  -51.266  27.102 1.0000000000
37186  -27.205  -50.590  26.624 1.0000000000
38187  -27.869  -49.746  27.452 0.8888890147
39251  -28.738  -48.906  27.069 0.8888890147
125852  -29.277  -48.463  27.185 0.8888890147
40335  -29.834  -48.013  26.855 0.8888890147
41338  -30.597  -46.884  28.200 0.8888890147
42357  -31.789  -45.775  26.992 0.8888890147
42330  -31.577  -45.578  28.133 0.7777780294
36112  -23.591  -50.933  27.731 0.8888890147
35088  -24.768  -52.084  26.871 0.8888890147
37206  -27.325  -50.333  25.847 1.0000000000
38213  -27.644  -49.925  26.680 0.8888890147
138303  -28.577  -49.077  26.411 0.8888890147
39252  -29.238  -48.569  26.370 0.8888890147
40351  -29.988  -47.953  25.932 0.8888890147
40336  -30.605  -47.365  26.467 0.8888890147
40337  -31.122  -46.975  25.832 0.8888890147
40349  -18.342  -47.674  25.167 0.8888890147
39249  -19.351  -48.404  26.229 0.8888890147
37164  -23.216  -50.521  27.038 0.8888890147
138375  -23.810  -51.067  27.016 0.8888890147
136881  -25.298  -52.094  25.833 0.8888890147
37185  -26.734  -51.171  26.187 0.8888890147
38231  -27.693  -49.842  25.102 0.8888890147
39270  -29.470  -48.447  25.415 0.8888890147
40365  -30.163  -47.898  25.015 0.8888890147
127874  -31.460  -46.499  25.636 0.8888890147
40362  -17.761  -47.499  24.525 0.6666669846
40350  -19.062  -47.871  24.857 0.8888890147
36142  -24.303  -51.481  25.672 0.8888890147
137466  -24.778  -51.819  25.225 0.8888890147
36161  -25.983  -51.551  24.879 0.8888890147
129372  -27.162  -50.445  25.009 0.7777780294
39269  -28.776  -48.978  25.707 0.7777780294
40352  -30.685  -47.413  25.488 0.8888890147
41363  -31.634  -46.200  24.944 0.7777780294
40375  -17.543  -47.388  23.712 0.6666669846
40363  -18.582  -47.603  24.369 0.6666669846
36181  -24.712  -51.309  23.783 0.8888890147
36143  -25.296  -51.957  25.325 0.8888890147
36183  -25.973  -51.276  24.050 0.7777780294
37223  -27.335  -50.201  24.188 0.7777780294
136505  -28.604  -49.155  24.467 0.8888890147
39288  -29.639  -48.343  24.537 0.8888890147
40378  -30.271  -47.793  24.132 0.8888890147
40366  -30.846  -47.298  24.581 0.8888890147
41372  -31.171  -46.857  23.979 0.7777780294
37238  -24.270  -50.907  23.061 0.7777780294
37239  -26.610  -50.743  23.638 0.7777780294
38245  -27.890  -49.705  23.473 0.7777780294
38246  -28.547  -49.198  23.723 0.8888890147
39303  -29.202  -48.684  23.023 0.8888890147
119839  -30.344  -47.635  23.260 1.0000000000
126129  -30.730  -47.323  23.839 0.8888890147
37251  -23.617  -50.565  22.549 0.7777780294
132656  -24.304  -50.738  22.281 0.7777780294
36182  -25.410  -51.292  23.552 0.7777780294
37254  -27.166  -50.208  22.155 0.7777780294
38255  -27.793  -49.794  22.485 0.7777780294
38256  -28.442  -49.265  22.768 0.7777780294
39319  -29.558  -48.288  22.215 0.7777780294
40392  -30.119  -47.718  22.427 0.7777780294
40393  -30.602  -47.128  22.683 0.8888890147
37264  -23.809  -50.567  21.681 0.6666669846
37265  -24.728  -50.724  21.731 0.5555559993
116357  -25.239  -50.642  21.255 0.6666669846
116071  -26.082  -50.602  21.941 0.7777780294
134562  -26.661  -50.401  21.861 0.6666669846
38264  -27.690  -49.812  21.619 0.7777780294
38276  -28.163  -49.377  21.136 0.7777780294
39333  -29.176  -48.428  21.354 0.6666669846
40404  -29.848  -47.780  21.641 0.6666669846
40413  -30.120  -47.076  21.118 0.7777780294
37266  -25.849  -50.565  21.260 0.5555559993
38275  -27.567  -49.803  20.821 0.6666669846
38290  -28.066  -49.290  20.324 0.5555559993
39344  -28.534  -48.777  20.219 0.5555559993
40412  -29.562  -47.780  20.807 0.6666669846
41427  -29.858  -46.987  20.213 0.7777780294
37284  -26.172  -50.281  19.940 0.5555559993
38288  -26.822  -49.986  19.790 0.3333329856
38305  -27.757  -49.321  19.639 0.4444440007
39358  -28.763  -48.414  19.789 0.5555559993
40420  -28.989  -47.956  19.278 0.5555559993
117530  -29.459  -47.277  19.430 0.5555559993
137786  -27.170  -49.239  18.535 0.4444440007
39369  -28.129  -48.447  18.333 0.5555559993
40430  -28.694  -47.950  18.560 0.5555559993
40431  -29.129  -47.470  18.830 0.5555559993
39208  -32.389  -48.493  29.942 0.3333329856
39198  -32.147  -48.941  30.643 0.4444440007
40283  -32.532  -48.153  30.896 0.4444440007
130886  -32.599  -47.425  31.158 0.4444440007
41311  -32.324  -46.836  31.618 0.4444440007
38155  -19.307  -49.673  29.105 1.0000000000
37141  -19.863  -50.202  28.562 1.0000000000
36086  -20.215  -51.068  28.875 1.0000000000
123086  -31.794  -45.943  31.758 0.4444440007
37142  -20.508  -50.630  28.141 1.0000000000
42303  -31.213  -45.212  31.264 0.4444440007
39227  -18.485  -48.295  27.390 0.8888890147
38184  -19.017  -48.780  27.852 1.0000000000
37160  -20.096  -49.895  27.797 1.0000000000
36109  -21.162  -50.805  27.854 0.8888890147
42314  -31.148  -45.046  30.190 0.4444440007
37161  -20.778  -50.262  27.404 0.8888890147
37162  -21.694  -50.281  27.148 0.8888890147
37163  -22.520  -50.384  27.327 0.8888890147
42329  -31.602  -45.098  29.048 0.7777780294
39248  -18.665  -48.107  26.560 1.0000000000
38185  -19.633  -49.182  27.446 1.0000000000
38186  -20.311  -49.590  27.054 0.8888890147
37183  -21.785  -49.897  26.277 0.8888890147
37184  -22.539  -50.142  26.638 0.8888890147
42358  -32.109  -45.004  26.478 0.8888890147
38210  -19.828  -48.941  26.680 0.8888890147
38211  -20.478  -49.338  26.314 0.8888890147
36124  -23.749  -50.949  26.298 0.8888890147
42367  -32.054  -45.130  25.556 0.8888890147
39267  -19.556  -48.305  25.382 0.7777780294
37203  -22.483  -49.964  25.762 0.8888890147
37204  -23.161  -50.357  26.069 0.8888890147
36141  -23.699  -50.854  25.416 0.8888890147
129644  -31.913  -45.512  25.069 0.8888890147
43479  -32.089  -44.768  24.791 0.8888890147
127110  -18.094  -47.275  23.126 0.4444440007
131912  -18.279  -47.452  23.817 0.5555559993
40364  -19.177  -47.761  23.968 0.6666669846
121029  -23.051  -50.271  25.081 0.8888890147
41373  -31.516  -46.266  24.175 0.7777780294
42380  -31.823  -45.556  24.297 0.8888890147
138344  -18.738  -47.550  23.865 0.6666669846
37236  -22.742  -50.132  23.662 0.7777780294
37221  -23.247  -50.425  24.197 0.7777780294
36158  -23.645  -50.762  24.671 0.7777780294
41380  -31.335  -46.292  23.462 0.7777780294
37250  -22.883  -50.261  22.828 0.7777780294
37237  -23.429  -50.533  23.373 0.7777780294
36180  -23.945  -50.921  23.953 0.7777780294
121849  -30.632  -46.373  21.448 0.7777780294
41409  -30.824  -46.511  22.235 0.8888890147
125863  -23.112  -50.374  22.130 0.5555559993
136367  -23.415  -50.353  20.134 0.5555559993
37273  -23.592  -50.461  20.801 0.5555559993
37274  -24.569  -50.597  20.869 0.5555559993
41442  -29.889  -46.428  19.463 0.7777780294
37281  -23.745  -50.288  19.447 0.4444440007
37283  -25.368  -50.354  19.675 0.5555559993
38302  -25.791  -50.146  19.262 0.4444440007
38303  -26.396  -49.924  19.225 0.3333329856
41453  -29.495  -46.767  18.801 0.5555559993
37287  -24.176  -50.061  18.627 0.3333329856
38317  -24.950  -49.768  18.041 0.3333329856
38318  -25.794  -49.844  18.620 0.3333329856
38337  -26.783  -49.141  17.886 0.2222220004
39387  -27.794  -48.336  17.583 0.4444440007
40448  -28.981  -47.175  18.095 0.5555559993
41464  -29.056  -46.400  17.360 0.5555559993
128909  -25.082  -49.441  17.287 0.1111110002
38336  -25.876  -49.437  17.751 0.1111110002
39385  -26.345  -48.895  17.094 0.1111110002
39386  -27.128  -48.640  17.345 0.2222220004
128924  -28.031  -47.858  17.025 0.3333329856
41463  -28.559  -47.273  17.211 0.4444440007
39401  -26.801  -48.343  16.422 0.1111110002
40446  -27.482  -48.228  16.937 0.2222220004
40464  -27.516  -47.807  16.318 0.2222220004
136312  -32.648  -47.678  30.824 0.2222220004
42292  -31.772  -45.079  31.850 0.4444440007
43388  -31.336  -44.359  30.862 0.4444440007
43405  -31.821  -44.334  29.380 0.4444440007
42346  -31.981  -45.126  27.424 0.8888890147
44478  -32.167  -43.854  28.161 0.8888890147
37182  -20.993  -49.919  26.650 0.8888890147
43452  -32.258  -44.154  26.503 0.8888890147
43437  -32.184  -44.447  27.322 0.8888890147
39250  -20.038  -48.765  25.904 0.8888890147
138670  -20.589  -49.177  25.671 0.8888890147
38212  -21.104  -49.578  25.920 0.8888890147
42368  -32.188  -44.456  25.690 0.8888890147
39268  -20.333  -48.776  25.034 0.7777780294
38229  -20.999  -49.364  25.173 0.8888890147
44531  -32.188  -43.914  25.046 0.8888890147
39286  -19.727  -48.263  24.477 0.6666669846
39302  -20.449  -48.807  23.985 0.7777780294
38243  -21.524  -49.513  24.522 0.7777780294
38244  -22.307  -49.835  24.896 0.8888890147
44547  -32.133  -43.969  24.086 0.8888890147
40376  -18.808  -47.464  23.324 0.6666669846
40377  -19.363  -47.795  23.258 0.6666669846
38253  -21.539  -49.503  23.640 0.7777780294
38263  -22.134  -49.802  23.081 0.7777780294
37220  -22.703  -50.063  24.399 0.7777780294
40390  -18.600  -47.220  22.538 0.4444440007
40391  -19.231  -47.565  22.637 0.4444440007
38273  -21.296  -49.382  21.561 0.6666669846
38274  -22.457  -50.048  22.172 0.6666669846
40403  -19.062  -47.278  21.991 0.4444440007
39316  -19.800  -48.148  22.746 0.4444440007
38287  -22.081  -49.870  21.270 0.6666669846
37263  -22.937  -50.300  21.444 0.5555559993
38300  -22.122  -49.824  20.179 0.5555559993
37272  -22.798  -50.205  20.607 0.5555559993
37280  -22.901  -50.124  19.732 0.5555559993
38301  -23.181  -49.978  18.852 0.4444440007
38316  -23.410  -49.719  18.044 0.1111110002
126944  -24.111  -49.732  17.850 0.1111110002
38335  -24.377  -49.504  17.257 0.1111110002
38334  -23.594  -49.493  17.275 0.1111110002
38351  -23.857  -49.221  16.538 0.1111110002
125101  -25.049  -48.759  16.011 0.1111110002
120436  -25.908  -48.631  16.235 0.1111110002
40465  -28.174  -47.305  16.427 0.3333329856
138919  -28.615  -46.734  16.667 0.4444440007
41322  -32.692  -46.745  31.200 0.1111110002
41312  -32.533  -46.079  31.500 0.3333329856
124503  -33.115  -46.072  30.845 0.1111110002
43370  -32.233  -44.432  32.015 0.1111110002
43369  -31.641  -44.378  31.636 0.5555559993
44444  -31.613  -43.587  31.421 0.2222220004
44462  -31.779  -43.562  30.154 0.5555559993
128529  -31.791  -42.894  31.876 0.1111110002
43465  -32.201  -43.742  25.854 0.8888890147
45590  -32.078  -42.989  26.774 0.8888890147
127153  -32.112  -43.292  25.368 0.8888890147
45589  -31.869  -42.346  26.274 0.8888890147
125729  -21.043  -49.272  23.984 0.7777780294
121008  -32.086  -43.186  24.651 0.8888890147
39301  -19.817  -48.247  23.575 0.6666669846
39317  -20.389  -48.717  23.026 0.5555559993
38252  -20.949  -49.195  23.322 0.6666669846
119123  -31.860  -43.597  23.098 0.8888890147
39332  -20.329  -48.591  22.145 0.5555559993
38261  -20.962  -49.176  22.420 0.5555559993
38286  -21.407  -49.446  20.658 0.5555559993
38314  -21.737  -49.336  18.497 0.3333329856
44428  -32.943  -43.530  32.102 0.1111110002
45541  -32.399  -42.700  32.256 0.1111110002
45568  -31.966  -42.852  29.451 0.5555559993
124109  -31.640  -41.750  30.835 0.1111110002
45527  -31.969  -41.493  32.398 0.1111110002
45575  -31.904  -42.279  27.973 0.7777780294
115369  -31.775  -41.861  29.706 0.2222220004
46589  -31.678  -41.531  27.505 0.7777780294
46579  -31.656  -41.420  28.544 0.3333329856
45595  -31.920  -42.516  25.335 0.8888890147
133004  -31.601  -41.551  25.719 0.8888890147
131973  -31.681  -41.805  24.905 0.8888890147
45601  -31.966  -42.995  23.793 0.8888890147
126450  -31.866  -42.377  24.401 1.0000000000
136044  -31.487  -42.435  22.599 1.0000000000
46632  -31.291  -41.890  22.841 1.0000000000
48443  -31.467  -39.453  32.136 0.1111110002
47509  -31.305  -40.469  31.101 0.2222220004
47500  -31.478  -40.369  31.989 0.1111110002
48507  -31.011  -39.927  27.282 0.4444440007
47532  -31.281  -40.392  28.723 0.2222220004
46561  -31.481  -41.076  30.410 0.2222220004
47554  -31.017  -40.224  26.475 0.5555559993
131191  -31.400  -40.839  26.994 0.6666669846
47564  -31.093  -40.596  25.721 0.6666669846
129598  -31.396  -40.981  26.292 0.6666669846
47583  -30.290  -40.603  23.525 1.0000000000
47584  -30.948  -41.019  24.096 1.0000000000
46621  -30.672  -41.162  22.942 1.0000000000
46631  -30.584  -41.375  22.242 1.0000000000
116798  -31.262  -38.430  31.693 0.1111110002
50681  -30.582  -37.748  29.757 0.2222220004
49580  -30.894  -38.508  30.548 0.2222220004
49553  -31.631  -38.803  32.237 0.2222220004
48456  -31.133  -39.540  31.230 0.1111110002
49591  -30.311  -37.967  28.762 0.2222220004
48494  -30.409  -38.966  27.589 0.2222220004
48480  -30.549  -38.833  28.449 0.2222220004
49606  -30.167  -38.162  27.887 0.2222220004
48506  -30.345  -39.231  26.737 0.5555559993
49648  -29.689  -38.611  26.095 0.5555559993
49623  -29.879  -38.210  26.956 0.2222220004
47553  -30.388  -39.650  25.919 0.5555559993
48524  -29.667  -39.109  25.342 0.6666669846
127599  -29.661  -39.870  23.917 0.8888890147
48542  -29.664  -39.544  24.573 0.8888890147
48523  -29.108  -38.597  24.710 0.7777780294
48557  -29.240  -39.690  23.191 1.0000000000
48556  -28.924  -38.884  23.823 0.7777780294
47596  -29.800  -40.527  22.587 1.0000000000
47595  -28.886  -39.570  22.374 1.0000000000
47606  -28.759  -39.692  21.558 1.0000000000
132653  -29.238  -40.191  22.074 1.0000000000
47618  -28.698  -40.271  20.343 1.0000000000
47607  -29.193  -40.507  20.942 1.0000000000
49567  -30.935  -37.555  30.871 0.2222220004
50660  -31.500  -37.294  31.648 0.1111110002
50682  -30.742  -36.994  30.121 0.2222220004
50690  -30.457  -37.250  29.059 0.2222220004
51711  -30.557  -37.039  28.459 0.2222220004
50704  -30.436  -37.168  27.573 0.3333329856
50703  -30.283  -37.515  28.172 0.2222220004
50723  -29.948  -37.514  26.758 0.2222220004
50724  -30.478  -36.995  26.693 0.2222220004
131400  -29.273  -37.691  25.275 0.5555559993
49622  -29.433  -37.828  26.084 0.6666669846
49647  -28.894  -37.942  24.846 0.7777780294
48569  -28.712  -38.780  22.837 1.0000000000
49675  -28.797  -38.052  24.161 0.7777780294
50755  -29.125  -37.666  24.511 0.7777780294
49692  -28.801  -38.131  23.321 1.0000000000
118598  -28.565  -38.837  21.940 1.0000000000
48586  -28.390  -38.968  21.091 1.0000000000
48616  -28.258  -39.155  19.780 1.0000000000
48599  -28.462  -39.594  20.723 1.0000000000
47647  -28.027  -39.682  19.282 1.0000000000
50672  -31.227  -36.713  31.131 0.2222220004
50691  -30.949  -36.645  29.352 0.2222220004
51728  -31.201  -36.610  28.221 0.2222220004
120294  -30.578  -36.968  25.202 0.5555559993
50741  -29.696  -37.246  24.933 0.5555559993
50773  -29.699  -37.532  23.294 0.7777780294
50756  -29.693  -37.334  24.098 0.7777780294
50789  -29.096  -37.821  22.927 0.8888890147
49728  -29.230  -37.920  22.145 1.0000000000
50790  -29.636  -37.719  22.638 0.8888890147
49742  -28.977  -38.389  20.568 1.0000000000
49727  -28.823  -38.472  21.424 1.0000000000
49755  -28.524  -38.745  20.126 1.0000000000
48598  -28.263  -39.054  20.409 1.0000000000
48629  -28.194  -39.293  18.961 1.0000000000
48617  -28.567  -38.841  19.443 1.0000000000
116055  -28.012  -39.285  18.155 1.0000000000
131416  -28.547  -39.377  16.808 0.7777780294
48642  -27.902  -39.435  17.371 0.8888890147
48663  -27.882  -39.467  16.543 0.4444440007
51699  -31.270  -36.370  30.579 0.1111110002
51712  -31.584  -36.187  29.059 0.1111110002
51700  -31.604  -35.958  30.041 0.1111110002
121251  -32.036  -36.136  28.436 0.2222220004
51745  -31.546  -36.669  26.625 0.4444440007
51729  -32.096  -36.340  27.483 0.2222220004
50742  -30.997  -36.886  25.923 0.4444440007
50757  -31.397  -37.058  24.645 0.7777780294
135322  -30.597  -37.126  24.434 0.6666669846
50774  -30.725  -37.405  23.625 0.7777780294
116105  -31.633  -37.388  23.997 0.6666669846
50791  -30.553  -37.681  22.826 0.7777780294
49729  -30.964  -38.211  21.492 0.8888890147
49711  -31.355  -38.055  22.261 0.8888890147
119619  -29.671  -38.117  21.258 1.0000000000
49743  -30.115  -38.423  20.298 1.0000000000
121822  -30.774  -38.380  20.857 1.0000000000
117767  -31.890  -38.631  20.923 1.0000000000
49756  -29.181  -38.523  19.817 1.0000000000
48618  -30.323  -38.708  19.445 1.0000000000
48643  -29.044  -39.249  17.577 0.8888890147
117707  -29.582  -39.050  18.289 1.0000000000
128304  -30.720  -39.086  18.534 1.0000000000
48681  -28.897  -39.446  15.902 0.4444440007
131035  -30.313  -39.392  16.959 0.7777780294
118413  -28.946  -39.563  14.926 0.3333329856
48682  -30.273  -39.650  15.506 0.3333329856
116856  -30.838  -39.531  16.213 0.7777780294
115815  -30.133  -39.836  14.643 0.2222220004
130774  -31.254  -39.726  15.468 0.4444440007
52647  -32.192  -35.463  30.756 0.1111110002
52659  -32.322  -35.576  29.514 0.1111110002
51746  -32.591  -36.337  26.516 0.3333329856
51757  -32.128  -36.677  25.835 0.4444440007
118951  -33.042  -36.467  25.767 0.4444440007
50758  -32.233  -37.196  24.475 0.4444440007
136552  -33.323  -36.622  25.318 0.4444440007
49693  -31.824  -37.850  23.126 0.7777780294
50775  -32.560  -37.643  23.747 0.6666669846
49694  -32.921  -38.156  23.037 0.7777780294
49695  -33.823  -38.149  22.926 0.7777780294
49730  -32.041  -38.483  21.706 0.8888890147
49712  -32.436  -38.377  22.390 0.7777780294
128149  -33.578  -38.798  21.600 0.7777780294
128613  -34.158  -38.493  22.195 0.7777780294
137123  -32.505  -38.915  20.548 0.8888890147
49747  -34.634  -38.961  20.617 0.7777780294
50800  -35.819  -37.959  21.725 0.6666669846
49734  -35.979  -38.176  20.894 0.6666669846
49744  -31.186  -38.578  20.386 1.0000000000
48600  -31.983  -38.864  20.049 1.0000000000
49746  -33.780  -39.053  20.828 1.0000000000
48602  -34.040  -39.261  20.011 1.0000000000
49733  -35.239  -38.522  21.189 0.8888890147
49749  -36.115  -38.333  20.049 0.7777780294
48619  -31.035  -38.685  19.871 1.0000000000
48620  -32.509  -39.203  19.301 0.8888890147
49757  -34.867  -39.180  19.810 0.8888890147
49758  -35.571  -38.879  19.532 0.8888890147
49759  -36.209  -38.449  19.192 0.8888890147
120745  -36.755  -37.841  19.661 0.7777780294
48632  -31.974  -39.215  18.496 0.8888890147
48634  -33.846  -39.562  18.549 1.0000000000
48623  -35.086  -39.315  19.013 0.8888890147
49763  -35.702  -38.980  18.710 1.0000000000
48644  -30.456  -39.272  17.646 0.8888890147
48645  -31.547  -39.331  17.703 0.8888890147
48646  -32.512  -39.448  17.757 0.8888890147
48633  -32.954  -39.439  18.542 0.8888890147
48635  -34.616  -39.506  18.464 1.0000000000
49764  -36.267  -38.522  18.361 1.0000000000
122275  -36.776  -37.929  18.812 1.0000000000
121613  -31.252  -39.447  16.903 0.8888890147
122810  -32.196  -39.497  16.942 0.8888890147
48647  -33.401  -39.577  17.816 1.0000000000
48636  -35.244  -39.351  18.248 1.0000000000
50822  -36.765  -37.955  18.005 1.0000000000
123346  -33.061  -39.587  17.057 0.8888890147
128969  -33.887  -39.646  17.117 0.8888890147
48648  -34.652  -39.561  17.215 1.0000000000
48668  -35.188  -39.392  16.689 1.0000000000
49769  -35.786  -39.038  17.910 1.0000000000
49770  -36.290  -38.536  17.548 1.0000000000
50829  -36.710  -37.872  17.199 1.0000000000
115986  -31.918  -39.839  14.970 0.2222220004
117774  -32.863  -39.613  16.239 0.6666669846
48666  -33.572  -39.617  16.474 0.6666669846
48667  -34.359  -39.560  16.316 0.8888890147
119630  -35.731  -38.997  16.275 0.8888890147
118068  -31.731  -40.064  14.066 0.3333329856
48683  -32.759  -39.705  15.312 0.4444440007
48684  -33.597  -39.597  15.703 0.5555559993
49794  -36.147  -38.435  16.013 0.8888890147
48699  -32.562  -39.812  14.362 0.4444440007
48721  -33.109  -39.557  13.760 0.5555559993
48700  -33.521  -39.562  14.697 0.5555559993
48685  -34.316  -39.440  15.340 0.6666669846
49804  -34.889  -39.104  15.006 0.6666669846
50862  -36.182  -37.856  15.484 0.8888890147
122310  -33.480  -38.947  13.106 0.5555559993
48701  -34.266  -39.279  14.651 0.6666669846
52675  -33.534  -35.288  27.958 0.1111110002
52648  -32.967  -34.862  30.960 0.1111110002
51730  -33.059  -35.850  27.184 0.3333329856
51747  -33.463  -36.041  26.340 0.3333329856
52688  -33.873  -35.535  26.952 0.2222220004
121627  -33.838  -36.326  25.547 0.4444440007
50759  -33.103  -37.255  24.337 0.4444440007
50760  -33.941  -37.141  24.239 0.4444440007
50776  -33.444  -37.706  23.618 0.6666669846
50777  -34.364  -37.563  23.547 0.6666669846
50793  -35.608  -37.695  22.549 0.7777780294
50794  -36.376  -37.400  22.214 0.6666669846
50795  -37.103  -37.071  21.839 0.5555559993
50802  -37.242  -37.257  20.993 0.6666669846
50801  -36.532  -37.594  21.385 0.6666669846
50809  -37.337  -37.351  20.137 0.7777780294
51795  -37.866  -36.816  21.451 0.6666669846
51805  -38.537  -36.528  20.962 0.7777780294
51816  -39.004  -36.141  20.441 0.7777780294
51823  -38.061  -36.722  19.095 0.8888890147
51824  -38.520  -36.214  19.140 0.8888890147
50823  -37.165  -37.462  18.432 0.8888890147
51831  -38.114  -36.234  18.492 0.8888890147
52801  -38.075  -35.387  17.906 0.8888890147
51830  -37.630  -36.905  18.435 0.8888890147
52800  -37.479  -35.617  17.163 0.8888890147
53748  -38.710  -34.699  18.311 0.8888890147
50830  -37.162  -37.191  17.691 0.8888890147
132104  -37.780  -34.700  17.239 0.7777780294
51858  -36.884  -36.804  16.424 0.7777780294
124852  -36.978  -35.776  16.310 0.7777780294
123713  -35.635  -38.701  15.420 0.8888890147
50845  -36.616  -37.689  16.303 0.8888890147
50876  -35.933  -37.171  14.893 0.8888890147
49813  -34.283  -38.390  13.586 0.5555559993
121714  -34.579  -38.831  14.326 0.6666669846
50875  -35.356  -37.591  14.304 0.7777780294
50888  -34.802  -37.632  13.693 0.6666669846
53605  -33.872  -34.321  30.450 0.1111110002
52660  -33.200  -34.990  29.321 0.1111110002
52676  -34.284  -34.947  27.645 0.2222220004
52689  -34.598  -35.278  26.747 0.2222220004
51748  -34.242  -35.779  26.175 0.3333329856
51758  -34.794  -36.045  25.478 0.3333329856
52703  -35.507  -35.527  25.770 0.3333329856
50761  -34.777  -36.963  24.203 0.5555559993
115180  -35.033  -36.461  24.775 0.3333329856
51759  -35.713  -36.079  24.978 0.3333329856
51771  -36.367  -36.360  24.274 0.3333329856
50778  -35.352  -37.295  23.457 0.5555559993
51770  -35.560  -36.686  24.253 0.4444440007
51780  -36.057  -36.868  23.720 0.4444440007
51781  -36.717  -36.671  23.486 0.3333329856
51772  -37.088  -36.246  23.919 0.3333329856
50779  -36.200  -37.170  23.032 0.6666669846
51794  -36.960  -36.898  22.689 0.6666669846
51782  -37.583  -36.384  23.217 0.3333329856
52729  -38.383  -35.900  23.385 0.3333329856
51796  -38.576  -36.338  21.914 0.6666669846
51783  -38.289  -36.256  22.718 0.3333329856
52743  -39.009  -35.828  22.672 0.3333329856
51806  -39.128  -36.082  21.229 0.6666669846
52744  -39.630  -35.389  22.173 0.4444440007
52774  -39.285  -35.535  19.854 0.7777780294
52766  -39.523  -35.629  20.707 0.6666669846
52745  -39.995  -35.085  21.682 0.3333329856
52785  -38.563  -35.609  18.705 0.8888890147
53713  -40.323  -34.428  20.621 0.5555559993
53750  -39.919  -33.711  19.041 0.7777780294
53768  -38.373  -34.170  17.532 0.8888890147
54780  -39.828  -33.259  18.124 0.8888890147
52817  -37.349  -34.670  16.628 0.7777780294
54795  -38.893  -33.106  16.942 0.7777780294
53769  -39.113  -33.651  17.819 0.8888890147
51875  -36.560  -36.724  15.587 0.8888890147
51889  -36.015  -36.017  14.776 0.8888890147
52841  -36.481  -35.238  15.371 0.7777780294
51888  -35.620  -36.668  14.318 0.7777780294
50887  -34.461  -37.562  13.071 0.6666669846
138289  -34.748  -37.149  13.311 0.7777780294
51900  -35.111  -36.691  13.634 0.7777780294
52859  -35.533  -35.612  13.923 0.7777780294
51913  -34.523  -36.453  12.791 0.5555559993
51914  -34.802  -35.224  13.095 0.6666669846
52879  -35.564  -33.208  13.645 0.6666669846
52894  -34.269  -33.324  12.468 0.6666669846
53851  -34.915  -32.731  12.883 0.6666669846
52677  -35.023  -34.679  27.362 0.2222220004
52690  -35.293  -35.080  26.518 0.2222220004
53641  -35.791  -34.415  27.138 0.2222220004
53630  -36.417  -33.513  28.120 0.1111110002
52691  -36.069  -34.950  26.238 0.3333329856
52704  -36.421  -35.510  25.361 0.3333329856
52717  -37.031  -35.862  24.605 0.3333329856
119191  -37.365  -35.272  25.208 0.3333329856
54638  -37.944  -33.118  27.409 0.2222220004
52718  -38.456  -35.384  24.184 0.3333329856
52719  -39.037  -35.383  23.486 0.3333329856
54639  -38.582  -32.788  27.209 0.2222220004
134314  -39.102  -34.940  24.106 0.3333329856
53694  -39.597  -35.148  22.906 0.3333329856
53670  -39.563  -34.206  24.482 0.3333329856
53679  -39.555  -34.779  23.635 0.3333329856
127095  -40.008  -34.604  23.145 0.3333329856
53680  -40.096  -34.140  23.792 0.3333329856
54709  -40.860  -33.692  22.479 0.3333329856
54710  -41.389  -32.850  22.754 0.3333329856
54763  -40.680  -33.685  20.215 0.6666669846
55810  -41.740  -32.953  21.244 0.3333329856
120162  -40.559  -33.375  19.376 0.7777780294
122415  -41.846  -32.803  20.235 0.5555559993
54796  -39.764  -32.824  17.160 0.7777780294
54797  -40.608  -32.772  17.449 0.8888890147
55825  -42.110  -32.756  18.084 0.7777780294
53786  -37.370  -33.659  16.133 0.7777780294
54811  -38.661  -32.740  16.115 0.7777780294
116614  -40.582  -32.806  16.507 0.7777780294
55824  -41.422  -32.743  17.770 0.8888890147
54798  -41.497  -32.885  16.925 0.7777780294
52842  -36.897  -34.425  15.899 0.7777780294
53809  -37.057  -33.205  15.481 0.7777780294
54810  -37.839  -32.856  15.696 0.7777780294
125812  -39.571  -32.705  16.317 0.7777780294
126217  -40.123  -32.808  15.850 0.7777780294
54812  -40.770  -33.163  16.080 0.7777780294
53808  -36.449  -33.704  15.112 0.7777780294
54826  -39.720  -33.072  15.363 0.7777780294
54813  -41.374  -33.277  16.467 0.8888890147
54825  -38.097  -32.718  14.987 0.7777780294
53835  -38.430  -33.061  14.362 0.7777780294
53810  -40.031  -33.847  15.196 0.7777780294
52860  -35.876  -34.299  14.427 0.7777780294
54845  -37.417  -32.802  14.375 0.7777780294
53834  -36.168  -33.073  14.195 0.7777780294
54844  -36.620  -32.819  13.876 0.7777780294
53854  -38.338  -33.851  13.701 0.7777780294
53836  -39.367  -33.412  14.759 0.7777780294
54866  -35.133  -32.662  12.560 0.6666669846
53852  -35.763  -32.641  13.232 0.7777780294
53853  -37.511  -33.738  13.025 0.7777780294
131541  -35.230  -32.732  11.987 0.7777780294
53864  -36.387  -33.102  12.440 0.7777780294
52881  -38.956  -35.012  13.674 0.7777780294
52896  -37.144  -34.562  12.286 0.5555559993
51901  -38.868  -35.997  13.118 0.7777780294
136965  -39.386  -35.883  13.658 0.7777780294
118899  -36.638  -36.254  11.231 0.5555559993
51933  -37.337  -36.684  11.436 0.5555559993
51916  -38.478  -36.625  12.368 0.6666669846
50921  -36.946  -36.976  10.804 0.5555559993
51934  -38.122  -37.179  11.626 0.5555559993
50943  -37.269  -37.393  10.288 0.3333329856
50922  -37.736  -37.411  10.925 0.5555559993
53629  -35.526  -33.954  28.172 0.2222220004
53642  -36.624  -34.242  26.902 0.2222220004
53631  -37.212  -33.391  27.670 0.2222220004
52692  -36.946  -34.823  25.981 0.3333329856
53643  -37.434  -34.061  26.625 0.3333329856
53644  -38.171  -33.745  26.433 0.3333329856
53656  -37.772  -34.597  25.767 0.3333329856
53657  -38.501  -34.234  25.583 0.3333329856
54653  -38.897  -33.223  26.353 0.3333329856
54654  -39.646  -32.545  26.255 0.3333329856
53669  -38.848  -34.667  24.787 0.3333329856
53658  -39.208  -33.728  25.417 0.3333329856
54668  -39.901  -33.113  25.251 0.3333329856
54655  -40.389  -31.847  26.072 0.3333329856
55755  -41.120  -31.299  25.762 0.2222220004
53671  -40.152  -33.507  24.468 0.3333329856
122860  -40.666  -33.161  23.947 0.3333329856
55772  -41.227  -31.839  24.652 0.2222220004
56777  -42.493  -30.821  25.427 0.2222220004
55786  -41.910  -31.771  23.230 0.3333329856
56791  -42.588  -30.480  24.808 0.2222220004
55799  -41.997  -32.399  22.183 0.3333329856
56818  -43.756  -30.891  23.437 0.2222220004
55757  -43.673  -31.219  24.932 0.2222220004
55800  -42.919  -32.210  21.765 0.3333329856
55788  -43.805  -31.500  22.543 0.2222220004
55758  -44.351  -31.283  24.140 0.2222220004
55818  -42.180  -32.687  19.070 0.6666669846
55811  -43.324  -32.418  20.647 0.4444440007
55789  -44.661  -31.778  22.361 0.3333329856
55832  -42.256  -32.974  17.381 0.8888890147
132688  -43.570  -32.568  19.684 0.6666669846
55801  -44.000  -32.079  21.468 0.3333329856
54799  -42.032  -33.324  17.004 0.8888890147
55827  -43.435  -32.937  18.551 0.6666669846
55812  -44.131  -32.470  20.331 0.4444440007
54827  -40.415  -33.382  15.688 0.7777780294
53787  -41.114  -33.844  16.056 0.7777780294
53770  -41.822  -33.784  16.650 0.7777780294
53771  -42.321  -33.625  17.248 0.7777780294
54784  -43.126  -33.132  18.141 0.7777780294
133311  -40.574  -34.134  15.565 0.7777780294
52862  -39.757  -34.525  14.660 0.7777780294
52818  -40.863  -34.977  15.789 0.7777780294
53855  -39.103  -34.097  14.166 0.7777780294
52843  -40.324  -34.898  15.201 0.7777780294
134837  -39.540  -35.245  14.119 0.7777780294
115759  -40.067  -35.682  14.645 0.7777780294
52861  -39.847  -36.302  13.996 0.6666669846
51917  -39.261  -37.221  12.610 0.6666669846
51902  -39.580  -36.787  13.350 0.6666669846
51890  -40.359  -36.827  14.542 0.6666669846
50942  -36.500  -37.009  10.206 0.5555559993
50903  -38.932  -37.578  11.819 0.6666669846
117978  -40.792  -37.787  13.241 0.6666669846
50976  -37.142  -37.173  9.049 0.1111110002
50964  -37.609  -37.430  9.682 0.3333329856
50944  -38.101  -37.604  10.353 0.5555559993
50924  -39.381  -37.770  11.280 0.5555559993
50925  -40.133  -37.807  11.594 0.6666669846
50905  -40.416  -37.833  12.356 0.6666669846
54692  -46.277  -33.359  22.846 0.2222220004
128559  -46.019  -34.242  22.766 0.2222220004
117678  -45.429  -32.077  22.339 0.3333329856
117950  -45.471  -35.246  22.310 0.1111110002
55821  -44.561  -32.743  20.264 0.5555559993
55802  -45.893  -32.358  21.871 0.4444440007
54766  -44.263  -33.130  19.544 0.6666669846
53751  -42.824  -33.565  17.789 0.7777780294
53752  -43.378  -33.688  18.458 0.7777780294
52819  -41.453  -34.981  16.500 0.7777780294
52802  -42.038  -34.598  17.185 0.8888890147
133395  -42.500  -34.289  17.647 0.7777780294
52787  -42.941  -34.688  18.294 0.7777780294
51843  -41.868  -35.945  17.268 0.7777780294
51876  -40.631  -36.186  15.369 0.7777780294
51861  -41.510  -36.433  16.574 0.7777780294
51877  -41.225  -36.874  15.851 0.7777780294
50863  -40.954  -37.222  15.056 0.7777780294
50847  -41.899  -37.223  16.207 0.7777780294
50877  -40.835  -37.499  14.184 0.6666669846
50864  -41.692  -37.416  15.383 0.7777780294
118614  -42.066  -37.777  13.955 0.6666669846
116163  -42.919  -37.712  14.080 0.7777780294
50977  -37.989  -37.206  9.040 0.3333329856
129332  -39.102  -37.316  9.644 0.5555559993
50946  -39.917  -37.587  10.735 0.5555559993
125890  -40.751  -37.783  11.871 0.5555559993
122969  -41.365  -37.730  13.826 0.6666669846
50890  -42.677  -37.748  13.273 0.7777780294
50879  -43.794  -37.462  14.176 0.7777780294
50978  -38.809  -37.092  9.058 0.3333329856
50966  -39.741  -37.248  9.898 0.4444440007
50947  -40.837  -37.427  11.043 0.5555559993
50926  -41.393  -37.599  11.747 0.6666669846
138645  -41.763  -37.705  12.316 0.6666669846
50891  -43.565  -37.580  13.343 0.7777780294
55777  -46.221  -32.707  22.639 0.2222220004
54711  -46.942  -33.201  22.508 0.3333329856
52748  -46.541  -34.924  22.377 0.2222220004
55813  -45.387  -32.706  21.056 0.4444440007
54745  -45.866  -33.199  20.882 0.4444440007
53729  -44.001  -33.933  19.229 0.5555559993
54744  -44.961  -33.202  20.381 0.4444440007
54746  -46.798  -33.221  21.216 0.4444440007
52775  -44.362  -34.886  19.431 0.5555559993
51844  -42.433  -35.592  17.950 0.8888890147
52788  -43.632  -35.068  18.999 0.7777780294
52789  -44.474  -35.699  19.078 0.5555559993
51862  -42.166  -36.931  16.958 0.7777780294
131061  -42.478  -36.568  17.540 0.7777780294
50831  -42.975  -37.139  17.161 0.7777780294
130899  -43.396  -37.294  16.551 0.7777780294
50848  -42.690  -37.351  16.414 0.7777780294
120009  -43.320  -37.447  15.800 0.7777780294
50849  -44.160  -37.132  16.094 0.7777780294
118826  -42.294  -37.661  14.770 0.7777780294
136573  -44.573  -36.975  15.503 0.7777780294
50867  -44.085  -37.269  15.113 0.7777780294
50892  -44.409  -37.323  13.412 0.7777780294
51966  -39.577  -36.923  9.164 0.3333329856
51951  -40.534  -37.048  10.132 0.4444440007
51952  -41.371  -36.769  10.268 0.5555559993
51935  -42.609  -36.836  11.083 0.7777780294
50928  -43.026  -37.177  11.800 0.7777780294
50910  -44.859  -37.161  12.778 0.7777780294
51991  -39.860  -36.043  7.932 0.4444440007
51968  -41.757  -36.195  9.636 0.5555559993
115207  -42.260  -36.445  10.326 0.6666669846
51936  -43.415  -36.666  11.133 0.7777780294
50929  -43.964  -36.990  11.820 0.7777780294
51918  -44.777  -36.998  12.109 0.7777780294
54712  -47.510  -33.128  22.132 0.3333329856
53697  -47.522  -33.826  22.417 0.3333329856
52760  -47.121  -35.466  21.915 0.2222220004
54727  -47.169  -32.777  21.888 0.4444440007
53698  -48.077  -33.694  22.094 0.3333329856
53714  -45.478  -33.897  20.389 0.5555559993
54747  -47.652  -33.343  21.429 0.4444440007
52776  -45.073  -35.174  19.520 0.5555559993
51833  -43.863  -36.220  18.624 0.8888890147
51834  -44.660  -36.296  18.385 0.6666669846
52790  -45.382  -35.795  18.817 0.5555559993
50832  -43.946  -37.032  17.177 0.8888890147
51846  -44.858  -36.576  17.533 0.6666669846
51847  -45.702  -36.076  17.409 0.5555559993
51863  -44.712  -36.789  16.659 0.8888890147
51864  -45.400  -36.348  16.655 0.6666669846
50880  -44.671  -37.087  14.254 0.7777780294
128009  -45.638  -36.356  15.121 0.6666669846
50881  -45.460  -36.726  14.378 0.7777780294
50893  -45.314  -36.961  13.468 0.7777780294
117357  -46.099  -36.649  13.157 0.7777780294
51919  -45.551  -36.831  12.439 0.7777780294
51980  -41.380  -35.967  8.932 0.4444440007
121983  -42.392  -35.946  9.693 0.5555559993
123246  -42.958  -36.385  10.608 0.7777780294
52937  -42.154  -35.718  9.053 0.5555559993
51969  -42.930  -35.959  10.060 0.5555559993
51953  -43.591  -36.135  10.466 0.7777780294
115266  -44.197  -36.448  11.008 0.7777780294
52750  -48.008  -34.500  22.191 0.3333329856
127057  -48.372  -35.002  21.881 0.3333329856
54728  -47.740  -33.193  21.899 0.4444440007
52762  -48.868  -34.943  21.544 0.3333329856
53715  -46.266  -34.015  20.496 0.4444440007
125430  -48.300  -33.565  21.441 0.4444440007
54730  -49.357  -33.835  21.072 0.3333329856
53732  -46.522  -34.634  19.878 0.4444440007
53717  -48.269  -33.638  20.666 0.4444440007
52777  -45.911  -35.213  19.378 0.5555559993
52778  -46.731  -35.029  19.180 0.4444440007
52791  -46.892  -35.252  18.246 0.5555559993
51835  -45.325  -36.188  18.094 0.5555559993
52803  -46.006  -35.784  18.126 0.5555559993
115120  -46.466  -35.593  17.355 0.5555559993
51848  -46.103  -35.839  16.621 0.5555559993
52820  -46.804  -35.440  16.542 0.5555559993
52821  -47.427  -35.104  16.448 0.5555559993
51879  -45.827  -36.044  15.863 0.5555559993
52844  -46.450  -35.682  15.967 0.5555559993
52845  -47.169  -35.399  15.708 0.5555559993
52846  -48.032  -35.125  15.131 0.5555559993
51892  -46.153  -36.371  14.463 0.7777780294
51880  -46.423  -35.867  15.179 0.6666669846
126406  -47.247  -35.639  14.779 0.5555559993
52863  -47.872  -35.497  14.269 0.6666669846
134873  -46.756  -36.094  14.435 0.6666669846
51893  -47.291  -36.016  14.014 0.7777780294
51920  -46.363  -36.518  12.365 0.7777780294
120232  -46.699  -36.400  12.994 0.7777780294
52954  -42.700  -35.187  8.505 0.2222220004
52955  -43.511  -35.162  8.992 0.7777780294
51954  -44.999  -36.292  10.924 0.7777780294
134299  -45.960  -36.519  11.750 0.7777780294
53914  -41.418  -34.766  7.161 0.2222220004
52938  -43.587  -35.592  9.784 0.6666669846
123522  -47.003  -33.601  8.613 0.7777780294
54922  -46.920  -32.978  8.117 0.7777780294
55893  -47.837  -32.763  8.164 0.7777780294
52768  -49.063  -35.386  21.068 0.3333329856
51819  -49.260  -35.678  20.443 0.4444440007
53719  -49.749  -34.290  20.869 0.3333329856
53733  -47.411  -34.393  19.812 0.4444440007
53718  -49.316  -33.538  20.304 0.4444440007
54749  -49.919  -33.674  20.538 0.4444440007
52779  -47.565  -34.602  18.941 0.4444440007
54785  -49.270  -33.486  19.438 0.4444440007
53753  -47.930  -34.488  17.988 0.4444440007
54786  -50.396  -33.047  19.253 0.4444440007
53755  -49.708  -33.433  18.058 0.4444440007
53772  -48.703  -34.062  17.618 0.4444440007
54814  -50.389  -33.275  17.474 0.4444440007
53788  -48.103  -34.609  16.854 0.4444440007
118863  -49.137  -34.012  17.012 0.4444440007
53789  -49.624  -33.997  16.437 0.4444440007
53811  -48.751  -34.606  15.974 0.5555559993
53812  -49.653  -34.336  15.630 0.4444440007
52847  -48.962  -34.802  15.018 0.5555559993
53813  -50.495  -33.992  15.429 0.4444440007
52882  -47.823  -35.762  13.517 0.7777780294
51906  -47.227  -36.138  13.262 0.7777780294
51955  -45.911  -36.208  10.985 0.7777780294
137679  -42.863  -34.784  8.036 0.3333329856
53899  -43.371  -34.716  8.312 0.4444440007
52939  -44.271  -35.208  9.489 0.7777780294
52925  -46.093  -35.673  10.318 0.7777780294
52941  -46.601  -35.295  9.907 0.7777780294
54942  -42.187  -33.595  6.463 0.2222220004
54943  -43.074  -33.376  6.664 0.2222220004
53900  -44.250  -34.619  8.712 0.6666669846
53887  -44.975  -34.849  9.329 0.7777780294
133806  -45.617  -34.650  9.226 0.7777780294
53888  -46.301  -34.711  9.368 0.7777780294
53903  -47.440  -33.985  8.989 0.7777780294
55928  -42.638  -32.856  6.085 0.2222220004
53904  -48.031  -33.754  8.921 0.7777780294
59095  -46.771  -29.765  6.121 0.6666669846
60142  -46.083  -28.792  5.685 0.5555559993
137961  -49.650  -35.597  20.072 0.4444440007
52770  -50.082  -34.612  20.541 0.4444440007
54750  -50.599  -33.457  20.104 0.4444440007
53735  -50.869  -33.601  19.975 0.4444440007
54768  -51.039  -33.102  19.807 0.4444440007
54800  -50.872  -32.822  18.655 0.4444440007
53790  -50.467  -33.583  16.408 0.4444440007
53837  -49.748  -34.554  14.769 0.5555559993
52864  -48.521  -35.108  14.367 0.7777780294
52865  -49.143  -34.850  14.325 0.4444440007
52898  -47.731  -35.901  12.856 0.7777780294
52883  -48.335  -35.407  13.775 0.7777780294
51921  -47.162  -36.194  12.365 0.7777780294
115323  -47.949  -35.797  12.161 0.7777780294
119335  -48.580  -35.468  12.049 0.7777780294
52913  -47.441  -35.903  11.409 0.7777780294
52914  -48.258  -35.535  11.339 0.7777780294
52899  -49.185  -35.160  12.331 0.7777780294
52915  -49.034  -35.213  11.464 0.7777780294
125020  -46.835  -35.788  10.651 0.7777780294
52926  -47.783  -35.477  10.585 0.7777780294
52942  -48.066  -35.020  9.838 0.7777780294
52927  -48.758  -35.117  10.497 0.7777780294
118253  -49.562  -34.809  10.923 0.7777780294
53889  -47.225  -34.717  9.482 0.7777780294
53890  -48.097  -34.357  9.326 0.7777780294
54908  -50.054  -33.231  8.694 0.7777780294
55912  -49.069  -32.035  7.773 0.7777780294
55895  -49.555  -32.666  8.214 0.7777780294
56954  -47.635  -31.576  7.265 0.7777780294
56976  -47.904  -30.815  6.906 0.7777780294
58070  -47.329  -30.272  6.470 0.6666669846
59096  -47.530  -29.466  6.260 0.5555559993
121441  -45.811  -28.055  5.591 0.4444440007
53757  -52.013  -32.982  19.065 0.4444440007
54801  -51.683  -32.622  18.517 0.4444440007
54788  -52.124  -32.677  18.783 0.4444440007
54815  -51.545  -32.796  17.474 0.4444440007
54803  -52.793  -32.704  17.656 0.4444440007
54828  -51.439  -33.187  16.327 0.4444440007
54816  -52.565  -32.585  17.403 0.4444440007
53814  -51.280  -33.608  15.267 0.4444440007
53838  -50.597  -34.215  14.487 0.5555559993
119263  -48.502  -35.527  12.934 0.7777780294
120798  -49.264  -35.071  13.079 0.7777780294
123270  -49.732  -34.714  13.792 0.5555559993
53865  -49.960  -34.695  12.720 0.5555559993
117042  -50.366  -34.410  12.017 0.6666669846
53875  -49.733  -34.809  11.781 0.7777780294
54897  -50.655  -33.335  9.242 0.7777780294
55897  -50.897  -32.682  8.607 0.7777780294
55896  -50.268  -32.567  8.253 0.7777780294
55913  -49.959  -32.065  7.779 0.7777780294
56955  -48.503  -31.401  7.338 0.7777780294
56956  -49.528  -31.263  7.272 0.7777780294
58053  -48.758  -30.582  6.942 0.7777780294
115705  -48.130  -30.005  6.578 0.7777780294
126766  -48.312  -29.168  6.367 0.7777780294
59118  -46.886  -28.930  5.959 0.5555559993
132979  -46.530  -28.141  5.826 0.5555559993
54829  -52.530  -32.687  16.214 0.4444440007
53857  -51.256  -33.860  14.163 0.5555559993
138085  -51.181  -33.840  14.653 0.5555559993
54876  -51.568  -33.470  12.602 0.5555559993
53866  -50.808  -34.107  12.639 0.5555559993
56939  -51.451  -31.992  8.240 0.7777780294
55914  -50.743  -32.103  7.958 0.7777780294
58071  -49.597  -30.293  6.827 0.7777780294
59097  -48.920  -29.719  6.640 0.7777780294
60123  -47.699  -28.631  6.165 0.5555559993
61071  -46.916  -27.364  6.025 0.4444440007
61923  -45.647  -26.420  5.703 0.4444440007
61070  -46.180  -27.284  5.768 0.4444440007
61922  -44.942  -25.836  5.455 0.4444440007
61069  -45.563  -27.336  5.596 0.4444440007
54817  -53.255  -32.576  17.081 0.4444440007
54818  -53.787  -32.796  16.597 0.3333329856
54847  -53.045  -32.509  15.410 0.5555559993
53839  -51.848  -33.363  14.928 0.5555559993
118441  -52.066  -33.213  13.325 0.5555559993
53867  -51.371  -33.727  13.373 0.5555559993
54877  -52.512  -32.721  12.830 0.6666669846
122640  -51.876  -33.072  11.888 0.6666669846
55880  -51.767  -32.751  10.286 0.6666669846
55898  -51.612  -32.362  8.837 0.7777780294
55888  -52.049  -32.281  9.548 0.6666669846
56940  -52.222  -31.717  8.776 0.7777780294
56958  -51.250  -31.540  7.617 0.7777780294
58054  -50.371  -30.771  6.990 0.7777780294
59098  -49.709  -29.428  6.545 0.7777780294
61046  -47.742  -27.670  6.184 0.7777780294
119451  -49.072  -28.909  6.435 0.7777780294
61924  -46.437  -26.083  6.026 0.4444440007
54868  -52.917  -32.550  13.842 0.6666669846
54883  -52.736  -32.380  12.124 0.6666669846
55873  -52.204  -32.602  11.208 0.6666669846
55881  -52.500  -32.121  10.521 0.6666669846
56959  -52.003  -31.357  7.869 0.7777780294
58055  -51.666  -30.908  7.260 0.7777780294
125070  -51.149  -30.462  6.842 0.7777780294
135928  -49.755  -28.747  6.389 0.7777780294
136575  -48.333  -27.597  6.275 0.6666669846
59099  -50.534  -29.024  6.308 0.7777780294
61925  -47.315  -26.478  6.255 0.6666669846
53816  -54.812  -33.117  15.601 0.3333329856
54848  -54.273  -32.380  15.395 0.4444440007
54849  -54.936  -32.644  15.195 0.3333329856
55844  -54.257  -32.075  14.589 0.5555559993
55845  -55.034  -32.155  14.893 0.5555559993
137733  -53.171  -32.194  12.767 0.6666669846
55859  -55.324  -31.848  14.343 0.5555559993
55874  -53.121  -31.907  11.560 0.6666669846
56913  -53.347  -31.480  10.837 0.6666669846
56927  -52.692  -31.586  9.828 0.6666669846
56941  -52.876  -31.116  9.214 0.6666669846
58038  -53.420  -30.394  9.104 0.6666669846
58037  -52.667  -30.926  8.362 0.7777780294
58056  -52.389  -30.635  7.480 0.7777780294
58057  -53.043  -30.142  8.030 0.6666669846
59100  -51.301  -29.700  6.462 0.7777780294
59085  -52.663  -29.843  7.171 0.7777780294
60113  -52.894  -29.016  6.903 0.7777780294
134553  -49.331  -28.191  6.313 0.7777780294
116830  -50.134  -28.182  6.266 0.7777780294
63562  -45.384  -24.828  3.353 0.4444440007
62753  -46.388  -24.839  5.088 0.5555559993
131405  -48.126  -26.879  6.331 0.6666669846
61047  -48.898  -27.395  6.280 0.6666669846
120545  -46.984  -25.257  6.203 0.5555559993
61896  -47.707  -25.603  6.439 0.6666669846
61897  -48.610  -26.165  6.387 0.7777780294
122866  -45.690  -25.044  4.944 0.4444440007
134053  -46.488  -25.078  5.818 0.5555559993
55858  -53.833  -31.948  13.575 0.5555559993
132507  -55.857  -32.401  14.023 0.4444440007
55866  -53.924  -31.649  12.756 0.5555559993
55867  -55.127  -31.490  13.748 0.5555559993
136871  -55.786  -32.030  14.162 0.4444440007
54878  -55.261  -33.317  13.398 0.4444440007
56898  -54.406  -31.167  12.107 0.6666669846
56915  -55.350  -30.581  11.988 0.6666669846
56914  -54.184  -30.907  11.179 0.6666669846
58010  -54.603  -30.444  10.844 0.6666669846
56928  -53.524  -30.904  10.105 0.6666669846
58023  -54.073  -30.276  9.980 0.6666669846
59073  -53.779  -29.518  8.678 0.6666669846
59086  -53.428  -29.369  7.636 0.7777780294
60125  -51.548  -28.910  6.114 0.7777780294
62763  -45.968  -25.168  3.929 0.5555559993
120536  -46.856  -25.148  3.765 0.5555559993
61048  -49.703  -27.587  6.269 0.7777780294
119504  -50.988  -28.191  6.058 0.7777780294
62746  -46.990  -24.618  5.734 0.5555559993
62723  -48.112  -24.733  6.517 0.7777780294
61898  -49.514  -26.713  6.275 0.7777780294
61049  -50.461  -27.275  6.147 0.7777780294
128564  -55.896  -31.727  13.750 0.4444440007
54879  -55.919  -32.429  13.277 0.4444440007
56899  -55.818  -30.889  12.797 0.6666669846
56887  -56.022  -31.350  13.128 0.5555559993
58011  -55.791  -29.998  11.558 0.6666669846
59042  -56.169  -29.457  11.050 0.5555559993
59057  -55.402  -29.164  10.150 0.6666669846
60114  -53.739  -28.517  7.343 0.7777780294
127755  -51.812  -28.209  5.928 0.7777780294
60127  -53.182  -28.197  6.569 0.7777780294
62754  -47.190  -24.608  4.954 0.5555559993
63546  -47.630  -24.222  5.724 0.6666669846
122015  -50.147  -25.167  6.428 0.7777780294
134265  -50.112  -26.216  6.270 0.7777780294
61050  -51.470  -27.442  5.948 0.7777780294
59027  -57.029  -29.836  11.350 0.5555559993
59043  -56.919  -29.471  11.111 0.5555559993
59074  -54.768  -28.898  9.281 0.6666669846
58025  -56.918  -30.354  10.310 0.3333329856
56929  -55.345  -31.673  9.636 0.3333329856
60106  -55.386  -27.975  9.082 0.6666669846
60115  -54.671  -27.787  8.053 0.6666669846
61051  -52.489  -27.670  6.030 0.7777780294
61040  -53.943  -27.670  7.178 0.7777780294
128547  -51.996  -26.848  5.953 0.7777780294
61901  -52.834  -26.752  6.152 0.7777780294
58026  -57.274  -29.803  10.840 0.4444440007
58041  -57.338  -29.544  9.956 0.3333329856
60092  -57.096  -28.235  9.974 0.6666669846
58040  -56.449  -30.209  9.178 0.3333329856
60091  -56.009  -28.330  9.877 0.6666669846
61053  -54.133  -27.006  7.099 0.7777780294
59059  -57.339  -29.131  10.370 0.4444440007
60076  -57.200  -28.987  10.509 0.5555559993
59075  -57.058  -29.297  8.959 0.3333329856
60107  -56.742  -27.533  9.510 0.6666669846
61035  -56.117  -27.039  8.914 0.6666669846
61042  -56.645  -26.195  8.643 0.6666669846
61041  -55.018  -26.960  7.848 0.6666669846
59076  -57.456  -28.672  9.598 0.4444440007
61030  -57.349  -27.629  9.364 0.6666669846
61891  -57.198  -25.768  8.395 0.6666669846
61886  -57.289  -26.358  8.571 0.5555559993
59089  -57.363  -28.344  8.762 0.4444440007
60108  -57.483  -27.840  9.245 0.5555559993
60117  -57.433  -27.410  8.560 0.4444440007
61037  -57.415  -27.001  8.838 0.5555559993
61043  -57.402  -26.687  8.348 0.5555559993
61892  -57.304  -26.210  8.205 0.3333329856
55910  -47.306  -32.269  7.632 0.7777780294
54906  -48.349  -33.298  8.569 0.7777780294
55894  -48.703  -32.702  8.186 0.7777780294
55911  -48.175  -32.123  7.744 0.7777780294
56975  -47.081  -31.054  6.769 0.7777780294
54894  -48.689  -33.857  9.013 0.7777780294
54895  -49.461  -33.821  9.128 0.7777780294
54907  -49.172  -33.311  8.592 0.7777780294
118928  -48.935  -34.514  9.617 0.7777780294
53891  -49.750  -34.217  9.695 0.7777780294
54896  -50.070  -33.713  9.291 0.7777780294
53881  -49.441  -34.675  10.190 0.7777780294
53882  -50.046  -34.377  10.412 0.7777780294
54882  -50.722  -33.900  10.700 0.7777780294
54888  -50.401  -33.878  9.832 0.7777780294
54889  -51.094  -33.394  10.030 0.7777780294
53876  -50.258  -34.403  11.258 0.7777780294
55887  -51.363  -32.833  9.391 0.6666669846
54875  -51.013  -33.840  11.721 0.6666669846
127330  -51.415  -33.241  10.985 0.6666669846
117099  -53.332  -32.404  14.736 0.5555559993
54831  -54.420  -32.770  15.958 0.4444440007
53840  -54.565  -33.940  15.377 0.3333329856
137183  -12.481  -57.683  34.893 0.4444440007
32904  -12.623  -54.836  33.431 0.5555559993
34973  -11.973  -51.936  35.866 0.5555559993
128449  -11.400  -51.642  35.087 0.6666669846
37073  -11.325  -50.414  34.923 0.7777780294
36012  -11.759  -50.934  36.039 0.5555559993
31802  -8.602  -55.024  34.612 0.4444440007
129847  -6.236  -54.698  35.019 0.5555559993
32897  -7.984  -54.466  34.655 0.4444440007
31808  -9.357  -54.990  34.175 0.5555559993
31809  -10.444  -55.811  34.283 0.5555559993
33949  -7.147  -53.333  34.720 0.5555559993
33959  -7.670  -53.647  34.317 0.4444440007
31817  -9.589  -55.571  32.983 0.6666669846
130369  -10.815  -56.168  32.722 0.5555559993
33958  -7.189  -53.071  34.056 0.5555559993
131487  -8.866  -56.071  31.103 0.6666669846
117040  -9.030  -55.962  31.808 0.7777780294
38100  -11.908  -48.793  34.741 0.4444440007
37069  -12.044  -49.943  36.198 0.5555559993
32929  -7.155  -54.742  31.617 0.4444440007
31846  -10.055  -55.807  31.019 0.7777780294
135215  -10.374  -55.126  30.822 0.7777780294
37094  -10.817  -49.794  32.579 0.7777780294
31843  -7.649  -55.460  30.654 0.3333329856
31844  -8.429  -55.615  30.433 0.6666669846
32955  -9.439  -54.433  29.847 0.7777780294
127384  -10.566  -50.479  30.059 0.6666669846
35058  -9.488  -52.742  28.164 0.5555559993
36083  -10.367  -51.648  28.061 0.5555559993
40248  -12.203  -47.955  33.483 0.5555559993
40241  -13.214  -47.753  34.795 0.4444440007
40249  -12.887  -47.429  33.880 0.6666669846
132970  -12.605  -47.480  32.859 0.8888890147
39150  -14.386  -47.569  35.017 0.3333329856
40242  -14.218  -47.373  35.011 0.4444440007
39179  -11.600  -48.406  31.761 0.8888890147
39191  -11.404  -48.719  30.983 0.7777780294
37154  -10.607  -51.131  27.502 0.6666669846
39159  -16.134  -47.732  35.393 0.1111110002
40250  -13.813  -47.190  34.460 0.4444440007
30741  -21.873  -57.198  33.008 0.5555559993
30740  -20.954  -57.135  32.995 0.5555559993
39192  -12.487  -47.697  30.177 0.8888890147
31826  -22.546  -56.319  33.110 0.5555559993
30743  -23.273  -56.457  32.798 0.4444440007
135805  -24.183  -51.820  31.759 1.0000000000
34980  -23.764  -52.457  33.606 0.8888890147
34981  -24.440  -51.829  33.605 0.7777780294
33965  -23.747  -53.365  33.741 0.7777780294
35066  -28.959  -52.755  29.378 0.3333329856
35067  -29.082  -52.399  28.402 0.2222220004
35013  -28.912  -52.414  31.590 0.5555559993
138420  -28.577  -52.185  32.199 0.4444440007
36035  -25.386  -51.038  33.431 0.7777780294
40266  -14.378  -47.037  31.577 0.7777780294
40287  -12.841  -47.459  29.513 0.8888890147
34994  -22.945  -53.344  33.346 0.7777780294
32907  -22.924  -53.899  33.558 0.6666669846
123949  -30.055  -51.905  30.638 0.5555559993
124681  -23.091  -52.288  31.862 1.0000000000
36050  -29.587  -51.131  32.164 0.5555559993
38143  -27.970  -49.728  31.963 0.7777780294
138900  -11.676  -49.154  26.032 0.5555559993
40330  -12.881  -47.692  26.093 0.6666669846
40267  -15.146  -46.942  33.012 0.7777780294
33992  -21.654  -54.161  31.302 0.8888890147
35026  -23.574  -51.901  31.630 1.0000000000
133157  -13.767  -47.451  27.302 0.7777780294
38170  -28.105  -49.822  29.155 0.8888890147
39284  -12.647  -48.105  24.179 0.4444440007
33991  -19.722  -54.104  32.166 0.5555559993
40290  -15.115  -47.460  29.611 0.7777780294
35024  -21.842  -52.821  30.081 0.8888890147
39173  -29.888  -49.051  32.317 0.6666669846
40303  -16.063  -47.774  28.554 0.7777780294
39206  -29.028  -48.828  30.175 0.7777780294
40320  -15.149  -47.512  27.475 0.7777780294
115988  -14.819  -47.459  26.190 0.7777780294
40346  -14.197  -47.500  25.585 0.6666669846
36125  -24.304  -51.592  26.522 0.8888890147
36032  -18.409  -51.780  34.015 0.1111110002
38116  -18.705  -49.950  33.899 0.1111110002
36033  -18.869  -51.963  33.863 0.4444440007
34993  -18.851  -52.814  33.526 0.4444440007
39193  -16.813  -48.060  31.045 0.7777780294
39187  -32.122  -48.560  31.268 0.3333329856
36070  -20.601  -51.707  29.081 1.0000000000
39197  -29.483  -48.336  31.454 0.6666669846
40269  -29.994  -47.970  31.890 0.6666669846
129373  -28.671  -49.225  29.324 0.8888890147
39217  -29.492  -48.119  28.662 0.8888890147
40282  -30.021  -46.866  30.886 0.6666669846
36073  -23.322  -51.321  29.372 1.0000000000
125655  -23.270  -50.960  28.563 1.0000000000
38214  -28.174  -49.381  26.873 0.8888890147
36144  -25.960  -51.795  25.756 1.0000000000
40361  -16.883  -47.492  24.906 0.7777780294
129589  -17.035  -47.444  24.228 0.6666669846
36059  -19.729  -51.669  30.557 1.0000000000
38142  -19.228  -49.874  30.217 1.0000000000
41320  -30.413  -46.263  30.785 0.5555559993
38168  -18.871  -49.048  28.690 0.8888890147
41352  -31.247  -46.339  27.568 0.8888890147
41351  -30.856  -46.961  27.231 0.8888890147
122095  -28.029  -49.497  25.970 0.8888890147
41357  -31.341  -46.564  26.501 0.8888890147
35102  -24.816  -52.049  25.949 0.8888890147
38232  -28.337  -49.312  25.111 0.7777780294
40353  -31.242  -46.889  25.158 0.8888890147
124201  -31.823  -45.835  25.861 0.8888890147
39266  -18.860  -47.978  25.716 0.7777780294
37205  -26.682  -51.069  25.355 0.7777780294
132071  -28.037  -49.543  24.379 0.8888890147
39287  -29.140  -48.769  24.065 0.8888890147
36159  -24.330  -51.340  24.723 0.8888890147
37222  -26.650  -50.911  24.509 0.7777780294
36160  -25.208  -51.669  24.469 0.8888890147
36199  -24.981  -51.198  23.085 0.7777780294
137040  -26.005  -51.037  23.310 0.7777780294
37240  -27.230  -50.259  23.085 0.7777780294
39304  -29.768  -48.232  23.639 1.0000000000
40379  -30.891  -47.001  23.349 0.7777780294
120169  -26.474  -50.617  22.667 0.7777780294
39318  -28.892  -48.824  22.097 0.7777780294
137045  -29.841  -48.131  22.879 0.7777780294
37252  -24.901  -50.957  22.446 0.7777780294
133113  -25.600  -50.934  22.706 0.7777780294
37268  -27.099  -50.201  21.348 0.7777780294
137529  -28.621  -48.959  21.450 0.6666669846
37276  -26.860  -50.194  20.540 0.5555559993
128667  -26.208  -50.427  20.696 0.5555559993
39345  -28.990  -48.364  20.500 0.6666669846
132795  -24.860  -50.503  20.094 0.5555559993
38289  -27.396  -49.730  20.050 0.4444440007
119388  -28.255  -48.912  19.659 0.5555559993
37288  -25.134  -50.147  18.918 0.5555559993
38304  -27.150  -49.565  19.238 0.4444440007
39356  -27.806  -49.007  18.933 0.4444440007
38320  -27.474  -48.806  18.108 0.4444440007
40447  -28.388  -47.887  17.783 0.5555559993
38169  -19.454  -49.439  28.231 1.0000000000
39228  -19.178  -48.558  27.047 1.0000000000
43419  -31.961  -44.764  28.231 0.8888890147
119106  -24.145  -50.491  20.095 0.5555559993
37282  -24.594  -50.348  19.444 0.5555559993
38319  -26.544  -49.548  18.539 0.2222220004
38352  -24.665  -49.187  16.599 0.1111110002
39400  -25.497  -49.102  16.824 0.1111110002
40463  -26.869  -47.757  15.426 0.1111110002
44494  -32.232  -43.675  27.141 0.8888890147
38242  -20.846  -49.181  24.527 0.7777780294
38230  -21.730  -49.676  25.437 0.7777780294
38254  -22.159  -49.787  24.040 0.7777780294
129950  -21.454  -49.458  22.941 0.7777780294
38262  -21.724  -49.619  22.249 0.6666669846
39331  -19.657  -47.907  21.826 0.5555559993
117620  -22.298  -49.747  19.162 0.4444440007
38299  -21.388  -49.339  19.547 0.4444440007
38350  -23.041  -49.147  16.609 0.1111110002
39399  -24.201  -48.807  15.892 0.1111110002
42293  -32.380  -45.289  31.822 0.1111110002
44427  -31.954  -43.467  32.124 0.2222220004
43371  -33.035  -44.539  31.830 0.1111110002
115716  -31.696  -42.667  30.850 0.2222220004
45576  -32.087  -42.998  28.473 0.6666669846
44463  -32.037  -43.545  29.082 0.5555559993
45583  -32.108  -43.017  27.588 0.6666669846
44513  -32.059  -43.068  26.023 0.8888890147
45582  -31.900  -42.302  27.118 0.8888890147
123198  -31.562  -42.953  22.450 0.8888890147
118926  -31.668  -42.140  23.610 1.0000000000
45540  -32.016  -42.428  32.249 0.1111110002
124958  -33.340  -42.663  32.108 0.1111110002
134152  -31.929  -42.305  28.784 0.5555559993
46553  -31.534  -41.126  31.475 0.2222220004
135174  -31.748  -41.128  32.221 0.2222220004
46545  -31.835  -40.759  32.398 0.1111110002
45529  -33.105  -42.026  32.227 0.1111110002
46598  -31.661  -41.608  26.644 0.7777780294
47542  -31.380  -40.642  27.854 0.4444440007
47573  -31.201  -40.998  24.865 0.8888890147
46612  -31.500  -41.614  24.212 0.8888890147
48469  -31.048  -39.416  29.982 0.2222220004
47521  -31.242  -40.244  30.259 0.2222220004
48495  -30.975  -39.713  28.138 0.3333329856
48481  -30.968  -39.531  29.000 0.2222220004
47563  -30.429  -40.098  25.140 0.6666669846
47572  -30.405  -40.390  24.360 0.8888890147
48468  -30.677  -38.663  29.390 0.2222220004
131935  -29.162  -38.195  25.426 0.6666669846
47632  -28.248  -39.604  20.046 1.0000000000
47633  -28.636  -40.555  19.641 1.0000000000
122547  -31.085  -36.754  27.320 0.3333329856
127707  -29.862  -37.237  25.867 0.5555559993
50772  -29.053  -37.708  23.712 0.7777780294
49709  -28.867  -38.249  22.450 1.0000000000
49741  -28.550  -38.777  20.668 1.0000000000
49710  -30.088  -37.822  22.080 1.0000000000
48630  -28.619  -39.002  18.645 1.0000000000
52674  -32.719  -35.693  28.236 0.1111110002
48631  -29.392  -38.787  19.039 1.0000000000
48664  -29.691  -39.430  16.494 0.5555559993
135783  -29.626  -39.637  15.229 0.2222220004
50744  -32.755  -36.841  25.086 0.4444440007
51769  -34.334  -36.605  24.867 0.4444440007
49713  -33.307  -38.535  22.333 0.7777780294
50792  -34.741  -37.966  22.796 0.7777780294
49731  -32.828  -38.712  21.757 0.8888890147
49714  -35.012  -38.262  21.985 0.7777780294
48601  -33.062  -39.158  20.176 1.0000000000
129816  -31.460  -38.968  19.261 1.0000000000
48621  -33.476  -39.398  19.313 0.8888890147
48622  -34.341  -39.434  19.212 1.0000000000
132623  -34.222  -39.611  17.842 1.0000000000
48665  -31.904  -39.641  16.005 0.5555559993
50846  -36.922  -37.215  16.942 0.8888890147
48720  -32.321  -39.853  13.519 0.2222220004
48722  -33.901  -39.182  13.985 0.6666669846
50861  -35.729  -38.023  14.924 0.7777780294
122548  -37.748  -36.650  22.317 0.5555559993
50816  -37.428  -37.334  19.195 0.8888890147
51814  -37.943  -36.911  19.798 0.7777780294
129705  -38.386  -36.526  19.586 0.8888890147
51842  -37.610  -36.337  17.787 0.8888890147
51859  -37.191  -36.515  17.050 0.7777780294
131328  -37.992  -33.570  16.657 0.7777780294
49814  -34.836  -38.212  14.119 0.7777780294
49826  -33.942  -38.112  12.765 0.4444440007
52702  -34.882  -35.550  26.126 0.3333329856
52728  -37.737  -35.904  23.976 0.3333329856
120069  -37.776  -35.531  24.589 0.3333329856
53712  -39.849  -34.957  20.260 0.6666669846
53704  -40.393  -34.579  21.384 0.4444440007
117642  -40.265  -34.626  22.325 0.3333329856
53727  -39.583  -34.621  19.475 0.7777780294
54742  -40.793  -33.957  20.959 0.3333329856
53749  -39.314  -34.170  18.673 0.7777780294
52878  -35.145  -34.004  13.442 0.6666669846
52705  -38.153  -35.024  25.011 0.3333329856
124996  -40.473  -33.985  23.121 0.3333329856
54725  -41.352  -33.255  21.937 0.3333329856
128456  -40.932  -33.275  23.160 0.3333329856
54688  -41.309  -32.392  23.636 0.3333329856
54764  -41.209  -33.052  19.731 0.6666669846
54743  -41.213  -33.300  20.590 0.4444440007
138199  -42.236  -32.584  21.549 0.3333329856
54782  -41.281  -32.867  18.770 0.7777780294
54824  -37.416  -32.761  15.056 0.7777780294
137259  -38.558  -32.730  15.499 0.7777780294
54823  -36.799  -32.863  14.741 0.7777780294
130986  -37.553  -33.039  13.722 0.7777780294
133173  -36.614  -32.777  13.211 0.7777780294
54874  -35.765  -32.637  12.664 0.7777780294
52897  -38.053  -35.282  12.679 0.7777780294
52912  -36.830  -35.536  11.711 0.5555559993
51915  -37.678  -36.035  12.078 0.7777780294
50963  -36.808  -37.246  9.675 0.2222220004
50923  -38.554  -37.716  11.061 0.5555559993
54669  -40.545  -32.445  25.006 0.3333329856
55736  -41.769  -31.201  26.134 0.2222220004
55773  -41.846  -31.096  24.251 0.2222220004
55774  -42.421  -30.788  23.895 0.2222220004
56805  -43.237  -30.525  24.149 0.2222220004
55787  -42.831  -31.336  22.972 0.3333329856
56806  -44.095  -30.820  23.930 0.2222220004
56819  -44.441  -31.206  23.288 0.2222220004
120205  -42.770  -32.557  19.870 0.6666669846
124727  -45.240  -32.249  23.353 0.2222220004
56807  -44.590  -31.322  23.606 0.2222220004
55819  -43.270  -32.692  18.938 0.6666669846
128763  -44.907  -32.312  21.366 0.4444440007
56820  -45.173  -31.728  23.100 0.2222220004
54783  -42.576  -33.264  17.578 0.7777780294
54765  -43.656  -33.066  18.753 0.6666669846
50889  -39.990  -37.616  12.896 0.6666669846
135270  -36.147  -36.928  9.686 0.1111110002
50904  -39.693  -37.822  12.083 0.6666669846
50878  -41.510  -37.597  14.551 0.6666669846
51965  -36.298  -36.970  9.114 0.1111110002
50965  -38.420  -37.443  9.706 0.5555559993
50906  -41.110  -37.837  12.470 0.6666669846
54691  -45.712  -32.760  23.128 0.2222220004
55776  -45.564  -32.132  23.008 0.2222220004
55790  -45.973  -32.404  22.508 0.4444440007
118329  -41.719  -37.855  13.116 0.6666669846
50866  -43.148  -37.590  14.934 0.7777780294
50907  -42.462  -37.616  12.476 0.7777780294
51977  -38.455  -36.689  8.401 0.3333329856
50927  -42.195  -37.371  11.715 0.5555559993
50909  -44.172  -37.310  12.649 0.7777780294
55791  -46.830  -32.733  22.235 0.3333329856
54726  -46.340  -32.698  21.594 0.4444440007
127361  -44.141  -36.712  18.009 0.7777780294
51845  -43.241  -36.643  17.966 0.7777780294
120246  -40.121  -36.404  8.649 0.3333329856
51967  -40.298  -36.733  9.368 0.3333329856
119279  -41.012  -36.465  9.542 0.3333329856
51992  -40.818  -35.789  8.149 0.3333329856
51979  -40.733  -36.266  8.917 0.4444440007
51938  -45.319  -36.613  11.597 0.7777780294
51810  -47.647  -35.888  21.436 0.2222220004
52751  -48.551  -34.332  21.848 0.3333329856
52953  -41.803  -35.457  8.322 0.3333329856
54729  -48.496  -33.695  21.548 0.3333329856
53734  -48.336  -33.934  19.644 0.4444440007
128780  -46.198  -35.497  18.777 0.5555559993
52804  -47.256  -35.086  17.220 0.5555559993
131186  -47.888  -34.994  16.000 0.5555559993
52969  -42.259  -34.784  7.673 0.2222220004
52923  -44.416  -35.802  10.262 0.7777780294
52924  -45.362  -35.772  10.352 0.7777780294
54921  -45.961  -33.071  7.887 0.7777780294
53902  -46.714  -34.142  8.967 0.7777780294
55909  -46.382  -32.365  7.425 0.7777780294
123721  -48.669  -35.863  20.821 0.3333329856
52769  -49.663  -35.061  20.818 0.4444440007
53754  -48.364  -34.068  18.853 0.4444440007
124940  -48.989  -33.707  18.484 0.4444440007
122698  -43.093  -34.400  7.711 0.3333329856
123172  -44.937  -35.336  9.846 0.7777780294
52940  -45.698  -35.198  9.743 0.7777780294
54918  -43.472  -33.781  7.295 0.4444440007
53916  -44.681  -33.929  8.158 0.5555559993
119154  -45.165  -34.319  8.776 0.7777780294
58069  -46.522  -30.521  6.348 0.6666669846
54787  -51.583  -32.884  19.169 0.4444440007
54802  -52.340  -32.662  18.219 0.4444440007
53856  -50.608  -34.290  13.510 0.5555559993
56957  -50.482  -31.503  7.439 0.7777780294
53775  -53.268  -32.732  17.123 0.4444440007
54830  -53.696  -32.579  16.296 0.4444440007
54867  -52.204  -33.186  14.209 0.5555559993
58072  -50.426  -29.951  6.632 0.7777780294
59101  -52.178  -29.460  6.464 0.7777780294
58024  -54.994  -29.853  10.494 0.6666669846
59056  -54.307  -29.688  9.585 0.6666669846
62722  -47.525  -24.564  6.216 0.5555559993
125216  -49.134  -25.236  6.464 0.7777780294
56886  -55.449  -31.240  13.248 0.5555559993
55869  -56.151  -31.156  12.757 0.5555559993
57994  -56.645  -29.897  11.524 0.5555559993
60105  -54.216  -28.675  8.339 0.6666669846
59044  -57.196  -29.595  11.010 0.4444440007
59058  -56.629  -28.865  10.564 0.5555559993
56943  -55.798  -31.010  9.458 0.2222220004
60093  -57.396  -28.386  9.830 0.6666669846
61036  -57.204  -26.800  9.075 0.6666669846
32894  -5.221  -55.002  34.576 0.2222220004
119286  -5.755  -53.983  35.143 0.4444440007
32895  -6.787  -53.733  35.093 0.4444440007
33947  -5.012  -53.280  35.221 0.3333329856
33948  -6.301  -52.881  35.109 0.4444440007
34971  -6.094  -51.995  35.014 0.4444440007
33944  -5.474  -52.228  35.312 0.3333329856
34972  -6.624  -52.519  34.528 0.4444440007
34963  -4.715  -51.715  35.480 0.3333329856
34964  -5.457  -51.505  35.255 0.3333329856
36010  -3.337  -51.150  35.033 0.2222220004
119842  -5.784  -51.477  34.945 0.3333329856
127715  -6.279  -52.169  33.932 0.4444440007
34985  -5.719  -52.371  32.935 0.1111110002
37066  -3.614  -50.685  35.418 0.3333329856
36005  -4.024  -51.176  35.571 0.3333329856
34977  -6.086  -51.869  34.549 0.3333329856
36017  -5.467  -51.176  34.366 0.2222220004
36026  -5.636  -51.752  33.628 0.1111110002
37065  -3.074  -50.506  34.920 0.2222220004
33971  -5.936  -53.069  32.342 0.3333329856
33985  -6.304  -53.763  31.740 0.3333329856
36006  -4.790  -51.028  35.493 0.2222220004
36011  -5.341  -50.987  35.109 0.2222220004
35001  -5.304  -52.598  31.768 0.1111110002
37067  -4.855  -50.418  35.330 0.2222220004
37068  -5.114  -50.461  34.775 0.2222220004
36025  -4.987  -51.149  33.321 0.2222220004
36042  -4.892  -51.843  32.335 0.2222220004
37064  -4.222  -50.538  35.611 0.2222220004
134672  -3.627  -50.164  35.409 0.2222220004
37072  -2.636  -50.165  34.452 0.2222220004
33984  -5.699  -53.258  31.259 0.1111110002
35017  -5.370  -52.642  30.790 0.1111110002
124841  -4.552  -51.377  31.490 0.2222220004
36041  -4.436  -50.994  32.258 0.1111110002
124695  -4.663  -51.128  30.740 0.1111110002
31830  -7.068  -55.036  30.943 0.3333329856
32941  -6.784  -54.564  30.593 0.1111110002
33998  -6.241  -53.920  30.660 0.1111110002
32942  -7.238  -54.925  30.216 0.3333329856
35018  -5.828  -53.049  30.296 0.1111110002
34009  -6.453  -53.431  29.744 0.1111110002
122243  -4.921  -51.930  30.925 0.2222220004
35035  -5.586  -52.156  29.943 0.1111110002
132594  -6.181  -52.690  29.619 0.1111110002
37079  -4.564  -50.382  33.112 0.2222220004
37104  -4.703  -50.390  30.462 0.1111110002
31855  -7.838  -55.176  29.894 0.4444440007
32953  -7.512  -54.541  29.547 0.4444440007
34010  -7.153  -53.766  29.248 0.3333329856
35037  -6.756  -52.925  29.084 0.2222220004
121775  -7.485  -53.289  28.589 0.3333329856
37092  -4.243  -50.164  32.076 0.1111110002
37119  -5.178  -51.139  29.938 0.1111110002
35036  -6.326  -52.095  29.205 0.1111110002
36054  -4.365  -50.671  31.312 0.1111110002
36065  -5.911  -51.448  29.414 0.1111110002
35055  -7.072  -52.307  28.474 0.1111110002
34021  -7.816  -54.066  28.910 0.3333329856
130356  -8.196  -53.494  28.363 0.4444440007
35056  -7.836  -52.851  27.932 0.2222220004
35057  -8.642  -52.922  27.905 0.3333329856
38148  -5.287  -50.102  29.760 0.1111110002
37120  -5.871  -50.678  29.298 0.1111110002
36081  -6.467  -51.289  28.775 0.1111110002
35071  -8.299  -52.348  27.455 0.3333329856
37133  -6.353  -50.281  28.766 0.1111110002
134442  -7.107  -51.533  28.188 0.1111110002
115102  -7.638  -52.061  27.740 0.1111110002
36101  -8.027  -51.709  27.079 0.1111110002
36082  -7.481  -51.289  27.583 0.1111110002
36102  -8.740  -51.924  26.975 0.2222220004
35073  -9.860  -52.200  27.757 0.5555559993
37153  -7.360  -50.478  27.537 0.1111110002
36117  -8.541  -51.289  26.543 0.1111110002
121024  -7.863  -50.978  26.823 0.1111110002
37174  -8.424  -50.501  26.182 0.1111110002
36104  -10.113  -51.712  27.294 0.5555559993
37177  -10.838  -50.622  26.759 0.3333329856
36118  -9.491  -51.532  26.622 0.2222220004
37176  -10.058  -50.956  26.185 0.3333329856
37175  -9.165  -50.927  26.000 0.2222220004
37197  -9.723  -50.428  25.595 0.2222220004
38206  -10.586  -50.313  25.833 0.3333329856
38226  -10.213  -49.914  25.150 0.2222220004
38225  -9.309  -49.800  25.218 0.1111110002
38240  -9.742  -49.293  24.662 0.1111110002
38227  -11.132  -49.641  25.347 0.3333329856
38207  -11.272  -49.829  26.296 0.3333329856
38241  -10.608  -49.465  24.698 0.3333329856
39264  -11.818  -48.806  25.405 0.4444440007
39283  -11.308  -49.043  24.523 0.3333329856
116512  -11.770  -48.516  23.855 0.3333329856
39300  -12.394  -48.138  23.342 0.3333329856
134311  -12.267  -47.988  22.804 0.2222220004
40370  -12.895  -47.836  22.865 0.3333329856
40386  -13.379  -47.568  22.265 0.3333329856
40371  -13.718  -47.674  23.067 0.3333329856
40387  -14.283  -47.537  22.404 0.3333329856
40388  -15.280  -47.468  22.628 0.3333329856
45647  -31.281  -43.077  21.674 0.7777780294
40398  -13.903  -47.280  21.680 0.3333329856
41410  -31.078  -45.776  21.840 0.6666669846
42404  -31.422  -45.187  22.312 0.6666669846
43527  -31.160  -44.658  21.107 0.6666669846
42430  -30.890  -45.507  21.007 0.6666669846
45629  -31.160  -42.238  22.043 0.8888890147
44573  -31.558  -43.730  22.200 0.6666669846
45646  -30.813  -42.449  21.133 0.7777780294
46640  -30.477  -41.648  21.443 0.8888890147
44590  -31.281  -43.875  21.366 0.6666669846
46650  -30.273  -41.843  20.645 0.8888890147
45665  -30.509  -42.631  20.167 0.7777780294
46663  -30.020  -41.928  19.968 0.7777780294
43526  -30.868  -44.822  20.391 0.6666669846
44604  -31.027  -44.053  20.577 0.7777780294
44589  -30.977  -43.261  20.837 0.7777780294
45683  -29.982  -42.318  19.249 0.7777780294
42429  -30.552  -45.537  20.216 0.6666669846
118795  -30.369  -44.795  19.192 0.6666669846
44619  -30.466  -43.247  19.422 0.7777780294
45700  -29.587  -42.295  18.317 0.7777780294
42441  -30.251  -45.585  19.481 0.6666669846
136107  -30.699  -44.198  19.753 0.6666669846
44630  -30.124  -43.072  18.555 0.7777780294
118501  -29.134  -41.450  18.951 0.7777780294
42454  -30.090  -45.310  18.849 0.6666669846
43548  -30.367  -43.962  18.875 0.6666669846
44646  -29.776  -43.019  17.703 0.6666669846
42440  -29.866  -45.965  18.850 0.5555559993
43564  -29.833  -44.385  17.648 0.6666669846
45716  -29.222  -42.288  17.481 0.5555559993
117581  -29.716  -43.761  17.243 0.6666669846
125586  -29.392  -43.869  16.471 0.5555559993
119832  -29.685  -45.091  17.682 0.6666669846
43574  -29.506  -44.616  16.939 0.5555559993
134809  -29.223  -44.484  16.187 0.5555559993
120196  -29.756  -40.789  21.685 0.8888890147
137225  -29.934  -41.218  20.986 0.8888890147
46662  -29.531  -41.525  19.606 0.7777780294
131374  -28.711  -41.434  18.148 0.7777780294
43565  -30.047  -43.772  18.033 0.6666669846
46697  -28.309  -41.449  17.320 0.5555559993
44661  -29.393  -43.041  16.821 0.5555559993
135779  -28.355  -41.774  16.715 0.4444440007
42466  -29.313  -45.525  17.095 0.5555559993
44678  -29.092  -43.362  16.051 0.4444440007
123832  -28.762  -42.895  15.719 0.4444440007
41476  -28.866  -46.025  16.491 0.4444440007
45735  -28.308  -42.060  16.069 0.4444440007
117018  -28.288  -46.079  15.020 0.3333329856
42491  -28.881  -44.814  15.548 0.4444440007
44677  -28.765  -43.488  15.295 0.4444440007
45768  -28.339  -42.690  14.985 0.4444440007
117664  -27.795  -39.690  18.362 0.8888890147
46696  -27.818  -40.500  17.965 0.7777780294
40411  -19.173  -47.301  21.251 0.3333329856
122368  -19.695  -47.884  20.903 0.3333329856
39343  -20.318  -48.541  21.150 0.3333329856
116691  -27.634  -40.538  17.284 0.6666669846
47657  -27.576  -39.832  17.532 0.7777780294
45736  -28.850  -42.288  16.765 0.4444440007
46714  -27.394  -40.954  16.064 0.4444440007
45753  -27.747  -41.758  15.368 0.2222220004
46726  -27.111  -40.994  15.146 0.2222220004
138714  -27.817  -39.554  17.842 0.7777780294
47656  -27.636  -39.688  16.922 0.7777780294
39342  -20.027  -48.234  20.065 0.3333329856
48662  -27.507  -39.727  16.258 0.4444440007
47670  -27.366  -40.184  16.725 0.4444440007
47683  -27.173  -40.187  15.848 0.2222220004
130279  -20.755  -48.989  21.675 0.4444440007
38315  -22.560  -49.590  18.250 0.1111110002
48680  -27.896  -39.449  15.709 0.3333329856
48679  -27.408  -39.754  15.447 0.2222220004
129395  -27.878  -39.493  14.879 0.2222220004
116072  -30.009  -39.764  11.928 0.1111110002
132958  -30.906  -39.977  12.883 0.1111110002
48719  -31.570  -39.997  13.193 0.1111110002
52911  -35.861  -35.105  11.194 0.4444440007
51932  -36.134  -36.361  10.703 0.4444440007
48745  -32.778  -39.464  13.064 0.2222220004
48762  -29.161  -39.529  11.410 0.1111110002
53874  -34.377  -32.967  11.416 0.4444440007
48743  -31.359  -39.725  12.320 0.1111110002
48744  -32.164  -39.653  12.693 0.1111110002
51930  -33.726  -35.891  12.020 0.3333329856
53862  -33.710  -33.264  11.517 0.4444440007
49824  -32.785  -39.050  12.330 0.2222220004
50901  -33.613  -37.779  12.123 0.3333329856
119071  -50.359  -24.045  6.626 0.6666669846
63537  -50.957  -23.367  6.730 0.6666669846
63538  -52.029  -23.867  6.963 0.6666669846
63534  -48.487  -24.090  6.444 0.6666669846
63535  -49.320  -23.863  6.461 0.6666669846
63536  -50.103  -23.348  6.387 0.6666669846
64398  -50.611  -23.019  6.453 0.6666669846
64406  -50.904  -22.902  6.226 0.6666669846
124192  -52.542  -22.548  6.814 0.6666669846
65312  -53.491  -22.031  7.031 0.6666669846
66366  -54.019  -21.724  6.641 0.6666669846
66367  -54.892  -21.263  6.815 0.6666669846
54904  -46.355  -33.600  8.461 0.6666669846
55907  -44.652  -32.884  7.061 0.5555559993
62726  -53.628  -25.490  6.871 0.6666669846
55908  -45.472  -32.628  7.270 0.5555559993
124417  -51.028  -25.275  6.395 0.6666669846
61900  -52.057  -25.904  6.194 0.6666669846
63539  -53.224  -24.428  7.055 0.6666669846
61899  -51.073  -26.357  6.131 0.6666669846
66368  -55.744  -20.843  7.124 0.6666669846
63556  -48.318  -23.884  5.717 0.6666669846
116333  -48.978  -23.637  5.705 0.6666669846
64405  -50.182  -23.142  6.179 0.6666669846
64407  -51.648  -23.053  5.569 0.6666669846
65318  -53.103  -22.323  6.319 0.6666669846
65326  -53.529  -22.476  5.143 0.6666669846
66375  -54.606  -21.444  5.973 0.6666669846
66383  -55.329  -21.165  5.220 0.6666669846
67368  -56.373  -20.432  6.008 0.6666669846
67357  -57.014  -20.574  7.136 0.6666669846
63547  -48.040  -23.990  6.264 0.6666669846
116907  -50.375  -24.506  4.414 0.6666669846
133283  -50.786  -24.022  4.795 0.6666669846
65319  -53.878  -21.910  5.833 0.6666669846
131253  -47.789  -25.126  3.577 0.4444440007
131887  -48.751  -24.115  5.005 0.5555559993
62756  -49.576  -24.362  4.687 0.6666669846
63557  -51.732  -24.027  4.496 0.6666669846
64415  -52.594  -23.468  4.577 0.6666669846
55931  -45.017  -32.210  6.701 0.5555559993
56974  -46.235  -31.349  6.663 0.5555559993
61902  -53.784  -26.452  6.778 0.6666669846
55932  -45.796  -31.990  6.906 0.5555559993
130296  -53.013  -25.994  6.332 0.6666669846
62725  -52.580  -25.104  6.617 0.6666669846
64409  -56.542  -22.686  6.012 0.3333329856
64401  -56.883  -22.659  7.464 0.5555559993
130011  -56.150  -20.578  4.647 0.6666669846
65335  -53.786  -22.724  4.077 0.6666669846
65327  -54.383  -21.967  4.778 0.6666669846
66382  -55.117  -21.533  4.009 0.6666669846
67369  -57.317  -19.920  5.683 0.6666669846
63566  -48.780  -25.102  3.339 0.5555559993
62764  -49.300  -25.085  4.018 0.5555559993
63567  -50.162  -25.022  3.828 0.6666669846
63568  -51.127  -24.677  3.694 0.6666669846
63569  -51.937  -24.313  3.485 0.6666669846
134903  -56.352  -20.486  3.702 0.6666669846
67377  -57.152  -19.827  4.562 0.6666669846
63563  -46.426  -24.927  3.168 0.4444440007
63565  -48.078  -25.068  2.981 0.4444440007
132442  -49.667  -25.085  3.353 0.5555559993
63581  -50.406  -24.791  2.889 0.6666669846
63582  -51.163  -24.475  2.741 0.6666669846
64423  -52.584  -23.921  3.596 0.6666669846
63564  -47.342  -25.025  3.049 0.4444440007
63578  -47.788  -24.558  2.574 0.4444440007
63580  -49.449  -24.748  2.679 0.4444440007
59088  -56.273  -29.103  7.939 0.1111110002
58059  -55.702  -30.013  8.120 0.1111110002
53859  -55.418  -33.191  14.245 0.3333329856
115297  -53.749  -34.014  11.409 0.2222220004
55882  -55.239  -32.502  11.133 0.2222220004
55890  -55.366  -32.016  10.344 0.2222220004
63522  -56.941  -24.290  8.201 0.5555559993
56993  -44.880  -30.972  5.940 0.3333329856
67370  -58.167  -19.515  5.248 0.5555559993
64424  -53.259  -23.361  3.723 0.6666669846
63576  -45.979  -24.354  2.694 0.4444440007
124763  -51.600  -23.992  2.273 0.6666669846
64439  -52.232  -23.971  2.724 0.6666669846
65336  -54.372  -22.265  3.492 0.6666669846
66390  -54.894  -21.750  2.895 0.6666669846
63577  -46.913  -24.451  2.618 0.4444440007
64435  -48.250  -23.864  2.088 0.4444440007
64436  -49.093  -24.023  2.033 0.4444440007
64438  -50.840  -24.112  2.111 0.6666669846
55868  -56.259  -31.804  13.032 0.3333329856
54885  -55.656  -32.550  12.296 0.2222220004
133251  -56.339  -31.495  12.821 0.3333329856
55883  -56.250  -31.658  11.561 0.3333329856
56931  -57.046  -30.369  11.196 0.2222220004
55876  -56.420  -31.281  12.374 0.4444440007
58012  -57.149  -29.993  11.333 0.3333329856
126565  -56.964  -20.001  3.425 0.6666669846
67378  -58.042  -19.298  4.267 0.6666669846
64440  -53.036  -23.467  2.679 0.6666669846
65346  -54.163  -22.363  2.390 0.6666669846
66391  -55.642  -21.108  3.356 0.6666669846
67386  -56.128  -20.680  2.820 0.6666669846
65344  -46.967  -22.803  1.917 0.3333329856
64444  -47.837  -23.017  1.737 0.4444440007
64447  -50.425  -23.537  1.515 0.4444440007
64448  -51.318  -23.543  1.602 0.5555559993
64449  -52.282  -23.472  1.869 0.6666669846
65345  -53.502  -22.860  2.307 0.6666669846
66400  -54.753  -21.756  1.967 0.6666669846
67388  -57.725  -19.458  3.044 0.5555559993
68360  -57.406  -19.634  1.987 0.4444440007
65354  -51.803  -23.059  1.093 0.4444440007
65355  -53.525  -22.532  1.598 0.6666669846
66401  -55.424  -21.242  2.373 0.6666669846
67398  -55.965  -20.696  1.943 0.6666669846
67387  -56.738  -20.179  2.407 0.6666669846
69336  -60.091  -18.142  1.356 0.4444440007
65367  -51.299  -22.619  0.550 0.4444440007
65369  -53.148  -22.320  0.774 0.6666669846
65356  -54.181  -22.091  1.628 0.6666669846
68361  -58.683  -18.767  2.575 0.4444440007
66409  -55.301  -21.158  1.411 0.6666669846
68373  -57.981  -19.100  1.542 0.4444440007
68374  -59.032  -18.466  1.554 0.4444440007
129651  -54.266  -21.576  0.564 0.6666669846
119116  -55.908  -20.616  1.241 0.6666669846
67411  -56.284  -20.255  0.612 0.5555559993
68379  -57.010  -19.599  0.103 0.5555559993
69355  -58.690  -18.486  -0.083 0.4444440007
69346  -60.092  -17.939  0.642 0.4444440007
66422  -52.849  -21.962  0.050 0.6666669846
67409  -54.946  -21.138  0.488 0.6666669846
129466  -56.314  -20.054  -0.245 0.5555559993
68386  -57.769  -18.974  -0.447 0.5555559993
67438  -55.472  -20.321  -1.766 0.5555559993
67422  -56.867  -19.510  -0.928 0.5555559993
65373  -52.086  -22.004  -0.205 0.4444440007
66429  -51.339  -21.818  -0.437 0.4444440007
66430  -52.569  -21.624  -0.681 0.6666669846
66446  -54.030  -21.059  -1.107 0.5555559993
135608  -54.984  -20.691  -0.859 0.5555559993
67421  -55.922  -20.151  -0.937 0.5555559993
66443  -51.188  -21.293  -1.233 0.5555559993
66444  -52.123  -21.323  -1.409 0.5555559993
66445  -53.068  -21.225  -1.319 0.5555559993
117650  -50.731  -20.654  -1.845 0.4444440007
67434  -51.528  -20.860  -1.991 0.5555559993
67435  -52.535  -20.836  -2.212 0.5555559993
132850  -51.024  -20.414  -2.408 0.5555559993
67447  -51.002  -19.884  -2.950 0.3333329856
68415  -51.418  -19.391  -3.714 0.4444440007
67446  -50.451  -20.060  -2.301 0.4444440007
68414  -50.826  -19.166  -3.204 0.3333329856
68404  -50.337  -19.251  -2.570 0.3333329856
69401  -51.080  -18.561  -3.559 0.2222220004
125463  -29.464  -46.264  18.188 0.5555559993
42453  -29.783  -45.508  18.302 0.5555559993
45754  -28.939  -42.777  16.284 0.5555559993
62728  -56.498  -24.574  6.784 0.4444440007
67361  -56.478  -20.507  6.921 0.6666669846
122501  -55.598  -21.752  7.787 0.6666669846
121991  -57.084  -23.596  7.838 0.4444440007
65305  -55.856  -22.642  8.154 0.6666669846
123043  -56.775  -25.318  7.262 0.3333329856
64390  -53.482  -22.812  7.457 0.6666669846
62727  -54.889  -25.620  7.542 0.5555559993
61890  -56.542  -25.492  8.360 0.6666669846
65311  -51.831  -22.760  6.833 0.6666669846
63520  -54.032  -23.799  7.532 0.6666669846
41428  -30.402  -46.254  20.656 0.6666669846
38272  -20.883  -49.117  21.065 0.3333329856
49825  -33.404  -38.460  12.421 0.2222220004
50920  -33.638  -36.918  11.888 0.4444440007
52893  -33.855  -34.532  12.142 0.4444440007
53863  -34.507  -32.756  12.111 0.4444440007
131673  -35.128  -33.394  11.320 0.4444440007
53901  -45.953  -34.197  8.857 0.6666669846
54869  -55.492  -32.426  14.514 0.3333329856
53868  -54.247  -34.387  13.410 0.2222220004
54884  -54.833  -33.375  12.323 0.2222220004
56900  -56.345  -30.570  12.036 0.5555559993
57995  -56.888  -30.121  11.531 0.5555559993
56930  -56.420  -31.206  10.684 0.2222220004
61903  -55.089  -26.289  7.682 0.6666669846
62709  -56.290  -24.794  8.312 0.6666669846
62710  -57.101  -25.127  8.227 0.5555559993
136094  -46.327  -31.879  7.025 0.5555559993
32928  -6.677  -54.435  31.264 0.3333329856
38285  -20.741  -48.949  20.300 0.1111110002
39355  -20.557  -48.639  19.267 0.1111110002
46649  -29.528  -41.155  20.295 0.7777780294
52895  -36.135  -33.936  11.768 0.4444440007
138080  -4.830  -54.247  34.770 0.2222220004
34969  -3.769  -52.006  35.036 0.2222220004
125073  -5.028  -50.606  34.051 0.2222220004
35072  -9.076  -52.431  27.475 0.2222220004
36103  -9.471  -52.018  27.167 0.5555559993
36119  -10.288  -51.282  26.815 0.5555559993
127044  -8.921  -49.003  25.041 0.1111110002
40385  -12.560  -47.600  22.359 0.2222220004
40397  -13.020  -47.141  21.679 0.2222220004
136679  -30.590  -44.988  19.797 0.6666669846
124460  -29.077  -44.036  15.722 0.4444440007
46679  -28.140  -40.471  18.775 0.7777780294
46715  -27.735  -41.130  16.744 0.4444440007
42480  -29.103  -45.192  16.316 0.4444440007
42479  -28.667  -45.669  15.620 0.4444440007
40410  -18.712  -46.802  20.800 0.3333329856
48742  -30.638  -39.829  12.331 0.1111110002
52910  -34.575  -33.760  10.808 0.4444440007
52922  -34.087  -34.286  10.262 0.4444440007
52909  -33.412  -34.454  11.389 0.4444440007
62724  -51.496  -24.611  6.609 0.6666669846
63549  -49.451  -23.419  6.157 0.6666669846
64400  -51.717  -22.991  7.040 0.6666669846
63519  -52.705  -23.302  7.213 0.6666669846
64413  -49.862  -23.527  5.556 0.6666669846
64414  -50.699  -23.261  5.651 0.6666669846
129431  -51.847  -22.687  6.388 0.6666669846
64389  -52.438  -22.738  7.037 0.6666669846
134697  -53.164  -22.414  7.100 0.6666669846
65325  -52.638  -22.775  5.476 0.6666669846
64391  -54.944  -23.146  7.950 0.6666669846
65313  -54.509  -21.604  7.238 0.6666669846
66359  -56.070  -21.124  7.566 0.6666669846
54920  -45.088  -33.290  7.681 0.5555559993
55930  -44.237  -32.440  6.517 0.4444440007
56972  -44.574  -31.721  6.232 0.4444440007
62708  -54.551  -24.784  7.499 0.6666669846
66360  -56.757  -21.092  7.444 0.6666669846
62755  -48.242  -24.758  4.472 0.5555559993
121596  -53.222  -23.032  4.555 0.6666669846
66369  -57.232  -20.955  7.200 0.6666669846
56992  -44.120  -31.245  5.786 0.3333329856
56973  -45.362  -31.492  6.426 0.4444440007
65320  -57.242  -21.604  6.838 0.3333329856
138109  -56.661  -23.202  6.760 0.3333329856
65314  -56.861  -21.901  7.590 0.5555559993
126744  -53.715  -22.876  3.070 0.6666669846
63579  -48.600  -24.665  2.591 0.4444440007
64437  -49.978  -24.136  2.044 0.5555559993
54890  -54.396  -33.319  11.255 0.2222220004
135984  -54.482  -32.639  9.933 0.2222220004
123426  -53.972  -33.230  10.159 0.2222220004
63523  -57.162  -24.535  7.951 0.5555559993
63521  -55.750  -24.035  8.203 0.6666669846
64392  -56.478  -23.464  8.254 0.6666669846
64433  -46.510  -23.560  2.316 0.4444440007
64434  -47.395  -23.691  2.182 0.4444440007
64445  -48.682  -23.275  1.591 0.4444440007
64446  -49.537  -23.447  1.514 0.4444440007
55875  -56.283  -31.892  12.332 0.3333329856
56916  -56.679  -30.848  11.683 0.3333329856
64450  -53.033  -23.058  1.917 0.5555559993
66408  -54.555  -21.649  1.183 0.6666669846
67399  -56.539  -20.217  1.519 0.6666669846
68372  -57.137  -19.659  1.047 0.5555559993
122070  -52.683  -22.843  1.273 0.5555559993
69345  -59.312  -18.250  0.668 0.4444440007
65368  -52.227  -22.485  0.507 0.5555559993
66407  -53.874  -21.998  1.017 0.6666669846
129389  -58.056  -18.903  0.616 0.4444440007
66423  -53.637  -21.770  0.301 0.6666669846
120726  -55.560  -20.553  -0.056 0.5555559993
66431  -53.420  -21.499  -0.490 0.6666669846
66432  -54.331  -21.248  -0.194 0.6666669846
135919  -54.952  -20.886  -0.165 0.6666669846
134656  -51.865  -21.645  -0.786 0.5555559993
67436  -53.634  -20.827  -1.945 0.5555559993
67437  -54.558  -20.674  -1.736 0.5555559993
127221  -51.656  -20.478  -2.733 0.4444440007
67455  -51.685  -20.099  -3.387 0.4444440007
69400  -50.638  -18.534  -2.939 0.3333329856
125351  -57.069  -23.644  8.046 0.5555559993
62748  -55.441  -25.129  5.665 0.3333329856
131619  -56.739  -23.074  8.161 0.6666669846
65306  -56.523  -22.381  8.008 0.6666669846
64393  -56.932  -22.989  7.988 0.6666669846
63540  -56.743  -23.907  7.041 0.2222220004
133510  -14.659  -57.550  35.458 0.3333329856
30723  -15.224  -57.188  35.438 0.3333329856
28492  -14.552  -58.099  35.276 0.2222220004
30732  -15.293  -56.289  35.359 0.2222220004
34979  -13.816  -52.555  35.341 0.1111110002
34967  -13.282  -52.279  35.493 0.3333329856
36007  -12.012  -50.520  36.079 0.3333329856
34965  -12.015  -51.352  35.940 0.3333329856
36020  -13.298  -51.556  35.101 0.2222220004
36014  -13.010  -51.467  35.490 0.2222220004
36013  -12.497  -50.599  35.887 0.2222220004
29646  -22.141  -58.061  32.283 0.2222220004
28515  -23.075  -58.461  31.791 0.2222220004
29648  -23.359  -58.417  31.864 0.2222220004
28516  -23.801  -58.892  31.298 0.1111110002
28525  -24.505  -59.211  30.797 0.2222220004
29647  -22.749  -58.206  32.220 0.3333329856
29640  -22.264  -57.764  32.643 0.3333329856
29657  -24.131  -58.693  31.424 0.2222220004
30752  -22.966  -57.710  32.469 0.3333329856
30757  -23.759  -57.289  31.901 0.2222220004
31851  -24.477  -56.120  31.295 0.2222220004
31852  -25.006  -56.192  30.296 0.2222220004
123787  -25.183  -57.542  30.495 0.2222220004
30758  -24.567  -57.502  31.105 0.2222220004
30768  -25.701  -56.939  29.745 0.2222220004
30777  -26.024  -56.202  28.789 0.2222220004
29658  -24.962  -58.869  30.763 0.2222220004
32961  -26.977  -54.163  29.544 0.3333329856
34027  -27.694  -53.666  29.077 0.2222220004
134190  -27.896  -53.546  31.009 0.3333329856
34005  -28.444  -53.225  30.519 0.3333329856
33995  -27.741  -53.362  31.770 0.3333329856
35012  -28.141  -52.618  32.204 0.3333329856
31864  -25.591  -55.746  29.407 0.2222220004
31875  -26.347  -55.625  28.226 0.2222220004
31840  -24.086  -55.832  32.283 0.3333329856
136100  -24.706  -55.235  31.790 0.3333329856
32948  -25.524  -55.092  30.203 0.3333329856
31865  -25.973  -55.386  28.798 0.2222220004
32968  -26.470  -54.778  28.544 0.2222220004
31827  -23.883  -55.368  32.987 0.3333329856
32937  -25.527  -54.530  31.914 0.3333329856
119643  -25.739  -54.640  31.017 0.3333329856
32949  -26.433  -54.361  30.529 0.3333329856
32923  -24.674  -54.739  32.651 0.5555559993
32938  -26.432  -54.141  31.611 0.3333329856
135545  -27.218  -53.823  31.363 0.3333329856
32910  -24.694  -53.822  33.396 0.6666669846
32924  -25.533  -54.005  32.713 0.3333329856
33994  -27.025  -53.634  32.053 0.3333329856
33966  -25.341  -53.166  33.372 0.5555559993
33980  -26.605  -53.216  32.701 0.3333329856
34997  -26.558  -52.155  33.335 0.3333329856
33981  -27.318  -52.924  32.520 0.4444440007
124239  -26.014  -53.457  32.834 0.4444440007
33967  -25.911  -52.607  33.356 0.5555559993
137314  -31.618  -45.877  23.827 0.6666669846
127721  -31.916  -44.429  23.442 0.7777780294
42390  -31.681  -45.323  23.331 0.7777780294
43500  -31.696  -44.452  22.706 0.7777780294
37074  -12.910  -50.451  35.547 0.2222220004
37070  -12.215  -49.892  36.002 0.2222220004
34966  -12.673  -52.044  35.696 0.3333329856
33945  -13.478  -52.734  35.610 0.3333329856
29645  -21.307  -57.680  32.507 0.3333329856
33996  -28.399  -53.044  31.345 0.3333329856
132027  -32.008  -44.812  23.977 0.7777780294
29633  -15.389  -58.027  35.182 0.2222220004
31811  -15.104  -55.238  35.661 0.3333329856
36008  -12.535  -51.363  35.785 0.3333329856
28533  -24.112  -59.195  30.774 0.1111110002
30778  -26.441  -57.107  29.141 0.2222220004
32939  -27.319  -53.907  30.567 0.3333329856
34016  -27.825  -53.637  30.071 0.2222220004
31841  -25.028  -55.222  30.963 0.3333329856
32960  -26.027  -54.849  29.428 0.3333329856
32925  -26.275  -53.864  32.288 0.3333329856
29627  -6.227  -56.980  33.578 0.1111110002
129844  -7.242  -57.277  33.711 0.1111110002
29629  -7.869  -57.342  33.704 0.2222220004
126011  -11.449  -58.781  32.980 0.1111110002
28498  -13.510  -58.360  34.729 0.1111110002
28496  -10.904  -57.910  33.610 0.1111110002
28497  -12.097  -58.113  34.268 0.1111110002
38101  -12.996  -49.330  35.437 0.1111110002
38097  -13.490  -48.290  34.810 0.1111110002
126430  -17.258  -47.236  22.955 0.3333329856
31820  -15.345  -55.580  34.394 0.1111110002
38096  -12.721  -49.374  35.257 0.1111110002
32918  -15.036  -54.727  33.700 0.1111110002
33962  -14.626  -53.439  35.188 0.1111110002
39149  -12.854  -48.376  34.967 0.2222220004
28499  -14.962  -58.752  34.612 0.1111110002
31812  -15.274  -55.416  35.493 0.1111110002
32906  -15.323  -54.739  35.180 0.1111110002
32899  -14.628  -54.167  35.892 0.1111110002
33954  -14.256  -53.372  35.743 0.2222220004
136262  -13.806  -52.806  35.587 0.2222220004
38095  -12.229  -49.147  35.570 0.3333329856
58068  -45.701  -30.741  6.173 0.4444440007
130031  -45.593  -29.411  5.636 0.4444440007
131744  -54.901  -20.517  -2.316 0.5555559993
69373  -60.193  -18.204  -0.876 0.3333329856
69388  -60.140  -18.493  -1.712 0.3333329856
64417  -57.159  -22.740  4.402 0.2222220004
64426  -58.019  -23.278  3.721 0.1111110002
65330  -58.801  -21.655  4.207 0.3333329856
67439  -56.391  -19.810  -1.703 0.4444440007
69356  -59.723  -17.997  -0.171 0.3333329856
115553  -56.080  -20.113  -2.329 0.4444440007
127252  -57.276  -19.312  -1.791 0.4444440007
68397  -58.400  -18.759  -1.946 0.3333329856
116044  -56.160  -20.300  -3.067 0.2222220004
68416  -57.714  -19.836  -3.255 0.2222220004
119945  -58.445  -19.228  -2.668 0.3333329856
65328  -56.967  -22.158  5.395 0.2222220004
66370  -57.419  -20.493  6.603 0.4444440007
65329  -57.758  -21.792  4.867 0.2222220004
68353  -58.840  -18.901  3.746 0.3333329856
127898  -57.745  -18.957  -1.261 0.3333329856
69371  -58.780  -18.444  -0.980 0.3333329856
66377  -57.531  -20.764  6.703 0.3333329856
65321  -57.710  -21.038  6.028 0.3333329856
67363  -57.910  -19.941  5.856 0.4444440007
66384  -58.298  -20.701  5.284 0.4444440007
67371  -58.849  -19.743  5.028 0.4444440007
67379  -59.235  -20.087  4.514 0.3333329856
68347  -58.805  -19.182  4.608 0.4444440007
68348  -59.121  -19.413  4.463 0.3333329856
68354  -59.346  -18.979  3.830 0.3333329856
126125  -59.427  -18.717  3.186 0.3333329856
68355  -59.719  -19.222  3.540 0.3333329856
68363  -59.807  -18.774  3.017 0.3333329856
120339  -59.900  -18.057  1.359 0.3333329856
134621  -15.772  -47.330  35.515 0.2222220004
40389  -16.299  -47.329  22.794 0.4444440007
33953  -13.631  -53.291  35.725 0.2222220004
54919  -44.259  -33.531  7.491 0.3333329856
66379  -58.432  -19.919  5.455 0.4444440007
69347  -60.244  -18.108  0.572 0.3333329856
54944  -43.867  -33.131  6.867 0.2222220004
122741  -15.459  -56.199  35.249 0.1111110002
31805  -15.112  -54.774  35.717 0.1111110002
33963  -15.049  -54.103  35.691 0.1111110002
33977  -15.068  -54.056  34.634 0.1111110002
36029  -13.186  -51.083  33.877 0.1111110002
136188  -59.478  -18.388  -1.659 0.3333329856
66385  -58.883  -20.444  4.807 0.4444440007
67459  -55.448  -20.487  -3.545 0.4444440007
67452  -56.849  -19.807  -2.552 0.3333329856
135376  -57.686  -19.357  -2.400 0.3333329856
31939  -31.268  -55.296  22.341 0.1111110002
30837  -32.388  -56.579  23.657 0.1111110002
35131  -29.497  -52.119  23.538 0.1111110002
33012  -29.020  -54.285  23.465 0.1111110002
34094  -29.536  -53.437  22.541 0.1111110002
35149  -31.310  -52.297  22.108 0.1111110002
136158  -30.424  -55.617  25.092 0.1111110002
31919  -29.733  -55.386  24.767 0.1111110002
31938  -30.533  -54.926  22.720 0.1111110002
33029  -30.914  -54.516  21.928 0.1111110002
30801  -31.183  -56.385  27.381 0.1111110002
30816  -31.259  -55.983  26.550 0.1111110002
31921  -31.294  -55.814  24.581 0.1111110002
31929  -31.035  -55.599  23.500 0.1111110002
138762  -32.285  -56.665  27.543 0.1111110002
30803  -32.921  -56.318  27.127 0.1111110002
30827  -32.638  -56.420  24.925 0.1111110002
29708  -32.781  -57.125  27.451 0.1111110002
29721  -33.561  -56.778  25.744 0.1111110002
36162  -29.858  -51.544  24.380 0.1111110002
34080  -28.436  -53.306  23.945 0.1111110002
138181  -29.048  -52.714  23.123 0.1111110002
33001  -28.026  -54.349  24.712 0.1111110002
28536  -27.072  -60.102  30.238 0.1111110002
30815  -30.512  -56.060  26.656 0.1111110002
31897  -29.529  -55.963  26.272 0.1111110002
31907  -27.674  -55.050  25.809 0.1111110002
28546  -28.476  -59.276  30.192 0.1111110002
29681  -29.125  -58.598  29.455 0.1111110002
30789  -29.834  -57.077  28.017 0.1111110002
30798  -27.946  -56.215  26.911 0.1111110002
28562  -31.071  -58.198  28.151 0.1111110002
28563  -32.008  -57.795  27.599 0.1111110002
28574  -32.664  -58.041  27.246 0.1111110002
120263  -30.194  -51.050  26.764 0.1111110002
37187  -30.616  -50.677  26.264 0.1111110002
122151  -29.440  -51.697  25.910 0.1111110002
35118  -29.197  -52.083  24.475 0.1111110002
35103  -28.416  -52.765  25.468 0.1111110002
134341  -28.825  -52.697  23.736 0.1111110002
34044  -27.778  -53.447  26.626 0.1111110002
27463  -26.078  -60.030  30.354 0.1111110002
31886  -27.404  -55.895  27.130 0.1111110002
123184  -27.347  -54.892  26.397 0.1111110002
29668  -25.740  -58.439  30.427 0.1111110002
30769  -26.297  -57.953  30.008 0.1111110002
30779  -27.254  -57.325  28.796 0.1111110002
30787  -27.508  -56.612  27.767 0.1111110002
122097  -30.875  -50.826  28.448 0.1111110002
36115  -30.211  -51.234  27.641 0.1111110002
36128  -29.617  -51.581  26.803 0.1111110002
35089  -28.378  -52.776  26.423 0.1111110002
36114  -29.668  -51.786  27.949 0.1111110002
35079  -28.372  -52.849  27.442 0.1111110002
32979  -26.963  -54.495  27.832 0.1111110002
34036  -27.496  -53.778  28.092 0.1111110002
32969  -27.122  -54.148  28.622 0.1111110002
120273  -30.288  -51.445  28.638 0.1111110002
36094  -29.812  -51.917  28.946 0.2222220004
35050  -28.885  -52.912  30.118 0.2222220004
43512  -31.411  -44.501  21.870 0.5555559993
44687  -27.902  -42.955  13.988 0.2222220004
122188  -29.500  -52.328  29.362 0.2222220004
136527  -30.305  -51.625  29.395 0.2222220004
33978  -18.553  -53.387  33.263 0.2222220004
32933  -18.431  -54.672  32.425 0.2222220004
34017  -28.410  -53.265  29.627 0.1111110002
34028  -28.296  -53.155  28.511 0.1111110002
43584  -28.681  -44.275  14.932 0.2222220004
28526  -25.268  -59.642  30.517 0.1111110002
30786  -26.709  -56.447  28.292 0.1111110002
31885  -26.889  -55.851  27.643 0.1111110002
32978  -26.631  -55.146  27.798 0.1111110002
30845  -31.743  -56.008  22.930 0.1111110002
30836  -31.811  -56.095  24.163 0.1111110002
35147  -29.532  -52.700  22.660 0.1111110002
35148  -30.439  -52.438  22.282 0.1111110002
33013  -29.797  -54.617  23.097 0.1111110002
33011  -28.316  -54.009  23.898 0.1111110002
31927  -29.632  -55.013  23.895 0.1111110002
132158  -28.864  -53.393  23.136 0.1111110002
33028  -30.090  -54.068  22.325 0.1111110002
34095  -30.110  -53.178  22.067 0.1111110002
33045  -30.770  -53.723  21.737 0.1111110002
31910  -31.150  -55.786  25.466 0.1111110002
31909  -30.261  -55.740  25.729 0.1111110002
31920  -30.501  -55.520  24.393 0.1111110002
31928  -30.290  -55.181  23.506 0.1111110002
30800  -30.186  -56.454  27.272 0.1111110002
30790  -30.865  -56.957  28.054 0.1111110002
30791  -31.635  -56.793  27.805 0.1111110002
30802  -32.018  -56.254  27.286 0.1111110002
30817  -32.110  -55.983  26.415 0.1111110002
30826  -32.007  -55.985  25.318 0.1111110002
29709  -33.563  -56.770  27.090 0.1111110002
29695  -31.836  -57.328  27.789 0.1111110002
30818  -32.880  -56.273  26.117 0.1111110002
30804  -33.649  -56.683  26.724 0.1111110002
29730  -33.185  -57.062  24.447 0.1111110002
29731  -34.100  -57.478  25.319 0.1111110002
36145  -29.597  -51.595  25.199 0.1111110002
34067  -28.049  -53.560  24.690 0.1111110002
31918  -28.757  -54.765  24.399 0.1111110002
31908  -28.170  -54.974  25.211 0.1111110002
122127  -29.045  -55.449  25.319 0.1111110002
32992  -27.790  -54.560  25.322 0.1111110002
34066  -27.690  -54.087  25.161 0.1111110002
29670  -27.585  -59.432  30.167 0.1111110002
30799  -28.895  -56.401  26.939 0.1111110002
31896  -28.324  -55.631  26.076 0.1111110002
31895  -27.589  -55.504  26.511 0.1111110002
28547  -29.274  -59.331  29.533 0.1111110002
29680  -27.919  -58.400  29.528 0.1111110002
29692  -29.497  -57.795  28.801 0.1111110002
29682  -29.799  -58.565  29.115 0.1111110002
29693  -30.312  -57.754  28.578 0.1111110002
30788  -28.488  -56.947  27.738 0.1111110002
28573  -31.585  -58.380  27.324 0.1111110002
29694  -31.045  -57.558  28.175 0.1111110002
28549  -30.235  -58.418  28.677 0.1111110002
131553  -30.722  -58.656  28.023 0.1111110002
36129  -30.027  -51.187  25.905 0.1111110002
35104  -28.994  -52.105  25.326 0.1111110002
35090  -28.966  -52.145  26.202 0.1111110002
35117  -28.571  -52.723  24.584 0.1111110002
34053  -27.869  -53.472  25.663 0.1111110002
34037  -27.806  -53.417  27.526 0.1111110002
34043  -27.318  -54.167  27.031 0.1111110002
34052  -27.531  -54.273  25.927 0.1111110002
29659  -25.713  -59.477  30.507 0.1111110002
29669  -26.520  -59.318  30.368 0.1111110002
31894  -27.027  -55.156  27.094 0.1111110002
29679  -27.003  -58.200  29.774 0.1111110002
29691  -28.222  -57.586  28.659 0.1111110002
35080  -28.992  -52.200  27.207 0.1111110002
31848  -18.661  -55.378  32.149 0.1111110002
31849  -18.964  -55.983  31.693 0.1111110002
128593  -19.968  -57.262  31.859 0.1111110002
53873  -33.284  -33.731  10.905 0.3333329856
119460  -32.890  -34.469  10.007 0.2222220004
52921  -33.250  -34.095  10.229 0.2222220004
52936  -33.341  -34.655  9.457 0.2222220004
51948  -33.796  -34.764  9.755 0.2222220004
51949  -34.753  -35.726  9.754 0.2222220004
51963  -34.477  -35.746  9.183 0.2222220004
51950  -35.706  -36.510  10.025 0.2222220004
51929  -33.414  -35.971  11.370 0.2222220004
123203  -32.844  -34.970  10.254 0.1111110002
54640  -39.442  -32.105  27.460 0.1111110002
55696  -40.690  -31.821  27.531 0.1111110002
55718  -41.922  -31.443  26.449 0.1111110002
55738  -43.127  -30.882  25.390 0.1111110002
118020  -50.582  -35.965  17.142 0.3333329856
54935  -34.966  -33.242  6.413 0.1111110002
132664  -36.272  -34.967  6.595 0.1111110002
52979  -36.896  -35.400  6.857 0.1111110002
52965  -38.250  -35.697  7.186 0.1111110002
54689  -44.204  -33.137  24.131 0.1111110002
52806  -52.113  -34.012  18.575 0.3333329856
60083  -34.834  -27.710  9.146 0.1111110002
60098  -33.557  -28.434  8.164 0.1111110002
56966  -33.147  -31.519  6.555 0.1111110002
55926  -34.527  -32.573  6.479 0.1111110002
119132  -35.694  -33.734  6.284 0.1111110002
53926  -36.345  -34.193  6.207 0.1111110002
52981  -38.409  -35.126  6.638 0.1111110002
52966  -39.549  -35.573  7.256 0.1111110002
52968  -41.444  -35.234  7.711 0.2222220004
60099  -34.590  -28.309  8.489 0.1111110002
59079  -33.422  -29.577  7.235 0.1111110002
58066  -34.593  -30.957  6.669 0.1111110002
56967  -34.573  -31.867  6.512 0.1111110002
120544  -35.899  -32.287  6.383 0.1111110002
56968  -35.387  -31.703  6.591 0.1111110002
131084  -35.820  -32.923  6.232 0.1111110002
54936  -36.447  -33.367  5.973 0.1111110002
54937  -37.767  -33.975  5.849 0.1111110002
52982  -39.184  -34.971  6.599 0.1111110002
52983  -40.091  -35.050  6.826 0.1111110002
55942  -36.636  -32.480  5.886 0.1111110002
54958  -37.213  -33.167  5.637 0.1111110002
53929  -39.126  -34.338  6.134 0.1111110002
121664  -39.657  -34.511  6.357 0.1111110002
54939  -39.607  -33.881  5.876 0.1111110002
53930  -40.302  -34.356  6.391 0.1111110002
58031  -35.917  -30.358  7.871 0.1111110002
59067  -35.421  -29.165  8.258 0.1111110002
58049  -35.402  -30.693  7.123 0.1111110002
56950  -35.847  -31.359  6.847 0.1111110002
136498  -35.320  -31.176  6.771 0.1111110002
56969  -36.305  -31.832  6.426 0.1111110002
55943  -37.558  -32.326  5.494 0.1111110002
54959  -38.096  -33.128  5.472 0.1111110002
54960  -39.015  -33.136  5.417 0.1111110002
54961  -39.947  -33.114  5.501 0.1111110002
54941  -41.382  -33.593  6.165 0.1111110002
138720  -41.690  -33.923  6.536 0.1111110002
56987  -37.944  -31.529  5.298 0.1111110002
55945  -39.358  -32.362  5.160 0.1111110002
55946  -40.303  -32.362  5.217 0.1111110002
54963  -41.772  -33.004  5.801 0.1111110002
131480  -38.313  -30.866  5.072 0.1111110002
138488  -38.589  -30.512  4.943 0.1111110002
117200  -39.699  -31.532  4.819 0.1111110002
56988  -40.725  -31.638  4.936 0.1111110002
55948  -42.183  -32.250  5.559 0.1111110002
55929  -43.456  -32.654  6.329 0.1111110002
58084  -38.929  -30.215  4.808 0.1111110002
57004  -39.638  -30.670  4.659 0.1111110002
57006  -41.079  -30.943  4.720 0.1111110002
58085  -41.910  -30.769  4.836 0.1111110002
56990  -42.590  -31.376  5.320 0.1111110002
120616  -43.155  -30.926  5.317 0.1111110002
59131  -40.575  -29.598  4.564 0.1111110002
58103  -41.284  -30.188  4.589 0.1111110002
58104  -42.081  -29.978  4.674 0.1111110002
59113  -42.860  -29.765  4.797 0.1111110002
58088  -44.236  -30.390  5.486 0.2222220004
115212  -43.076  -28.870  4.766 0.1111110002
59114  -43.676  -29.618  5.050 0.1111110002
58089  -45.187  -30.157  5.734 0.2222220004
58090  -46.019  -29.999  5.961 0.3333329856
58082  -37.639  -30.717  5.528 0.1111110002
58083  -38.220  -30.082  5.206 0.1111110002
59130  -39.662  -29.850  4.647 0.1111110002
59112  -39.779  -29.000  4.755 0.1111110002
60155  -40.760  -28.812  4.632 0.1111110002
59132  -41.446  -29.404  4.559 0.1111110002
133365  -42.246  -29.206  4.614 0.1111110002
59133  -41.624  -28.662  4.610 0.1111110002
60140  -43.709  -28.153  4.996 0.1111110002
60141  -44.495  -28.436  5.207 0.2222220004
59116  -45.289  -28.679  5.423 0.3333329856
124922  -42.808  -27.818  4.835 0.1111110002
61068  -44.362  -27.537  5.282 0.3333329856
116439  -45.095  -27.853  5.414 0.3333329856
117710  -44.974  -26.880  5.519 0.3333329856
59109  -37.699  -29.937  5.716 0.1111110002
59110  -38.008  -29.289  5.630 0.1111110002
60136  -38.387  -28.642  5.599 0.1111110002
60137  -39.106  -28.399  5.230 0.1111110002
60138  -40.056  -28.196  4.918 0.1111110002
61064  -40.343  -27.414  5.065 0.1111110002
60139  -40.997  -28.044  4.762 0.1111110002
61065  -41.282  -27.253  4.935 0.1111110002
62744  -43.325  -25.899  5.092 0.2222220004
61932  -44.100  -25.852  5.193 0.3333329856
61919  -41.744  -26.362  5.020 0.1111110002
61920  -42.858  -26.664  5.064 0.1111110002
61921  -43.650  -26.418  5.214 0.1111110002
117632  -44.277  -26.585  5.355 0.3333329856
60122  -37.960  -28.579  6.241 0.1111110002
61045  -38.598  -27.036  6.424 0.1111110002
61895  -38.956  -26.168  6.271 0.1111110002
62721  -39.079  -25.405  6.508 0.1111110002
61063  -39.421  -27.588  5.362 0.1111110002
120491  -39.725  -26.908  5.386 0.1111110002
61917  -39.526  -26.198  5.626 0.1111110002
61918  -40.521  -26.474  5.182 0.1111110002
120464  -40.972  -25.715  5.064 0.1111110002
62751  -43.724  -25.370  4.605 0.2222220004
135617  -45.257  -25.285  5.149 0.3333329856
62750  -42.301  -25.095  4.562 0.1111110002
63555  -42.952  -24.926  4.118 0.1111110002
62760  -43.753  -24.801  3.713 0.2222220004
62761  -44.497  -25.074  3.912 0.2222220004
62762  -45.179  -25.169  4.307 0.3333329856
63554  -42.120  -24.203  3.990 0.1111110002
64421  -43.451  -23.361  3.156 0.1111110002
63561  -44.456  -24.536  3.270 0.2222220004
64422  -44.240  -23.794  2.889 0.2222220004
63575  -45.061  -24.143  2.785 0.2222220004
64432  -45.628  -23.443  2.486 0.2222220004
131026  -38.332  -27.203  7.123 0.1111110002
118814  -38.221  -27.722  6.525 0.1111110002
131258  -38.597  -26.481  6.819 0.1111110002
62706  -39.032  -25.471  7.211 0.1111110002
63517  -39.305  -24.795  6.879 0.1111110002
63532  -39.399  -24.823  6.225 0.1111110002
63533  -39.726  -24.105  6.443 0.1111110002
64396  -40.231  -23.414  6.452 0.1111110002
62741  -40.120  -25.501  5.373 0.1111110002
63545  -40.788  -24.786  4.969 0.1111110002
63552  -40.558  -23.812  5.060 0.1111110002
63553  -41.271  -23.950  4.498 0.1111110002
64412  -41.696  -23.264  4.064 0.1111110002
64420  -42.525  -23.314  3.585 0.1111110002
65341  -43.665  -22.558  3.003 0.1111110002
64430  -44.072  -23.019  2.811 0.1111110002
66396  -44.405  -22.203  2.706 0.1111110002
65342  -45.255  -22.664  2.467 0.2222220004
65343  -46.039  -22.584  2.200 0.1111110002
65350  -48.265  -22.532  1.285 0.2222220004
65365  -49.499  -22.369  0.618 0.3333329856
65353  -50.874  -23.077  1.020 0.3333329856
60112  -38.413  -28.021  7.584 0.1111110002
61889  -38.827  -26.313  7.432 0.1111110002
62701  -39.315  -25.736  7.900 0.1111110002
62707  -39.606  -24.965  7.788 0.1111110002
64374  -40.817  -23.808  8.009 0.1111110002
64386  -40.263  -23.655  7.254 0.1111110002
131751  -41.080  -23.217  7.673 0.1111110002
64387  -41.450  -22.567  7.259 0.1111110002
64397  -40.667  -22.928  6.878 0.1111110002
65302  -42.303  -22.272  7.584 0.1111110002
65317  -41.004  -22.480  5.548 0.1111110002
66372  -41.486  -22.116  5.041 0.1111110002
66380  -42.057  -21.861  4.440 0.1111110002
66387  -42.857  -21.659  3.822 0.1111110002
128561  -43.568  -21.871  3.191 0.1111110002
66389  -44.170  -21.307  3.019 0.1111110002
66397  -44.795  -21.418  2.670 0.1111110002
66398  -45.458  -21.090  2.384 0.1111110002
129074  -45.896  -21.736  2.111 0.1111110002
65349  -46.553  -21.946  1.807 0.1111110002
125686  -47.418  -22.103  1.462 0.1111110002
66406  -47.975  -21.882  1.004 0.1111110002
65351  -49.089  -22.800  1.119 0.3333329856
65364  -48.642  -22.109  0.780 0.1111110002
65366  -50.401  -22.546  0.548 0.3333329856
66421  -50.833  -22.140  0.036 0.3333329856
65372  -51.575  -22.242  0.100 0.3333329856
131525  -40.344  -24.871  8.436 0.1111110002
66354  -42.668  -21.630  7.092 0.1111110002
66365  -43.124  -21.099  6.557 0.1111110002
66374  -42.880  -21.054  5.648 0.1111110002
67365  -43.466  -20.684  5.088 0.1111110002
67373  -43.448  -20.912  4.174 0.1111110002
67367  -44.695  -20.064  4.150 0.1111110002
67375  -45.137  -20.142  3.425 0.1111110002
67382  -44.808  -20.810  2.902 0.1111110002
67383  -45.418  -20.487  2.758 0.1111110002
127929  -45.306  -21.924  2.405 0.1111110002
66399  -46.184  -21.169  1.892 0.1111110002
66405  -46.887  -21.290  1.528 0.1111110002
66418  -47.543  -21.309  1.101 0.1111110002
66419  -48.233  -21.282  0.592 0.1111110002
120561  -49.054  -21.639  0.271 0.1111110002
66420  -49.932  -21.930  0.075 0.3333329856
62711  -57.220  -25.575  8.103 0.3333329856
67346  -43.910  -20.718  6.923 0.1111110002
67356  -45.198  -19.881  6.786 0.1111110002
67355  -44.433  -20.246  6.422 0.1111110002
68335  -44.969  -19.804  5.911 0.1111110002
68340  -45.541  -19.453  5.336 0.1111110002
67360  -44.203  -20.215  5.502 0.1111110002
68339  -44.799  -19.860  4.971 0.1111110002
68344  -45.418  -19.596  4.342 0.1111110002
68350  -45.933  -19.575  3.600 0.1111110002
67376  -45.738  -20.035  2.944 0.1111110002
67396  -46.598  -20.725  1.774 0.1111110002
67385  -46.767  -20.251  1.903 0.1111110002
67397  -47.198  -20.555  1.386 0.1111110002
138779  -47.758  -20.704  0.855 0.1111110002
67408  -48.707  -20.814  -0.038 0.1111110002
66427  -49.452  -21.208  -0.377 0.3333329856
66428  -50.405  -21.471  -0.625 0.2222220004
66442  -50.391  -20.909  -1.301 0.3333329856
61055  -57.176  -26.612  7.788 0.3333329856
68328  -45.937  -19.585  7.092 0.1111110002
127667  -46.464  -19.140  6.571 0.1111110002
69315  -46.593  -18.920  4.885 0.1111110002
68345  -46.486  -19.073  4.148 0.1111110002
120957  -47.105  -19.319  2.785 0.1111110002
68351  -46.331  -19.718  2.864 0.1111110002
68358  -47.323  -19.764  1.841 0.1111110002
68359  -47.909  -19.083  2.332 0.1111110002
67407  -48.231  -20.407  0.439 0.1111110002
67418  -48.574  -19.998  -0.198 0.1111110002
67419  -49.113  -20.407  -0.646 0.1111110002
67420  -49.779  -20.738  -0.988 0.2222220004
127576  -54.200  -20.640  -2.532 0.4444440007
67450  -54.774  -20.528  -3.046 0.4444440007
69316  -47.215  -18.675  4.555 0.1111110002
69317  -48.150  -18.296  4.619 0.1111110002
129588  -48.953  -18.012  4.222 0.1111110002
69321  -47.713  -18.553  3.925 0.1111110002
69322  -48.370  -18.359  3.685 0.1111110002
69323  -49.137  -18.128  3.355 0.1111110002
68352  -47.780  -18.752  3.186 0.1111110002
69326  -48.506  -18.543  2.820 0.1111110002
69327  -49.270  -18.326  2.457 0.1111110002
69342  -48.634  -19.009  1.204 0.1111110002
69343  -48.868  -18.865  0.528 0.1111110002
68385  -49.013  -19.520  -0.784 0.1111110002
68395  -49.551  -19.536  -1.472 0.1111110002
68396  -49.985  -19.629  -2.010 0.2222220004
67448  -52.412  -20.463  -3.194 0.3333329856
67457  -53.195  -20.401  -3.696 0.3333329856
67473  -53.937  -20.367  -4.137 0.3333329856
122848  -49.827  -17.745  3.950 0.1111110002
69324  -49.923  -17.917  3.019 0.1111110002
134549  -49.301  -18.488  1.430 0.1111110002
69344  -49.508  -18.300  0.453 0.1111110002
69353  -49.067  -18.744  -0.289 0.1111110002
69370  -49.909  -18.135  -1.319 0.1111110002
68424  -51.922  -19.209  -4.309 0.2222220004
67472  -53.222  -20.008  -4.384 0.2222220004
133165  -53.921  -20.024  -4.679 0.2222220004
67458  -54.678  -20.495  -3.907 0.2222220004
67474  -54.581  -20.225  -4.602 0.2222220004
67475  -55.471  -20.392  -4.480 0.2222220004
67476  -56.335  -20.425  -4.722 0.2222220004
130038  -50.469  -17.679  3.451 0.1111110002
69328  -50.057  -18.022  2.159 0.1111110002
69335  -50.157  -17.978  1.246 0.1111110002
70349  -50.233  -17.694  0.317 0.1111110002
69354  -49.649  -18.127  -0.451 0.1111110002
70377  -50.530  -17.464  -1.490 0.1111110002
69386  -50.301  -18.263  -2.204 0.2222220004
69415  -52.180  -18.600  -4.663 0.1111110002
69431  -52.652  -17.900  -5.157 0.2222220004
68425  -52.591  -19.349  -4.599 0.2222220004
69432  -53.414  -18.517  -5.358 0.2222220004
132013  -54.872  -19.119  -5.586 0.2222220004
68427  -54.341  -19.705  -5.114 0.2222220004
67496  -55.163  -19.972  -5.140 0.2222220004
67497  -56.059  -20.200  -5.140 0.2222220004
134140  -57.100  -20.386  -5.202 0.2222220004
66511  -61.226  -21.758  -5.357 0.2222220004
65448  -61.151  -22.015  -5.748 0.2222220004
65461  -60.738  -22.107  -6.346 0.2222220004
65447  -60.734  -22.418  -5.675 0.1111110002
65446  -59.829  -22.812  -6.158 0.2222220004
70342  -50.854  -17.664  1.971 0.1111110002
118475  -50.941  -17.513  1.108 0.1111110002
70363  -50.334  -17.477  -0.597 0.1111110002
70364  -51.012  -16.861  -0.826 0.1111110002
70387  -50.797  -17.541  -2.299 0.1111110002
70388  -51.367  -16.958  -2.537 0.1111110002
69387  -51.032  -17.778  -3.068 0.1111110002
129412  -51.610  -17.070  -3.299 0.1111110002
70403  -51.931  -17.833  -4.533 0.1111110002
71376  -53.033  -16.952  -5.309 0.1111110002
115458  -53.864  -16.795  -5.609 0.2222220004
63657  -50.544  -24.294  -4.058 0.1111110002
64519  -51.156  -23.883  -4.490 0.1111110002
132644  -54.942  -18.242  -5.877 0.2222220004
69434  -55.618  -18.571  -5.997 0.2222220004
135333  -51.878  -24.063  -4.543 0.1111110002
68437  -55.798  -19.473  -5.588 0.2222220004
69435  -56.459  -18.875  -6.131 0.2222220004
68450  -57.306  -19.117  -6.227 0.2222220004
133509  -53.700  -23.416  -5.440 0.1111110002
69450  -58.592  -18.706  -6.500 0.2222220004
68438  -56.709  -19.728  -5.671 0.2222220004
68451  -57.805  -19.828  -5.941 0.2222220004
67519  -59.171  -20.258  -6.089 0.2222220004
67499  -59.142  -20.505  -5.532 0.2222220004
67520  -60.463  -20.546  -6.524 0.2222220004
67500  -60.434  -20.890  -5.669 0.2222220004
123296  -60.856  -21.391  -6.404 0.2222220004
66529  -60.852  -21.302  -6.818 0.2222220004
64540  -58.929  -23.141  -5.687 0.1111110002
118242  -51.145  -17.134  0.225 0.1111110002
71354  -51.959  -16.389  -2.842 0.1111110002
136273  -52.433  -16.610  -4.201 0.1111110002
138205  -52.005  -16.647  -3.398 0.1111110002
71377  -53.520  -16.263  -5.229 0.1111110002
131272  -50.896  -23.381  -4.903 0.1111110002
70409  -53.569  -17.637  -5.540 0.1111110002
70411  -55.423  -17.720  -6.186 0.2222220004
64518  -50.410  -23.679  -4.531 0.1111110002
64533  -51.684  -23.451  -5.072 0.1111110002
70410  -54.539  -17.467  -5.881 0.2222220004
70423  -55.206  -16.923  -6.205 0.2222220004
64534  -52.495  -23.245  -5.417 0.1111110002
65440  -53.190  -23.000  -5.645 0.1111110002
69448  -56.311  -17.972  -6.357 0.2222220004
69449  -57.333  -18.278  -6.396 0.2222220004
64535  -53.128  -23.705  -5.222 0.1111110002
65441  -53.942  -22.753  -5.923 0.1111110002
64536  -54.415  -23.457  -5.412 0.1111110002
135475  -55.216  -22.218  -6.420 0.1111110002
68452  -59.061  -19.590  -6.395 0.2222220004
65442  -54.966  -22.845  -5.940 0.1111110002
135209  -55.834  -22.671  -6.205 0.1111110002
68453  -60.307  -19.488  -6.813 0.2222220004
68454  -60.501  -19.718  -7.300 0.2222220004
65458  -56.793  -22.503  -6.382 0.1111110002
67521  -60.780  -20.713  -7.102 0.2222220004
65444  -57.426  -23.060  -5.993 0.1111110002
65445  -58.603  -23.018  -6.112 0.1111110002
66542  -60.528  -20.861  -7.274 0.2222220004
65460  -59.284  -22.515  -6.560 0.1111110002
66528  -60.121  -21.826  -6.985 0.2222220004
72304  -52.900  -15.493  -1.888 0.1111110002
72313  -52.885  -15.525  -2.765 0.1111110002
71334  -51.693  -16.379  -1.158 0.1111110002
71346  -51.733  -16.313  -1.999 0.1111110002
137414  -52.376  -15.950  -2.861 0.1111110002
71362  -53.121  -15.578  -3.575 0.1111110002
72326  -53.784  -15.598  -4.857 0.1111110002
66536  -53.775  -20.768  -7.116 0.1111110002
71378  -55.033  -16.143  -6.011 0.2222220004
132569  -52.618  -22.544  -5.926 0.1111110002
66537  -54.662  -20.814  -7.036 0.1111110002
70424  -56.060  -17.129  -6.398 0.2222220004
65456  -53.650  -21.998  -6.467 0.1111110002
70425  -57.299  -17.292  -6.469 0.2222220004
70426  -58.456  -17.766  -6.524 0.2222220004
66524  -54.979  -21.528  -6.719 0.1111110002
70427  -59.877  -17.673  -6.806 0.2222220004
117420  -60.286  -18.052  -7.155 0.2222220004
66539  -56.694  -21.130  -7.068 0.1111110002
138930  -56.664  -21.805  -6.708 0.1111110002
69451  -60.132  -18.573  -6.850 0.2222220004
69452  -60.403  -18.816  -7.311 0.2222220004
69453  -60.507  -19.214  -7.382 0.2222220004
65459  -58.049  -22.558  -6.460 0.1111110002
66526  -57.418  -21.811  -6.795 0.1111110002
66540  -57.968  -21.098  -7.320 0.1111110002
66527  -58.687  -21.856  -6.967 0.1111110002
129754  -54.317  -14.905  -3.686 0.1111110002
73252  -54.906  -14.745  -4.838 0.1111110002
121681  -55.049  -15.281  -5.573 0.1111110002
71385  -56.664  -16.449  -6.443 0.2222220004
73262  -56.768  -14.999  -6.250 0.2222220004
67532  -54.349  -20.162  -7.318 0.2222220004
68473  -54.970  -19.511  -7.453 0.2222220004
123998  -58.881  -16.987  -6.658 0.2222220004
67533  -55.263  -20.232  -7.322 0.2222220004
71387  -59.904  -16.784  -7.021 0.2222220004
68474  -55.891  -19.616  -7.536 0.2222220004
130080  -56.876  -19.672  -7.687 0.1111110002
69464  -60.341  -18.116  -7.471 0.2222220004
127225  -60.423  -18.949  -7.449 0.2222220004
66538  -55.605  -20.929  -6.995 0.1111110002
67535  -57.333  -20.369  -7.545 0.1111110002
119270  -58.904  -19.109  -7.989 0.1111110002
67536  -58.583  -20.336  -7.680 0.1111110002
127870  -60.005  -20.119  -7.660 0.1111110002
66541  -59.359  -21.054  -7.443 0.1111110002
72342  -59.941  -16.113  -7.333 0.2222220004
71388  -60.272  -16.493  -7.579 0.2222220004
125681  -56.646  -18.356  -7.704 0.2222220004
70444  -58.861  -17.585  -8.079 0.2222220004
129095  -56.503  -19.091  -7.701 0.1111110002
69463  -58.823  -18.415  -8.030 0.2222220004
122792  -57.573  -18.947  -7.916 0.1111110002
137153  -59.361  -16.800  -8.228 0.2222220004
71402  -60.415  -16.410  -7.847 0.2222220004
51811  -48.389  -35.575  21.411 0.2222220004
52780  -50.150  -35.350  19.730 0.3333329856
50813  -47.630  -36.851  20.179 0.2222220004
116279  -51.308  -34.790  18.834 0.3333329856
51838  -50.401  -35.773  18.037 0.3333329856
115291  -49.237  -36.069  19.657 0.3333329856
65337  -58.178  -22.492  4.088 0.1111110002
64427  -59.193  -22.966  3.478 0.1111110002
66392  -59.322  -20.955  3.958 0.3333329856
55734  -40.247  -31.578  26.987 0.1111110002
55735  -40.954  -31.312  26.668 0.1111110002
54657  -43.132  -31.679  25.575 0.1111110002
54672  -44.221  -32.002  24.449 0.1111110002
54671  -43.615  -32.452  24.825 0.1111110002
52967  -40.246  -35.567  7.488 0.1111110002
53931  -41.169  -34.217  6.554 0.1111110002
53932  -41.935  -34.257  6.900 0.1111110002
51826  -48.491  -36.348  20.210 0.2222220004
54917  -42.698  -34.071  7.089 0.1111110002
52781  -50.503  -34.531  20.165 0.3333329856
53756  -51.390  -33.241  19.469 0.3333329856
52792  -51.066  -34.383  19.617 0.3333329856
53773  -52.398  -32.908  18.321 0.3333329856
62752  -44.602  -25.381  4.963 0.3333329856
62745  -45.821  -25.359  5.517 0.3333329856
51989  -38.000  -36.273  7.774 0.1111110002
51990  -38.931  -36.100  7.700 0.2222220004
119938  -40.818  -35.229  7.334 0.1111110002
51818  -48.068  -36.211  20.871 0.2222220004
53774  -53.039  -33.103  17.531 0.3333329856
51931  -35.167  -35.346  10.430 0.3333329856
53880  -33.733  -33.471  10.830 0.3333329856
50919  -33.202  -37.280  11.421 0.1111110002
56971  -43.827  -31.958  6.026 0.1111110002
65352  -49.963  -22.999  1.008 0.3333329856
67433  -49.984  -20.262  -1.652 0.1111110002
67456  -52.278  -19.939  -3.992 0.3333329856
129519  -49.807  -18.939  -1.845 0.2222220004
69414  -51.571  -18.580  -4.195 0.1111110002
52908  -33.155  -34.673  10.780 0.2222220004
129673  -43.669  -30.881  5.485 0.1111110002
67449  -53.332  -20.632  -2.841 0.4444440007
51947  -33.015  -36.157  10.775 0.1111110002
52920  -32.643  -35.272  9.806 0.1111110002
120298  -52.024  -34.843  17.645 0.3333329856
52805  -51.338  -35.275  17.849 0.3333329856
52978  -35.644  -34.568  6.525 0.1111110002
120532  -37.111  -34.624  6.298 0.1111110002
52980  -37.680  -35.250  6.710 0.1111110002
138836  -38.883  -35.531  7.053 0.1111110002
60110  -32.928  -28.988  7.626 0.1111110002
58047  -33.069  -30.149  6.861 0.1111110002
123682  -33.915  -30.178  6.886 0.1111110002
58065  -33.553  -30.809  6.624 0.1111110002
123636  -33.919  -31.453  6.527 0.1111110002
124000  -36.954  -33.860  5.889 0.1111110002
53928  -38.511  -34.482  6.199 0.1111110002
53927  -37.898  -34.685  6.317 0.1111110002
59066  -34.465  -28.999  7.841 0.1111110002
59080  -34.220  -29.601  7.333 0.1111110002
58048  -34.646  -30.205  7.058 0.1111110002
55927  -35.203  -32.416  6.434 0.1111110002
53913  -40.767  -34.752  6.822 0.1111110002
54938  -38.683  -33.836  5.761 0.1111110002
54940  -40.546  -33.719  5.990 0.1111110002
59081  -35.042  -29.770  7.525 0.1111110002
54962  -40.878  -33.069  5.612 0.1111110002
55944  -38.446  -32.335  5.258 0.1111110002
119585  -38.755  -31.589  4.995 0.1111110002
55947  -41.254  -32.338  5.372 0.1111110002
116195  -38.954  -30.904  4.800 0.1111110002
57005  -40.327  -31.046  4.668 0.1111110002
56989  -41.644  -31.558  5.127 0.1111110002
55949  -43.046  -32.122  5.798 0.1111110002
56991  -43.414  -31.430  5.615 0.1111110002
59111  -38.794  -29.318  5.052 0.1111110002
58102  -40.446  -30.391  4.579 0.1111110002
58086  -42.668  -30.530  4.984 0.1111110002
58087  -43.382  -30.361  5.178 0.1111110002
134536  -42.330  -28.519  4.667 0.1111110002
115694  -43.917  -28.899  5.005 0.1111110002
59115  -44.629  -29.383  5.320 0.2222220004
115418  -41.872  -27.946  4.754 0.1111110002
61066  -42.127  -27.226  4.913 0.1111110002
61067  -43.616  -27.208  5.144 0.1111110002
122131  -42.981  -25.471  4.705 0.1111110002
62743  -42.535  -25.818  4.948 0.1111110002
128227  -38.562  -27.797  5.870 0.1111110002
61916  -39.072  -26.928  5.845 0.1111110002
61888  -38.768  -25.922  6.826 0.1111110002
62742  -41.676  -25.432  4.840 0.1111110002
62749  -41.600  -24.683  4.571 0.1111110002
63560  -43.062  -24.175  3.540 0.1111110002
132578  -43.778  -24.190  3.240 0.2222220004
65334  -43.001  -22.497  3.399 0.1111110002
64431  -44.781  -23.218  2.641 0.1111110002
63518  -39.730  -24.322  7.233 0.1111110002
63544  -39.924  -24.538  5.622 0.1111110002
65308  -40.556  -22.931  6.026 0.1111110002
64404  -40.617  -23.043  5.254 0.1111110002
64411  -41.034  -23.177  4.631 0.1111110002
65324  -41.507  -22.551  4.427 0.1111110002
65333  -42.158  -22.468  3.842 0.1111110002
63507  -41.047  -24.357  8.585 0.1111110002
65309  -41.142  -22.427  6.394 0.1111110002
65310  -41.886  -21.998  6.755 0.1111110002
65323  -41.030  -22.631  4.918 0.1111110002
66363  -41.607  -21.943  5.870 0.1111110002
66373  -42.154  -21.561  5.305 0.1111110002
66381  -42.766  -21.235  4.713 0.1111110002
66388  -43.614  -21.247  3.524 0.1111110002
67374  -44.237  -20.650  3.625 0.1111110002
62703  -40.938  -25.170  9.019 0.1111110002
66355  -43.486  -21.332  7.417 0.1111110002
66364  -42.352  -21.489  6.217 0.1111110002
67359  -43.617  -20.595  6.035 0.1111110002
67366  -44.112  -20.363  4.565 0.1111110002
137465  -45.967  -19.333  4.217 0.1111110002
67384  -46.105  -20.401  2.307 0.1111110002
116066  -44.746  -20.419  7.253 0.1111110002
68336  -45.723  -19.447  6.256 0.1111110002
117126  -46.054  -19.210  4.772 0.1111110002
68341  -46.321  -19.066  5.614 0.1111110002
121189  -46.606  -19.301  3.410 0.1111110002
68357  -46.694  -19.869  2.316 0.1111110002
68370  -47.792  -20.053  1.025 0.1111110002
68329  -46.643  -19.325  7.383 0.1111110002
68346  -47.140  -18.892  3.655 0.1111110002
68371  -48.112  -19.399  1.471 0.1111110002
68377  -48.377  -19.576  0.589 0.1111110002
68378  -48.708  -19.304  -0.079 0.1111110002
67432  -49.426  -20.112  -1.180 0.1111110002
117931  -54.011  -20.548  -3.392 0.3333329856
69310  -47.568  -18.488  5.399 0.1111110002
69334  -48.618  -18.788  1.955 0.1111110002
69369  -49.372  -18.789  -1.099 0.1111110002
68426  -53.458  -19.400  -5.004 0.2222220004
70335  -50.692  -17.688  2.785 0.1111110002
69416  -52.788  -18.752  -5.037 0.2222220004
70397  -51.988  -17.013  -3.977 0.1111110002
71368  -52.422  -17.090  -4.732 0.1111110002
68436  -54.059  -19.053  -5.383 0.2222220004
69433  -54.230  -18.344  -5.636 0.2222220004
116582  -51.625  -17.163  1.093 0.1111110002
70378  -51.153  -16.856  -1.699 0.1111110002
71369  -52.965  -16.145  -4.509 0.1111110002
67518  -58.426  -20.076  -5.967 0.2222220004
67477  -57.994  -20.560  -5.055 0.2222220004
67479  -60.640  -20.847  -4.936 0.2222220004
131164  -60.790  -20.755  -7.144 0.2222220004
71317  -51.891  -16.627  -0.238 0.1111110002
71355  -52.322  -15.881  -2.316 0.1111110002
71361  -52.448  -16.201  -3.513 0.1111110002
65439  -51.859  -22.712  -5.722 0.1111110002
134776  -54.571  -16.656  -5.884 0.2222220004
138837  -53.256  -22.443  -6.079 0.1111110002
66523  -54.123  -21.407  -6.780 0.1111110002
65457  -54.468  -22.140  -6.419 0.1111110002
66525  -55.937  -21.835  -6.651 0.1111110002
71347  -52.314  -15.917  -1.515 0.1111110002
71318  -52.803  -16.308  0.273 0.1111110002
72333  -54.404  -15.254  -5.092 0.1111110002
72334  -55.553  -15.672  -6.116 0.1111110002
71379  -55.753  -16.333  -6.324 0.2222220004
65455  -52.865  -21.946  -6.450 0.1111110002
70428  -60.183  -17.237  -7.381 0.2222220004
67534  -56.244  -20.319  -7.400 0.1111110002
72327  -54.304  -15.046  -4.422 0.1111110002
73228  -54.847  -14.627  -3.167 0.1111110002
118523  -55.901  -15.024  -5.976 0.1111110002
72335  -56.251  -15.652  -6.331 0.2222220004
71386  -57.723  -16.485  -6.541 0.2222220004
72341  -57.226  -15.755  -6.474 0.2222220004
131718  -58.699  -15.881  -6.736 0.2222220004
130083  -57.683  -15.125  -6.474 0.2222220004
68476  -60.023  -19.299  -7.790 0.2222220004
131734  -60.013  -18.633  -7.876 0.2222220004
130795  -59.131  -19.685  -7.869 0.1111110002
68475  -57.995  -19.687  -7.843 0.1111110002
125563  -57.756  -18.181  -7.908 0.2222220004
70445  -60.189  -17.128  -7.842 0.2222220004
118831  -17.869  -46.984  22.373 0.2222220004
136242  -11.145  -48.803  23.938 0.2222220004
40399  -14.791  -47.320  21.724 0.2222220004
40401  -16.913  -46.926  22.024 0.2222220004
41402  -15.206  -46.943  21.083 0.2222220004
41403  -16.186  -46.790  21.147 0.2222220004
41404  -17.125  -46.583  21.090 0.2222220004
123319  -17.702  -46.739  21.654 0.2222220004
39298  -10.013  -48.044  23.628 0.1111110002
40383  -10.559  -47.601  23.093 0.1111110002
39315  -11.816  -47.752  22.577 0.1111110002
40384  -11.149  -47.181  22.590 0.1111110002
41399  -12.579  -46.512  21.634 0.1111110002
41418  -13.839  -46.296  20.831 0.1111110002
41401  -14.336  -46.901  21.140 0.1111110002
41421  -16.474  -46.285  20.474 0.1111110002
41423  -18.278  -46.405  20.272 0.1111110002
40402  -18.468  -46.911  21.681 0.2222220004
40419  -19.346  -47.366  20.252 0.1111110002
41420  -15.558  -46.361  20.503 0.1111110002
42425  -16.713  -45.850  19.970 0.1111110002
123019  -16.424  -45.291  19.570 0.1111110002
42436  -17.191  -45.546  19.566 0.1111110002
40418  -18.866  -46.706  20.063 0.1111110002
41436  -17.947  -45.868  19.601 0.1111110002
40487  -27.700  -47.264  15.621 0.1111110002
118597  -28.356  -46.578  15.816 0.1111110002
42490  -28.414  -45.246  14.581 0.1111110002
40507  -27.257  -47.184  14.882 0.1111110002
41489  -27.831  -46.675  14.962 0.1111110002
42506  -27.930  -45.538  13.981 0.1111110002
41503  -27.917  -46.052  14.377 0.1111110002
43596  -28.336  -44.416  14.173 0.1111110002
44688  -28.390  -43.625  14.423 0.1111110002
43616  -28.016  -44.907  13.781 0.1111110002
134585  -26.600  -40.322  13.991 0.1111110002
47693  -26.953  -40.160  14.872 0.1111110002
48695  -26.692  -39.904  13.916 0.1111110002
48696  -27.298  -39.713  14.572 0.1111110002
44700  -27.272  -43.201  13.395 0.1111110002
45767  -27.607  -42.073  14.555 0.1111110002
45785  -27.168  -42.205  13.772 0.1111110002
135947  -27.156  -41.582  14.383 0.1111110002
48697  -28.011  -39.499  13.989 0.1111110002
135078  -28.724  -39.599  14.216 0.1111110002
48715  -27.318  -39.547  13.652 0.1111110002
48717  -29.055  -39.699  13.368 0.1111110002
115813  -29.695  -39.886  13.933 0.1111110002
117663  -27.576  -39.452  12.730 0.1111110002
115814  -31.066  -39.923  14.705 0.2222220004
118933  -25.476  -39.708  12.780 0.1111110002
48739  -26.743  -39.530  13.075 0.1111110002
48698  -30.780  -40.087  13.747 0.1111110002
51978  -39.317  -36.565  8.473 0.2222220004
67451  -55.484  -20.370  -2.659 0.3333329856
39282  -10.428  -48.886  24.084 0.1111110002
39299  -11.740  -48.208  23.100 0.1111110002
41387  -12.033  -47.046  22.053 0.1111110002
130348  -13.660  -46.827  21.274 0.1111110002
40400  -15.788  -47.195  21.885 0.2222220004
127588  -10.943  -48.383  23.429 0.1111110002
44701  -27.866  -43.956  13.663 0.1111110002
41419  -14.652  -46.335  20.611 0.1111110002
41405  -17.994  -46.575  21.019 0.1111110002
129730  -11.211  -47.896  22.900 0.1111110002
41400  -13.187  -46.366  21.233 0.1111110002
42424  -15.932  -45.801  19.953 0.1111110002
41422  -17.445  -46.186  20.311 0.1111110002
126562  -15.045  -45.543  20.154 0.1111110002
120199  -16.839  -44.756  19.211 0.1111110002
43615  -27.386  -44.686  13.439 0.1111110002
42530  -27.475  -45.430  13.680 0.1111110002
46741  -26.718  -41.007  14.250 0.1111110002
47710  -25.873  -40.231  13.249 0.1111110002
48714  -26.157  -39.804  13.128 0.1111110002
118808  -25.302  -39.045  12.301 0.1111110002
48738  -26.195  -39.261  12.401 0.1111110002
42644  -54.477  -45.911  5.481 0.1111110002
42645  -55.446  -46.306  5.381 0.1111110002
40678  -56.366  -48.212  3.326 0.1111110002
40697  -55.109  -47.265  3.145 0.1111110002
44821  -53.165  -43.518  4.717 0.1111110002
44820  -52.569  -43.897  5.332 0.1111110002
43729  -53.924  -45.080  4.928 0.1111110002
41668  -57.346  -46.910  5.035 0.1111110002
41669  -57.871  -47.196  4.522 0.1111110002
39617  -58.199  -48.149  3.883 0.1111110002
40698  -56.955  -48.173  2.715 0.1111110002
123437  -55.956  -47.645  2.881 0.1111110002
45885  -53.056  -42.521  4.778 0.1111110002
43744  -54.264  -44.476  4.283 0.1111110002
39635  -58.329  -48.209  3.273 0.1111110002
137451  -57.671  -48.203  2.528 0.1111110002
134995  -53.561  -47.410  4.288 0.1111110002
44819  -51.865  -43.287  5.607 0.1111110002
43727  -52.742  -44.755  5.741 0.1111110002
138361  -54.758  -48.195  4.402 0.1111110002
40676  -54.021  -47.376  3.953 0.1111110002
45877  -51.603  -42.399  5.664 0.1111110002
138308  -52.065  -42.729  5.370 0.1111110002
116685  -53.520  -45.454  5.698 0.1111110002
41648  -55.246  -46.489  6.166 0.1111110002
137351  -56.056  -46.681  6.063 0.1111110002
40646  -56.810  -47.654  6.194 0.1111110002
39579  -56.751  -48.588  5.061 0.1111110002
39593  -55.436  -48.422  4.326 0.1111110002
40661  -54.738  -47.747  3.889 0.1111110002
41649  -56.543  -46.679  5.441 0.1111110002
40647  -57.302  -47.983  5.514 0.1111110002
39594  -57.094  -48.575  4.316 0.1111110002
39614  -56.333  -48.513  3.960 0.1111110002
40677  -55.623  -47.997  3.584 0.1111110002
45878  -52.402  -42.191  5.252 0.1111110002
45884  -52.472  -43.034  5.097 0.1111110002
43728  -53.235  -44.508  5.132 0.1111110002
41651  -57.457  -47.354  5.136 0.1111110002
40662  -57.701  -47.768  4.823 0.1111110002
39615  -57.046  -48.506  3.494 0.1111110002
46823  -53.204  -41.693  5.087 0.1111110002
46834  -53.611  -42.030  4.602 0.1111110002
39576  -53.883  -48.411  5.233 0.1111110002
44802  -52.040  -44.191  5.950 0.1111110002
136003  -52.916  -45.370  6.199 0.1111110002
42627  -53.456  -45.905  6.566 0.1111110002
41633  -55.156  -46.619  7.055 0.1111110002
39592  -54.798  -48.542  4.863 0.1111110002
39577  -54.885  -48.749  5.595 0.1111110002
42628  -54.283  -46.235  6.307 0.1111110002
40633  -56.482  -47.464  6.684 0.1111110002
115191  -56.489  -48.476  5.931 0.1111110002
39578  -55.750  -48.825  5.141 0.1111110002
46821  -51.937  -41.694  5.607 0.1111110002
46822  -52.618  -41.332  5.517 0.1111110002
46845  -55.811  -41.918  2.803 0.1111110002
48869  -56.544  -39.034  3.083 0.1111110002
122988  -56.443  -38.047  3.741 0.1111110002
39559  -53.042  -48.428  6.386 0.1111110002
45865  -50.765  -42.298  6.248 0.1111110002
44801  -51.371  -43.697  6.286 0.1111110002
43712  -51.627  -44.477  6.698 0.1111110002
39560  -54.087  -48.695  6.156 0.1111110002
46808  -50.651  -41.356  6.360 0.1111110002
42626  -52.741  -45.583  6.871 0.1111110002
42610  -53.366  -46.071  7.412 0.1111110002
39543  -55.083  -48.603  7.832 0.1111110002
115819  -54.614  -48.749  7.032 0.1111110002
120552  -51.218  -42.995  6.005 0.1111110002
41632  -54.204  -46.344  7.224 0.1111110002
41612  -55.791  -47.025  7.450 0.1111110002
39544  -55.709  -48.129  7.778 0.1111110002
39561  -55.113  -48.793  6.392 0.1111110002
46809  -51.331  -41.588  5.964 0.1111110002
40617  -56.093  -47.624  7.296 0.1111110002
39563  -56.464  -48.016  6.734 0.1111110002
115503  -55.629  -48.801  5.898 0.1111110002
47756  -51.249  -40.799  6.257 0.1111110002
127947  -51.951  -40.296  6.320 0.1111110002
46810  -51.938  -41.020  5.873 0.1111110002
46824  -54.044  -41.353  4.934 0.1111110002
137214  -54.605  -41.392  4.607 0.1111110002
46836  -55.270  -41.365  4.255 0.1111110002
119965  -55.956  -41.511  3.430 0.1111110002
49946  -58.014  -39.069  3.228 0.1111110002
49947  -58.963  -38.709  3.416 0.1111110002
51034  -59.176  -38.074  3.236 0.1111110002
46846  -56.683  -41.107  3.301 0.1111110002
46852  -56.693  -40.938  2.721 0.1111110002
51033  -58.249  -38.307  3.309 0.1111110002
127326  -58.206  -37.560  3.343 0.1111110002
49945  -57.367  -38.649  3.207 0.1111110002
48895  -56.553  -39.885  2.639 0.1111110002
51032  -57.427  -37.753  3.500 0.1111110002
138407  -56.747  -37.262  3.913 0.1111110002
125502  -49.261  -48.376  13.717 0.1111110002
135210  -51.032  -47.866  9.920 0.1111110002
40587  -51.431  -47.896  9.188 0.1111110002
40532  -48.712  -47.804  13.238 0.1111110002
134821  -52.460  -48.279  7.941 0.1111110002
39540  -52.310  -48.232  6.932 0.1111110002
39541  -53.172  -48.507  7.329 0.1111110002
45852  -50.092  -42.613  6.924 0.1111110002
118058  -53.818  -48.660  6.919 0.1111110002
47754  -49.991  -40.992  6.666 0.1111110002
129611  -50.075  -41.777  6.671 0.1111110002
44800  -50.696  -43.215  6.617 0.1111110002
44784  -50.906  -44.027  7.072 0.1111110002
43700  -52.054  -45.164  7.187 0.1111110002
43713  -52.329  -44.938  6.395 0.1111110002
39542  -54.173  -48.711  7.799 0.1111110002
47755  -50.590  -40.636  6.529 0.1111110002
41610  -54.021  -46.401  7.959 0.1111110002
48820  -51.111  -39.949  6.658 0.1111110002
47757  -52.736  -40.584  5.940 0.1111110002
47758  -53.538  -40.284  6.085 0.1111110002
47771  -53.487  -40.891  5.525 0.1111110002
47772  -54.277  -40.690  5.465 0.1111110002
46825  -54.823  -40.951  4.951 0.1111110002
47773  -55.772  -40.693  4.858 0.1111110002
46837  -56.183  -41.091  4.003 0.1111110002
119934  -56.911  -40.621  4.148 0.1111110002
47782  -58.048  -39.748  4.508 0.1111110002
48847  -58.573  -39.516  3.981 0.1111110002
127940  -58.661  -39.161  3.607 0.1111110002
51035  -60.106  -37.639  2.988 0.1111110002
52040  -60.465  -36.907  2.667 0.1111110002
46847  -57.095  -40.731  3.195 0.1111110002
47783  -57.980  -39.934  3.733 0.1111110002
52038  -58.725  -37.016  3.192 0.1111110002
48870  -57.595  -39.797  3.049 0.1111110002
130830  -60.150  -36.102  2.124 0.1111110002
53025  -59.016  -35.747  2.723 0.1111110002
53997  -59.717  -35.183  2.090 0.1111110002
132588  -46.397  -43.274  17.860 0.1111110002
45743  -44.992  -42.086  16.612 0.1111110002
46743  -43.688  -41.575  14.702 0.1111110002
45787  -42.196  -42.437  12.920 0.1111110002
44718  -42.131  -43.371  12.434 0.1111110002
42558  -43.830  -45.156  11.765 0.1111110002
133841  -45.231  -46.113  11.801 0.1111110002
41557  -46.000  -46.256  11.741 0.1111110002
39473  -51.979  -49.250  11.691 0.1111110002
40545  -46.148  -47.287  12.864 0.1111110002
41543  -47.540  -46.761  12.191 0.1111110002
40533  -49.773  -47.868  13.378 0.1111110002
40535  -51.887  -48.079  13.372 0.1111110002
39462  -52.858  -48.829  12.665 0.1111110002
39474  -52.864  -49.196  11.716 0.1111110002
40531  -47.703  -47.820  13.173 0.1111110002
118032  -52.669  -48.596  10.300 0.1111110002
39511  -51.811  -48.262  10.088 0.1111110002
48805  -47.992  -39.458  7.758 0.1111110002
47745  -48.518  -40.263  7.443 0.1111110002
39512  -52.406  -48.335  9.537 0.1111110002
122107  -52.157  -48.162  8.748 0.1111110002
48806  -48.834  -39.378  7.547 0.1111110002
48807  -49.700  -39.337  7.397 0.1111110002
119732  -49.263  -39.940  7.232 0.1111110002
47746  -49.339  -40.679  7.070 0.1111110002
46807  -49.559  -41.351  6.972 0.1111110002
45851  -49.569  -41.957  7.255 0.1111110002
118583  -53.405  -48.551  8.160 0.1111110002
47747  -50.047  -40.098  6.889 0.1111110002
44783  -50.234  -43.461  7.580 0.1111110002
48808  -50.617  -39.284  7.256 0.1111110002
117137  -54.800  -48.537  8.437 0.1111110002
42609  -52.621  -45.719  7.718 0.1111110002
42596  -53.354  -46.146  8.290 0.1111110002
41611  -54.930  -46.782  8.036 0.1111110002
134478  -55.429  -47.535  8.164 0.1111110002
48809  -51.551  -39.193  7.227 0.1111110002
48821  -51.948  -39.663  6.746 0.1111110002
48822  -52.812  -39.839  6.564 0.1111110002
131124  -53.923  -40.487  5.770 0.1111110002
117740  -55.032  -40.443  5.573 0.1111110002
134843  -55.738  -40.225  5.661 0.1111110002
47775  -57.317  -39.959  4.924 0.1111110002
48839  -58.739  -39.254  4.790 0.1111110002
49909  -59.424  -38.701  5.053 0.1111110002
138885  -59.914  -38.505  4.360 0.1111110002
49948  -59.932  -38.377  3.592 0.1111110002
130975  -60.351  -37.781  3.444 0.1111110002
52041  -60.805  -36.637  2.560 0.1111110002
133697  -57.600  -40.208  4.163 0.1111110002
53039  -60.831  -35.880  1.728 0.1111110002
54008  -61.119  -34.493  1.197 0.1111110002
53998  -60.822  -34.984  1.418 0.1111110002
45757  -45.149  -42.150  15.718 0.1111110002
46744  -44.641  -41.603  14.373 0.1111110002
46773  -43.372  -41.492  12.472 0.1111110002
49860  -47.524  -38.303  10.510 0.1111110002
46763  -43.720  -41.491  13.914 0.1111110002
46772  -42.726  -42.041  12.382 0.1111110002
133332  -42.935  -43.075  10.807 0.1111110002
116127  -43.644  -44.093  10.455 0.1111110002
49871  -48.182  -37.877  9.835 0.1111110002
49870  -47.326  -38.375  9.326 0.1111110002
44727  -42.604  -43.340  11.591 0.1111110002
42560  -45.511  -45.716  11.284 0.1111110002
41558  -46.980  -46.264  11.670 0.1111110002
118278  -47.618  -38.802  8.386 0.1111110002
41544  -48.563  -46.742  12.226 0.1111110002
40549  -50.231  -47.362  12.864 0.1111110002
40551  -52.125  -47.560  12.810 0.1111110002
49881  -48.303  -38.108  8.857 0.1111110002
47744  -47.665  -40.147  7.718 0.1111110002
46796  -47.883  -40.906  7.714 0.1111110002
46798  -48.298  -41.719  8.049 0.1111110002
40553  -53.233  -48.315  11.928 0.1111110002
39495  -53.220  -48.870  10.993 0.1111110002
48798  -48.456  -38.747  8.051 0.1111110002
46799  -48.873  -41.274  7.443 0.1111110002
44765  -49.192  -42.799  8.439 0.1111110002
44782  -49.786  -43.340  8.493 0.1111110002
49890  -49.276  -38.737  7.832 0.1111110002
45850  -49.054  -42.094  7.927 0.1111110002
132491  -49.628  -42.698  7.760 0.1111110002
44766  -50.143  -43.782  9.148 0.1111110002
43685  -50.711  -44.171  8.952 0.1111110002
120980  -50.287  -43.773  8.501 0.1111110002
43686  -51.250  -44.728  8.524 0.1111110002
42586  -51.817  -45.272  9.835 0.1111110002
42581  -53.325  -46.304  9.938 0.1111110002
41582  -54.050  -46.722  9.538 0.1111110002
40570  -54.374  -47.903  10.067 0.1111110002
39515  -54.517  -48.183  9.591 0.1111110002
39526  -53.127  -48.442  8.973 0.1111110002
42594  -51.873  -45.256  9.050 0.1111110002
42588  -53.372  -46.206  9.174 0.1111110002
40588  -54.360  -47.347  9.824 0.1111110002
39527  -54.209  -48.534  8.843 0.1111110002
43699  -51.338  -44.704  7.558 0.1111110002
42608  -51.860  -45.337  8.071 0.1111110002
42595  -52.614  -45.732  8.665 0.1111110002
40605  -55.155  -47.786  8.911 0.1111110002
39528  -54.972  -48.226  9.055 0.1111110002
41597  -54.152  -46.587  8.735 0.1111110002
41583  -54.828  -47.223  9.041 0.1111110002
39529  -55.330  -48.165  8.458 0.1111110002
48810  -52.456  -39.215  7.224 0.1111110002
48823  -53.820  -39.772  6.639 0.1111110002
132450  -54.573  -39.708  6.703 0.1111110002
116008  -60.902  -34.513  3.698 0.1111110002
55975  -60.292  -32.169  3.973 0.1111110002
57018  -60.763  -31.829  3.306 0.1111110002
57030  -61.169  -31.613  2.508 0.1111110002
47759  -54.357  -40.176  6.083 0.1111110002
47761  -56.203  -39.830  6.188 0.1111110002
48826  -57.818  -39.122  6.503 0.1111110002
48827  -58.665  -38.716  5.961 0.1111110002
123164  -59.294  -38.190  5.942 0.1111110002
52008  -60.487  -36.416  4.610 0.1111110002
138125  -60.750  -35.171  3.979 0.1111110002
55007  -60.947  -33.631  3.582 0.1111110002
55976  -60.942  -32.725  3.409 0.1111110002
47774  -56.475  -40.166  5.293 0.1111110002
48837  -57.060  -39.632  5.871 0.1111110002
48838  -57.952  -39.434  5.452 0.1111110002
51010  -60.578  -37.401  3.815 0.1111110002
53026  -61.015  -36.355  2.639 0.1111110002
53984  -61.235  -35.638  2.623 0.1111110002
54000  -61.437  -34.561  2.341 0.1111110002
55993  -61.295  -32.342  2.685 0.1111110002
49925  -59.341  -39.010  4.045 0.1111110002
49926  -60.359  -38.054  4.161 0.1111110002
53999  -61.152  -35.336  1.636 0.1111110002
55019  -61.535  -33.840  1.761 0.1111110002
57031  -61.432  -31.668  1.529 0.1111110002
55029  -61.374  -33.491  1.043 0.1111110002
56015  -61.172  -32.349  0.593 0.1111110002
49859  -46.713  -38.605  10.032 0.1111110002
43655  -44.427  -44.451  10.214 0.1111110002
42574  -46.671  -45.334  10.717 0.1111110002
48797  -47.183  -39.589  8.079 0.1111110002
118570  -47.323  -41.630  8.208 0.1111110002
41559  -47.994  -46.241  11.652 0.1111110002
41560  -49.020  -46.236  11.694 0.1111110002
41562  -51.045  -46.276  11.716 0.1111110002
50967  -48.831  -37.743  9.472 0.1111110002
45837  -48.666  -42.369  8.338 0.1111110002
44752  -49.367  -43.432  9.156 0.1111110002
41563  -52.032  -46.431  11.610 0.1111110002
41548  -52.452  -47.127  12.220 0.1111110002
40558  -53.593  -48.056  11.291 0.1111110002
50979  -49.203  -37.876  8.857 0.1111110002
43676  -50.596  -44.281  9.610 0.1111110002
42580  -52.504  -45.921  10.347 0.1111110002
41570  -52.665  -46.431  11.087 0.1111110002
41564  -53.263  -47.096  11.239 0.1111110002
39496  -53.630  -48.511  10.800 0.1111110002
49882  -49.689  -38.239  8.297 0.1111110002
41571  -53.305  -46.605  10.593 0.1111110002
133981  -53.987  -48.122  10.589 0.1111110002
39513  -53.404  -48.557  10.080 0.1111110002
43677  -51.222  -44.689  9.405 0.1111110002
119556  -53.857  -46.831  10.141 0.1111110002
39514  -54.086  -48.287  10.182 0.1111110002
123387  -53.978  -48.469  9.589 0.1111110002
49891  -50.160  -38.673  7.755 0.1111110002
49892  -51.129  -38.560  7.825 0.1111110002
49893  -52.067  -38.636  7.799 0.1111110002
48811  -53.372  -39.302  7.215 0.1111110002
53948  -60.105  -34.628  5.565 0.1111110002
54987  -60.432  -33.709  4.549 0.1111110002
55964  -60.437  -32.921  4.286 0.1111110002
58120  -59.657  -30.373  2.848 0.1111110002
47760  -55.280  -39.892  6.347 0.1111110002
52998  -60.412  -35.326  4.981 0.1111110002
53965  -60.427  -34.465  4.802 0.1111110002
58121  -60.441  -30.329  2.299 0.1111110002
48825  -56.902  -39.411  6.820 0.1111110002
49901  -59.450  -37.625  6.530 0.1111110002
49910  -59.859  -37.930  5.328 0.1111110002
50991  -60.220  -37.211  4.986 0.1111110002
127062  -61.074  -30.971  2.082 0.1111110002
58123  -61.357  -31.081  1.224 0.1111110002
58131  -61.370  -30.736  0.462 0.1111110002
46749  -49.557  -41.225  14.997 0.1111110002
47697  -49.355  -40.415  14.351 0.1111110002
48725  -48.726  -39.296  13.178 0.1111110002
48726  -49.091  -39.748  13.754 0.1111110002
47714  -48.285  -39.806  13.666 0.1111110002
48750  -49.068  -38.806  12.629 0.1111110002
49827  -47.876  -38.758  12.104 0.1111110002
48748  -47.719  -39.145  12.610 0.1111110002
49828  -48.608  -38.528  12.055 0.1111110002
49845  -48.095  -38.362  11.401 0.1111110002
49880  -46.800  -39.018  8.685 0.1111110002
48796  -46.378  -39.761  8.379 0.1111110002
47741  -46.911  -40.533  8.002 0.1111110002
49861  -48.341  -38.002  10.696 0.1111110002
44764  -48.625  -42.908  8.761 0.1111110002
42565  -50.457  -45.652  11.183 0.1111110002
45836  -48.030  -42.351  8.473 0.1111110002
42566  -51.353  -45.770  11.083 0.1111110002
50968  -49.590  -37.611  9.517 0.1111110002
43662  -51.129  -44.751  10.055 0.1111110002
42579  -51.622  -45.438  10.446 0.1111110002
50980  -50.010  -37.755  8.841 0.1111110002
49883  -50.504  -38.157  8.322 0.1111110002
130255  -51.724  -38.254  8.319 0.1111110002
49885  -52.512  -38.319  8.573 0.1111110002
49894  -52.969  -38.760  7.837 0.1111110002
49886  -53.531  -38.603  8.523 0.1111110002
49895  -53.885  -38.924  7.820 0.1111110002
49887  -54.555  -38.873  8.546 0.1111110002
49876  -55.403  -39.080  8.947 0.1111110002
48812  -54.613  -39.111  7.806 0.1111110002
48799  -55.295  -39.124  8.219 0.1111110002
48813  -56.015  -39.235  7.965 0.1111110002
48800  -56.960  -39.247  8.701 0.1111110002
124165  -54.234  -39.383  7.247 0.1111110002
132900  -55.142  -39.408  7.311 0.1111110002
48814  -56.840  -39.206  7.735 0.1111110002
49896  -58.206  -38.437  8.171 0.1111110002
49897  -58.585  -37.889  8.143 0.1111110002
50984  -58.947  -37.226  7.936 0.1111110002
52997  -60.013  -35.206  5.993 0.1111110002
54969  -60.032  -33.963  5.365 0.1111110002
58117  -60.472  -31.009  2.972 0.1111110002
48824  -56.021  -39.521  7.064 0.1111110002
48815  -57.695  -38.910  7.504 0.1111110002
123015  -59.063  -37.721  7.365 0.1111110002
50988  -59.844  -36.899  6.267 0.1111110002
119018  -59.923  -35.938  6.331 0.1111110002
124067  -58.506  -38.411  7.245 0.1111110002
49900  -59.055  -38.131  6.676 0.1111110002
52007  -60.148  -36.430  5.638 0.1111110002
58122  -61.063  -30.423  1.466 0.1111110002
59155  -61.129  -29.747  0.710 0.1111110002
48702  -49.996  -39.868  13.948 0.1111110002
121144  -49.642  -39.204  13.181 0.1111110002
48724  -47.948  -39.404  13.133 0.1111110002
129625  -49.384  -38.374  12.015 0.1111110002
49844  -47.342  -38.693  11.474 0.1111110002
48779  -46.065  -39.050  9.715 0.1111110002
47740  -45.960  -40.504  8.381 0.1111110002
49846  -48.893  -38.098  11.332 0.1111110002
42577  -49.960  -45.093  10.648 0.1111110002
135668  -49.860  -37.917  11.276 0.1111110002
43661  -50.368  -44.534  10.166 0.1111110002
42578  -50.838  -45.165  10.574 0.1111110002
50969  -50.333  -37.585  9.418 0.1111110002
50981  -50.790  -37.739  8.917 0.1111110002
49872  -51.657  -37.871  9.013 0.1111110002
124798  -53.192  -38.361  9.150 0.1111110002
121478  -56.131  -39.260  8.879 0.1111110002
48792  -57.710  -39.017  9.476 0.1111110002
49888  -58.208  -38.324  9.085 0.1111110002
50983  -58.389  -37.469  8.724 0.1111110002
127614  -58.468  -33.392  5.413 0.1111110002
54968  -59.329  -33.662  5.469 0.1111110002
57010  -58.867  -32.024  4.353 0.1111110002
57011  -59.594  -31.876  4.102 0.1111110002
48801  -57.714  -38.849  8.525 0.1111110002
51996  -59.167  -36.635  7.678 0.1111110002
52988  -59.560  -35.330  6.665 0.1111110002
53947  -59.571  -34.519  6.017 0.1111110002
54986  -59.886  -33.194  4.974 0.1111110002
50986  -59.454  -37.048  7.269 0.1111110002
51998  -59.546  -36.182  7.166 0.1111110002
51836  -48.883  -36.601  18.630 0.2222220004
50833  -47.760  -37.869  17.416 0.2222220004
49771  -47.394  -38.669  17.182 0.1111110002
50834  -48.599  -37.178  17.587 0.2222220004
49786  -48.853  -38.441  16.410 0.2222220004
47673  -51.418  -40.976  17.001 0.1111110002
48671  -50.658  -39.674  16.523 0.1111110002
47663  -50.789  -41.622  17.279 0.1111110002
46720  -51.846  -41.777  16.637 0.1111110002
119236  -51.481  -42.095  16.086 0.1111110002
45763  -50.847  -42.819  16.819 0.1111110002
46751  -51.539  -41.487  15.531 0.1111110002
46750  -50.591  -41.660  15.493 0.1111110002
48703  -51.007  -40.086  14.186 0.1111110002
48746  -45.889  -39.500  11.937 0.1111110002
48727  -50.596  -39.438  13.416 0.1111110002
48723  -47.217  -39.531  12.888 0.1111110002
48767  -46.521  -39.092  11.573 0.1111110002
48787  -45.510  -39.617  9.339 0.1111110002
46794  -45.438  -41.135  8.536 0.1111110002
44761  -45.924  -42.820  8.726 0.1111110002
44750  -47.535  -43.597  9.344 0.1111110002
139022  -49.722  -38.693  12.547 0.1111110002
48795  -45.655  -39.926  8.705 0.1111110002
45835  -46.564  -42.221  8.497 0.1111110002
44762  -46.868  -43.086  8.853 0.1111110002
43673  -48.124  -44.075  9.752 0.1111110002
43659  -48.639  -44.514  10.218 0.1111110002
134767  -47.339  -42.483  8.562 0.1111110002
44763  -47.818  -43.013  8.844 0.1111110002
44751  -48.449  -43.458  9.301 0.1111110002
43674  -49.056  -43.945  9.762 0.1111110002
50949  -50.240  -37.576  10.236 0.1111110002
43675  -49.880  -44.037  9.703 0.1111110002
43660  -49.528  -44.467  10.217 0.1111110002
50930  -50.768  -37.816  11.019 0.1111110002
50970  -51.005  -37.605  9.628 0.1111110002
50950  -51.104  -37.668  10.355 0.1111110002
49863  -52.562  -38.258  10.387 0.1111110002
48780  -53.631  -38.992  10.947 0.1111110002
49873  -52.507  -38.094  9.467 0.1111110002
48781  -54.924  -39.478  11.175 0.1111110002
48782  -55.932  -39.638  11.382 0.1111110002
119284  -53.354  -38.476  9.907 0.1111110002
48789  -55.219  -39.367  10.319 0.1111110002
48773  -56.580  -39.371  11.377 0.1111110002
49874  -54.160  -38.751  9.417 0.1111110002
134275  -56.195  -39.537  10.729 0.1111110002
49865  -57.108  -39.003  11.206 0.1111110002
49875  -55.067  -39.097  9.391 0.1111110002
48783  -56.977  -39.354  10.590 0.1111110002
50955  -57.586  -38.201  10.271 0.1111110002
48790  -56.019  -39.439  9.790 0.1111110002
48784  -57.506  -39.142  10.128 0.1111110002
53935  -57.815  -34.563  6.507 0.1111110002
125957  -56.765  -33.637  5.744 0.1111110002
48791  -57.020  -39.378  9.659 0.1111110002
50973  -58.014  -37.954  9.595 0.1111110002
50982  -57.945  -37.363  9.190 0.1111110002
51995  -58.559  -36.615  8.128 0.1111110002
52974  -58.084  -35.710  7.622 0.1111110002
52985  -57.248  -35.093  6.968 0.1111110002
53945  -57.462  -34.040  6.009 0.1111110002
54967  -57.650  -33.518  5.576 0.1111110002
55953  -57.815  -32.877  5.100 0.1111110002
52975  -58.974  -36.081  7.701 0.1111110002
52986  -58.205  -35.076  7.078 0.1111110002
53936  -58.881  -34.790  6.681 0.1111110002
55962  -58.869  -32.819  4.932 0.1111110002
57016  -59.010  -31.340  3.745 0.1111110002
52987  -58.958  -35.440  7.311 0.1111110002
51837  -49.755  -35.938  18.805 0.2222220004
50851  -49.133  -37.098  16.853 0.2222220004
49787  -49.887  -38.401  16.183 0.2222220004
52793  -51.653  -33.850  19.181 0.2222220004
46734  -52.190  -41.720  16.185 0.1111110002
47674  -52.153  -41.274  16.704 0.1111110002
127348  -51.514  -40.799  14.869 0.1111110002
47676  -53.221  -40.812  16.150 0.1111110002
47699  -52.412  -41.231  15.468 0.1111110002
48728  -51.563  -39.696  13.657 0.1111110002
48704  -52.218  -40.450  14.522 0.1111110002
49830  -51.008  -38.531  12.164 0.1111110002
115901  -52.212  -39.499  13.151 0.1111110002
49847  -50.580  -38.147  11.624 0.1111110002
49831  -51.927  -38.995  12.412 0.1111110002
138339  -52.515  -38.974  11.973 0.1111110002
49848  -51.772  -38.504  11.709 0.1111110002
48769  -53.481  -39.323  11.899 0.1111110002
49862  -51.671  -38.036  10.900 0.1111110002
48770  -54.706  -39.636  11.947 0.1111110002
48756  -56.045  -39.710  12.370 0.1111110002
48771  -55.834  -39.815  12.097 0.1111110002
48772  -56.263  -39.550  11.976 0.1111110002
49850  -56.650  -39.120  11.726 0.1111110002
121632  -56.551  -37.916  11.181 0.1111110002
51958  -55.398  -36.787  9.587 0.1111110002
49866  -57.481  -38.787  10.597 0.1111110002
50971  -56.619  -37.528  10.295 0.1111110002
51972  -56.459  -37.038  9.425 0.1111110002
50972  -57.408  -37.561  9.766 0.1111110002
51993  -56.228  -36.192  8.017 0.1111110002
52984  -56.271  -35.102  6.913 0.1111110002
54947  -55.443  -33.920  6.279 0.1111110002
54948  -56.001  -33.680  5.898 0.1111110002
49877  -57.836  -38.589  9.963 0.1111110002
52973  -56.768  -35.677  7.461 0.1111110002
51984  -58.047  -36.887  8.712 0.1111110002
51994  -57.485  -36.323  8.140 0.1111110002
132260  -50.589  -35.299  19.052 0.2222220004
51849  -49.415  -36.523  17.763 0.2222220004
51850  -49.863  -36.467  17.004 0.2222220004
128798  -50.677  -37.585  15.947 0.2222220004
49788  -51.159  -38.845  16.182 0.2222220004
49795  -51.504  -38.172  15.821 0.2222220004
48672  -51.979  -40.139  16.562 0.1111110002
49789  -52.338  -39.054  16.113 0.2222220004
48687  -53.356  -39.476  15.934 0.1111110002
47700  -53.242  -40.931  15.255 0.1111110002
48689  -54.150  -40.143  15.471 0.1111110002
129162  -52.490  -39.960  13.848 0.1111110002
49807  -54.846  -39.638  14.644 0.1111110002
48730  -54.415  -40.307  14.167 0.1111110002
48731  -54.953  -40.124  14.395 0.1111110002
138706  -55.579  -39.776  13.369 0.1111110002
48729  -53.311  -40.002  13.573 0.1111110002
48753  -53.144  -39.547  12.701 0.1111110002
116542  -55.156  -40.049  13.632 0.1111110002
48754  -54.536  -39.903  12.756 0.1111110002
48755  -55.623  -39.814  12.804 0.1111110002
49832  -55.841  -39.472  12.759 0.1111110002
120146  -55.546  -37.975  12.062 0.1111110002
50913  -56.079  -38.782  12.413 0.1111110002
50952  -54.600  -37.180  11.153 0.1111110002
123274  -55.766  -37.733  11.421 0.1111110002
51957  -54.517  -36.685  10.143 0.1111110002
50933  -56.843  -38.592  11.402 0.1111110002
51981  -54.747  -36.194  8.797 0.1111110002
52958  -55.106  -35.949  8.079 0.1111110002
52971  -54.564  -35.391  7.691 0.1111110002
51982  -55.787  -36.503  8.737 0.1111110002
51983  -57.105  -36.837  8.864 0.1111110002
53934  -55.463  -34.674  6.726 0.1111110002
55952  -56.896  -33.000  5.276 0.1111110002
51866  -51.258  -35.739  16.775 0.2222220004
51881  -51.042  -36.606  16.058 0.2222220004
52807  -52.657  -33.903  17.823 0.2222220004
117769  -51.825  -36.046  16.011 0.2222220004
137154  -52.040  -36.684  15.570 0.2222220004
49796  -52.097  -38.035  15.655 0.2222220004
51882  -52.557  -36.070  15.542 0.2222220004
50870  -53.380  -38.081  15.182 0.1111110002
49799  -54.382  -39.609  15.246 0.1111110002
49815  -54.965  -39.006  14.248 0.1111110002
50895  -54.518  -38.257  13.598 0.1111110002
49816  -55.488  -39.247  13.554 0.1111110002
50911  -53.778  -37.326  12.845 0.1111110002
50912  -55.317  -38.453  12.849 0.1111110002
50931  -54.213  -37.335  12.066 0.1111110002
125024  -53.159  -36.101  11.275 0.1111110002
51956  -53.611  -36.323  10.618 0.1111110002
119935  -53.232  -35.677  10.150 0.1111110002
52944  -53.331  -35.443  9.480 0.1111110002
53892  -53.074  -34.685  9.346 0.1111110002
51970  -53.778  -36.075  9.766 0.1111110002
52945  -53.938  -35.855  9.016 0.1111110002
52822  -52.317  -35.047  16.928 0.2222220004
52848  -52.840  -35.164  16.261 0.2222220004
52824  -53.635  -33.286  16.845 0.2222220004
52849  -53.705  -34.226  16.366 0.2222220004
51883  -53.338  -35.231  15.609 0.2222220004
51894  -53.221  -36.008  14.815 0.2222220004
50894  -53.911  -38.002  14.270 0.1111110002
51907  -53.190  -36.221  13.913 0.1111110002
128793  -53.425  -37.167  13.591 0.1111110002
51922  -53.261  -36.415  12.062 0.1111110002
52917  -53.046  -35.423  11.653 0.1111110002
52928  -53.027  -35.510  10.813 0.1111110002
53883  -53.332  -34.102  10.372 0.1111110002
52943  -52.873  -35.001  10.180 0.1111110002
54898  -53.348  -33.802  9.315 0.1111110002
55889  -53.778  -33.053  9.176 0.1111110002
123719  -54.071  -34.280  15.809 0.2222220004
52866  -53.812  -34.842  15.270 0.2222220004
53858  -54.571  -34.156  14.469 0.1111110002
116242  -53.211  -37.007  14.222 0.1111110002
120871  -53.811  -35.093  14.607 0.2222220004
52900  -53.265  -35.423  12.607 0.1111110002
53877  -53.766  -34.403  12.221 0.1111110002
52916  -53.136  -34.721  11.076 0.1111110002
53841  -55.153  -33.152  14.988 0.2222220004
52885  -53.580  -35.371  13.601 0.1111110002
61072  -54.524  -27.087  4.925 0.1111110002
61926  -54.834  -26.105  5.101 0.1111110002
120458  -54.271  -27.955  4.569 0.2222220004
61082  -54.150  -27.327  4.016 0.1111110002
61933  -54.379  -26.641  4.303 0.1111110002
61085  -54.645  -27.514  3.210 0.1111110002
62765  -54.964  -25.400  3.879 0.1111110002
62770  -55.605  -25.634  3.109 0.1111110002
60166  -55.399  -27.946  2.662 0.1111110002
61089  -55.299  -27.099  2.656 0.1111110002
63570  -55.541  -24.809  3.764 0.1111110002
62766  -56.488  -24.982  3.209 0.1111110002
67400  -60.241  -19.741  2.430 0.2222220004
69337  -60.361  -18.431  1.284 0.2222220004
67413  -60.577  -19.100  1.072 0.2222220004
67424  -60.447  -19.550  -0.827 0.2222220004
69374  -60.415  -18.769  -1.331 0.2222220004
127928  -60.531  -19.796  -1.585 0.2222220004
68405  -59.583  -18.787  -2.460 0.2222220004
68406  -60.276  -19.106  -2.497 0.2222220004
67454  -60.869  -20.426  -2.814 0.2222220004
68418  -60.225  -19.537  -3.198 0.2222220004
68407  -60.682  -19.950  -3.025 0.2222220004
67463  -60.918  -20.431  -3.863 0.2222220004
67464  -61.281  -20.875  -3.593 0.2222220004
123514  -55.809  -25.854  6.265 0.2222220004
62747  -54.900  -25.496  4.616 0.1111110002
62757  -54.509  -25.997  4.121 0.1111110002
64408  -56.096  -23.506  5.604 0.1111110002
63550  -55.672  -24.251  5.554 0.1111110002
63558  -55.746  -24.030  4.497 0.1111110002
64416  -56.354  -23.113  4.890 0.1111110002
64425  -56.767  -23.657  3.874 0.1111110002
66393  -59.703  -20.981  3.279 0.2222220004
132661  -60.347  -19.634  1.641 0.1111110002
67401  -60.456  -18.973  1.971 0.2222220004
53815  -54.309  -33.403  16.151 0.2222220004
60130  -57.006  -27.222  7.752 0.1111110002
68364  -60.147  -18.557  2.128 0.2222220004
130240  -60.559  -18.956  -0.317 0.2222220004
137004  -57.370  -20.324  -3.928 0.2222220004
68417  -59.083  -19.559  -3.358 0.2222220004
67380  -59.628  -20.025  3.868 0.2222220004
67389  -60.024  -19.874  3.159 0.2222220004
51865  -50.437  -36.549  16.481 0.2222220004
61904  -56.829  -26.168  7.367 0.2222220004
52823  -53.174  -34.102  17.072 0.2222220004
42663  -54.764  -45.562  4.743 0.1111110002
42664  -55.683  -46.052  4.594 0.1111110002
39595  -57.774  -48.247  4.344 0.1111110002
39634  -57.726  -48.378  3.022 0.1111110002
39591  -54.136  -47.939  4.491 0.1111110002
41634  -55.988  -46.786  6.755 0.1111110002
41635  -56.552  -47.015  6.290 0.1111110002
41650  -57.103  -47.184  5.674 0.1111110002
129718  -56.306  -48.666  4.607 0.1111110002
39580  -57.370  -48.316  4.840 0.1111110002
41613  -56.256  -47.124  6.928 0.1111110002
116531  -53.291  -48.392  5.723 0.1111110002
116018  -55.480  -48.545  7.166 0.1111110002
39545  -56.051  -48.191  7.181 0.1111110002
39562  -55.975  -48.517  6.598 0.1111110002
49965  -57.207  -39.465  2.881 0.1111110002
48896  -57.091  -40.010  2.701 0.1111110002
52037  -57.475  -36.828  3.660 0.1111110002
47792  -57.459  -40.332  3.470 0.1111110002
48871  -58.153  -39.486  3.498 0.1111110002
51011  -60.538  -37.204  3.059 0.1111110002
52039  -59.799  -36.706  2.589 0.1111110002
52051  -60.721  -36.427  2.185 0.1111110002
126320  -58.603  -36.198  3.094 0.1111110002
53024  -57.979  -35.543  3.298 0.1111110002
45707  -46.790  -43.614  18.799 0.1111110002
45744  -45.812  -42.642  16.313 0.1111110002
125194  -44.462  -41.750  15.194 0.1111110002
46728  -43.583  -41.556  15.532 0.1111110002
120104  -42.917  -41.767  13.263 0.1111110002
45770  -42.163  -42.240  13.778 0.1111110002
45798  -41.882  -42.931  12.755 0.1111110002
117195  -42.481  -43.982  12.191 0.1111110002
45799  -42.356  -42.720  12.121 0.1111110002
42550  -44.171  -45.670  12.184 0.1111110002
43646  -42.881  -44.022  11.626 0.1111110002
43639  -43.149  -44.655  12.196 0.1111110002
43647  -43.437  -44.422  11.318 0.1111110002
41541  -45.488  -46.642  12.411 0.1111110002
42559  -44.629  -45.577  11.539 0.1111110002
42561  -46.425  -45.746  11.226 0.1111110002
41542  -46.530  -46.763  12.248 0.1111110002
38414  -52.893  -49.289  12.257 0.1111110002
40547  -48.108  -47.317  12.677 0.1111110002
40546  -47.100  -47.330  12.687 0.1111110002
41545  -49.607  -46.754  12.292 0.1111110002
40548  -49.158  -47.316  12.758 0.1111110002
40550  -51.274  -47.437  12.906 0.1111110002
40536  -52.477  -48.265  13.033 0.1111110002
39463  -53.103  -48.862  12.216 0.1111110002
40552  -52.842  -48.035  12.489 0.1111110002
39475  -53.218  -48.909  11.598 0.1111110002
43698  -50.693  -44.213  7.989 0.1111110002
52025  -60.771  -36.760  3.272 0.1111110002
53040  -61.056  -36.194  2.015 0.1111110002
55027  -60.894  -34.135  1.022 0.1111110002
54009  -61.344  -34.567  1.454 0.1111110002
45758  -45.922  -42.412  15.531 0.1111110002
46729  -45.311  -42.026  14.977 0.1111110002
131683  -44.420  -41.330  13.705 0.1111110002
46764  -44.645  -40.952  13.139 0.1111110002
127351  -43.836  -41.281  13.175 0.1111110002
45807  -42.770  -42.632  11.247 0.1111110002
44728  -43.109  -43.666  10.966 0.1111110002
131116  -49.089  -37.688  10.337 0.1111110002
131959  -46.571  -38.805  9.313 0.1111110002
43648  -44.131  -44.841  10.973 0.1111110002
42572  -44.954  -45.165  10.740 0.1111110002
43656  -45.385  -44.664  10.155 0.1111110002
42573  -45.870  -45.294  10.696 0.1111110002
42562  -47.426  -45.631  11.080 0.1111110002
41546  -50.660  -46.800  12.337 0.1111110002
41547  -51.643  -46.890  12.321 0.1111110002
40557  -53.054  -47.525  11.874 0.1111110002
42587  -52.599  -45.759  9.550 0.1111110002
40589  -54.790  -47.783  9.441 0.1111110002
40569  -53.879  -47.439  10.566 0.1111110002
55977  -61.395  -33.054  2.557 0.1111110002
128248  -61.501  -32.188  1.940 0.1111110002
53010  -60.850  -36.011  3.624 0.1111110002
55994  -61.522  -32.926  1.787 0.1111110002
56004  -61.452  -32.545  0.982 0.1111110002
57048  -61.333  -31.638  0.560 0.1111110002
134798  -46.853  -38.703  10.863 0.1111110002
43657  -46.392  -44.802  10.242 0.1111110002
41561  -50.036  -46.243  11.725 0.1111110002
131174  -52.724  -46.851  11.676 0.1111110002
42567  -52.034  -45.986  10.895 0.1111110002
55963  -59.682  -32.459  4.514 0.1111110002
125698  -60.205  -35.814  5.613 0.1111110002
47698  -50.482  -40.778  14.723 0.1111110002
48768  -47.198  -39.101  12.212 0.1111110002
132757  -60.800  -28.862  0.522 0.1111110002
49829  -50.150  -38.382  12.085 0.1111110002
50951  -51.776  -37.783  9.937 0.1111110002
53946  -58.516  -34.061  5.969 0.1111110002
50850  -48.503  -37.748  16.751 0.2222220004
127136  -49.147  -37.752  16.398 0.2222220004
48670  -49.451  -39.332  16.495 0.2222220004
46708  -51.556  -41.882  17.055 0.1111110002
45762  -50.013  -42.709  16.366 0.1111110002
48751  -50.376  -38.857  12.723 0.1111110002
49849  -52.565  -38.616  11.289 0.1111110002
49864  -54.227  -39.020  10.330 0.1111110002
50954  -57.183  -38.263  10.842 0.1111110002
138544  -57.342  -37.894  10.387 0.1111110002
134515  -56.558  -34.358  6.353 0.1111110002
50852  -49.792  -37.276  16.333 0.2222220004
47675  -52.703  -40.825  16.449 0.1111110002
47685  -53.593  -40.700  15.650 0.1111110002
48673  -52.974  -40.121  16.317 0.1111110002
47701  -53.954  -40.628  15.017 0.1111110002
50932  -56.375  -38.510  11.846 0.1111110002
49833  -56.285  -39.276  12.217 0.1111110002
50953  -55.517  -37.320  10.579 0.1111110002
51971  -54.433  -36.325  9.428 0.1111110002
52972  -55.520  -35.460  7.372 0.1111110002
50868  -51.568  -37.217  15.670 0.2222220004
49797  -52.936  -38.503  15.608 0.1111110002
137456  -53.945  -39.736  15.663 0.1111110002
49798  -53.792  -39.045  15.465 0.1111110002
48706  -54.644  -40.089  14.995 0.1111110002
138081  -54.139  -40.466  14.614 0.1111110002
49806  -54.240  -38.790  14.917 0.1111110002
118681  -54.283  -40.131  13.388 0.1111110002
127824  -55.259  -39.729  13.943 0.1111110002
52957  -54.210  -35.614  8.285 0.1111110002
50869  -52.512  -37.341  15.361 0.2222220004
50882  -52.944  -36.621  15.050 0.2222220004
50883  -53.351  -37.553  14.778 0.1111110002
124509  -53.125  -36.362  13.033 0.1111110002
60143  -54.946  -27.743  5.767 0.1111110002
61073  -55.463  -26.661  6.070 0.1111110002
61935  -54.519  -26.689  3.516 0.1111110002
61088  -54.816  -26.942  2.954 0.1111110002
62758  -55.221  -24.826  4.607 0.1111110002
63571  -56.206  -24.364  3.691 0.1111110002
117695  -57.074  -24.434  3.393 0.1111110002
126522  -60.476  -19.364  0.120 0.1111110002
68387  -60.525  -19.159  -1.038 0.2222220004
69389  -60.489  -19.345  -2.217 0.2222220004
67462  -59.697  -20.264  -4.326 0.2222220004
128530  -4.739  -55.365  33.735 0.1111110002
34975  -2.644  -52.196  33.558 0.1111110002
34984  -2.270  -52.736  32.711 0.1111110002
34983  -1.790  -52.359  32.164 0.1111110002
31807  -5.395  -55.810  34.068 0.1111110002
32901  -4.434  -54.658  34.031 0.1111110002
34976  -3.195  -52.605  34.126 0.1111110002
36023  -1.718  -51.518  32.414 0.1111110002
34968  -2.994  -51.696  34.400 0.1111110002
37071  -2.349  -50.531  33.848 0.1111110002
132668  -1.652  -50.852  32.586 0.1111110002
37078  -1.820  -50.278  33.118 0.1111110002
38098  -2.528  -49.536  34.386 0.1111110002
38094  -3.047  -49.851  34.905 0.1111110002
128794  -2.247  -49.895  33.838 0.1111110002
39154  -2.345  -48.880  34.180 0.1111110002
39144  -2.957  -49.042  34.680 0.1111110002
124686  -2.046  -49.210  33.735 0.1111110002
39162  -1.530  -48.954  32.963 0.1111110002
40245  -2.461  -48.191  34.176 0.1111110002
118347  -3.686  -49.493  35.215 0.1111110002
40254  -1.129  -48.161  32.730 0.1111110002
121506  -3.089  -48.203  34.559 0.1111110002
129734  -3.309  -46.898  34.468 0.1111110002
39145  -3.786  -48.647  34.854 0.1111110002
39153  -1.778  -48.237  33.488 0.1111110002
127237  -0.219  -46.875  32.210 0.1111110002
40235  -2.707  -47.245  34.223 0.1111110002
40236  -3.561  -47.699  34.612 0.1111110002
40237  -4.249  -47.925  34.613 0.1111110002
41294  -2.111  -46.384  33.706 0.1111110002
41293  -1.389  -46.169  33.380 0.1111110002
40243  -0.859  -47.015  33.018 0.1111110002
42269  -3.296  -45.544  34.359 0.1111110002
41289  -3.964  -46.907  34.742 0.1111110002
41287  -2.746  -46.096  34.034 0.1111110002
39146  -4.383  -48.470  34.581 0.1111110002
42273  -1.216  -45.342  33.105 0.1111110002
42268  -2.629  -45.107  33.721 0.1111110002
42279  -1.258  -44.959  32.826 0.1111110002
132416  -4.635  -47.834  34.433 0.1111110002
39151  -15.109  -47.262  35.411 0.1111110002
52952  -34.086  -35.501  8.620 0.1111110002
66434  -58.571  -21.217  -0.203 0.1111110002
66435  -59.476  -20.695  -0.866 0.1111110002
49766  -47.199  -38.381  17.798 0.1111110002
48669  -48.456  -39.161  16.609 0.1111110002
67423  -60.186  -20.029  -0.416 0.1111110002
67441  -60.670  -20.342  -2.332 0.1111110002
117908  -59.171  -22.171  -2.867 0.1111110002
66464  -60.344  -21.402  -2.684 0.1111110002
65406  -60.535  -21.855  -3.366 0.1111110002
120281  -47.304  -36.478  20.835 0.1111110002
50819  -48.386  -36.735  19.395 0.1111110002
121103  -61.274  -20.978  -3.234 0.1111110002
66465  -61.156  -20.914  -3.005 0.1111110002
66479  -61.128  -21.370  -3.416 0.1111110002
61054  -56.426  -27.023  6.955 0.1111110002
66480  -61.320  -21.199  -3.591 0.1111110002
65418  -59.927  -22.353  -3.827 0.1111110002
65419  -61.190  -21.848  -4.061 0.1111110002
65420  -61.302  -21.527  -4.373 0.1111110002
65430  -61.258  -22.003  -5.077 0.1111110002
67461  -58.150  -20.368  -4.345 0.1111110002
67480  -61.238  -21.247  -4.573 0.1111110002
67501  -61.091  -21.487  -5.522 0.1111110002
132982  -51.632  -21.670  -6.612 0.1111110002
66521  -52.311  -21.366  -6.852 0.1111110002
64530  -48.890  -22.945  -4.996 0.1111110002
120970  -50.020  -22.643  -5.573 0.1111110002
65453  -50.503  -22.179  -6.125 0.1111110002
66535  -52.875  -20.741  -7.209 0.1111110002
67531  -53.429  -20.065  -7.355 0.1111110002
122793  -55.686  -18.820  -7.569 0.1111110002
65436  -48.327  -22.540  -5.302 0.1111110002
66519  -50.129  -21.604  -6.591 0.1111110002
68470  -51.485  -19.893  -7.594 0.1111110002
66534  -51.439  -21.180  -6.998 0.1111110002
68471  -52.114  -19.122  -7.580 0.1111110002
68472  -54.043  -19.370  -7.432 0.1111110002
125779  -53.050  -19.091  -7.472 0.1111110002
122794  -54.689  -18.711  -7.493 0.1111110002
125338  -55.287  -18.078  -7.527 0.1111110002
66510  -48.804  -21.937  -5.868 0.1111110002
65437  -49.204  -22.547  -5.496 0.1111110002
66533  -50.612  -21.123  -7.065 0.1111110002
67529  -51.090  -20.611  -7.383 0.1111110002
136484  -53.096  -18.234  -7.550 0.1111110002
119255  -53.518  -17.638  -7.591 0.1111110002
135675  -54.399  -17.864  -7.522 0.1111110002
71398  -55.764  -16.579  -7.657 0.1111110002
135429  -53.066  -16.675  -7.945 0.1111110002
72349  -54.557  -15.521  -8.050 0.1111110002
72351  -56.459  -16.016  -7.830 0.1111110002
70443  -57.297  -17.565  -7.839 0.1111110002
66532  -49.764  -21.054  -7.082 0.1111110002
65452  -49.658  -22.070  -6.037 0.1111110002
73273  -60.064  -14.851  -7.814 0.1111110002
71397  -54.786  -16.304  -7.687 0.1111110002
72370  -59.898  -15.347  -8.306 0.1111110002
71401  -60.206  -16.243  -8.202 0.1111110002
72352  -57.573  -16.039  -8.140 0.1111110002
72353  -58.995  -16.116  -8.391 0.1111110002
73254  -57.582  -14.401  -6.033 0.1111110002
73255  -58.880  -13.902  -6.150 0.1111110002
73263  -58.569  -14.801  -6.624 0.1111110002
121358  -59.554  -15.223  -7.267 0.1111110002
122861  -59.515  -14.020  -7.349 0.1111110002
72354  -60.402  -15.782  -7.864 0.1111110002
73292  -60.290  -15.142  -8.049 0.1111110002
135565  -59.824  -14.373  -8.095 0.1111110002
73264  -59.259  -14.382  -6.844 0.1111110002
122276  -31.459  -50.213  28.976 0.1111110002
38172  -31.794  -49.663  29.606 0.1111110002
38173  -32.109  -49.046  29.245 0.1111110002
39158  -15.171  -47.835  35.241 0.1111110002
34970  -4.588  -52.476  35.239 0.1111110002
125279  -2.671  -50.656  34.383 0.1111110002
36009  -2.869  -51.006  34.554 0.1111110002
133927  -8.056  -57.996  33.301 0.1111110002
67460  -56.183  -20.509  -4.026 0.1111110002
115746  -57.062  -20.495  -4.474 0.1111110002
65429  -60.528  -22.459  -4.777 0.1111110002
137566  -55.918  -18.221  -7.573 0.1111110002
50818  -47.602  -37.339  19.288 0.1111110002
65338  -59.566  -22.224  3.290 0.1111110002
67478  -59.182  -20.669  -5.056 0.1111110002
50826  -48.087  -37.270  18.462 0.1111110002
67440  -60.378  -20.253  -1.537 0.1111110002
36024  -2.170  -51.839  32.988 0.1111110002
33946  -3.966  -53.001  34.628 0.1111110002
36016  -2.521  -51.249  33.872 0.1111110002
36015  -2.001  -51.043  33.186 0.1111110002
40244  -1.878  -47.201  33.664 0.1111110002
41297  -0.343  -46.167  32.417 0.1111110002
41292  -0.794  -45.911  33.022 0.1111110002
41288  -3.482  -46.336  34.516 0.1111110002
42275  -1.895  -45.440  33.436 0.1111110002
39147  -4.937  -48.032  34.143 0.1111110002
42274  -1.584  -44.966  33.115 0.1111110002
43344  -1.788  -44.571  32.974 0.1111110002
67412  -59.374  -20.594  -0.025 0.1111110002
66448  -59.824  -20.979  -1.788 0.1111110002
66449  -60.632  -20.724  -2.377 0.1111110002
66520  -50.943  -21.654  -6.617 0.1111110002
133476  -51.961  -20.669  -7.293 0.1111110002
67530  -52.487  -19.980  -7.434 0.1111110002
69461  -52.469  -18.386  -7.633 0.1111110002
69462  -53.788  -18.488  -7.494 0.1111110002
126503  -55.043  -17.219  -7.549 0.1111110002
126502  -56.086  -17.555  -7.614 0.1111110002
71399  -56.833  -16.786  -7.801 0.1111110002
69460  -51.349  -18.937  -7.804 0.1111110002
70441  -52.715  -17.629  -7.732 0.1111110002
71396  -53.878  -15.999  -7.985 0.1111110002
70442  -54.099  -16.950  -7.634 0.1111110002
71413  -52.989  -15.501  -8.596 0.1111110002
115204  -53.805  -14.871  -8.652 0.1111110002
71400  -58.074  -16.846  -8.115 0.1111110002
71414  -60.447  -15.798  -8.037 0.1111110002
131501  -56.837  -15.022  -8.180 0.1111110002
72369  -58.468  -15.204  -8.406 0.1111110002
29710  -33.981  -57.010  26.788 0.1111110002
29722  -34.147  -57.202  26.306 0.1111110002
31804  -9.910  -55.666  34.435 0.5555559993
32952  -6.836  -54.274  29.943 0.3333329856
33027  -29.366  -53.976  22.820 0.1111110002
33046  -31.375  -54.189  21.522 0.1111110002
34996  -23.995  -51.970  33.378 0.8888890147
35132  -30.171  -51.909  22.918 0.1111110002
35163  -30.909  -52.961  21.726 0.1111110002
36022  -25.549  -51.421  33.599 0.5555559993
36049  -28.878  -51.588  32.312 0.6666669846
36095  -30.759  -51.208  29.381 0.3333329856
36126  -25.383  -52.151  26.439 0.8888890147
37087  -28.176  -49.901  32.879 0.6666669846
37089  -30.024  -49.778  32.355 0.6666669846
37100  -27.275  -49.914  32.754 0.7777780294
37116  -31.455  -50.063  31.236 0.4444440007
37166  -27.395  -50.388  27.336 1.0000000000
37253  -25.416  -50.736  21.896 0.6666669846
37267  -26.482  -50.417  21.260 0.5555559993
37275  -25.502  -50.513  20.528 0.6666669846
38188  -28.378  -49.268  27.635 0.8888890147
38265  -28.288  -49.359  21.901 0.7777780294
39152  -16.120  -47.370  35.456 0.4444440007
39183  -29.137  -48.928  31.868 0.6666669846
39184  -29.668  -48.669  32.080 0.6666669846
39357  -28.468  -48.490  19.084 0.5555559993
39616  -57.749  -48.403  3.739 0.1111110002
40272  -32.204  -47.673  31.586 0.4444440007
40284  -32.874  -47.048  30.580 0.1111110002
40367  -31.318  -46.711  24.549 0.7777780294
40405  -30.371  -47.135  21.929 0.7777780294
40421  -29.302  -47.848  19.997 0.6666669846
40663  -58.127  -47.726  4.232 0.1111110002
40699  -58.382  -48.128  2.453 0.1111110002
41391  -30.995  -46.601  22.882 0.7777780294
41392  -31.251  -45.950  22.658 0.6666669846
42417  -31.230  -45.132  21.593 0.6666669846
43547  -30.059  -44.696  18.378 0.6666669846
44514  -32.188  -43.531  26.474 0.8888890147
44737  -43.165  -42.507  10.480 0.1111110002
45528  -32.188  -41.867  32.355 0.1111110002
45555  -31.805  -41.940  31.860 0.1111110002
45613  -31.713  -42.666  23.052 1.0000000000
45729  -51.260  -42.464  17.026 0.1111110002
45750  -51.397  -42.327  16.705 0.1111110002
46569  -31.434  -40.868  29.469 0.2222220004
46622  -31.141  -41.385  23.521 1.0000000000
46733  -50.787  -42.361  16.195 0.1111110002
46795  -46.279  -41.306  8.305 0.1111110002
47672  -50.173  -40.497  16.875 0.2222220004
47684  -53.016  -41.275  15.904 0.1111110002
47686  -54.227  -40.389  15.197 0.1111110002
47696  -48.621  -40.228  14.117 0.1111110002
47702  -54.466  -40.340  14.751 0.1111110002
48649  -35.281  -39.371  17.500 1.0000000000
48686  -35.068  -39.313  15.817 0.6666669846
48688  -53.660  -40.221  15.961 0.1111110002
48705  -53.472  -40.468  14.451 0.1111110002
48747  -46.500  -39.523  12.433 0.1111110002
48749  -48.325  -38.965  12.639 0.1111110002
48752  -51.230  -39.152  12.888 0.1111110002
48788  -46.090  -39.268  8.949 0.1111110002
49732  -34.413  -38.738  21.415 0.7777780294
49745  -32.911  -38.931  21.049 1.0000000000
49748  -35.414  -38.725  20.365 0.8888890147
49783  -35.788  -39.038  17.101 0.8888890147
49784  -36.271  -38.489  16.725 0.8888890147
49785  -48.048  -38.473  16.740 0.1111110002
49805  -35.212  -38.486  14.653 0.7777780294
49884  -51.181  -38.082  8.457 0.1111110002
50743  -31.707  -36.880  25.174 0.4444440007
50808  -36.660  -37.743  20.543 0.6666669846
50865  -42.494  -37.519  15.607 0.7777780294
50902  -34.056  -37.221  12.433 0.6666669846
50908  -43.336  -37.462  12.560 0.7777780294
50945  -39.016  -37.618  10.396 0.5555559993
50948  -41.785  -37.081  11.009 0.5555559993
51676  -31.837  -36.406  31.745 0.1111110002
51768  -33.562  -36.796  24.890 0.4444440007
51797  -39.214  -35.880  21.910 0.3333329856
51804  -37.901  -36.915  20.588 0.6666669846
51815  -38.455  -36.555  20.180 0.7777780294
51825  -38.798  -36.163  19.744 0.8888890147
51832  -43.124  -35.755  18.514 0.8888890147
51860  -41.050  -35.951  16.086 0.7777780294
51878  -45.052  -36.633  15.830 0.7777780294
51891  -44.927  -36.820  15.022 0.7777780294
51903  -40.205  -37.262  13.726 0.6666669846
51904  -45.958  -36.665  13.860 0.7777780294
51905  -46.626  -36.395  13.760 0.6666669846
51937  -44.665  -36.681  11.493 0.7777780294
51939  -46.624  -36.259  11.545 0.7777780294
51940  -53.687  -36.666  11.407 0.1111110002
52633  -31.796  -35.802  31.110 0.1111110002
52749  -47.363  -34.702  22.343 0.3333329856
52757  -39.604  -35.567  21.456 0.4444440007
52761  -47.859  -35.270  21.946 0.3333329856
52763  -49.362  -34.818  21.200 0.3333329856
52767  -40.006  -35.110  21.012 0.6666669846
52773  -38.858  -35.760  19.309 0.8888890147
52786  -39.033  -35.084  19.075 0.7777780294
52880  -38.375  -34.810  13.237 0.7777780294
52884  -48.909  -35.108  13.715 0.6666669846
52935  -32.798  -34.725  9.490 0.1111110002
53696  -46.872  -34.008  22.686 0.3333329856
53705  -49.136  -34.271  21.384 0.3333329856
53716  -47.170  -33.919  20.544 0.4444440007
53720  -50.369  -33.962  20.388 0.4444440007
53728  -40.097  -34.086  19.858 0.5555559993
53730  -44.783  -34.199  19.910 0.5555559993
53731  -45.656  -34.615  19.985 0.4444440007
53915  -43.849  -34.168  7.941 0.4444440007
54690  -44.732  -32.142  23.813 0.2222220004
54724  -40.824  -33.979  21.714 0.3333329856
54748  -49.076  -33.630  21.000 0.4444440007
54767  -50.312  -33.333  19.984 0.4444440007
54781  -40.522  -32.992  18.462 0.7777780294
54846  -38.959  -32.820  15.051 0.7777780294
54903  -45.537  -33.712  8.314 0.5555559993
54905  -47.591  -33.379  8.561 0.7777780294
55008  -61.345  -33.548  2.793 0.1111110002
55716  -40.767  -31.588  27.171 0.1111110002
55737  -42.554  -31.087  25.789 0.2222220004
55756  -41.884  -30.903  25.249 0.2222220004
55775  -44.906  -31.723  23.423 0.2222220004
55792  -47.215  -32.788  22.034 0.3333329856
55803  -46.696  -32.576  22.097 0.3333329856
55820  -43.888  -32.784  19.301 0.4444440007
55826  -42.921  -32.902  18.042 0.7777780294
56778  -42.902  -30.513  25.282 0.1111110002
56779  -43.302  -30.607  25.081 0.1111110002
56792  -43.141  -30.391  24.902 0.2222220004
56793  -43.658  -30.676  24.595 0.2222220004
56901  -56.871  -30.311  11.565 0.5555559993
56953  -46.840  -31.767  7.118 0.5555559993
58073  -51.974  -30.240  6.817 0.7777780294
59065  -33.721  -29.082  7.603 0.1111110002
59117  -46.283  -29.388  5.861 0.5555559993
60124  -48.491  -28.247  6.273 0.7777780294
60126  -52.381  -28.628  6.218 0.7777780294
61052  -53.425  -27.353  6.474 0.7777780294
61936  -54.868  -26.008  3.469 0.1111110002
61938  -55.129  -26.461  2.935 0.1111110002
62740  -39.400  -25.394  5.891 0.1111110002
63506  -40.274  -24.316  7.905 0.1111110002
63548  -48.685  -23.670  6.202 0.6666669846
63583  -51.665  -24.368  2.920 0.6666669846
64399  -51.215  -22.891  6.651 0.6666669846
65304  -54.329  -22.196  7.590 0.6666669846
66358  -55.307  -21.287  7.314 0.6666669846
66376  -55.526  -20.861  6.406 0.6666669846
66378  -57.787  -20.312  6.019 0.3333329856
66518  -49.272  -21.502  -6.497 0.1111110002
66543  -60.602  -20.251  -7.278 0.2222220004
67349  -56.450  -20.769  7.284 0.6666669846
67362  -57.245  -20.274  6.539 0.4444440007
67390  -60.199  -19.051  2.799 0.2222220004
67410  -55.581  -20.735  0.739 0.6666669846
67453  -56.855  -20.269  -3.529 0.1111110002
67498  -58.175  -20.323  -5.533 0.1111110002
68342  -58.534  -19.574  5.180 0.4444440007
68362  -59.747  -18.395  2.235 0.3333329856
68380  -60.519  -18.605  0.419 0.2222220004
68398  -60.584  -19.654  -1.902 0.2222220004
68477  -60.464  -19.521  -7.425 0.2222220004
69309  -46.933  -18.759  5.302 0.1111110002
69357  -60.148  -18.003  -0.166 0.3333329856
69372  -59.945  -17.991  -0.970 0.3333329856
70396  -51.429  -17.798  -3.872 0.1111110002
73236  -54.882  -14.602  -3.994 0.1111110002
116147  -39.283  -32.729  15.672 0.7777780294
116606  -30.255  -51.411  31.415 0.5555559993
117262  -42.873  -35.568  9.340 0.6666669846
119563  -29.000  -48.856  24.901 0.8888890147
119693  -54.270  -15.960  -5.516 0.2222220004
121208  -40.212  -23.607  5.765 0.1111110002
122756  -46.198  -38.988  10.624 0.1111110002
122908  -51.023  -31.074  7.171 0.7777780294
123070  -48.963  -38.330  8.357 0.1111110002
123591  -61.001  -21.744  -6.095 0.2222220004
123773  -49.921  -35.210  20.321 0.4444440007
124066  -31.756  -37.963  32.065 0.1111110002
124269  -30.777  -43.480  20.140 0.7777780294
125650  -52.692  -41.316  16.258 0.1111110002
126811  -25.989  -50.524  32.702 0.8888890147
128159  -28.592  -48.866  20.825 0.5555559993
128491  -47.322  -35.308  10.046 0.7777780294
128942  -41.174  -33.472  21.272 0.4444440007
131318  -30.168  -47.327  31.604 0.6666669846
132197  -51.148  -38.168  11.501 0.1111110002
132253  -47.761  -39.068  16.807 0.1111110002
133115  -61.294  -34.129  1.137 0.1111110002
133140  -30.214  -46.137  20.001 0.7777780294
134518  -60.383  -18.403  -0.359 0.2222220004
134570  -42.432  -32.625  20.914 0.6666669846
134611  -45.354  -40.529  8.670 0.1111110002
134725  -50.648  -18.035  -2.663 0.3333329856
135108  -31.200  -40.102  29.455 0.2222220004
135136  -59.938  -17.996  -7.902 0.2222220004
135201  -29.477  -45.763  17.729 0.5555559993
135205  -56.421  -21.631  7.725 0.6666669846
135214  -34.835  -39.526  17.857 1.0000000000
135722  -53.196  -41.114  16.027 0.1111110002
136004  -47.942  -33.346  21.939 0.3333329856
136223  -36.381  -35.969  24.819 0.3333329856
136303  -47.170  -28.184  6.030 0.5555559993
136652  -37.038  -32.831  13.720 0.7777780294
137148  -32.464  -38.717  21.366 0.8888890147
137905  -60.093  -22.388  -6.535 0.2222220004
138077  -12.163  -51.921  35.764 0.3333329856
138528  -48.048  -36.824  19.821 0.2222220004
138635  -61.062  -21.669  -5.868 0.2222220004
139003  -30.063  -37.663  27.456 0.2222220004
