#!ascii label  , from subject sub-v2s9x29157_ses-1 vox2ras=TkReg
2307
44275  -33.440  -44.666  -40.823 0.5000000000
43194  -34.085  -45.164  -40.112 0.5000000000
44256  -34.191  -44.205  -40.315 0.4000000060
44258  -35.737  -44.280  -39.683 0.5000000000
45375  -35.530  -43.489  -39.721 0.5000000000
45354  -36.040  -43.091  -39.575 0.5000000000
62483  -31.385  -27.206  -48.944 0.5000000000
62484  -31.820  -26.478  -49.121 0.4000000060
63292  -32.404  -25.985  -49.267 0.4000000060
62494  -31.273  -25.506  -50.088 0.4000000060
63305  -31.931  -25.092  -50.387 0.5000000000
63293  -33.273  -25.633  -49.316 0.5000000000
63306  -32.653  -24.707  -50.559 0.5000000000
63307  -33.932  -25.096  -49.760 0.4000000060
64165  -32.241  -23.859  -51.451 0.5000000000
137627  -33.255  -24.432  -50.802 0.5000000000
63308  -35.163  -25.172  -49.279 0.4000000060
42149  -32.765  -46.882  -40.774 0.5000000000
124549  -33.889  -45.929  -40.199 0.4000000060
135823  -34.657  -45.740  -39.915 0.5000000000
43195  -35.479  -45.612  -39.903 0.5000000000
44276  -36.721  -44.876  -40.513 0.5000000000
128697  -36.495  -44.286  -39.861 0.5000000000
45356  -37.209  -42.767  -39.940 0.5000000000
46395  -36.857  -42.272  -39.731 0.5000000000
60715  -30.073  -28.386  -48.994 0.5000000000
121634  -30.993  -29.056  -48.926 0.5000000000
60716  -31.078  -28.195  -48.872 0.5000000000
61609  -32.326  -27.213  -48.417 0.5000000000
62485  -33.238  -26.408  -48.514 0.6000000238
64969  -38.617  -23.927  -47.756 0.3000000119
63294  -34.425  -25.713  -48.761 0.4000000060
64150  -38.251  -24.283  -48.486 0.3000000119
64159  -36.384  -24.417  -49.970 0.4000000060
63309  -36.122  -24.946  -49.434 0.3000000119
64148  -37.043  -24.969  -49.124 0.4000000060
43193  -33.484  -45.420  -40.570 0.5000000000
45376  -36.258  -43.652  -39.654 0.5000000000
129253  -35.977  -44.961  -39.797 0.5000000000
47353  -36.398  -41.651  -39.636 0.5000000000
132731  -32.621  -26.637  -48.585 0.6000000238
64984  -38.422  -23.523  -48.617 0.3000000119
64983  -38.040  -23.983  -49.232 0.3000000119
27378  -29.804  -60.103  -42.082 0.3000000119
29524  -30.924  -58.971  -43.004 0.3000000119
28428  -30.372  -59.593  -43.406 0.4000000060
28429  -31.048  -59.107  -43.841 0.4000000060
124184  -30.514  -59.643  -44.283 0.4000000060
28436  -31.318  -59.128  -44.685 0.4000000060
29546  -31.998  -58.790  -45.310 0.4000000060
28435  -30.677  -59.677  -45.149 0.4000000060
29559  -32.613  -58.649  -45.899 0.4000000060
118057  -33.198  -58.585  -46.483 0.4000000060
29512  -30.815  -58.878  -42.123 0.3000000119
29525  -31.548  -58.504  -42.602 0.3000000119
116399  -32.973  -58.146  -42.834 0.4000000060
29536  -31.685  -58.572  -43.510 0.4000000060
29537  -32.590  -58.269  -43.604 0.4000000060
116543  -32.132  -58.532  -44.384 0.4000000060
117117  -32.835  -58.416  -45.060 0.4000000060
29560  -33.481  -58.358  -45.634 0.4000000060
116288  -36.951  -58.838  -46.629 0.4000000060
133914  -34.874  -58.228  -46.432 0.4000000060
29504  -34.462  -58.083  -41.050 0.3000000119
29515  -34.334  -58.274  -41.724 0.3000000119
29516  -35.144  -58.201  -41.683 0.3000000119
29538  -33.587  -58.282  -43.503 0.4000000060
117364  -34.793  -58.520  -43.474 0.4000000060
29547  -33.126  -58.258  -44.276 0.4000000060
130282  -33.981  -58.356  -44.119 0.4000000060
29550  -35.859  -58.614  -44.534 0.4000000060
29562  -35.607  -58.482  -45.497 0.4000000060
126457  -37.026  -58.577  -45.582 0.4000000060
29575  -36.144  -58.483  -46.086 0.4000000060
32855  -38.092  -55.359  -46.731 0.4000000060
31758  -37.597  -57.127  -46.390 0.4000000060
30676  -37.249  -58.700  -46.117 0.4000000060
30608  -34.428  -57.658  -40.433 0.3000000119
29503  -33.454  -57.928  -40.519 0.3000000119
30623  -35.468  -57.736  -41.423 0.3000000119
30634  -36.162  -57.975  -42.625 0.3000000119
29539  -35.848  -58.505  -43.445 0.3000000119
135682  -35.412  -58.601  -43.928 0.4000000060
121099  -36.593  -58.186  -44.511 0.4000000060
131993  -37.320  -56.781  -45.823 0.4000000060
31743  -37.001  -57.048  -45.244 0.4000000060
135442  -36.427  -58.600  -45.292 0.4000000060
33908  -37.640  -54.944  -45.975 0.4000000060
33909  -38.239  -54.465  -46.539 0.4000000060
30609  -35.031  -57.458  -40.641 0.3000000119
32769  -35.398  -55.781  -41.482 0.3000000119
31695  -35.699  -56.799  -41.781 0.3000000119
123935  -35.754  -55.702  -42.338 0.3000000119
32800  -36.134  -55.826  -43.269 0.4000000060
31716  -36.310  -57.285  -43.462 0.4000000060
32817  -36.476  -56.143  -44.123 0.4000000060
30649  -36.476  -58.040  -43.920 0.4000000060
35948  -38.036  -52.076  -44.881 0.3000000119
34913  -37.566  -53.660  -45.356 0.4000000060
32836  -36.788  -56.253  -44.804 0.4000000060
34914  -38.129  -53.232  -45.803 0.3000000119
33891  -37.475  -54.338  -45.494 0.4000000060
125221  -37.235  -54.886  -45.292 0.4000000060
34922  -38.461  -53.662  -46.412 0.4000000060
121036  -34.317  -53.918  -38.731 0.3000000119
33774  -34.444  -54.207  -39.623 0.3000000119
35838  -35.093  -52.088  -38.791 0.3000000119
31677  -34.835  -56.684  -40.220 0.3000000119
33792  -34.756  -54.552  -40.478 0.3000000119
32755  -34.915  -55.628  -40.591 0.3000000119
32768  -35.160  -54.892  -41.242 0.3000000119
35908  -35.953  -53.161  -42.277 0.3000000119
135845  -35.501  -55.078  -41.855 0.3000000119
34861  -35.758  -53.955  -42.331 0.3000000119
34881  -36.502  -53.419  -43.500 0.3000000119
33834  -36.012  -54.337  -42.854 0.3000000119
35946  -36.895  -52.979  -44.070 0.3000000119
33859  -36.259  -54.706  -43.430 0.3000000119
34900  -37.227  -53.334  -44.706 0.3000000119
33875  -36.611  -54.516  -44.144 0.4000000060
37018  -38.711  -51.564  -45.301 0.3000000119
35958  -38.921  -52.090  -45.887 0.4000000060
35967  -39.355  -52.137  -46.415 0.4000000060
35968  -39.980  -52.170  -47.047 0.4000000060
116679  -35.205  -52.045  -39.684 0.3000000119
35866  -34.866  -52.860  -40.007 0.3000000119
36933  -35.731  -51.269  -39.840 0.3000000119
34812  -35.171  -53.215  -40.882 0.3000000119
35891  -35.683  -52.756  -41.525 0.3000000119
124155  -37.043  -51.385  -42.959 0.3000000119
35892  -36.288  -52.263  -42.202 0.3000000119
36999  -37.839  -51.095  -43.847 0.3000000119
36998  -37.317  -51.570  -43.526 0.3000000119
35909  -36.379  -52.862  -42.908 0.3000000119
38048  -38.365  -50.609  -44.138 0.3000000119
37010  -37.667  -51.798  -44.193 0.3000000119
38056  -38.771  -50.772  -44.794 0.3000000119
38049  -39.267  -50.147  -44.914 0.3000000119
122927  -39.301  -50.820  -45.438 0.3000000119
38058  -40.301  -50.074  -46.063 0.3000000119
37027  -40.418  -51.287  -46.849 0.4000000060
37956  -35.811  -50.794  -39.038 0.3000000119
37931  -36.152  -50.315  -38.422 0.3000000119
133329  -35.673  -51.749  -40.470 0.3000000119
37981  -36.221  -50.537  -39.990 0.3000000119
38984  -37.273  -48.675  -37.672 0.3000000119
40096  -37.309  -48.112  -38.445 0.3000000119
36934  -36.231  -51.137  -40.825 0.3000000119
134020  -36.611  -50.377  -40.747 0.3000000119
41119  -38.132  -47.629  -36.998 0.3000000119
39062  -38.363  -49.277  -42.744 0.3000000119
39061  -37.921  -49.619  -42.398 0.3000000119
117299  -37.410  -50.140  -41.973 0.3000000119
39075  -38.577  -49.360  -43.226 0.3000000119
36977  -37.500  -50.933  -43.160 0.3000000119
39076  -38.968  -49.120  -43.683 0.3000000119
39090  -39.125  -49.578  -44.354 0.3000000119
38057  -39.790  -50.113  -45.546 0.3000000119
38065  -40.729  -50.341  -46.745 0.4000000060
37035  -41.644  -51.547  -47.970 0.5000000000
138961  -36.564  -49.581  -39.356 0.3000000119
38983  -36.552  -49.550  -38.636 0.3000000119
39000  -37.089  -48.975  -40.083 0.3000000119
38005  -37.107  -49.910  -41.162 0.3000000119
39021  -37.346  -49.212  -40.832 0.3000000119
42090  -38.986  -46.100  -37.167 0.3000000119
122511  -39.634  -45.968  -36.792 0.3000000119
40143  -38.364  -48.248  -41.675 0.3000000119
39044  -37.655  -49.408  -41.653 0.3000000119
43142  -40.072  -45.321  -36.815 0.3000000119
40159  -38.787  -48.731  -42.936 0.3000000119
43143  -40.854  -45.371  -36.676 0.3000000119
41227  -39.688  -47.866  -44.248 0.3000000119
40185  -39.416  -48.745  -44.342 0.3000000119
125588  -42.813  -44.038  -36.627 0.3000000119
39100  -39.684  -49.280  -45.081 0.3000000119
40186  -39.949  -48.305  -44.945 0.3000000119
39101  -40.265  -49.454  -45.743 0.3000000119
39108  -40.701  -49.500  -46.387 0.3000000119
138527  -41.651  -49.563  -47.394 0.4000000060
135691  -42.016  -50.169  -47.874 0.5000000000
41161  -37.690  -47.750  -40.124 0.3000000119
41142  -37.515  -47.534  -39.152 0.3000000119
41132  -37.614  -47.461  -38.320 0.3000000119
40124  -38.087  -48.017  -41.011 0.3000000119
41162  -38.333  -47.307  -40.697 0.3000000119
42112  -38.407  -46.332  -39.535 0.3000000119
42102  -38.396  -46.098  -38.757 0.3000000119
41197  -38.829  -48.038  -42.287 0.3000000119
43153  -38.913  -45.624  -37.740 0.3000000119
41211  -39.504  -47.568  -43.465 0.3000000119
133738  -39.941  -44.792  -37.177 0.3000000119
45317  -40.689  -43.557  -37.653 0.3000000119
45300  -42.422  -43.284  -36.823 0.3000000119
133159  -43.658  -41.154  -37.942 0.3000000119
46360  -42.673  -42.221  -37.539 0.3000000119
42202  -40.613  -46.601  -44.485 0.3000000119
41234  -40.879  -47.337  -45.555 0.3000000119
40194  -40.892  -48.044  -46.035 0.3000000119
40200  -41.251  -48.686  -46.666 0.3000000119
42153  -38.802  -46.890  -41.091 0.3000000119
43197  -38.928  -45.934  -40.126 0.3000000119
42170  -39.493  -46.587  -42.373 0.3000000119
134939  -39.463  -46.136  -41.754 0.3000000119
41181  -38.676  -47.531  -41.522 0.3000000119
42133  -39.197  -46.201  -41.014 0.3000000119
44260  -39.553  -44.823  -39.861 0.3000000119
44242  -39.660  -44.410  -39.175 0.3000000119
43176  -39.208  -45.014  -38.977 0.3000000119
41212  -39.968  -47.053  -44.037 0.3000000119
42171  -40.095  -46.066  -42.932 0.3000000119
43235  -39.879  -45.750  -42.221 0.3000000119
43216  -39.767  -45.454  -41.408 0.3000000119
45397  -40.620  -44.127  -40.928 0.3000000119
45357  -40.536  -43.371  -39.293 0.3000000119
44228  -40.011  -43.909  -37.995 0.3000000119
42188  -40.349  -46.338  -43.698 0.3000000119
46397  -42.089  -41.878  -39.351 0.3000000119
45358  -40.978  -42.803  -38.801 0.3000000119
47355  -42.627  -41.529  -39.523 0.3000000119
47337  -43.099  -41.315  -38.419 0.3000000119
47317  -42.525  -41.824  -38.176 0.3000000119
48291  -44.144  -40.265  -39.481 0.3000000119
47356  -43.151  -41.051  -39.195 0.3000000119
41235  -41.377  -47.345  -46.030 0.4000000060
48274  -44.317  -40.171  -38.759 0.3000000119
41240  -41.647  -47.755  -46.536 0.4000000060
124135  -46.738  -38.462  -38.554 0.3000000119
40201  -42.040  -48.189  -47.150 0.3000000119
40208  -42.488  -48.649  -47.738 0.4000000060
51493  -48.776  -37.398  -38.842 0.3000000119
39114  -42.949  -49.152  -48.317 0.5000000000
38078  -43.413  -50.540  -48.944 0.5000000000
43254  -40.732  -45.617  -43.421 0.3000000119
44297  -40.893  -44.715  -42.465 0.3000000119
44279  -41.272  -43.865  -41.637 0.3000000119
122526  -41.276  -43.372  -40.787 0.3000000119
46416  -42.417  -41.955  -40.200 0.3000000119
42203  -41.291  -46.276  -44.838 0.4000000060
48307  -43.708  -40.775  -39.912 0.3000000119
48308  -44.381  -40.307  -40.188 0.3000000119
42217  -42.451  -46.425  -45.759 0.4000000060
41241  -42.438  -47.439  -46.839 0.5000000000
49400  -45.156  -39.174  -39.116 0.3000000119
50496  -46.362  -38.201  -39.292 0.4000000060
131312  -46.944  -37.783  -39.587 0.4000000060
41252  -42.858  -47.845  -47.496 0.5000000000
40209  -43.293  -48.282  -48.130 0.6000000238
51510  -47.519  -37.471  -39.516 0.3000000119
39115  -43.788  -48.728  -48.664 0.6000000238
38079  -44.137  -50.070  -49.353 0.6000000238
43255  -41.472  -45.304  -43.734 0.3000000119
44299  -42.308  -44.148  -42.872 0.3000000119
45411  -42.606  -43.513  -42.371 0.3000000119
43269  -40.982  -45.905  -44.164 0.3000000119
45410  -41.836  -43.889  -42.260 0.3000000119
46435  -43.542  -42.416  -41.693 0.3000000119
46417  -43.178  -41.833  -40.848 0.3000000119
47387  -43.970  -41.665  -41.256 0.4000000060
42204  -42.094  -46.058  -45.076 0.4000000060
47371  -44.213  -40.999  -40.761 0.4000000060
48321  -44.739  -40.552  -40.945 0.4000000060
42218  -43.362  -46.262  -45.841 0.5000000000
125339  -45.623  -39.178  -40.480 0.4000000060
49417  -46.247  -38.810  -40.946 0.4000000060
49418  -46.904  -38.262  -41.062 0.4000000060
42228  -43.757  -46.599  -46.520 0.5000000000
41253  -43.698  -47.558  -47.729 0.6000000238
50513  -45.864  -38.551  -39.984 0.4000000060
50514  -46.629  -38.035  -40.248 0.4000000060
51528  -47.871  -37.222  -40.336 0.4000000060
51540  -48.490  -36.968  -41.019 0.4000000060
40210  -44.123  -47.959  -48.366 0.6000000238
52499  -48.698  -36.715  -40.239 0.3000000119
52512  -49.264  -36.435  -41.017 0.4000000060
40216  -44.658  -48.403  -48.832 0.6000000238
39123  -45.308  -48.897  -49.321 0.6000000238
39127  -46.145  -49.585  -49.842 0.6999999881
44318  -42.706  -44.478  -43.488 0.3000000119
45425  -43.111  -43.868  -43.020 0.3000000119
46450  -44.169  -42.669  -42.314 0.3000000119
43256  -42.275  -45.073  -43.935 0.3000000119
44333  -43.095  -44.877  -44.087 0.3000000119
46436  -44.443  -42.140  -41.944 0.3000000119
46437  -45.043  -42.028  -42.248 0.4000000060
43287  -42.988  -45.875  -45.189 0.5000000000
47388  -44.900  -41.345  -41.655 0.4000000060
48323  -46.116  -40.254  -41.828 0.4000000060
43288  -43.900  -45.759  -45.255 0.5000000000
49430  -47.050  -38.982  -41.711 0.4000000060
42219  -44.313  -46.192  -45.848 0.5000000000
42229  -44.714  -46.554  -46.505 0.6000000238
50530  -48.257  -38.048  -41.784 0.4000000060
51541  -49.044  -37.126  -41.636 0.4000000060
40211  -44.934  -47.788  -48.432 0.6000000238
52513  -50.051  -36.156  -41.442 0.4000000060
51543  -50.393  -36.596  -42.165 0.4000000060
39124  -46.531  -48.779  -49.499 0.6999999881
132832  -47.849  -50.003  -50.916 0.6999999881
38084  -47.105  -50.884  -50.978 0.6999999881
44320  -44.405  -44.215  -43.737 0.4000000060
45426  -43.976  -43.701  -43.188 0.4000000060
46451  -44.821  -42.548  -42.519 0.4000000060
122113  -45.918  -42.006  -42.814 0.4000000060
44334  -43.945  -44.751  -44.205 0.4000000060
44321  -45.213  -44.124  -43.924 0.4000000060
47400  -45.546  -41.714  -42.370 0.4000000060
44335  -44.811  -44.663  -44.318 0.4000000060
47389  -45.771  -41.007  -42.091 0.4000000060
48331  -46.528  -40.709  -42.417 0.4000000060
48324  -46.824  -39.913  -42.150 0.4000000060
49439  -47.600  -39.535  -42.411 0.4000000060
49431  -47.914  -38.710  -42.085 0.4000000060
116977  -48.506  -39.158  -42.681 0.4000000060
126453  -45.582  -46.518  -46.442 0.6000000238
50531  -48.917  -37.809  -42.163 0.4000000060
51542  -50.047  -37.300  -42.414 0.4000000060
41256  -46.305  -47.254  -47.607 0.6000000238
41263  -46.743  -47.643  -48.428 0.6999999881
40218  -47.232  -48.098  -49.153 0.6999999881
52531  -51.286  -36.469  -42.497 0.4000000060
40224  -48.035  -48.619  -49.949 0.6999999881
38091  -47.173  -50.644  -51.214 0.6999999881
131862  -45.897  -43.039  -43.477 0.4000000060
43274  -45.270  -45.156  -44.845 0.4000000060
45428  -46.254  -43.406  -43.892 0.4000000060
47402  -46.934  -41.156  -42.974 0.4000000060
42220  -45.270  -46.194  -45.851 0.6000000238
43275  -46.102  -45.044  -45.027 0.5000000000
48332  -47.290  -40.380  -42.694 0.4000000060
42230  -46.325  -46.698  -46.831 0.6999999881
48333  -48.063  -40.021  -42.989 0.4000000060
41245  -47.137  -46.813  -47.303 0.6999999881
49440  -49.335  -39.100  -43.200 0.4000000060
41257  -47.563  -47.143  -47.928 0.6999999881
51557  -50.806  -37.285  -42.687 0.4000000060
135262  -49.903  -38.516  -43.088 0.4000000060
40225  -49.055  -48.126  -50.607 0.6999999881
51558  -51.598  -37.416  -43.179 0.4000000060
39129  -48.532  -49.098  -50.809 0.6999999881
40234  -47.203  -49.499  -51.474 0.6999999881
126740  -53.167  -36.595  -43.490 0.4000000060
52533  -53.594  -35.925  -43.494 0.4000000060
44337  -46.425  -44.460  -44.694 0.4000000060
45429  -46.912  -43.143  -44.137 0.4000000060
46465  -46.442  -42.763  -43.600 0.4000000060
46454  -46.533  -41.981  -43.234 0.4000000060
43291  -46.615  -45.523  -45.602 0.6999999881
43276  -46.918  -44.912  -45.319 0.5000000000
47403  -47.685  -40.775  -43.337 0.4000000060
43296  -48.017  -45.801  -46.787 0.6999999881
48343  -48.487  -40.473  -43.627 0.4000000060
48334  -48.821  -39.721  -43.369 0.4000000060
42239  -48.024  -46.569  -47.671 0.6999999881
48344  -49.262  -40.231  -43.990 0.4000000060
135375  -49.525  -39.642  -43.702 0.4000000060
41265  -48.696  -47.018  -49.415 0.6999999881
49441  -50.267  -39.286  -43.809 0.4000000060
41264  -48.059  -47.400  -48.765 0.6999999881
50560  -50.759  -38.529  -43.503 0.4000000060
50543  -51.038  -37.890  -43.208 0.4000000060
50544  -51.774  -38.424  -43.863 0.4000000060
39130  -49.025  -48.544  -51.219 0.6999999881
51573  -52.558  -37.829  -43.762 0.4000000060
41281  -48.585  -48.010  -51.411 0.6999999881
51574  -53.302  -37.435  -43.843 0.4000000060
52548  -54.653  -36.403  -44.117 0.4000000060
46473  -47.627  -42.781  -44.522 0.4000000060
46467  -47.869  -41.980  -44.245 0.4000000060
47409  -47.372  -41.592  -43.565 0.4000000060
44339  -48.054  -44.010  -45.691 0.6000000238
45438  -48.253  -43.228  -45.364 0.5000000000
46474  -48.469  -42.438  -45.013 0.5000000000
48305  -37.923  -40.660  -40.333 0.4000000060
47385  -38.654  -41.241  -40.834 0.5000000000
44347  -48.764  -44.517  -46.987 0.6000000238
47411  -48.972  -40.899  -44.357 0.4000000060
121635  -48.775  -45.709  -48.255 0.6000000238
48345  -50.102  -40.051  -44.408 0.4000000060
43318  -48.621  -45.781  -48.661 0.6000000238
118327  -51.067  -39.996  -44.959 0.4000000060
43323  -48.560  -46.357  -49.295 0.6999999881
119373  -51.344  -39.260  -44.406 0.4000000060
42254  -48.756  -46.606  -50.002 0.6999999881
41277  -48.062  -47.344  -51.047 0.6999999881
50561  -52.894  -38.690  -44.602 0.4000000060
50562  -53.575  -38.266  -44.476 0.4000000060
51575  -55.141  -38.149  -44.990 0.4000000060
51591  -56.014  -37.968  -45.481 0.4000000060
45449  -48.940  -43.667  -46.640 0.6000000238
46486  -49.150  -42.880  -46.163 0.5000000000
46475  -49.432  -42.114  -45.679 0.5000000000
50511  -36.410  -38.827  -40.411 0.3000000119
50512  -37.353  -39.192  -40.538 0.4000000060
49415  -38.471  -39.903  -40.907 0.5000000000
44366  -48.935  -44.757  -48.433 0.6000000238
45461  -49.448  -43.995  -48.315 0.6000000238
47422  -48.722  -41.653  -44.667 0.4000000060
43306  -48.667  -45.314  -48.510 0.6000000238
48356  -49.920  -40.722  -44.900 0.5000000000
43304  -46.377  -45.491  -48.055 0.6999999881
43317  -48.416  -45.806  -48.934 0.6000000238
48357  -50.971  -40.645  -45.638 0.4000000060
43315  -45.841  -45.784  -48.729 0.8000000119
42246  -47.957  -46.252  -49.322 0.6999999881
49466  -52.140  -40.083  -45.838 0.4000000060
49454  -52.423  -39.374  -45.117 0.4000000060
135096  -53.809  -38.933  -45.272 0.4000000060
50576  -54.663  -38.715  -45.465 0.4000000060
51590  -55.761  -38.678  -45.967 0.4000000060
52567  -57.071  -37.826  -46.122 0.4000000060
45471  -49.642  -43.490  -48.853 0.6000000238
45450  -49.878  -43.251  -47.878 0.6000000238
50527  -37.689  -38.657  -41.215 0.4000000060
50528  -38.318  -39.011  -41.704 0.4000000060
44365  -48.461  -44.917  -48.385 0.6000000238
118818  -49.252  -44.193  -48.612 0.6000000238
47438  -50.498  -41.819  -46.691 0.5000000000
49437  -38.898  -39.433  -42.201 0.5000000000
44363  -45.713  -44.926  -47.504 0.6999999881
43305  -47.935  -45.429  -48.556 0.6999999881
47423  -49.680  -41.379  -45.311 0.5000000000
49438  -39.541  -39.844  -42.615 0.5000000000
44362  -44.832  -44.670  -47.683 0.6999999881
43303  -45.273  -45.276  -48.132 0.6999999881
47424  -50.899  -41.260  -46.328 0.5000000000
49460  -40.372  -39.619  -44.091 0.6999999881
49448  -39.932  -39.520  -43.367 0.6000000238
44372  -43.803  -43.963  -48.837 0.6999999881
119031  -44.289  -44.222  -48.085 0.6999999881
43314  -44.836  -45.282  -49.100 0.6999999881
48367  -52.094  -40.996  -47.576 0.5000000000
50579  -40.433  -38.710  -45.806 0.6999999881
120202  -40.536  -39.833  -44.797 0.6999999881
43313  -44.073  -44.823  -49.242 0.6999999881
49465  -51.882  -40.532  -46.414 0.4000000060
49476  -52.791  -40.372  -47.551 0.4000000060
50574  -53.455  -39.494  -45.807 0.4000000060
50575  -54.348  -39.380  -46.337 0.4000000060
50587  -55.031  -39.089  -46.333 0.4000000060
51609  -56.411  -38.166  -46.167 0.4000000060
46504  -49.914  -42.954  -49.133 0.6000000238
46505  -50.323  -42.689  -49.079 0.6000000238
46498  -50.656  -42.687  -48.749 0.6000000238
46487  -50.183  -42.507  -47.245 0.5000000000
51539  -37.253  -37.992  -41.586 0.4000000060
50537  -37.865  -38.348  -42.016 0.4000000060
50538  -38.483  -38.746  -42.506 0.6999999881
45459  -46.652  -43.762  -46.795 0.6999999881
45460  -47.981  -43.609  -47.652 0.6000000238
46503  -49.193  -43.316  -48.632 0.6000000238
130797  -50.669  -41.799  -49.093 0.5000000000
49447  -39.165  -39.127  -42.943 0.6999999881
45456  -44.126  -43.662  -46.951 0.6999999881
45457  -44.545  -43.786  -46.626 0.6999999881
44355  -46.173  -44.438  -47.085 0.6999999881
45469  -47.548  -44.399  -47.690 0.6999999881
46499  -51.032  -42.117  -49.130 0.5000000000
47448  -51.200  -42.112  -48.426 0.5000000000
50552  -39.409  -38.804  -43.732 0.6999999881
44354  -45.105  -44.394  -46.993 0.6999999881
47439  -51.567  -41.446  -47.985 0.5000000000
50569  -39.682  -38.394  -44.529 0.6999999881
46502  -43.605  -42.961  -47.955 0.6999999881
120056  -43.831  -43.336  -47.189 0.6999999881
48368  -52.131  -40.719  -47.928 0.4000000060
134589  -40.328  -38.973  -44.813 0.6999999881
115410  -43.469  -42.437  -48.687 0.6999999881
45477  -43.389  -43.134  -48.852 0.6999999881
48385  -43.926  -40.474  -49.677 0.6000000238
47457  -43.542  -41.245  -49.389 0.6000000238
46509  -42.865  -42.414  -49.224 0.6999999881
123652  -40.530  -37.639  -47.017 0.6999999881
48384  -43.212  -40.737  -50.215 0.6000000238
49477  -53.385  -40.127  -47.423 0.4000000060
48387  -42.873  -39.966  -50.857 0.6000000238
49484  -53.177  -40.068  -47.606 0.4000000060
50593  -53.956  -39.445  -47.082 0.4000000060
50594  -54.777  -39.176  -46.502 0.4000000060
51608  -55.337  -38.468  -46.300 0.4000000060
47451  -50.324  -42.373  -49.155 0.6000000238
51550  -36.791  -36.960  -42.576 0.6000000238
51551  -37.384  -37.704  -42.337 0.6000000238
50550  -37.981  -38.132  -42.862 0.6999999881
46482  -44.245  -42.770  -45.669 0.6000000238
45448  -45.813  -43.188  -46.060 0.6999999881
46495  -46.985  -42.934  -46.576 0.6999999881
46496  -48.156  -42.706  -47.371 0.6000000238
46494  -43.601  -42.715  -46.657 0.6000000238
45446  -43.988  -43.178  -46.307 0.6000000238
45458  -45.436  -43.854  -46.498 0.6999999881
50551  -38.626  -38.518  -43.339 0.6999999881
120075  -43.440  -42.188  -47.486 0.6000000238
47449  -51.388  -41.539  -48.640 0.5000000000
137564  -39.663  -37.989  -45.005 0.6999999881
50568  -38.748  -38.305  -44.148 0.6999999881
48381  -43.759  -40.887  -48.749 0.6000000238
126373  -43.527  -41.708  -48.688 0.6000000238
48376  -51.823  -41.105  -48.417 0.4000000060
117899  -40.310  -37.853  -46.147 0.6999999881
51594  -40.078  -38.074  -45.296 0.6999999881
51595  -39.910  -37.393  -45.943 0.6999999881
49482  -51.823  -40.420  -48.037 0.4000000060
49483  -52.538  -40.215  -47.718 0.4000000060
48388  -43.938  -39.926  -50.504 0.6000000238
50591  -51.738  -39.619  -47.363 0.4000000060
123933  -52.556  -39.473  -47.394 0.4000000060
51610  -40.857  -37.483  -48.044 0.6999999881
51614  -41.311  -37.373  -49.201 0.6999999881
50600  -41.890  -38.345  -51.051 0.6999999881
49493  -41.848  -39.271  -50.983 0.6000000238
50592  -53.313  -39.558  -47.420 0.4000000060
123434  -53.561  -38.920  -47.011 0.4000000060
51607  -54.267  -38.665  -46.605 0.4000000060
51600  -54.349  -37.463  -45.993 0.4000000060
52566  -54.214  -36.277  -45.589 0.3000000119
46497  -49.322  -42.540  -48.406 0.6000000238
52541  -36.359  -36.249  -43.164 0.5000000000
47431  -43.249  -41.099  -45.533 0.6000000238
47433  -44.293  -42.122  -45.110 0.6000000238
46483  -45.058  -42.685  -45.483 0.6000000238
46485  -47.274  -42.060  -46.347 0.6000000238
47446  -48.368  -41.898  -47.113 0.6000000238
47447  -49.614  -41.796  -48.188 0.6000000238
51564  -36.981  -37.034  -43.671 0.6000000238
51565  -37.473  -37.554  -43.229 0.5000000000
121196  -43.280  -41.355  -46.711 0.6000000238
47445  -43.366  -41.958  -46.137 0.6000000238
46481  -43.681  -42.337  -45.726 0.6000000238
47437  -48.737  -41.208  -46.894 0.5000000000
48374  -50.136  -41.192  -48.072 0.4000000060
48379  -51.229  -41.463  -48.806 0.5000000000
51566  -38.068  -38.044  -43.746 0.6999999881
48375  -50.839  -40.603  -47.871 0.4000000060
122522  -38.018  -37.799  -44.956 0.8000000119
127242  -43.725  -40.190  -48.367 0.6000000238
131488  -39.527  -37.670  -45.395 0.6999999881
49489  -44.287  -39.745  -49.925 0.6000000238
124903  -44.493  -38.946  -50.099 0.6000000238
50582  -50.494  -39.549  -46.558 0.4000000060
51604  -40.183  -37.124  -46.493 0.6999999881
49492  -44.351  -39.034  -50.863 0.6000000238
50583  -51.426  -38.763  -46.345 0.4000000060
51616  -41.852  -37.212  -50.583 0.6999999881
50603  -43.619  -37.699  -52.271 0.6999999881
51597  -51.320  -37.896  -45.464 0.4000000060
51606  -52.843  -38.718  -46.812 0.4000000060
51589  -51.415  -36.971  -44.822 0.3000000119
51599  -53.275  -37.755  -46.039 0.4000000060
52564  -52.320  -36.465  -45.041 0.4000000060
52565  -53.349  -36.376  -45.420 0.3000000119
47418  -43.530  -41.250  -44.849 0.6000000238
47419  -44.021  -41.446  -44.591 0.6000000238
47434  -45.418  -41.922  -45.100 0.6000000238
47435  -46.572  -41.464  -45.438 0.6000000238
48364  -47.198  -40.862  -45.501 0.5000000000
52553  -36.562  -36.507  -44.224 0.6000000238
51582  -37.012  -37.317  -44.722 0.6000000238
48363  -43.315  -40.435  -44.535 0.6000000238
48365  -48.007  -40.695  -45.922 0.5000000000
51583  -37.577  -37.641  -44.268 0.6999999881
48373  -43.159  -40.434  -46.402 0.6000000238
49474  -48.285  -40.045  -45.530 0.5000000000
48366  -49.173  -40.547  -46.670 0.4000000060
51593  -38.623  -37.545  -45.418 0.6999999881
130145  -37.678  -37.505  -45.523 0.6999999881
49486  -43.996  -39.460  -48.851 0.6000000238
49481  -43.387  -39.673  -47.431 0.6000000238
49475  -49.369  -39.798  -46.135 0.5000000000
52562  -39.238  -37.164  -45.919 0.8000000119
52561  -38.252  -37.237  -45.938 0.8000000119
50581  -49.279  -38.995  -45.279 0.4000000060
52574  -39.750  -36.514  -46.558 0.8000000119
120194  -44.407  -38.083  -50.047 0.6000000238
50572  -49.990  -38.556  -45.362 0.4000000060
50606  -44.429  -37.366  -52.053 0.6999999881
133602  -47.478  -35.994  -42.840 0.5000000000
51556  -47.618  -36.627  -42.883 0.5000000000
51572  -48.377  -36.827  -43.275 0.5000000000
115172  -49.219  -38.118  -44.483 0.4000000060
52583  -40.414  -36.552  -47.317 0.6999999881
51611  -40.993  -36.437  -48.632 0.6999999881
51617  -42.633  -35.804  -51.264 0.6999999881
52594  -43.830  -35.443  -52.274 0.6999999881
125245  -47.628  -35.481  -43.243 0.5000000000
52545  -48.922  -36.119  -43.391 0.5000000000
51587  -49.301  -37.041  -43.775 0.4000000060
132965  -50.075  -36.878  -44.196 0.4000000060
51588  -50.658  -37.353  -44.700 0.4000000060
54502  -47.769  -34.885  -43.861 0.4000000060
53512  -48.401  -35.450  -43.453 0.5000000000
52546  -49.198  -35.338  -43.707 0.4000000060
52555  -49.861  -36.032  -43.798 0.4000000060
52556  -50.664  -36.430  -44.311 0.4000000060
54518  -47.915  -34.709  -44.996 0.4000000060
54503  -48.546  -34.887  -43.903 0.4000000060
53520  -49.992  -35.074  -43.969 0.4000000060
53521  -50.632  -35.531  -44.166 0.4000000060
52557  -51.377  -35.950  -44.462 0.4000000060
48351  -43.745  -40.750  -44.206 0.6000000238
47420  -44.722  -41.544  -44.655 0.6000000238
53526  -36.224  -36.158  -44.962 0.5000000000
49480  -43.063  -39.476  -46.224 0.6000000238
133463  -43.000  -39.750  -44.619 0.6000000238
137613  -43.545  -40.118  -43.875 0.6000000238
48353  -45.822  -40.330  -44.256 0.5000000000
48354  -46.578  -40.666  -44.891 0.5000000000
133465  -36.633  -36.957  -45.176 0.6000000238
51592  -36.908  -37.452  -45.741 0.6999999881
50590  -43.192  -38.888  -46.910 0.6000000238
49452  -46.113  -39.447  -43.774 0.5000000000
49462  -46.779  -39.921  -44.492 0.5000000000
52560  -36.323  -37.210  -46.195 0.6000000238
50599  -43.979  -38.418  -48.970 0.6000000238
125118  -43.513  -38.708  -47.849 0.6000000238
49453  -47.122  -39.201  -44.126 0.5000000000
49463  -47.625  -39.652  -44.753 0.5000000000
51603  -37.152  -37.414  -46.218 0.8000000119
51555  -46.923  -37.229  -42.741 0.5000000000
50557  -46.704  -38.634  -43.509 0.5000000000
134643  -47.838  -39.060  -44.419 0.5000000000
49464  -48.443  -39.374  -45.016 0.5000000000
52572  -37.893  -36.817  -46.485 0.8000000119
51618  -44.293  -36.976  -50.586 0.6000000238
53510  -45.901  -35.433  -43.106 0.5000000000
53490  -45.342  -35.915  -42.671 0.5000000000
52530  -46.909  -36.387  -42.678 0.5000000000
51571  -47.693  -37.476  -43.253 0.5000000000
50558  -47.632  -38.423  -43.799 0.5000000000
50571  -48.452  -38.628  -44.441 0.4000000060
52573  -38.967  -36.485  -46.361 0.8000000119
51620  -44.391  -36.592  -51.735 0.6999999881
53491  -46.146  -36.085  -42.606 0.5000000000
50559  -48.453  -37.765  -43.779 0.5000000000
53536  -40.007  -35.558  -47.303 0.8000000119
54500  -45.570  -34.914  -43.843 0.5000000000
135679  -46.276  -35.045  -43.651 0.4000000060
119634  -41.677  -36.162  -49.959 0.6999999881
54501  -46.947  -34.951  -43.787 0.4000000060
48352  -44.658  -40.816  -44.159 0.5000000000
54526  -34.873  -34.696  -45.761 0.5000000000
50589  -42.879  -38.549  -46.042 0.6000000238
49473  -42.848  -39.264  -45.245 0.6000000238
48342  -45.022  -39.960  -43.627 0.5000000000
54527  -35.295  -35.696  -46.439 0.5000000000
49451  -44.471  -39.382  -43.212 0.5000000000
120430  -45.300  -39.263  -43.310 0.5000000000
55567  -34.222  -34.099  -45.945 0.5000000000
54537  -34.577  -35.015  -47.156 0.5000000000
52569  -35.698  -37.095  -46.887 0.5000000000
51613  -43.487  -37.758  -48.063 0.6000000238
50596  -43.158  -38.120  -47.029 0.6000000238
50539  -44.762  -38.070  -42.474 0.5000000000
134708  -45.500  -38.202  -42.682 0.5000000000
51615  -43.840  -37.378  -49.254 0.6000000238
52585  -43.356  -36.661  -48.480 0.6000000238
52526  -44.062  -36.116  -42.863 0.5000000000
51553  -44.679  -37.280  -42.374 0.5000000000
51554  -45.611  -37.473  -42.466 0.5000000000
117227  -47.066  -37.951  -43.236 0.5000000000
52581  -36.591  -37.309  -47.093 0.6999999881
52593  -44.168  -35.455  -51.416 0.6000000238
52529  -46.256  -36.853  -42.505 0.5000000000
136153  -46.294  -37.346  -42.600 0.5000000000
52582  -37.944  -35.931  -47.155 0.6999999881
53568  -44.046  -34.607  -51.791 0.6999999881
53509  -45.102  -35.375  -43.235 0.5000000000
53534  -38.696  -35.852  -46.810 0.6999999881
52588  -41.460  -35.285  -49.413 0.6999999881
54516  -46.170  -34.604  -44.566 0.5000000000
55557  -45.802  -34.111  -45.026 0.5000000000
53535  -39.388  -35.658  -46.955 0.6999999881
52587  -40.587  -35.522  -48.225 0.8000000119
54517  -46.946  -34.743  -44.971 0.4000000060
56573  -47.444  -33.738  -46.685 0.4000000060
56574  -47.999  -33.505  -47.215 0.5000000000
57661  -48.511  -32.113  -46.835 0.5000000000
55600  -49.063  -34.400  -48.273 0.5000000000
56590  -48.664  -33.170  -47.964 0.5000000000
48340  -43.171  -39.667  -43.971 0.6000000238
49450  -43.626  -39.362  -43.380 0.5000000000
50580  -42.674  -38.491  -45.024 0.6000000238
50570  -42.712  -38.293  -44.169 0.6000000238
49449  -43.082  -38.855  -43.632 0.5000000000
50555  -44.139  -38.676  -42.779 0.5000000000
119107  -44.987  -38.746  -42.848 0.5000000000
53533  -35.074  -36.543  -47.701 0.5000000000
52579  -35.569  -37.137  -47.785 0.6999999881
51612  -43.063  -37.172  -47.212 0.6000000238
51605  -42.789  -37.645  -46.253 0.6000000238
132580  -42.656  -37.939  -45.536 0.6000000238
52543  -43.345  -36.576  -43.232 0.5000000000
51569  -43.980  -37.872  -42.522 0.5000000000
55580  -33.648  -34.114  -47.058 0.5000000000
52590  -43.806  -36.059  -49.949 0.6000000238
51568  -43.396  -37.558  -42.906 0.5000000000
52580  -35.876  -37.339  -47.648 0.6999999881
53508  -44.349  -35.463  -43.336 0.5000000000
53545  -36.146  -37.103  -47.976 0.6999999881
52589  -43.299  -35.371  -49.348 0.6000000238
54499  -44.742  -34.868  -43.948 0.6000000238
54514  -44.574  -34.025  -44.635 0.4000000060
55556  -45.165  -33.627  -44.823 0.5000000000
52592  -43.633  -34.437  -51.634 0.6999999881
53567  -43.917  -34.122  -51.438 0.6999999881
52591  -42.542  -34.822  -50.707 0.6999999881
56545  -46.851  -32.504  -44.970 0.4000000060
57629  -47.517  -31.244  -44.324 0.4000000060
53559  -42.259  -34.282  -50.323 0.6999999881
57644  -47.736  -31.976  -45.290 0.4000000060
54548  -40.280  -33.873  -48.885 0.6999999881
56561  -47.901  -32.606  -46.278 0.4000000060
53547  -38.967  -35.038  -47.529 0.6999999881
56591  -49.221  -33.845  -48.620 0.5000000000
51596  -42.568  -37.728  -44.822 0.5000000000
50553  -42.993  -38.005  -43.438 0.5000000000
52575  -42.656  -36.732  -46.272 0.6000000238
119063  -42.562  -37.241  -45.474 0.5000000000
51567  -42.982  -37.263  -43.466 0.5000000000
54547  -33.407  -35.372  -48.360 0.6000000238
53543  -34.119  -36.405  -48.622 0.6000000238
52584  -42.815  -35.970  -47.514 0.6000000238
52542  -42.757  -36.691  -43.944 0.5000000000
53553  -34.114  -36.595  -49.117 0.6000000238
121191  -42.848  -34.710  -48.651 0.5000000000
53507  -43.670  -35.630  -43.505 0.5000000000
54498  -43.925  -34.746  -44.120 0.5000000000
52586  -35.457  -36.898  -48.413 0.6999999881
53555  -36.351  -36.183  -48.752 0.6999999881
53566  -43.326  -34.017  -50.876 0.6999999881
56523  -45.390  -32.210  -44.307 0.5000000000
57608  -46.469  -30.901  -43.248 0.4000000060
53546  -37.088  -36.123  -47.917 0.6999999881
55608  -41.716  -32.934  -50.237 0.6999999881
56524  -46.123  -32.388  -44.533 0.5000000000
57628  -46.687  -31.572  -43.970 0.4000000060
115380  -38.125  -35.293  -48.072 0.6999999881
53558  -41.192  -34.532  -49.237 0.6999999881
58667  -47.973  -30.310  -44.182 0.4000000060
57630  -48.253  -30.975  -44.877 0.4000000060
53556  -37.492  -35.097  -49.039 0.6999999881
58682  -48.546  -30.631  -45.548 0.4000000060
53557  -38.765  -34.181  -49.287 0.6999999881
114911  -39.626  -34.173  -48.593 0.6999999881
57645  -48.373  -31.472  -45.777 0.4000000060
126585  -48.712  -31.065  -46.465 0.4000000060
129852  -49.246  -32.771  -48.675 0.5000000000
57679  -48.978  -31.666  -47.794 0.5000000000
52563  -42.498  -36.429  -45.350 0.5000000000
52554  -42.600  -36.145  -44.607 0.5000000000
118680  -42.504  -35.813  -46.110 0.5000000000
53527  -42.511  -34.925  -45.757 0.5000000000
53518  -42.791  -35.248  -44.732 0.5000000000
54497  -43.350  -34.458  -44.671 0.5000000000
53552  -33.445  -36.076  -49.206 0.6000000238
131426  -33.864  -36.441  -49.154 0.6000000238
53537  -42.480  -34.967  -47.000 0.5000000000
53506  -42.991  -35.881  -43.942 0.5000000000
53554  -34.657  -36.589  -49.143 0.6999999881
127919  -42.570  -34.032  -48.008 0.5000000000
118675  -44.005  -33.444  -44.903 0.5000000000
123137  -43.281  -33.575  -49.882 0.6000000238
119982  -45.134  -32.841  -44.775 0.5000000000
57607  -45.835  -31.554  -43.540 0.4000000060
53564  -35.620  -35.257  -49.733 0.6999999881
54554  -43.219  -33.340  -50.506 0.8000000119
57609  -47.150  -30.768  -43.640 0.4000000060
136000  -47.564  -30.592  -43.899 0.4000000060
59672  -47.818  -29.611  -43.823 0.4000000060
114958  -41.311  -31.528  -50.241 0.6000000238
59673  -48.231  -29.486  -44.370 0.4000000060
54552  -41.000  -33.905  -49.307 0.6999999881
114557  -40.789  -33.211  -49.651 0.6999999881
114845  -41.032  -32.139  -50.257 0.6000000238
114564  -40.617  -31.645  -49.542 0.6000000238
59685  -48.492  -29.354  -45.175 0.4000000060
54560  -37.956  -33.868  -50.267 0.6999999881
54561  -38.714  -32.866  -50.615 0.6000000238
114834  -39.596  -33.009  -50.053 0.6999999881
115359  -39.924  -31.963  -49.667 0.6000000238
130635  -40.479  -31.906  -50.111 0.6000000238
128053  -48.589  -29.923  -45.562 0.4000000060
114561  -39.106  -32.087  -49.655 0.6000000238
58705  -48.830  -30.440  -47.298 0.5000000000
55581  -38.456  -32.825  -47.830 0.6000000238
55582  -39.336  -32.632  -48.132 0.6000000238
57680  -49.585  -31.817  -48.986 0.5000000000
54513  -42.886  -34.282  -45.257 0.6000000238
55607  -31.565  -34.541  -49.086 0.5000000000
55553  -43.503  -33.568  -45.203 0.6000000238
53562  -33.376  -35.847  -49.353 0.6000000238
53563  -34.542  -35.426  -49.603 0.6000000238
54538  -42.534  -34.147  -46.711 0.6000000238
125545  -44.395  -32.358  -45.078 0.5000000000
54556  -33.008  -35.078  -49.564 0.6000000238
123614  -33.942  -34.857  -49.702 0.6000000238
125844  -42.812  -33.126  -47.676 0.6000000238
55599  -43.272  -31.788  -48.863 0.6000000238
56541  -44.014  -31.629  -45.074 0.5000000000
57606  -45.067  -31.624  -43.375 0.5000000000
57587  -45.863  -30.945  -42.819 0.4000000060
54559  -36.551  -33.721  -50.660 0.6999999881
54557  -34.960  -33.872  -50.240 0.6000000238
55610  -43.262  -31.989  -50.435 0.6999999881
56542  -44.633  -32.203  -44.654 0.5000000000
56522  -44.712  -31.888  -44.059 0.5000000000
58648  -46.895  -30.149  -43.150 0.4000000060
58649  -47.492  -30.116  -43.622 0.4000000060
60685  -47.864  -28.823  -43.906 0.4000000060
55617  -42.365  -31.748  -50.728 0.6999999881
55618  -42.882  -31.379  -50.498 0.6999999881
56588  -42.204  -30.691  -48.589 0.6999999881
57643  -43.527  -31.070  -45.115 0.5000000000
57627  -44.100  -31.597  -44.491 0.5000000000
55615  -37.425  -32.315  -51.168 0.6000000238
114559  -41.056  -31.566  -48.035 0.6000000238
56570  -41.193  -31.665  -46.649 0.6999999881
60686  -48.275  -28.710  -44.704 0.4000000060
138239  -37.469  -33.439  -50.774 0.6999999881
114563  -39.261  -32.293  -49.980 0.6000000238
55584  -40.325  -32.580  -46.668 0.6000000238
55571  -40.645  -32.386  -45.464 0.6000000238
60692  -48.425  -28.595  -45.650 0.4000000060
55616  -38.150  -31.980  -50.896 0.6000000238
115037  -38.586  -31.924  -50.417 0.6000000238
55583  -39.557  -32.998  -46.776 0.6000000238
55570  -39.835  -33.120  -45.670 0.6000000238
59698  -48.568  -29.333  -46.079 0.4000000060
134170  -38.862  -33.194  -46.888 0.6000000238
55569  -39.039  -33.299  -45.950 0.6000000238
59706  -48.836  -29.651  -48.147 0.5000000000
115396  -48.668  -29.498  -47.009 0.4000000060
58706  -49.276  -30.675  -48.539 0.5000000000
135873  -49.177  -29.952  -48.912 0.5000000000
54528  -42.672  -34.010  -45.920 0.6000000238
123446  -42.951  -33.044  -46.605 0.6000000238
124983  -43.285  -33.090  -45.765 0.6000000238
55554  -43.974  -32.217  -45.480 0.5000000000
55612  -32.113  -33.922  -49.444 0.6000000238
55585  -43.303  -31.644  -47.518 0.6000000238
56558  -43.552  -31.105  -45.704 0.5000000000
57585  -44.539  -31.341  -42.527 0.5000000000
58633  -45.522  -30.613  -42.232 0.4000000060
55613  -34.068  -33.621  -49.904 0.6000000238
55614  -35.298  -32.695  -50.559 0.6000000238
56589  -43.200  -30.785  -48.338 0.6000000238
57678  -43.068  -30.523  -47.764 0.6000000238
57642  -43.140  -30.720  -45.770 0.5000000000
57603  -42.349  -31.460  -43.458 0.5000000000
57604  -43.217  -31.419  -43.522 0.5000000000
58634  -46.210  -30.322  -42.653 0.4000000060
128370  -46.508  -29.538  -42.685 0.4000000060
59661  -47.278  -29.352  -43.315 0.4000000060
57677  -42.989  -30.634  -48.685 0.6999999881
57641  -42.848  -30.467  -46.751 0.5000000000
57626  -42.928  -30.954  -44.673 0.5000000000
124654  -43.521  -31.319  -44.372 0.5000000000
133235  -47.923  -28.153  -44.416 0.4000000060
56613  -36.963  -32.032  -51.103 0.6000000238
56539  -40.357  -32.750  -44.309 0.6000000238
61577  -48.164  -27.931  -45.132 0.4000000060
56600  -37.219  -31.907  -50.759 0.6000000238
114562  -37.184  -32.472  -48.912 0.6000000238
56538  -39.803  -33.158  -44.190 0.6000000238
53565  -36.732  -34.892  -49.812 0.6999999881
56569  -37.441  -32.845  -47.327 0.6000000238
61585  -48.336  -27.796  -46.088 0.4000000060
55568  -38.255  -33.151  -46.449 0.6000000238
59705  -48.633  -28.931  -47.650 0.4000000060
59714  -49.193  -29.326  -49.387 0.5000000000
117451  -43.506  -31.462  -46.340 0.6000000238
56557  -43.269  -30.715  -46.401 0.5000000000
57572  -43.162  -31.267  -41.721 0.5000000000
57573  -44.032  -31.182  -41.769 0.5000000000
58632  -44.791  -30.985  -41.941 0.5000000000
59645  -45.815  -29.838  -42.092 0.4000000060
56611  -34.735  -32.169  -50.222 0.6000000238
56612  -35.831  -32.315  -50.600 0.6000000238
56572  -43.258  -30.675  -47.213 0.6000000238
57584  -43.655  -31.436  -42.525 0.5000000000
60677  -46.718  -28.679  -42.891 0.4000000060
60678  -47.292  -28.541  -43.429 0.4000000060
117085  -42.012  -31.304  -44.281 0.5000000000
61569  -47.520  -27.985  -43.888 0.4000000060
56599  -36.011  -32.123  -50.338 0.6000000238
137542  -36.444  -32.324  -49.177 0.6000000238
56587  -36.468  -32.495  -47.682 0.6000000238
56519  -39.343  -32.619  -43.674 0.6000000238
62470  -48.206  -27.035  -46.420 0.4000000060
56555  -37.426  -32.705  -45.904 0.6000000238
56518  -38.440  -32.203  -43.870 0.6000000238
60702  -48.530  -28.557  -46.769 0.4000000060
134080  -38.446  -33.024  -45.380 0.6000000238
60710  -48.560  -28.244  -47.889 0.4000000060
60718  -48.729  -28.195  -49.110 0.3000000119
59713  -48.756  -28.811  -48.588 0.5000000000
60721  -49.097  -28.260  -50.188 0.3000000119
58623  -43.512  -30.838  -41.132 0.5000000000
58624  -44.285  -30.643  -41.340 0.5000000000
59640  -45.313  -29.289  -41.630 0.5000000000
61551  -45.512  -27.866  -42.091 0.5000000000
57571  -42.291  -31.269  -41.737 0.5000000000
58622  -42.680  -30.902  -41.064 0.6000000238
60664  -45.948  -28.828  -42.215 0.4000000060
60665  -46.164  -27.930  -42.664 0.5000000000
61568  -46.835  -27.801  -43.343 0.4000000060
56586  -35.086  -31.812  -49.081 0.6000000238
56567  -35.595  -32.050  -47.592 0.6000000238
129793  -40.913  -31.380  -42.260 0.6000000238
61575  -47.157  -27.221  -43.998 0.4000000060
61576  -47.651  -27.389  -44.612 0.4000000060
57676  -35.885  -32.262  -48.595 0.6000000238
56568  -36.203  -32.065  -46.751 0.6000000238
57602  -40.489  -31.914  -43.011 0.6999999881
62462  -47.746  -26.415  -45.935 0.3000000119
56554  -36.687  -32.035  -46.052 0.6000000238
127139  -40.034  -31.459  -42.500 0.6000000238
135089  -36.796  -32.550  -46.650 0.6000000238
57640  -37.173  -31.708  -45.375 0.6000000238
57581  -39.243  -31.383  -42.748 0.6000000238
61594  -48.435  -27.652  -47.092 0.4000000060
56537  -37.896  -32.213  -44.819 0.6000000238
58647  -38.228  -30.304  -43.167 0.6000000238
61603  -48.512  -27.423  -48.283 0.3000000119
62489  -48.522  -26.739  -49.081 0.3000000119
62495  -48.969  -27.309  -50.987 0.3000000119
58615  -43.011  -30.366  -40.500 0.6000000238
58616  -43.806  -30.249  -40.744 0.5000000000
60659  -44.809  -28.634  -41.289 0.5000000000
60660  -45.321  -28.475  -41.718 0.5000000000
58621  -41.841  -30.849  -41.200 0.6000000238
58614  -42.164  -30.383  -40.524 0.6000000238
62437  -45.517  -27.079  -42.625 0.4000000060
62449  -46.477  -26.894  -43.659 0.4000000060
57675  -34.782  -31.523  -47.692 0.6000000238
57658  -35.532  -31.380  -46.777 0.6000000238
119021  -41.045  -30.838  -41.486 0.6000000238
138182  -47.266  -26.883  -44.473 0.3000000119
62456  -47.373  -26.537  -45.033 0.3000000119
57659  -36.228  -31.523  -46.282 0.6000000238
58693  -36.048  -30.814  -46.176 0.6000000238
57639  -36.600  -31.228  -45.744 0.6000000238
58681  -37.091  -30.723  -45.200 0.6000000238
58629  -38.808  -30.629  -42.630 0.6000000238
62469  -48.021  -26.402  -46.819 0.3000000119
57623  -37.470  -31.269  -44.835 0.6000000238
58666  -37.923  -30.813  -43.670 0.6000000238
62481  -48.226  -26.527  -47.783 0.3000000119
63299  -48.341  -26.084  -49.618 0.3000000119
63311  -48.548  -26.316  -51.439 0.3000000119
59627  -42.456  -29.729  -40.045 0.6000000238
59628  -43.309  -29.567  -40.274 0.6000000238
124379  -44.219  -28.779  -40.707 0.5000000000
119562  -44.446  -28.083  -40.962 0.5000000000
61550  -44.845  -27.754  -41.508 0.4000000060
59625  -40.805  -29.605  -40.668 0.6000000238
59626  -41.628  -29.725  -40.214 0.6000000238
63253  -45.124  -26.283  -42.945 0.4000000060
62448  -45.737  -26.562  -43.317 0.4000000060
62454  -45.969  -26.125  -43.938 0.4000000060
62455  -46.742  -26.448  -44.370 0.3000000119
58692  -35.371  -30.471  -46.553 0.6000000238
59638  -40.034  -29.479  -41.192 0.6000000238
116097  -46.767  -25.924  -44.981 0.3000000119
58680  -36.586  -30.282  -45.697 0.6000000238
59637  -39.266  -29.402  -41.659 0.6000000238
63278  -46.679  -25.014  -46.312 0.3000000119
59660  -38.153  -29.460  -43.216 0.6000000238
62480  -47.821  -25.858  -47.344 0.3000000119
59671  -37.545  -29.523  -44.550 0.6000000238
58646  -37.812  -29.891  -43.869 0.6000000238
63298  -47.710  -25.344  -48.802 0.3000000119
63310  -47.776  -25.390  -50.207 0.3000000119
59614  -42.657  -28.926  -39.816 0.6000000238
138939  -43.344  -27.833  -40.092 0.5000000000
61530  -44.244  -27.386  -40.930 0.5000000000
62419  -44.474  -26.743  -41.547 0.4000000060
62436  -44.821  -26.450  -42.320 0.4000000060
59613  -41.918  -29.035  -39.765 0.6000000238
63263  -45.187  -25.710  -43.584 0.4000000060
60650  -41.113  -28.981  -40.067 0.6000000238
138297  -45.539  -25.600  -44.143 0.4000000060
63273  -46.337  -25.351  -45.403 0.3000000119
59697  -36.032  -29.898  -46.204 0.6000000238
60658  -39.600  -28.690  -41.203 0.6000000238
64123  -45.818  -24.673  -45.764 0.3000000119
59683  -36.676  -29.307  -45.873 0.6000000238
59636  -38.948  -28.563  -41.720 0.6000000238
115552  -38.586  -29.205  -42.354 0.6000000238
59684  -37.167  -29.661  -45.207 0.6000000238
59659  -37.795  -28.887  -44.056 0.6000000238
61508  -42.275  -27.449  -39.556 0.6000000238
62379  -43.277  -26.548  -40.130 0.4000000060
62393  -44.024  -26.081  -41.289 0.4000000060
63239  -44.317  -25.872  -41.929 0.4000000060
63252  -44.614  -25.578  -42.752 0.4000000060
60621  -40.652  -28.178  -40.071 0.5000000000
61507  -41.557  -27.604  -39.545 0.5000000000
64117  -45.069  -24.987  -44.425 0.4000000060
60648  -39.877  -27.906  -40.711 0.5000000000
63272  -45.621  -25.024  -45.106 0.3000000119
122628  -39.273  -28.035  -41.295 0.5000000000
64130  -45.295  -23.968  -45.941 0.3000000119
60700  -36.765  -28.458  -46.177 0.6000000238
60663  -38.509  -28.237  -42.375 0.5000000000
60690  -37.146  -28.707  -45.575 0.6000000238
60691  -37.468  -28.811  -44.934 0.6000000238
119877  -38.248  -27.877  -43.115 0.6000000238
117514  -37.435  -28.163  -45.322 0.6000000238
61573  -37.683  -27.979  -44.703 0.6000000238
60684  -37.957  -27.987  -43.840 0.6000000238
61582  -37.600  -27.405  -45.478 0.5000000000
61574  -37.906  -27.398  -44.331 0.5000000000
63213  -42.328  -25.595  -39.766 0.4000000060
63214  -42.967  -25.778  -40.031 0.3000000119
63222  -43.286  -25.187  -40.550 0.4000000060
115255  -44.209  -25.152  -42.124 0.4000000060
64098  -44.347  -24.675  -42.659 0.3000000119
61528  -40.400  -27.358  -40.053 0.5000000000
62376  -40.991  -26.925  -39.544 0.4000000060
118656  -44.418  -24.086  -43.216 0.3000000119
63262  -44.605  -24.905  -43.506 0.3000000119
61549  -39.306  -27.269  -41.194 0.5000000000
64936  -44.477  -23.409  -43.698 0.3000000119
64109  -44.561  -24.223  -44.081 0.3000000119
119231  -38.869  -27.100  -41.802 0.5000000000
64122  -45.156  -24.431  -45.235 0.3000000119
61555  -38.511  -27.347  -42.503 0.5000000000
64970  -45.784  -22.917  -47.619 0.3000000119
132735  -38.441  -26.654  -42.951 0.5000000000
61566  -38.170  -27.172  -43.589 0.5000000000
64063  -41.896  -24.993  -39.806 0.3000000119
63221  -42.656  -25.074  -40.080 0.3000000119
64082  -43.480  -24.478  -40.922 0.3000000119
63220  -40.400  -25.417  -40.022 0.3000000119
63211  -40.938  -25.988  -39.625 0.4000000060
64083  -43.956  -24.346  -41.804 0.3000000119
122845  -44.246  -23.938  -42.475 0.3000000119
117808  -39.917  -24.890  -40.555 0.3000000119
62418  -39.086  -26.528  -41.523 0.4000000060
64948  -44.572  -23.542  -44.571 0.3000000119
64949  -44.810  -23.737  -45.324 0.3000000119
62435  -38.700  -26.571  -42.220 0.5000000000
65967  -45.403  -22.677  -46.774 0.3000000119
65981  -45.666  -22.200  -47.571 0.3000000119
62453  -38.098  -26.644  -44.564 0.4000000060
62447  -38.361  -26.286  -43.721 0.5000000000
64905  -42.130  -23.435  -40.303 0.3000000119
64070  -42.336  -24.362  -40.168 0.3000000119
64906  -42.958  -23.892  -40.542 0.3000000119
64068  -40.576  -24.525  -40.076 0.3000000119
64062  -41.112  -25.115  -39.730 0.3000000119
64912  -43.573  -23.620  -41.112 0.3000000119
64913  -44.038  -23.245  -41.889 0.3000000119
64067  -40.056  -24.027  -40.603 0.3000000119
65933  -44.484  -22.567  -43.299 0.3000000119
65946  -44.580  -22.715  -44.175 0.3000000119
64080  -38.920  -24.694  -42.159 0.3000000119
64081  -39.411  -24.490  -41.292 0.3000000119
123105  -44.749  -22.810  -45.133 0.3000000119
63251  -38.728  -25.070  -42.936 0.3000000119
136777  -38.800  -25.354  -42.255 0.4000000060
121463  -44.984  -21.981  -45.225 0.3000000119
127822  -45.318  -21.479  -45.762 0.3000000119
67006  -45.743  -21.441  -47.564 0.3000000119
137748  -38.520  -25.592  -45.040 0.4000000060
63261  -38.561  -25.482  -43.731 0.4000000060
67013  -45.933  -21.840  -48.291 0.3000000119
67014  -46.226  -21.587  -48.651 0.3000000119
64904  -41.338  -23.370  -40.224 0.3000000119
64069  -41.412  -24.200  -40.004 0.3000000119
135331  -42.262  -22.645  -40.414 0.3000000119
125921  -42.978  -22.940  -40.632 0.3000000119
132675  -43.638  -22.847  -41.171 0.3000000119
125700  -40.894  -22.885  -40.356 0.3000000119
66928  -44.244  -21.536  -41.968 0.3000000119
65921  -44.313  -22.412  -42.390 0.3000000119
66943  -44.526  -21.569  -42.973 0.3000000119
64926  -39.159  -23.851  -42.035 0.3000000119
64911  -39.642  -23.524  -41.224 0.3000000119
124302  -44.594  -21.990  -43.791 0.3000000119
66970  -45.090  -21.252  -44.867 0.3000000119
119181  -38.733  -24.804  -43.694 0.4000000060
67985  -45.648  -20.832  -46.635 0.3000000119
116983  -38.716  -25.042  -44.676 0.4000000060
68001  -45.923  -20.711  -47.684 0.3000000119
68002  -46.289  -20.187  -48.441 0.3000000119
67007  -46.046  -21.100  -48.353 0.3000000119
68987  -46.902  -19.694  -49.055 0.3000000119
65897  -41.911  -22.054  -40.371 0.3000000119
65898  -42.662  -22.085  -40.531 0.3000000119
65907  -43.395  -22.154  -40.873 0.3000000119
65908  -43.945  -22.272  -41.550 0.3000000119
65896  -41.151  -22.128  -40.411 0.3000000119
66927  -43.698  -21.441  -41.202 0.3000000119
65905  -39.806  -22.650  -41.164 0.3000000119
67938  -44.684  -20.572  -43.179 0.3000000119
118740  -39.408  -22.999  -41.882 0.3000000119
67939  -44.956  -20.264  -43.787 0.3000000119
67952  -45.172  -20.401  -44.474 0.3000000119
64935  -39.023  -23.582  -43.627 0.4000000060
67964  -45.442  -20.555  -45.402 0.3000000119
64108  -38.869  -24.217  -44.088 0.4000000060
68942  -45.829  -19.711  -46.004 0.3000000119
64115  -38.935  -24.231  -44.947 0.4000000060
64121  -38.828  -24.668  -45.636 0.4000000060
68986  -46.562  -20.058  -48.842 0.3000000119
68972  -47.230  -18.907  -49.160 0.3000000119
66907  -43.050  -21.380  -40.676 0.3000000119
66905  -41.492  -21.383  -40.447 0.3000000119
66906  -42.278  -21.360  -40.471 0.3000000119
128369  -44.556  -20.088  -42.679 0.3000000119
66904  -40.686  -21.410  -40.672 0.3000000119
65920  -39.334  -22.557  -42.452 0.3000000119
68915  -45.496  -19.676  -44.914 0.3000000119
68925  -46.078  -18.859  -45.978 0.3000000119
68943  -46.219  -19.125  -46.855 0.3000000119
68954  -46.404  -19.298  -48.098 0.3000000119
68971  -46.718  -19.310  -48.920 0.3000000119
64960  -38.848  -23.781  -46.738 0.3000000119
69938  -48.553  -18.278  -49.036 0.3000000119
67884  -41.178  -20.805  -40.547 0.3000000119
67886  -42.645  -20.711  -40.621 0.3000000119
67903  -43.346  -20.678  -40.938 0.3000000119
68881  -44.486  -19.399  -42.528 0.3000000119
66926  -40.127  -21.000  -41.263 0.3000000119
67883  -40.692  -20.562  -40.851 0.3000000119
68899  -44.873  -19.662  -43.302 0.3000000119
68900  -45.244  -19.628  -44.084 0.3000000119
127469  -45.231  -18.908  -43.762 0.3000000119
122970  -45.536  -18.932  -44.470 0.3000000119
69885  -45.825  -18.943  -45.248 0.3000000119
69901  -46.452  -18.385  -46.450 0.3000000119
69915  -46.929  -18.204  -48.146 0.3000000119
69936  -46.733  -18.745  -48.565 0.3000000119
70882  -47.202  -18.176  -49.024 0.3000000119
69937  -47.649  -18.104  -49.283 0.3000000119
70883  -47.678  -17.355  -49.390 0.3000000119
121343  -49.158  -17.661  -48.932 0.3000000119
70885  -50.130  -17.220  -48.586 0.3000000119
68853  -41.439  -19.374  -40.889 0.3000000119
68827  -42.005  -19.919  -40.656 0.3000000119
126472  -43.597  -19.986  -41.364 0.3000000119
68856  -43.903  -19.282  -41.812 0.3000000119
68851  -40.064  -19.985  -41.765 0.3000000119
68852  -40.647  -19.773  -41.189 0.3000000119
69809  -42.654  -18.562  -41.329 0.3000000119
69839  -44.271  -18.491  -42.351 0.3000000119
126584  -44.857  -18.800  -43.077 0.3000000119
67921  -39.770  -20.564  -41.874 0.3000000119
131379  -45.806  -18.371  -44.836 0.3000000119
135835  -39.461  -20.669  -43.443 0.3000000119
70851  -46.634  -17.679  -46.171 0.3000000119
69914  -46.592  -18.595  -47.514 0.3000000119
70866  -47.243  -17.512  -47.971 0.3000000119
71812  -47.828  -16.648  -49.485 0.3000000119
70884  -48.267  -16.974  -49.548 0.3000000119
70772  -41.592  -17.673  -41.563 0.3000000119
68880  -40.376  -18.560  -41.935 0.3000000119
124106  -40.922  -18.117  -41.587 0.3000000119
69836  -39.963  -18.668  -42.772 0.3000000119
68879  -39.734  -20.009  -42.415 0.3000000119
123724  -40.088  -19.296  -41.971 0.3000000119
127074  -40.815  -18.892  -41.335 0.3000000119
128371  -39.558  -20.067  -43.339 0.3000000119
137600  -39.749  -19.440  -42.812 0.3000000119
56556  -41.861  -30.996  -46.048 0.6999999881
127172  -36.172  -32.725  -50.968 0.6000000238
53549  -40.333  -34.765  -48.287 0.6999999881
25266  -29.812  -62.227  -41.635 0.3000000119
27377  -29.627  -60.752  -41.686 0.3000000119
129772  -29.462  -60.833  -42.495 0.3000000119
27387  -29.796  -60.188  -42.929 0.3000000119
28427  -29.842  -60.222  -43.827 0.4000000060
27392  -29.958  -60.173  -44.749 0.4000000060
27402  -30.620  -60.074  -46.366 0.4000000060
28449  -31.247  -59.628  -46.341 0.4000000060
29573  -32.462  -59.007  -46.740 0.4000000060
29587  -33.061  -58.874  -47.347 0.4000000060
29589  -34.591  -58.332  -47.571 0.4000000060
121832  -37.258  -58.800  -46.455 0.4000000060
29590  -35.656  -58.191  -47.234 0.4000000060
30677  -37.625  -58.261  -46.573 0.4000000060
34924  -39.842  -53.187  -47.409 0.4000000060
38961  -36.531  -49.889  -37.819 0.3000000119
40081  -37.783  -48.363  -37.011 0.3000000119
41107  -38.835  -47.550  -36.621 0.3000000119
37034  -40.820  -51.807  -47.486 0.5000000000
42083  -41.863  -45.604  -36.731 0.3000000119
44200  -42.334  -44.764  -36.674 0.3000000119
126806  -42.226  -51.788  -48.440 0.5000000000
37037  -42.908  -50.998  -48.660 0.5000000000
127453  -50.360  -36.950  -38.846 0.3000000119
51512  -49.137  -36.812  -39.414 0.3000000119
52480  -50.749  -36.027  -39.704 0.3000000119
38082  -44.906  -50.695  -49.786 0.6000000238
53469  -50.000  -35.971  -40.720 0.4000000060
37048  -45.537  -51.306  -50.347 0.6000000238
52514  -50.736  -35.901  -41.783 0.4000000060
53483  -51.758  -35.119  -41.860 0.4000000060
52532  -51.937  -35.799  -42.500 0.4000000060
125610  -52.691  -35.852  -43.029 0.4000000060
53513  -54.203  -34.702  -43.518 0.4000000060
48289  -37.357  -40.917  -39.927 0.4000000060
47368  -37.788  -41.418  -40.238 0.5000000000
40230  -44.981  -48.986  -51.185 0.6999999881
52550  -56.113  -36.023  -44.659 0.4000000060
40229  -45.633  -48.045  -51.181 0.6999999881
52559  -56.874  -36.781  -45.449 0.4000000060
48329  -39.172  -40.140  -41.931 0.5000000000
48330  -39.666  -40.574  -42.434 0.5000000000
48339  -40.350  -40.295  -43.534 0.6000000238
136657  -40.053  -40.233  -42.936 0.6000000238
48350  -40.542  -40.446  -44.341 0.8000000119
42251  -44.918  -46.065  -50.152 0.8000000119
42259  -46.983  -46.980  -50.479 0.6999999881
42250  -43.975  -46.050  -50.024 0.8000000119
128414  -45.039  -47.331  -50.801 0.6999999881
52568  -57.424  -37.195  -46.144 0.4000000060
43321  -44.441  -45.538  -49.641 0.8000000119
49472  -40.566  -39.650  -45.591 0.8000000119
44371  -42.739  -43.763  -48.799 0.8000000119
43312  -43.304  -44.625  -49.058 0.8000000119
52577  -56.885  -37.365  -46.275 0.4000000060
50588  -40.598  -38.532  -46.766 0.6999999881
46508  -41.565  -42.558  -49.311 0.8000000119
50595  -40.802  -38.401  -47.752 0.6999999881
49488  -41.035  -39.004  -49.452 0.6999999881
46510  -40.621  -41.867  -49.636 0.8000000119
49491  -41.275  -39.269  -50.346 0.6999999881
48386  -41.907  -39.801  -50.867 0.6000000238
53530  -54.546  -35.517  -45.623 0.3000000119
54519  -49.172  -34.613  -44.340 0.4000000060
53523  -51.899  -35.418  -44.635 0.4000000060
53528  -52.632  -35.366  -44.951 0.4000000060
53529  -53.511  -35.357  -45.331 0.3000000119
124875  -48.601  -34.575  -45.377 0.4000000060
54520  -50.153  -34.419  -44.500 0.4000000060
131357  -50.621  -34.849  -44.265 0.4000000060
53522  -51.249  -35.054  -44.400 0.4000000060
54532  -48.600  -34.758  -46.688 0.4000000060
133417  -48.536  -34.627  -47.568 0.5000000000
55572  -47.167  -34.313  -46.353 0.5000000000
56560  -47.190  -33.216  -45.931 0.4000000060
54540  -47.966  -34.898  -47.227 0.5000000000
55588  -49.242  -34.476  -47.471 0.5000000000
115536  -49.811  -34.090  -48.210 0.4000000060
56544  -46.141  -33.552  -45.260 0.5000000000
56592  -49.820  -33.751  -49.030 0.5000000000
56603  -50.009  -32.963  -49.482 0.5000000000
57689  -50.261  -31.898  -50.052 0.5000000000
57696  -50.547  -31.056  -51.188 0.5000000000
55596  -31.181  -34.039  -48.818 0.5000000000
59716  -49.709  -29.360  -50.678 0.5000000000
56608  -31.512  -32.873  -49.284 0.6000000238
56609  -32.255  -32.793  -49.507 0.6000000238
56610  -33.369  -32.691  -49.783 0.6000000238
57695  -33.998  -31.654  -49.865 0.6000000238
61617  -49.312  -27.863  -50.651 0.3000000119
57688  -34.149  -31.405  -49.079 0.6000000238
56598  -34.907  -31.928  -50.093 0.6000000238
135726  -49.085  -27.163  -51.218 0.3000000119
121067  -49.125  -26.261  -52.164 0.3000000119
123460  -36.101  -28.988  -46.411 0.6000000238
61591  -36.163  -28.091  -46.718 0.6000000238
61592  -36.920  -27.690  -46.428 0.6000000238
60701  -37.262  -27.948  -45.876 0.6000000238
61593  -37.420  -27.240  -46.153 0.5000000000
62460  -37.916  -26.639  -45.414 0.5000000000
63271  -38.283  -26.012  -45.256 0.4000000060
115968  -38.548  -25.401  -45.575 0.4000000060
135996  -38.831  -24.398  -46.334 0.4000000060
71811  -47.513  -17.070  -49.024 0.3000000119
71837  -48.930  -16.391  -49.500 0.3000000119
68898  -39.692  -19.238  -43.592 0.3000000119
68914  -39.761  -19.022  -44.534 0.3000000119
53514  -55.032  -35.510  -44.168 0.4000000060
28441  -31.328  -59.352  -45.601 0.4000000060
132357  -33.657  -58.124  -41.247 0.3000000119
124013  -33.290  -58.119  -41.984 0.3000000119
29528  -34.852  -58.388  -42.079 0.3000000119
29548  -33.771  -58.302  -44.822 0.4000000060
132115  -35.899  -57.703  -42.063 0.3000000119
29529  -35.387  -58.414  -42.518 0.3000000119
35966  -38.796  -52.802  -46.272 0.4000000060
32734  -34.177  -54.894  -38.998 0.3000000119
32818  -36.801  -55.250  -44.676 0.4000000060
36958  -36.507  -51.411  -41.805 0.3000000119
38071  -41.162  -50.973  -47.374 0.4000000060
44199  -40.548  -44.700  -36.899 0.3000000119
43165  -39.182  -45.022  -38.042 0.3000000119
45338  -40.512  -43.364  -38.384 0.3000000119
48261  -44.249  -40.653  -38.029 0.3000000119
50477  -46.067  -38.658  -38.729 0.3000000119
43199  -39.958  -44.797  -40.693 0.3000000119
44278  -40.759  -44.460  -41.809 0.3000000119
45379  -41.197  -42.865  -39.786 0.3000000119
46415  -41.787  -42.300  -39.796 0.3000000119
50480  -49.376  -37.927  -38.510 0.3000000119
44298  -41.562  -44.431  -42.721 0.3000000119
46434  -42.631  -42.491  -41.134 0.3000000119
41254  -44.562  -47.418  -47.817 0.6000000238
52500  -49.514  -36.332  -40.113 0.4000000060
40217  -45.743  -48.152  -48.879 0.6000000238
39128  -47.376  -49.424  -50.257 0.6999999881
44319  -43.548  -44.316  -43.605 0.3000000119
52515  -51.309  -35.630  -42.023 0.4000000060
136807  -48.547  -49.231  -51.508 0.6999999881
45414  -45.282  -42.964  -43.102 0.4000000060
44336  -45.640  -44.579  -44.472 0.4000000060
50532  -49.644  -37.906  -42.561 0.4000000060
43292  -47.481  -45.363  -46.045 0.6000000238
41258  -48.382  -46.737  -48.512 0.6999999881
40220  -49.154  -47.254  -50.311 0.6999999881
40231  -46.318  -49.055  -51.400 0.6999999881
47410  -48.172  -41.221  -43.932 0.4000000060
43293  -48.463  -45.243  -46.946 0.6000000238
41278  -49.223  -47.368  -51.131 0.6999999881
50563  -54.176  -37.969  -44.479 0.4000000060
51576  -55.229  -37.399  -44.614 0.4000000060
49399  -37.209  -40.119  -40.007 0.3000000119
44356  -49.053  -44.889  -48.195 0.6000000238
41270  -48.759  -46.819  -50.682 0.6999999881
41276  -46.343  -47.337  -50.922 0.6999999881
45470  -48.935  -44.145  -48.707 0.6000000238
42245  -46.538  -46.302  -49.271 0.6999999881
44364  -46.947  -45.043  -47.708 0.6999999881
43322  -45.329  -45.857  -49.589 0.6999999881
42252  -46.009  -46.458  -50.018 0.8000000119
45468  -43.767  -43.478  -48.313 0.6999999881
49478  -53.638  -39.943  -47.356 0.4000000060
125200  -42.536  -42.986  -49.072 0.6999999881
124716  -44.060  -40.234  -49.226 0.6000000238
47456  -42.518  -41.469  -49.825 0.6999999881
46511  -41.864  -41.963  -49.642 0.6999999881
47455  -41.100  -41.299  -50.007 0.8000000119
49495  -43.735  -39.202  -51.344 0.6000000238
52576  -55.492  -37.127  -46.064 0.3000000119
46484  -46.199  -42.386  -45.724 0.6000000238
48378  -43.385  -40.682  -47.530 0.6000000238
50598  -41.404  -38.291  -49.835 0.6999999881
51619  -42.838  -37.069  -52.017 0.6999999881
50602  -42.731  -38.446  -51.693 0.6999999881
125646  -41.129  -39.953  -50.544 0.8000000119
127579  -43.473  -38.602  -51.844 0.6999999881
47436  -47.631  -41.325  -46.154 0.4000000060
124738  -50.769  -38.925  -46.143 0.3000000119
50573  -50.623  -38.195  -45.351 0.3000000119
51598  -52.172  -37.691  -45.679 0.3000000119
47421  -45.650  -41.158  -44.678 0.5000000000
48355  -47.381  -40.291  -45.153 0.5000000000
52571  -36.487  -37.411  -46.535 0.6999999881
117103  -49.945  -37.685  -44.595 0.4000000060
53511  -46.791  -35.552  -43.022 0.5000000000
48341  -44.075  -40.150  -43.626 0.5000000000
52570  -36.002  -37.569  -47.073 0.6999999881
52528  -45.459  -36.661  -42.422 0.5000000000
53548  -39.783  -34.895  -47.747 0.8000000119
53561  -44.089  -34.488  -51.069 0.6999999881
54529  -46.590  -34.382  -45.508 0.5000000000
55587  -48.450  -34.380  -47.724 0.5000000000
54546  -32.425  -34.559  -48.318 0.5000000000
120200  -42.519  -36.937  -44.677 0.5000000000
56543  -45.582  -33.168  -44.934 0.5000000000
53560  -43.438  -34.127  -50.610 0.6999999881
54553  -42.568  -33.523  -50.535 0.8000000119
54550  -32.085  -35.028  -49.084 0.5000000000
116355  -40.286  -32.368  -50.075 0.6000000238
58694  -48.684  -30.161  -46.272 0.4000000060
54555  -32.209  -34.925  -49.248 0.5000000000
54558  -35.593  -34.176  -50.303 0.6999999881
54549  -43.158  -32.952  -49.205 0.6000000238
137280  -43.109  -31.918  -50.877 0.6999999881
114565  -41.571  -31.007  -49.659 0.6999999881
134185  -38.088  -32.771  -51.023 0.6000000238
55598  -40.089  -32.406  -48.000 0.6000000238
114558  -38.228  -32.339  -49.251 0.6000000238
129813  -49.818  -31.143  -49.666 0.5000000000
55606  -31.356  -33.798  -49.176 0.5000000000
57605  -44.166  -31.568  -43.494 0.5000000000
57586  -45.267  -31.206  -42.664 0.4000000060
56602  -43.145  -31.032  -49.615 0.6999999881
56601  -42.634  -30.814  -49.783 0.6999999881
56571  -42.044  -30.700  -47.292 0.6999999881
57660  -42.708  -30.462  -47.809 0.6999999881
56614  -37.643  -31.884  -51.088 0.6000000238
55552  -40.029  -33.174  -44.780 0.6000000238
114560  -38.061  -31.884  -50.661 0.6000000238
55551  -39.410  -33.204  -44.992 0.6000000238
57583  -42.730  -31.479  -42.536 0.5000000000
57625  -42.498  -30.820  -45.452 0.5000000000
56521  -40.939  -31.935  -43.747 0.6999999881
57601  -39.732  -32.090  -43.096 0.6000000238
61584  -47.974  -27.144  -45.506 0.4000000060
60719  -48.943  -28.662  -49.550 0.4000000060
58625  -45.023  -30.207  -41.567 0.4000000060
133144  -41.417  -31.704  -43.131 0.6999999881
57582  -41.836  -31.495  -42.446 0.6000000238
56540  -41.406  -31.548  -44.823 0.6000000238
136758  -38.260  -31.527  -43.553 0.6000000238
61611  -48.880  -27.778  -49.952 0.3000000119
135618  -44.401  -30.096  -41.054 0.5000000000
59639  -44.656  -29.482  -41.149 0.5000000000
61567  -46.147  -27.270  -43.116 0.4000000060
58631  -40.264  -30.849  -41.859 0.6000000238
62461  -47.122  -25.799  -45.638 0.3000000119
63279  -47.496  -25.753  -46.477 0.3000000119
58619  -39.711  -30.187  -41.657 0.6000000238
58630  -39.514  -30.785  -42.242 0.6000000238
57624  -37.813  -31.446  -44.158 0.6000000238
129183  -38.538  -29.947  -42.661 0.6000000238
62496  -49.015  -26.633  -52.060 0.3000000119
58613  -41.314  -30.314  -40.821 0.6000000238
58620  -40.509  -30.220  -41.257 0.6000000238
58665  -37.526  -30.447  -44.528 0.6000000238
63288  -48.082  -25.955  -48.314 0.3000000119
123574  -43.901  -27.971  -40.519 0.6000000238
60649  -40.339  -28.792  -40.674 0.6000000238
63267  -46.013  -25.632  -44.619 0.4000000060
64132  -47.291  -25.163  -47.187 0.3000000119
60676  -38.177  -28.605  -43.177 0.6000000238
64141  -47.201  -24.767  -48.137 0.3000000119
61509  -42.977  -27.280  -39.781 0.5000000000
61529  -43.617  -27.268  -40.358 0.5000000000
61548  -38.844  -27.766  -41.756 0.5000000000
62378  -42.372  -26.465  -39.610 0.4000000060
63238  -43.826  -25.290  -41.357 0.4000000060
64116  -44.720  -24.220  -44.786 0.3000000119
62390  -39.832  -27.079  -40.559 0.5000000000
64961  -45.557  -23.428  -46.694 0.3000000119
64956  -45.101  -23.194  -45.985 0.3000000119
62391  -40.228  -26.413  -40.097 0.4000000060
63219  -39.780  -25.707  -40.604 0.4000000060
120955  -39.556  -26.473  -40.853 0.4000000060
126443  -39.463  -25.234  -41.055 0.3000000119
63236  -39.081  -25.249  -41.638 0.3000000119
65957  -45.153  -22.352  -45.920 0.3000000119
66994  -45.447  -21.858  -46.721 0.3000000119
68010  -46.394  -20.780  -48.686 0.3000000119
64902  -40.233  -23.167  -40.654 0.3000000119
66969  -44.752  -21.979  -44.530 0.3000000119
64097  -38.900  -24.209  -43.044 0.3000000119
65895  -40.424  -22.329  -40.687 0.3000000119
66960  -44.787  -21.138  -43.946 0.3000000119
67986  -46.057  -19.990  -47.291 0.3000000119
68973  -47.990  -18.902  -49.203 0.3000000119
67904  -43.962  -20.728  -41.587 0.3000000119
115386  -39.520  -22.189  -41.823 0.3000000119
65906  -39.959  -21.805  -41.168 0.3000000119
67885  -41.877  -20.641  -40.510 0.3000000119
66925  -39.595  -21.343  -41.873 0.3000000119
123317  -48.118  -17.628  -49.461 0.3000000119
68855  -43.157  -19.256  -41.277 0.3000000119
67937  -39.479  -20.801  -42.736 0.3000000119
70865  -46.882  -17.926  -47.090 0.3000000119
132494  -49.313  -16.996  -49.095 0.3000000119
117783  -50.762  -16.725  -48.447 0.3000000119
69808  -41.694  -18.517  -41.221 0.3000000119
69810  -43.452  -18.546  -41.687 0.3000000119
69838  -43.653  -17.803  -42.020 0.3000000119
122366  -39.559  -19.835  -44.343 0.3000000119
67963  -39.415  -20.522  -45.156 0.3000000119
71836  -48.169  -16.208  -49.705 0.3000000119
29588  -33.760  -58.770  -47.959 0.4000000060
42258  -45.533  -46.746  -50.479 0.6999999881
44370  -41.395  -44.126  -48.526 0.8000000119
48382  -40.701  -40.604  -50.070 0.8000000119
55573  -49.917  -33.919  -45.903 0.4000000060
54530  -47.319  -34.658  -46.092 0.4000000060
57662  -53.522  -31.491  -48.306 0.3000000119
57691  -52.518  -31.746  -49.520 0.4000000060
58709  -52.534  -31.029  -47.810 0.3000000119
55611  -50.647  -33.304  -49.273 0.4000000060
56616  -51.219  -32.296  -50.388 0.4000000060
56604  -50.622  -32.857  -49.737 0.4000000060
58708  -51.694  -30.576  -47.788 0.3000000119
57690  -51.767  -31.308  -50.459 0.4000000060
56615  -50.822  -32.026  -50.600 0.4000000060
57698  -51.264  -31.613  -50.910 0.4000000060
59719  -51.034  -30.116  -51.773 0.3000000119
57697  -51.005  -31.179  -51.508 0.4000000060
126028  -50.893  -29.214  -50.227 0.3000000119
58717  -51.311  -30.127  -50.864 0.3000000119
58719  -50.835  -30.505  -51.826 0.4000000060
60723  -50.398  -28.673  -50.378 0.3000000119
60726  -50.146  -28.813  -51.134 0.3000000119
59718  -50.005  -29.069  -51.306 0.3000000119
57694  -33.099  -31.610  -49.704 0.5000000000
61618  -49.738  -28.331  -50.798 0.3000000119
60722  -49.438  -28.784  -50.359 0.3000000119
57685  -31.720  -31.380  -49.295 0.5000000000
136145  -31.897  -30.155  -49.131 0.5000000000
57686  -32.689  -31.016  -49.461 0.5000000000
58714  -32.294  -30.409  -49.132 0.5000000000
57687  -33.390  -31.117  -49.396 0.5000000000
61612  -49.719  -27.679  -50.226 0.3000000119
60724  -49.528  -28.313  -50.708 0.3000000119
58703  -33.329  -30.203  -47.742 0.5000000000
58691  -34.647  -30.112  -46.844 0.5000000000
60706  -32.692  -28.554  -47.814 0.5000000000
60707  -33.425  -28.305  -47.532 0.5000000000
59703  -33.149  -29.302  -47.603 0.5000000000
122597  -34.081  -28.791  -47.251 0.4000000060
61598  -32.800  -27.799  -47.858 0.5000000000
60717  -31.980  -28.175  -48.357 0.5000000000
60708  -34.794  -28.450  -47.108 0.5000000000
61599  -33.524  -27.564  -47.689 0.4000000060
60709  -35.347  -27.860  -47.159 0.5000000000
61610  -33.076  -27.068  -48.062 0.4000000060
62476  -33.955  -26.916  -47.874 0.4000000060
136732  -35.976  -27.636  -47.067 0.5000000000
62477  -34.941  -27.112  -47.566 0.4000000060
128222  -33.935  -26.219  -48.442 0.4000000060
62487  -35.610  -26.561  -47.806 0.5000000000
62486  -34.711  -26.401  -48.081 0.4000000060
132248  -35.827  -27.213  -47.364 0.4000000060
63295  -35.422  -25.888  -48.405 0.5000000000
62488  -36.401  -26.100  -48.135 0.4000000060
62467  -37.601  -26.604  -46.541 0.4000000060
62478  -36.489  -26.671  -47.520 0.3000000119
63277  -37.810  -26.095  -47.179 0.3000000119
63285  -37.234  -26.163  -47.766 0.3000000119
63296  -36.245  -25.445  -48.763 0.3000000119
117510  -37.168  -25.601  -48.397 0.3000000119
62468  -38.103  -25.972  -46.214 0.3000000119
63286  -37.875  -25.571  -47.886 0.3000000119
135541  -38.288  -25.378  -47.173 0.3000000119
64129  -38.599  -25.087  -46.383 0.3000000119
136737  -38.078  -24.713  -48.462 0.3000000119
64139  -38.341  -24.847  -47.958 0.3000000119
124653  -38.629  -24.598  -47.090 0.3000000119
59711  -31.352  -29.867  -48.995 0.5000000000
57663  -54.047  -31.560  -47.801 0.3000000119
56605  -51.591  -32.662  -49.667 0.4000000060
59710  -30.405  -29.583  -48.813 0.4000000060
117985  -31.644  -29.092  -48.740 0.5000000000
56559  -46.620  -33.741  -45.753 0.4000000060
55586  -47.687  -34.488  -47.058 0.4000000060
57657  -34.715  -30.892  -47.032 0.5000000000
117078  -50.825  -33.558  -47.827 0.4000000060
58718  -50.259  -29.951  -51.521 0.3000000119
57693  -32.143  -31.941  -49.473 0.5000000000
136212  -34.203  -31.098  -47.705 0.5000000000
59696  -35.377  -29.546  -46.587 0.5000000000
60699  -35.412  -28.667  -46.790 0.5000000000
61601  -36.555  -27.297  -46.979 0.4000000060
62459  -37.731  -26.744  -45.961 0.3000000119
130396  -53.169  -31.267  -47.455 0.3000000119
57682  -53.175  -31.594  -48.904 0.4000000060
56617  -51.781  -32.025  -50.197 0.4000000060
56593  -52.715  -32.527  -49.080 0.4000000060
56607  -53.183  -31.985  -49.136 0.4000000060
55602  -51.585  -33.127  -48.567 0.4000000060
57681  -52.467  -31.173  -49.151 0.3000000119
58720  -51.200  -30.843  -51.587 0.4000000060
59717  -50.786  -29.401  -51.222 0.3000000119
58721  -50.510  -29.747  -51.479 0.3000000119
61619  -50.107  -28.231  -50.534 0.3000000119
58713  -31.411  -30.758  -49.110 0.5000000000
59712  -32.084  -29.785  -48.873 0.5000000000
58715  -32.952  -30.556  -48.807 0.5000000000
58702  -32.668  -29.934  -48.253 0.5000000000
57674  -33.583  -30.848  -48.276 0.5000000000
59704  -33.956  -29.735  -47.199 0.5000000000
59695  -34.709  -29.206  -46.918 0.5000000000
59702  -32.291  -29.199  -48.253 0.5000000000
61600  -34.313  -27.831  -47.417 0.4000000060
62479  -37.192  -26.661  -47.131 0.3000000119
123637  -40.311  -41.794  -46.367 0.6999999881
46507  -39.816  -41.896  -49.381 0.6999999881
47450  -39.587  -41.949  -49.064 0.6999999881
46501  -40.118  -41.537  -48.025 0.6999999881
47444  -40.457  -41.318  -46.656 0.6999999881
137683  -40.578  -40.966  -45.982 0.6999999881
48380  -40.391  -40.701  -49.366 0.6999999881
48377  -40.391  -40.769  -48.351 0.6999999881
116670  -40.647  -40.113  -47.449 0.6999999881
48371  -40.613  -40.419  -46.385 0.6999999881
54521  -50.976  -34.331  -44.580 0.3000000119
54522  -51.894  -34.509  -44.785 0.3000000119
55560  -51.340  -33.786  -45.084 0.3000000119
55561  -52.268  -33.735  -45.418 0.3000000119
55574  -50.830  -33.603  -45.553 0.3000000119
49490  -40.689  -39.861  -49.751 0.6999999881
127680  -40.612  -39.972  -48.568 0.6999999881
55559  -50.497  -33.865  -44.964 0.3000000119
55575  -51.588  -33.423  -45.897 0.3000000119
55591  -52.731  -33.328  -46.557 0.3000000119
55592  -53.821  -33.329  -46.807 0.3000000119
49487  -40.857  -39.146  -48.648 0.6000000238
49479  -40.636  -39.444  -46.563 0.6999999881
55558  -49.543  -34.163  -45.096 0.3000000119
55590  -51.729  -33.254  -47.121 0.3000000119
55603  -52.880  -33.038  -48.182 0.3000000119
55604  -53.617  -33.017  -47.848 0.3000000119
55589  -50.589  -33.603  -46.694 0.3000000119
56594  -53.626  -32.390  -48.569 0.3000000119
54531  -47.848  -34.909  -46.481 0.3000000119
54539  -47.633  -34.742  -46.804 0.3000000119
121943  -42.221  -44.663  -48.752 0.6999999881
136447  -42.834  -45.784  -49.377 0.6999999881
43311  -41.196  -45.023  -48.488 0.6999999881
46479  -39.621  -42.804  -45.462 0.6999999881
45476  -41.433  -43.264  -48.829 0.6999999881
45475  -40.149  -43.518  -48.784 0.6999999881
46506  -39.400  -42.385  -49.095 0.6999999881
46493  -40.083  -42.004  -47.127 0.6999999881
46472  -40.222  -42.098  -45.050 0.6999999881
127743  -40.092  -42.485  -49.334 0.6999999881
47417  -40.508  -41.278  -44.699 0.6999999881
54533  -52.857  -34.465  -45.223 0.3000000119
55576  -53.263  -33.750  -45.731 0.3000000119
56575  -54.221  -32.588  -47.877 0.3000000119
56595  -54.262  -32.017  -48.086 0.3000000119
57683  -53.642  -31.797  -48.560 0.3000000119
33932  -41.922  -54.932  -49.492 0.4000000060
33933  -42.658  -54.764  -49.746 0.4000000060
34943  -41.765  -53.863  -48.941 0.4000000060
34932  -41.097  -53.144  -48.306 0.4000000060
32883  -42.924  -55.794  -50.534 0.4000000060
37044  -44.072  -51.013  -49.447 0.5000000000
35989  -43.284  -52.302  -49.276 0.4000000060
35988  -42.511  -52.504  -48.836 0.4000000060
34945  -43.225  -53.352  -49.540 0.4000000060
34933  -41.812  -52.894  -48.588 0.4000000060
35995  -44.103  -53.161  -49.876 0.5000000000
33934  -43.334  -54.536  -50.017 0.4000000060
134550  -43.829  -54.989  -50.724 0.4000000060
37043  -43.381  -51.389  -49.103 0.4000000060
37047  -44.879  -51.674  -49.987 0.5000000000
34952  -44.724  -53.827  -50.650 0.5000000000
33939  -43.219  -55.516  -51.065 0.5000000000
35996  -45.011  -52.869  -50.406 0.5000000000
36000  -45.911  -53.131  -50.920 0.5000000000
120465  -43.962  -54.396  -51.126 0.5000000000
34953  -41.979  -53.696  -50.548 0.5000000000
35994  -40.842  -53.159  -50.166 0.5000000000
34959  -45.197  -53.801  -51.085 0.5000000000
36002  -46.103  -52.899  -50.983 0.6000000238
34957  -42.948  -53.767  -50.829 0.5000000000
132358  -44.217  -52.468  -51.217 0.5000000000
36001  -42.821  -52.623  -50.692 0.5000000000
35997  -40.595  -52.031  -49.876 0.6000000238
35999  -42.101  -52.588  -50.530 0.5000000000
126720  -39.992  -50.512  -49.896 0.5000000000
37055  -46.712  -51.634  -51.100 0.6000000238
36003  -45.164  -52.409  -51.351 0.6000000238
37062  -46.318  -51.645  -51.320 0.6000000238
37056  -43.215  -52.058  -50.841 0.5000000000
37052  -42.384  -51.798  -50.604 0.6000000238
38085  -41.296  -50.714  -50.375 0.6000000238
39125  -39.699  -49.716  -50.021 0.5000000000
40198  -38.140  -48.252  -47.045 0.5000000000
39111  -38.687  -48.906  -48.514 0.5000000000
128742  -38.972  -48.816  -49.287 0.5000000000
40207  -38.473  -48.240  -48.165 0.5000000000
44295  -37.755  -44.781  -42.520 0.4000000060
37061  -45.475  -51.593  -51.384 0.6000000238
44296  -38.278  -44.255  -42.893 0.5000000000
38090  -44.916  -50.707  -51.319 0.6000000238
37058  -44.503  -51.487  -51.270 0.5000000000
44315  -37.927  -44.884  -43.433 0.5000000000
38089  -44.003  -50.612  -51.094 0.6000000238
38087  -43.193  -50.514  -50.756 0.6000000238
44331  -38.029  -44.976  -44.188 0.5000000000
136005  -41.762  -50.486  -50.489 0.6000000238
39131  -40.438  -49.551  -50.244 0.6000000238
135182  -40.484  -50.269  -50.205 0.5000000000
40197  -37.724  -47.685  -46.186 0.5000000000
125591  -39.850  -49.016  -50.130 0.5000000000
40214  -38.620  -48.125  -49.005 0.5000000000
40221  -39.364  -48.553  -49.822 0.5000000000
44277  -37.390  -44.660  -41.434 0.4000000060
45408  -38.030  -44.050  -41.963 0.5000000000
43215  -36.814  -45.436  -41.316 0.4000000060
46463  -39.132  -43.118  -42.893 0.5000000000
38092  -45.932  -50.874  -51.423 0.6000000238
44316  -38.454  -44.316  -43.867 0.5000000000
39138  -44.443  -49.852  -51.126 0.6000000238
45434  -38.772  -44.101  -44.852 0.5000000000
39133  -42.748  -49.667  -50.607 0.6000000238
39132  -41.502  -49.843  -50.422 0.6000000238
39126  -40.971  -48.808  -50.234 0.6000000238
41239  -38.161  -47.403  -47.120 0.5000000000
133681  -38.361  -47.688  -47.890 0.5000000000
122045  -38.600  -47.562  -49.008 0.5000000000
41251  -38.356  -47.047  -48.149 0.5000000000
45396  -38.296  -43.206  -41.486 0.4000000060
46448  -38.938  -42.745  -42.004 0.5000000000
44259  -37.110  -44.235  -40.512 0.4000000060
46464  -39.517  -42.704  -43.451 0.5000000000
46471  -39.711  -42.628  -44.244 0.5000000000
45435  -39.294  -43.407  -44.934 0.5000000000
136910  -38.970  -43.791  -45.387 0.5000000000
40228  -44.514  -48.159  -50.874 0.6000000238
45444  -38.590  -44.079  -45.887 0.5000000000
44345  -38.266  -44.698  -45.521 0.5000000000
40227  -43.630  -48.152  -50.632 0.6000000238
40223  -40.981  -48.004  -50.053 0.6000000238
135035  -37.926  -47.002  -46.497 0.5000000000
40222  -40.134  -48.296  -49.983 0.5000000000
43286  -37.981  -45.412  -46.234 0.5000000000
117513  -38.131  -45.865  -47.291 0.5000000000
41259  -38.549  -46.923  -48.664 0.5000000000
46449  -39.466  -42.271  -42.607 0.5000000000
119360  -39.372  -42.885  -46.486 0.6000000238
45445  -39.064  -43.468  -46.042 0.5000000000
41274  -43.464  -47.363  -50.443 0.6000000238
41272  -41.819  -48.027  -50.289 0.6000000238
45454  -38.489  -43.903  -47.047 0.5000000000
41268  -41.568  -47.393  -49.866 0.6000000238
43302  -38.082  -45.028  -47.508 0.5000000000
41267  -40.429  -47.467  -49.541 0.5000000000
42241  -38.525  -46.027  -48.432 0.5000000000
42242  -39.002  -46.318  -48.740 0.5000000000
46433  -38.562  -42.294  -41.137 0.4000000060
47407  -39.982  -41.835  -43.336 0.4000000060
46432  -37.810  -42.808  -40.561 0.4000000060
46492  -39.370  -42.608  -47.469 0.6000000238
45455  -38.827  -43.248  -47.418 0.6000000238
41269  -42.132  -46.728  -49.647 0.6000000238
45466  -38.384  -43.738  -48.331 0.5000000000
135198  -38.134  -44.716  -48.251 0.5000000000
43310  -40.000  -45.518  -48.515 0.6000000238
43309  -38.715  -45.254  -48.569 0.5000000000
47398  -39.182  -41.810  -41.723 0.5000000000
48338  -40.202  -40.899  -42.989 0.4000000060
47408  -40.411  -41.093  -43.789 0.5000000000
47399  -39.668  -41.375  -42.444 0.4000000060
47386  -39.273  -40.928  -41.707 0.4000000060
46500  -39.517  -42.265  -48.423 0.6000000238
45467  -38.816  -43.014  -48.742 0.6000000238
45473  -38.583  -43.735  -48.832 0.5000000000
127016  -39.001  -43.924  -48.897 0.5000000000
132095  -37.582  -46.049  -44.670 0.5000000000
43285  -37.688  -46.127  -45.460 0.5000000000
42213  -37.636  -46.902  -45.754 0.5000000000
46414  -38.103  -41.976  -40.544 0.4000000060
35978  -41.260  -52.326  -48.065 0.4000000060
37049  -46.461  -51.646  -50.832 0.6000000238
39139  -45.488  -49.944  -51.347 0.6000000238
42257  -44.345  -46.738  -50.432 0.6000000238
42256  -43.462  -46.700  -50.201 0.6000000238
121764  -42.153  -46.034  -49.185 0.6000000238
42244  -41.162  -45.892  -48.705 0.6000000238
42249  -42.966  -46.286  -49.733 0.6000000238
44369  -40.230  -44.501  -48.509 0.6000000238
45474  -39.046  -43.059  -49.004 0.6000000238
47416  -40.230  -41.791  -44.191 0.5000000000
34955  -45.081  -54.008  -51.030 0.5000000000
34958  -44.501  -53.679  -51.177 0.5000000000
35998  -41.234  -52.327  -50.258 0.5000000000
121378  -41.994  -51.011  -50.554 0.6000000238
37053  -42.783  -51.177  -50.692 0.6000000238
45424  -39.184  -43.401  -43.887 0.5000000000
39137  -43.615  -49.848  -50.811 0.6000000238
41266  -39.378  -47.934  -49.575 0.5000000000
40226  -42.138  -48.851  -50.442 0.6000000238
39134  -43.934  -49.036  -50.790 0.6000000238
41260  -38.614  -47.016  -48.864 0.5000000000
41273  -42.589  -47.208  -50.167 0.6000000238
42243  -40.224  -46.558  -48.890 0.6000000238
53482  -51.126  -35.323  -41.315 0.3000000119
53448  -50.729  -35.607  -40.491 0.3000000119
137368  -51.910  -34.838  -40.764 0.3000000119
54477  -52.318  -34.575  -41.703 0.3000000119
53472  -53.083  -34.709  -40.200 0.3000000119
54463  -53.394  -33.956  -40.816 0.3000000119
55511  -54.102  -33.380  -41.016 0.3000000119
53492  -52.392  -35.081  -42.415 0.3000000119
54484  -52.908  -34.431  -42.364 0.3000000119
54478  -52.936  -34.068  -41.563 0.3000000119
55522  -54.222  -33.158  -41.725 0.3000000119
138228  -53.256  -34.667  -42.845 0.3000000119
55529  -53.858  -33.571  -42.375 0.3000000119
54507  -57.043  -33.945  -44.793 0.3000000119
54523  -57.350  -35.047  -45.287 0.3000000119
54525  -58.932  -34.742  -45.883 0.3000000119
52578  -57.515  -36.946  -46.217 0.3000000119
53541  -58.391  -35.638  -46.390 0.3000000119
53525  -58.468  -35.563  -45.918 0.3000000119
53539  -56.980  -36.069  -46.424 0.3000000119
132902  -42.633  -54.969  -50.971 0.4000000060
53449  -51.412  -35.595  -39.984 0.3000000119
53451  -53.947  -35.206  -39.643 0.3000000119
34950  -41.815  -54.627  -50.625 0.4000000060
54447  -54.656  -34.579  -39.886 0.3000000119
54464  -54.321  -33.885  -40.419 0.3000000119
54486  -54.266  -33.841  -43.183 0.3000000119
54504  -54.892  -34.339  -43.833 0.3000000119
53515  -56.730  -35.635  -44.980 0.3000000119
54506  -56.349  -34.401  -44.616 0.3000000119
55540  -57.037  -33.047  -44.400 0.3000000119
55541  -58.162  -32.855  -44.602 0.3000000119
55563  -58.784  -33.537  -45.342 0.3000000119
54536  -58.930  -34.815  -46.141 0.3000000119
54446  -53.873  -34.426  -40.140 0.3000000119
56487  -54.623  -32.996  -41.220 0.3000000119
33888  -28.326  -54.756  -45.333 0.4000000060
34895  -28.782  -54.206  -44.726 0.3000000119
34876  -29.936  -54.185  -43.264 0.3000000119
34877  -30.325  -53.423  -42.835 0.3000000119
38054  -36.764  -49.929  -45.556 0.4000000060
38055  -37.433  -49.896  -46.252 0.4000000060
38062  -36.824  -50.706  -46.136 0.4000000060
37025  -37.322  -51.204  -46.870 0.4000000060
40192  -37.339  -48.252  -45.555 0.4000000060
138224  -37.660  -48.485  -46.199 0.4000000060
39106  -37.847  -49.132  -46.591 0.4000000060
39107  -38.329  -49.062  -47.509 0.4000000060
39110  -38.057  -49.890  -46.993 0.4000000060
38076  -38.826  -50.624  -48.246 0.4000000060
38077  -39.388  -50.246  -49.107 0.4000000060
37032  -37.803  -51.632  -47.594 0.4000000060
37033  -38.539  -51.628  -48.230 0.4000000060
41179  -35.492  -47.374  -41.105 0.3000000119
41233  -37.384  -47.519  -45.295 0.4000000060
39120  -39.318  -49.521  -49.557 0.4000000060
43233  -36.752  -46.039  -42.031 0.3000000119
42152  -36.329  -46.139  -41.078 0.3000000119
37041  -39.282  -51.176  -48.751 0.4000000060
121262  -38.596  -49.817  -47.860 0.4000000060
43267  -37.647  -45.600  -43.982 0.4000000060
37024  -36.543  -51.598  -46.416 0.4000000060
39099  -37.243  -49.104  -45.746 0.4000000060
38063  -37.571  -50.489  -46.716 0.4000000060
38070  -38.110  -50.714  -47.409 0.4000000060
28461  -32.391  -59.374  -47.581 0.3000000119
29600  -35.325  -58.364  -48.346 0.3000000119
117919  -37.454  -58.860  -47.340 0.3000000119
29591  -38.243  -59.041  -48.360 0.3000000119
29610  -39.208  -59.929  -50.523 0.3000000119
29611  -40.452  -59.512  -50.992 0.3000000119
30703  -38.982  -59.584  -51.136 0.3000000119
29605  -40.778  -59.150  -50.745 0.3000000119
134148  -41.261  -58.976  -50.909 0.3000000119
30704  -39.773  -58.958  -51.388 0.3000000119
31784  -41.381  -57.333  -50.152 0.3000000119
30706  -41.519  -58.529  -50.969 0.3000000119
31798  -41.485  -58.180  -51.237 0.3000000119
32882  -42.408  -56.148  -50.337 0.3000000119
123162  -41.987  -57.396  -51.231 0.3000000119
30687  -37.585  -58.708  -47.140 0.3000000119
32893  -43.206  -55.870  -51.020 0.3000000119
134253  -42.802  -56.624  -50.851 0.3000000119
29601  -37.570  -59.137  -48.576 0.3000000119
26287  -29.764  -61.486  -41.316 0.3000000119
26304  -29.470  -61.542  -42.074 0.3000000119
28419  -30.284  -59.506  -42.532 0.3000000119
28440  -30.800  -59.738  -45.833 0.4000000060
28450  -31.781  -59.486  -46.941 0.4000000060
29514  -32.493  -58.104  -41.274 0.3000000119
29526  -32.301  -58.183  -42.247 0.3000000119
29527  -34.211  -58.356  -42.560 0.3000000119
29540  -36.291  -58.370  -44.098 0.4000000060
29549  -34.762  -58.498  -44.370 0.4000000060
29561  -34.594  -58.351  -45.369 0.4000000060
29563  -36.622  -58.456  -45.052 0.4000000060
29572  -31.885  -59.130  -46.155 0.4000000060
29574  -33.844  -58.477  -47.008 0.4000000060
29576  -37.032  -58.785  -45.793 0.4000000060
29599  -34.497  -58.695  -48.473 0.4000000060
29604  -39.634  -59.481  -49.922 0.3000000119
29612  -41.368  -58.925  -50.920 0.3000000119
29618  -37.954  -59.488  -51.109 0.3000000119
30622  -34.987  -57.933  -41.010 0.3000000119
30633  -35.766  -58.154  -42.157 0.3000000119
30639  -35.970  -58.311  -42.760 0.3000000119
30640  -36.221  -58.231  -43.305 0.3000000119
30660  -36.918  -58.119  -45.081 0.4000000060
30661  -37.317  -58.055  -45.758 0.4000000060
30688  -38.150  -58.363  -47.687 0.3000000119
30698  -40.875  -58.166  -50.220 0.3000000119
30705  -40.787  -58.850  -51.338 0.3000000119
31678  -35.331  -56.785  -40.946 0.3000000119
31708  -36.003  -56.905  -42.590 0.4000000060
31727  -36.644  -57.336  -44.450 0.4000000060
31769  -37.918  -57.461  -47.015 0.4000000060
31785  -42.227  -56.815  -50.548 0.3000000119
31794  -41.969  -57.791  -51.049 0.3000000119
32837  -37.164  -55.817  -45.457 0.4000000060
32854  -37.594  -55.998  -46.231 0.4000000060
32866  -37.952  -56.384  -46.946 0.4000000060
32881  -41.177  -55.754  -49.353 0.4000000060
32890  -42.338  -56.787  -50.896 0.3000000119
32891  -43.020  -56.398  -51.013 0.3000000119
32892  -41.977  -56.758  -51.272 0.3000000119
33809  -35.461  -54.372  -41.768 0.3000000119
33833  -35.721  -54.732  -42.356 0.3000000119
33858  -35.950  -55.037  -42.865 0.3000000119
33876  -37.061  -54.229  -44.863 0.4000000060
33892  -37.874  -54.028  -45.965 0.4000000060
33931  -41.289  -55.123  -49.202 0.4000000060
33940  -43.515  -55.408  -50.936 0.5000000000
33941  -43.952  -54.853  -50.807 0.5000000000
33942  -42.877  -54.735  -51.012 0.4000000060
33943  -43.477  -55.032  -51.070 0.5000000000
34783  -34.563  -53.382  -39.370 0.3000000119
34811  -34.743  -53.687  -40.256 0.3000000119
34837  -35.062  -54.035  -41.087 0.3000000119
34862  -36.156  -53.620  -42.857 0.3000000119
34899  -36.753  -53.744  -44.187 0.4000000060
34944  -42.474  -53.604  -49.265 0.4000000060
34951  -43.944  -54.100  -50.266 0.4000000060
34954  -44.589  -54.330  -51.009 0.5000000000
34956  -45.460  -53.627  -50.914 0.5000000000
34960  -45.535  -53.464  -50.893 0.5000000000
34961  -45.015  -53.200  -51.288 0.5000000000
34962  -45.637  -53.173  -51.161 0.5000000000
35837  -34.792  -52.666  -39.146 0.3000000119
35930  -36.690  -52.695  -43.493 0.3000000119
35931  -37.117  -52.258  -43.823 0.3000000119
35947  -37.443  -52.547  -44.487 0.3000000119
35956  -37.754  -52.860  -45.172 0.3000000119
35957  -38.394  -52.431  -45.554 0.3000000119
35979  -41.877  -52.174  -48.376 0.5000000000
35990  -44.087  -52.041  -49.627 0.4000000060
36004  -46.004  -52.415  -51.269 0.6000000238
36907  -35.410  -51.463  -39.050 0.3000000119
36957  -35.974  -51.960  -41.263 0.3000000119
36976  -36.702  -51.591  -42.510 0.3000000119
36997  -36.719  -52.052  -43.101 0.3000000119
37011  -38.238  -51.318  -44.528 0.3000000119
37017  -36.163  -51.290  -45.729 0.4000000060
37019  -39.337  -51.499  -45.947 0.4000000060
37023  -35.923  -52.001  -46.029 0.4000000060
37026  -39.787  -51.571  -46.492 0.4000000060
37036  -42.341  -51.156  -48.336 0.5000000000
37042  -42.769  -51.668  -48.740 0.4000000060
37045  -39.726  -50.776  -49.408 0.5000000000
37050  -40.689  -51.213  -50.095 0.6000000238
37051  -41.566  -51.570  -50.406 0.6000000238
37054  -46.433  -52.452  -51.059 0.6000000238
37057  -43.614  -51.356  -51.012 0.5000000000
37059  -46.481  -52.144  -51.034 0.6000000238
37060  -46.773  -51.395  -51.156 0.6000000238
37063  -46.645  -51.011  -51.305 0.6999999881
37930  -35.764  -50.960  -38.306 0.3000000119
37957  -36.303  -50.048  -39.264 0.3000000119
38004  -36.806  -50.636  -41.504 0.3000000119
38023  -37.085  -50.904  -42.388 0.3000000119
38024  -37.687  -50.295  -42.743 0.3000000119
38025  -38.189  -49.802  -43.053 0.3000000119
38037  -38.020  -50.428  -43.453 0.3000000119
38064  -39.948  -50.819  -46.145 0.3000000119
38066  -41.237  -49.540  -46.998 0.3000000119
38072  -42.620  -50.233  -48.361 0.5000000000
38080  -45.067  -49.775  -49.628 0.6000000238
38081  -39.610  -50.089  -49.706 0.5000000000
38083  -45.984  -50.545  -50.321 0.6999999881
38086  -42.328  -50.442  -50.580 0.6000000238
38088  -47.043  -50.994  -51.103 0.6000000238
38962  -37.079  -49.420  -37.399 0.3000000119
38999  -36.805  -49.142  -39.374 0.3000000119
39020  -36.706  -49.688  -40.125 0.3000000119
39045  -38.266  -48.866  -42.149 0.3000000119
39089  -38.577  -49.874  -43.754 0.3000000119
39112  -41.772  -49.011  -47.320 0.4000000060
39113  -42.128  -49.559  -47.795 0.4000000060
39119  -39.035  -49.617  -48.796 0.4000000060
39121  -43.520  -49.629  -48.818 0.6000000238
39122  -44.356  -49.191  -49.149 0.6000000238
39135  -47.587  -50.269  -51.124 0.6999999881
39136  -48.390  -49.323  -51.285 0.6999999881
39140  -47.984  -49.636  -51.391 0.6999999881
39141  -48.779  -48.881  -51.396 0.6999999881
39142  -46.737  -50.184  -51.447 0.6999999881
39143  -48.559  -49.169  -51.437 0.6999999881
40095  -36.950  -48.827  -38.557 0.3000000119
40123  -37.533  -48.510  -40.521 0.3000000119
40142  -37.872  -48.710  -41.332 0.3000000119
40160  -39.171  -48.045  -42.963 0.3000000119
40173  -39.264  -48.352  -43.598 0.3000000119
40193  -40.329  -48.668  -45.542 0.3000000119
40199  -40.660  -48.871  -46.086 0.3000000119
40215  -38.904  -48.235  -49.397 0.5000000000
40219  -48.522  -47.693  -49.708 0.6999999881
40232  -47.690  -48.858  -51.514 0.6999999881
40233  -48.683  -48.893  -51.397 0.6999999881
41118  -37.643  -47.876  -37.641 0.3000000119
41133  -37.956  -47.094  -37.714 0.3000000119
41143  -38.007  -47.006  -39.801 0.3000000119
41182  -39.099  -47.297  -42.097 0.3000000119
41198  -39.316  -47.399  -42.712 0.3000000119
41228  -40.341  -47.406  -44.847 0.3000000119
41242  -43.287  -47.165  -47.054 0.5000000000
41243  -44.185  -46.969  -47.188 0.6000000238
41244  -45.261  -46.976  -47.161 0.6000000238
41255  -45.306  -47.422  -47.865 0.6000000238
41261  -39.271  -47.202  -49.173 0.5000000000
41262  -45.714  -47.645  -48.288 0.6999999881
41271  -49.222  -46.939  -50.642 0.6999999881
41275  -44.163  -47.523  -50.634 0.6000000238
41279  -49.336  -47.640  -51.064 0.6999999881
41280  -47.088  -47.990  -51.345 0.6999999881
41282  -49.108  -48.224  -51.268 0.6999999881
42089  -38.523  -46.848  -37.068 0.3000000119
42101  -37.912  -46.760  -38.728 0.3000000119
42132  -38.610  -46.602  -40.408 0.3000000119
42150  -33.218  -46.052  -40.686 0.5000000000
42151  -35.707  -46.669  -40.733 0.3000000119
42154  -39.131  -46.786  -41.645 0.3000000119
42187  -39.738  -46.806  -43.214 0.3000000119
42214  -37.894  -46.324  -46.381 0.5000000000
42215  -40.880  -46.811  -45.126 0.3000000119
42216  -41.537  -46.712  -45.571 0.4000000060
42221  -46.315  -46.154  -46.079 0.6999999881
42222  -47.160  -45.867  -46.182 0.6999999881
42225  -38.170  -46.665  -47.249 0.5000000000
42226  -42.015  -47.009  -46.259 0.4000000060
42227  -42.856  -46.775  -46.420 0.5000000000
42231  -47.404  -46.336  -46.810 0.6999999881
42232  -48.369  -46.034  -47.567 0.6999999881
42238  -38.328  -46.277  -48.215 0.5000000000
42240  -48.610  -46.131  -48.313 0.6999999881
42247  -48.662  -46.416  -49.047 0.6999999881
42248  -41.309  -46.695  -49.277 0.6000000238
42253  -47.499  -46.700  -49.881 0.6999999881
42255  -48.811  -46.686  -49.895 0.6999999881
43154  -39.436  -45.309  -37.307 0.3000000119
43164  -38.785  -45.601  -38.419 0.3000000119
43175  -38.781  -45.701  -39.272 0.3000000119
43196  -36.272  -45.564  -40.398 0.3000000119
43198  -39.432  -45.433  -40.510 0.3000000119
43217  -40.346  -45.096  -42.008 0.3000000119
43236  -40.512  -45.362  -42.694 0.3000000119
43237  -41.147  -44.958  -43.105 0.3000000119
43268  -37.923  -45.364  -44.953 0.5000000000
43270  -41.762  -45.662  -44.413 0.3000000119
43271  -42.621  -45.471  -44.559 0.3000000119
43272  -43.496  -45.329  -44.657 0.5000000000
43273  -44.391  -45.235  -44.738 0.5000000000
43289  -44.834  -45.713  -45.287 0.4000000060
43290  -45.743  -45.647  -45.406 0.6000000238
43297  -48.672  -45.520  -47.761 0.6000000238
43307  -48.836  -45.318  -48.421 0.6000000238
43308  -38.351  -44.879  -48.442 0.5000000000
43316  -47.146  -45.950  -48.736 0.6999999881
43319  -42.682  -45.335  -49.100 0.6000000238
43320  -43.534  -45.478  -49.466 0.6999999881
44215  -39.666  -44.569  -37.680 0.3000000119
44216  -40.277  -44.234  -37.381 0.3000000119
44217  -41.006  -44.007  -37.020 0.3000000119
44227  -39.581  -44.420  -38.394 0.3000000119
44243  -40.007  -43.866  -38.811 0.3000000119
44257  -35.016  -44.903  -39.749 0.5000000000
44261  -40.124  -44.107  -39.865 0.3000000119
44317  -41.908  -44.691  -43.338 0.3000000119
44322  -45.956  -43.984  -44.185 0.4000000060
44332  -38.289  -44.706  -44.671 0.5000000000
44338  -47.198  -44.271  -45.062 0.5000000000
44346  -47.795  -44.723  -45.922 0.6000000238
44351  -38.273  -44.592  -46.664 0.5000000000
44352  -44.072  -43.777  -47.767 0.6999999881
44353  -44.448  -44.124  -47.280 0.6999999881
44361  -38.110  -44.320  -47.888 0.5000000000
44367  -38.338  -44.235  -48.519 0.5000000000
44368  -38.558  -44.323  -48.701 0.5000000000
44373  -44.426  -44.635  -48.708 0.6999999881
45299  -41.883  -43.959  -36.726 0.3000000119
45355  -36.614  -42.994  -39.686 0.5000000000
45377  -37.077  -43.530  -40.026 0.5000000000
45378  -40.714  -43.532  -40.157 0.3000000119
45380  -41.865  -42.673  -40.555 0.3000000119
45395  -37.659  -43.753  -40.989 0.4000000060
45398  -42.040  -43.236  -41.543 0.3000000119
45399  -42.846  -42.926  -41.874 0.3000000119
45409  -38.579  -43.547  -42.401 0.5000000000
45412  -43.534  -43.161  -42.486 0.3000000119
45413  -44.450  -43.119  -42.826 0.4000000060
45427  -44.824  -43.626  -43.382 0.4000000060
45436  -46.691  -43.818  -44.432 0.4000000060
45437  -47.428  -43.561  -44.799 0.4000000060
45447  -44.715  -43.349  -45.957 0.6999999881
45462  -50.086  -43.223  -48.843 0.6000000238
45472  -49.997  -43.086  -49.119 0.6000000238
46379  -41.983  -42.040  -38.628 0.3000000119
46394  -36.201  -42.448  -39.594 0.5000000000
46396  -41.544  -42.342  -39.118 0.3000000119
46413  -37.505  -42.132  -40.096 0.4000000060
46452  -45.433  -42.317  -42.685 0.4000000060
46453  -45.903  -42.502  -43.167 0.4000000060
46466  -47.123  -42.411  -43.817 0.4000000060
46480  -40.006  -42.272  -46.193 0.6999999881
47318  -43.155  -41.671  -37.766 0.3000000119
47336  -42.530  -41.542  -38.869 0.3000000119
47354  -37.115  -41.541  -39.803 0.5000000000
47369  -43.087  -41.378  -40.046 0.3000000119
47370  -43.626  -41.318  -40.571 0.3000000119
47401  -46.206  -41.451  -42.647 0.4000000060
47430  -40.460  -41.501  -45.712 0.6999999881
47432  -43.498  -41.687  -45.443 0.6000000238
47452  -39.971  -41.461  -49.150 0.6999999881
47453  -43.298  -41.889  -49.213 0.6999999881
47454  -40.329  -41.323  -49.634 0.8000000119
48273  -43.681  -40.778  -38.568 0.3000000119
48288  -36.687  -40.873  -39.720 0.4000000060
48290  -43.745  -40.539  -39.151 0.3000000119
48306  -38.425  -40.402  -40.717 0.5000000000
48309  -45.059  -39.803  -40.530 0.4000000060
48320  -38.855  -40.378  -41.192 0.5000000000
48322  -45.381  -40.455  -41.409 0.4000000060
48362  -40.606  -40.595  -45.332 0.6999999881
48372  -43.029  -40.121  -45.350 0.6000000238
48383  -41.734  -40.560  -50.463 0.8000000119
49380  -44.901  -39.577  -38.752 0.3000000119
49381  -45.562  -39.244  -38.536 0.3000000119
49413  -36.612  -39.533  -40.127 0.3000000119
49414  -37.964  -39.894  -40.534 0.4000000060
49416  -45.278  -39.107  -39.764 0.4000000060
49427  -38.146  -39.345  -40.984 0.4000000060
49428  -38.681  -39.693  -41.471 0.5000000000
49429  -45.760  -39.653  -41.174 0.4000000060
49459  -40.077  -39.003  -44.051 0.6999999881
49461  -42.834  -39.099  -44.359 0.6000000238
49467  -53.223  -40.122  -46.753 0.4000000060
49485  -40.744  -39.263  -47.593 0.6999999881
49494  -42.722  -39.262  -51.344 0.6000000238
50478  -47.121  -37.878  -38.970 0.3000000119
50495  -45.649  -38.723  -39.197 0.3000000119
50515  -47.312  -37.724  -40.734 0.4000000060
50516  -47.954  -37.525  -41.176 0.4000000060
50529  -47.553  -38.176  -41.447 0.4000000060
50540  -48.542  -38.437  -42.300 0.4000000060
50541  -49.144  -38.489  -42.656 0.4000000060
50542  -50.379  -37.915  -42.873 0.4000000060
50554  -43.473  -38.424  -42.992 0.5000000000
50556  -45.841  -38.704  -43.194 0.5000000000
50584  -52.002  -38.492  -46.353 0.4000000060
50585  -53.896  -39.953  -47.040 0.4000000060
50586  -54.268  -39.565  -46.838 0.4000000060
50597  -41.064  -38.310  -48.752 0.6999999881
50601  -44.561  -38.040  -51.184 0.6000000238
50604  -44.250  -38.255  -51.950 0.6999999881
50605  -44.092  -37.124  -52.434 0.6999999881
51492  -47.923  -37.645  -38.852 0.3000000119
51494  -49.640  -37.145  -38.842 0.3000000119
51509  -47.206  -37.571  -40.079 0.4000000060
51511  -48.285  -37.134  -39.478 0.3000000119
51552  -43.938  -37.001  -42.570 0.5000000000
51559  -52.317  -36.736  -43.187 0.4000000060
51570  -46.312  -37.950  -42.858 0.5000000000
51584  -38.224  -37.997  -44.429 0.8000000119
51585  -38.903  -37.943  -44.845 0.6999999881
51586  -42.662  -37.476  -44.040 0.5000000000
51601  -55.696  -38.647  -46.079 0.4000000060
51602  -56.477  -38.199  -46.099 0.4000000060
51621  -43.856  -36.531  -52.479 0.6999999881
51622  -44.015  -36.447  -52.545 0.6999999881
51623  -44.172  -36.438  -52.367 0.6999999881
52466  -50.041  -36.504  -39.391 0.3000000119
52467  -50.854  -36.523  -39.102 0.3000000119
52527  -44.667  -36.463  -42.529 0.5000000000
52544  -48.134  -36.050  -43.008 0.5000000000
52547  -54.150  -37.129  -44.079 0.4000000060
52549  -56.083  -37.115  -44.877 0.4000000060
52558  -57.098  -37.964  -45.935 0.4000000060
52595  -44.077  -35.511  -52.242 0.6999999881
52596  -44.040  -35.962  -52.496 0.6999999881
53470  -51.478  -35.167  -40.653 0.3000000119
53471  -52.151  -35.107  -40.243 0.3000000119
53481  -50.471  -35.675  -41.148 0.4000000060
53489  -44.694  -35.822  -42.836 0.5000000000
53493  -53.030  -35.114  -42.921 0.4000000060
53494  -53.580  -34.981  -43.261 0.4000000060
53519  -43.325  -35.209  -44.141 0.5000000000
53524  -57.795  -36.382  -45.854 0.3000000119
53531  -58.100  -36.135  -46.236 0.3000000119
53532  -58.712  -35.467  -46.184 0.3000000119
53540  -57.865  -35.828  -46.552 0.3000000119
53542  -58.576  -35.287  -46.389 0.3000000119
53544  -34.769  -36.782  -48.615 0.6000000238
53550  -58.090  -35.343  -46.615 0.3000000119
54461  -51.793  -34.842  -41.183 0.3000000119
54462  -52.431  -34.473  -40.915 0.3000000119
54485  -53.305  -33.900  -42.150 0.3000000119
54515  -45.329  -34.385  -44.506 0.5000000000
54524  -58.083  -34.420  -45.438 0.3000000119
54545  -58.677  -34.728  -46.357 0.3000000119
54551  -32.697  -35.542  -49.191 0.5000000000
55512  -54.836  -33.315  -40.696 0.3000000119
55521  -53.589  -33.605  -41.578 0.3000000119
55555  -44.712  -33.015  -44.909 0.5000000000
55562  -57.821  -33.583  -44.857 0.3000000119
55601  -50.407  -33.672  -48.711 0.5000000000
55609  -43.284  -32.534  -50.991 0.6999999881
56520  -40.108  -32.631  -43.633 0.6000000238
56606  -52.424  -32.176  -49.501 0.4000000060
57570  -41.563  -31.214  -41.777 0.6000000238
57580  -38.489  -31.138  -43.087 0.6000000238
57600  -38.898  -31.871  -43.277 0.6000000238
57692  -31.330  -32.344  -49.171 0.6000000238
58668  -48.435  -30.135  -44.878 0.4000000060
58704  -34.043  -30.524  -47.361 0.5000000000
58716  -49.681  -30.213  -49.914 0.5000000000
59629  -44.074  -29.598  -40.682 0.5000000000
59644  -39.016  -30.074  -42.127 0.6000000238
60622  -41.386  -28.310  -39.700 0.5000000000
60623  -42.110  -28.262  -39.616 0.6000000238
60624  -42.800  -28.078  -39.749 0.6000000238
60725  -49.810  -28.583  -50.993 0.3000000119
61506  -40.972  -27.674  -39.658 0.5000000000
61583  -37.822  -27.205  -44.914 0.5000000000
61602  -37.175  -27.094  -46.644 0.5000000000
62377  -41.722  -26.972  -39.457 0.4000000060
62392  -43.908  -26.637  -40.816 0.4000000060
62417  -38.860  -25.900  -41.911 0.3000000119
63212  -41.679  -25.740  -39.607 0.4000000060
63237  -39.285  -25.847  -41.254 0.3000000119
63266  -38.424  -25.850  -44.531 0.4000000060
63287  -47.622  -25.431  -47.874 0.3000000119
63297  -37.782  -25.079  -48.481 0.3000000119
64071  -42.996  -24.588  -40.420 0.3000000119
64149  -37.796  -24.583  -48.918 0.3000000119
64903  -40.733  -23.676  -40.243 0.3000000119
64927  -44.364  -23.285  -42.813 0.3000000119
67901  -40.262  -20.368  -41.391 0.3000000119
67902  -42.812  -19.987  -40.829 0.3000000119
67922  -44.408  -20.759  -42.389 0.3000000119
68826  -41.287  -20.148  -40.675 0.3000000119
68854  -42.315  -19.236  -40.954 0.3000000119
69886  -46.179  -18.180  -45.534 0.3000000119
115159  -29.187  -61.689  -42.958 0.3000000119
115710  -41.523  -50.131  -47.437 0.4000000060
115822  -33.971  -58.302  -46.183 0.4000000060
116733  -37.208  -48.386  -39.472 0.3000000119
117371  -42.511  -35.721  -45.246 0.5000000000
117854  -32.908  -34.102  -49.592 0.6000000238
118658  -36.903  -37.418  -41.902 0.4000000060
118780  -34.605  -57.209  -40.108 0.3000000119
119169  -38.725  -43.756  -43.185 0.5000000000
119715  -36.432  -55.252  -43.933 0.4000000060
119752  -32.191  -58.257  -42.973 0.4000000060
119851  -43.720  -41.768  -45.123 0.6000000238
119931  -35.660  -36.180  -49.212 0.6999999881
119960  -46.907  -50.125  -50.498 0.6999999881
120044  -53.581  -34.257  -42.839 0.3000000119
120100  -45.579  -43.546  -43.645 0.4000000060
120181  -43.416  -41.432  -47.846 0.6000000238
120291  -43.088  -48.843  -50.603 0.6000000238
120484  -43.607  -53.184  -51.044 0.5000000000
121342  -42.763  -48.038  -50.467 0.6000000238
121723  -41.613  -22.745  -40.328 0.3000000119
122236  -38.491  -58.455  -51.328 0.3000000119
122261  -39.177  -45.374  -39.772 0.3000000119
122294  -36.454  -58.491  -48.129 0.3000000119
122352  -38.180  -45.395  -48.209 0.5000000000
122565  -37.508  -48.974  -37.064 0.3000000119
122899  -41.878  -50.713  -47.873 0.5000000000
122914  -38.868  -32.914  -44.394 0.6000000238
123280  -43.565  -25.912  -40.681 0.4000000060
123299  -41.377  -44.691  -36.704 0.3000000119
123798  -39.387  -52.732  -46.820 0.4000000060
123947  -36.467  -54.066  -43.708 0.3000000119
124441  -45.773  -52.237  -50.641 0.5000000000
124505  -36.266  -54.014  -43.273 0.3000000119
124553  -38.397  -46.249  -37.899 0.3000000119
124590  -54.180  -35.495  -43.680 0.4000000060
124610  -49.680  -36.797  -41.849 0.4000000060
124631  -40.462  -47.930  -45.415 0.3000000119
124725  -44.220  -20.040  -42.013 0.3000000119
125139  -35.784  -36.111  -45.765 0.5000000000
125472  -38.603  -25.898  -42.805 0.4000000060
125613  -39.333  -46.747  -36.677 0.3000000119
125769  -32.613  -35.521  -49.060 0.5000000000
126349  -43.436  -28.604  -40.200 0.5000000000
126458  -44.427  -54.484  -50.877 0.5000000000
126682  -35.507  -53.578  -41.666 0.3000000119
126921  -36.933  -48.665  -45.154 0.4000000060
127756  -38.496  -47.534  -48.667 0.5000000000
128105  -49.449  -37.373  -42.177 0.4000000060
128290  -40.520  -40.834  -47.352 0.6999999881
128460  -41.898  -42.425  -37.884 0.3000000119
129408  -39.244  -48.972  -49.785 0.5000000000
129957  -37.408  -37.571  -45.061 0.6999999881
131020  -35.391  -52.420  -40.654 0.3000000119
131046  -46.392  -39.539  -41.599 0.4000000060
131172  -50.183  -36.040  -40.054 0.4000000060
131265  -45.048  -27.170  -42.010 0.4000000060
132170  -36.819  -49.242  -37.955 0.3000000119
132978  -44.666  -39.675  -39.492 0.3000000119
133723  -48.538  -37.495  -41.556 0.4000000060
134063  -41.508  -26.412  -39.513 0.4000000060
134115  -38.800  -47.631  -49.196 0.5000000000
134144  -42.340  -20.304  -40.624 0.3000000119
134289  -42.151  -31.105  -50.435 0.6999999881
134306  -42.710  -41.950  -49.458 0.6999999881
134362  -35.053  -44.109  -39.815 0.4000000060
134712  -41.578  -58.256  -50.768 0.3000000119
134856  -41.493  -42.490  -38.464 0.3000000119
134860  -35.601  -51.199  -38.663 0.3000000119
135195  -39.226  -44.703  -48.644 0.5000000000
135234  -43.299  -55.379  -50.617 0.4000000060
135471  -43.330  -32.869  -50.484 0.6999999881
135588  -37.905  -59.016  -48.011 0.3000000119
135755  -43.349  -49.353  -50.682 0.6000000238
135930  -41.253  -44.256  -42.209 0.3000000119
135998  -40.291  -44.803  -41.396 0.3000000119
136257  -41.119  -59.090  -50.926 0.3000000119
136304  -38.353  -51.175  -47.824 0.4000000060
136633  -43.762  -29.128  -40.451 0.6000000238
136805  -39.483  -42.919  -43.850 0.5000000000
137511  -41.888  -45.408  -48.789 0.6000000238
137731  -38.737  -54.085  -46.951 0.4000000060
138261  -38.819  -50.200  -44.388 0.3000000119
138685  -31.533  -58.795  -44.118 0.4000000060
138794  -48.312  -26.985  -47.243 0.4000000060
