
Sat Mar 14 11:42:38 CET 2026
cd /out/sourcedata/freesurfer/sub-v2s9x29152_ses-1
setenv SUBJECTS_DIR /out/sourcedata/freesurfer
/opt/freesurfer/bin/recon-all -autorecon-hemi lh -noparcstats -noparcstats2 -noparcstats3 -nohyporelabel -nobalabels -lh-only -openmp 16 -subjid sub-v2s9x29152_ses-1 -sd /out/sourcedata/freesurfer

subjid sub-v2s9x29152_ses-1
setenv SUBJECTS_DIR /out/sourcedata/freesurfer
FREESURFER_HOME /opt/freesurfer
Actual FREESURFER_HOME /opt/freesurfer
build-stamp.txt: freesurfer-linux-ubuntu22_x86_64-7.3.2-20220804-6354275
Linux dna067 5.14.0-427.37.1.el9_4.x86_64 #1 SMP PREEMPT_DYNAMIC Fri Sep 13 12:41:50 EDT 2024 x86_64 x86_64 x86_64 GNU/Linux
cputime      unlimited
filesize     unlimited
datasize     unlimited
stacksize    8192 kbytes
coredumpsize 0 kbytes
memoryuse    67108864 kbytes
vmemoryuse   unlimited
descriptors  1024 
memorylocked unlimited
maxproc      2061970 
maxlocks     unlimited
maxsignal    2062029 
maxmessage   819200 
maxnice      0 
maxrtprio    0 
maxrttime    unlimited

               total        used        free      shared  buff/cache   available
Mem:           503Gi        49Gi       266Gi        26Gi       188Gi       424Gi
Swap:             0B          0B          0B

########################################
program versions used
7.3.2 (freesurfer-linux-ubuntu22_x86_64-7.3.2-20220804-6354275)
7.3.2

ProgramName: lta_convert  ProgramArguments: lta_convert -all-info  ProgramVersion: 7.3.2  TimeStamp: 2026/03/14-10:42:38-GMT  BuildTime: Aug  4 2022 06:17:15  BuildStamp: freesurfer-linux-ubuntu22_x86_64-7.3.2-20220804-6354275  User: oesteban  Machine: dna067  Platform: Linux  PlatformVersion: 5.14.0-427.37.1.el9_4.x86_64  CompilerName: GCC  CompilerVersion: 8.4.0
ProgramName: mri_and  ProgramArguments: mri_and -all-info  ProgramVersion: 7.3.2  TimeStamp: 2026/03/14-10:42:38-GMT  BuildTime: Aug  4 2022 06:17:15  BuildStamp: freesurfer-linux-ubuntu22_x86_64-7.3.2-20220804-6354275  User: oesteban  Machine: dna067  Platform: Linux  PlatformVersion: 5.14.0-427.37.1.el9_4.x86_64  CompilerName: GCC  CompilerVersion: 8.4.0
ProgramName: mri_annotation2label  ProgramArguments: mri_annotation2label -all-info  ProgramVersion: 7.3.2  TimeStamp: 2026/03/14-10:42:38-GMT  BuildTime: Aug  4 2022 06:17:15  BuildStamp: freesurfer-linux-ubuntu22_x86_64-7.3.2-20220804-6354275  User: oesteban  Machine: dna067  Platform: Linux  PlatformVersion: 5.14.0-427.37.1.el9_4.x86_64  CompilerName: GCC  CompilerVersion: 8.4.0
ProgramName: mri_aparc2aseg  ProgramArguments: mri_aparc2aseg -all-info  ProgramVersion: 7.3.2  TimeStamp: 2026/03/14-10:42:38-GMT  BuildTime: Aug  4 2022 06:17:15  BuildStamp: freesurfer-linux-ubuntu22_x86_64-7.3.2-20220804-6354275  User: oesteban  Machine: dna067  Platform: Linux  PlatformVersion: 5.14.0-427.37.1.el9_4.x86_64  CompilerName: GCC  CompilerVersion: 8.4.0
ProgramName: mri_surf2volseg  ProgramArguments: mri_surf2volseg -all-info  ProgramVersion: 7.3.2  TimeStamp: 2026/03/14-10:42:38-GMT  BuildTime: Aug  4 2022 06:17:15  BuildStamp: freesurfer-linux-ubuntu22_x86_64-7.3.2-20220804-6354275  User: oesteban  Machine: dna067  Platform: Linux  PlatformVersion: 5.14.0-427.37.1.el9_4.x86_64  CompilerName: GCC  CompilerVersion: 8.4.0
ProgramName: mri_binarize  ProgramArguments: mri_binarize -all-info  ProgramVersion: 7.3.2  TimeStamp: 2026/03/14-10:42:38-GMT  BuildTime: Aug  4 2022 06:17:15  BuildStamp: freesurfer-linux-ubuntu22_x86_64-7.3.2-20220804-6354275  User: oesteban  Machine: dna067  Platform: Linux  PlatformVersion: 5.14.0-427.37.1.el9_4.x86_64  CompilerName: GCC  CompilerVersion: 8.4.0
ProgramName: mri_ca_label  ProgramArguments: mri_ca_label -all-info  ProgramVersion: 7.3.2  TimeStamp: 2026/03/14-10:42:38-GMT  BuildTime: Aug  4 2022 06:17:15  BuildStamp: freesurfer-linux-ubuntu22_x86_64-7.3.2-20220804-6354275  User: oesteban  Machine: dna067  Platform: Linux  PlatformVersion: 5.14.0-427.37.1.el9_4.x86_64  CompilerName: GCC  CompilerVersion: 8.4.0
ProgramName: mri_ca_normalize  ProgramArguments: mri_ca_normalize -all-info  ProgramVersion: 7.3.2  TimeStamp: 2026/03/14-10:42:38-GMT  BuildTime: Aug  4 2022 06:17:15  BuildStamp: freesurfer-linux-ubuntu22_x86_64-7.3.2-20220804-6354275  User: oesteban  Machine: dna067  Platform: Linux  PlatformVersion: 5.14.0-427.37.1.el9_4.x86_64  CompilerName: GCC  CompilerVersion: 8.4.0
ProgramName: mri_ca_register  ProgramArguments: mri_ca_register -all-info  ProgramVersion: 7.3.2  TimeStamp: 2026/03/14-10:42:38-GMT  BuildTime: Aug  4 2022 06:17:15  BuildStamp: freesurfer-linux-ubuntu22_x86_64-7.3.2-20220804-6354275  User: oesteban  Machine: dna067  Platform: Linux  PlatformVersion: 5.14.0-427.37.1.el9_4.x86_64  CompilerName: GCC  CompilerVersion: 8.4.0
ProgramName: mri_cc  ProgramArguments: mri_cc -all-info  ProgramVersion: 7.3.2  TimeStamp: 2026/03/14-10:42:38-GMT  BuildTime: Aug  4 2022 06:17:15  BuildStamp: freesurfer-linux-ubuntu22_x86_64-7.3.2-20220804-6354275  User: oesteban  Machine: dna067  Platform: Linux  PlatformVersion: 5.14.0-427.37.1.el9_4.x86_64  CompilerName: GCC  CompilerVersion: 8.4.0
ProgramName: mri_compute_overlap  ProgramArguments: mri_compute_overlap -all-info  ProgramVersion: 7.3.2  TimeStamp: 2026/03/14-10:42:38-GMT  BuildTime: Aug  4 2022 06:17:15  BuildStamp: freesurfer-linux-ubuntu22_x86_64-7.3.2-20220804-6354275  User: oesteban  Machine: dna067  Platform: Linux  PlatformVersion: 5.14.0-427.37.1.el9_4.x86_64  CompilerName: GCC  CompilerVersion: 8.4.0
ProgramName: mri_compute_seg_overlap  ProgramArguments: mri_compute_seg_overlap -all-info  ProgramVersion: 7.3.2  TimeStamp: 2026/03/14-10:42:38-GMT  BuildTime: Aug  4 2022 06:17:15  BuildStamp: freesurfer-linux-ubuntu22_x86_64-7.3.2-20220804-6354275  User: oesteban  Machine: dna067  Platform: Linux  PlatformVersion: 5.14.0-427.37.1.el9_4.x86_64  CompilerName: GCC  CompilerVersion: 8.4.0
ProgramName: mri_concat  ProgramArguments: mri_concat -all-info  ProgramVersion: 7.3.2  TimeStamp: 2026/03/14-10:42:38-GMT  BuildTime: Aug  4 2022 06:17:15  BuildStamp: freesurfer-linux-ubuntu22_x86_64-7.3.2-20220804-6354275  User: oesteban  Machine: dna067  Platform: Linux  PlatformVersion: 5.14.0-427.37.1.el9_4.x86_64  CompilerName: GCC  CompilerVersion: 8.4.0
ProgramName: mri_concatenate_lta  ProgramArguments: mri_concatenate_lta -all-info  ProgramVersion: 7.3.2  TimeStamp: 2026/03/14-10:42:38-GMT  BuildTime: Aug  4 2022 06:17:15  BuildStamp: freesurfer-linux-ubuntu22_x86_64-7.3.2-20220804-6354275  User: oesteban  Machine: dna067  Platform: Linux  PlatformVersion: 5.14.0-427.37.1.el9_4.x86_64  CompilerName: GCC  CompilerVersion: 8.4.0
mri_convert -all-info 
ProgramName: mri_convert  ProgramArguments: mri_convert -all-info  ProgramVersion: 7.3.2  TimeStamp: 2026/03/14-10:42:38-GMT  BuildTime: Aug  4 2022 06:17:15  BuildStamp: freesurfer-linux-ubuntu22_x86_64-7.3.2-20220804-6354275  User: oesteban  Machine: dna067  Platform: Linux  PlatformVersion: 5.14.0-427.37.1.el9_4.x86_64  CompilerName: GCC  CompilerVersion: 8.4.0
ProgramName: mri_diff  ProgramArguments: mri_diff -all-info  ProgramVersion: 7.3.2  TimeStamp: 2026/03/14-10:42:38-GMT  BuildTime: Aug  4 2022 06:17:15  BuildStamp: freesurfer-linux-ubuntu22_x86_64-7.3.2-20220804-6354275  User: oesteban  Machine: dna067  Platform: Linux  PlatformVersion: 5.14.0-427.37.1.el9_4.x86_64  CompilerName: GCC  CompilerVersion: 8.4.0
ProgramName: mri_edit_wm_with_aseg  ProgramArguments: mri_edit_wm_with_aseg -all-info  ProgramVersion: 7.3.2  TimeStamp: 2026/03/14-10:42:38-GMT  BuildTime: Aug  4 2022 06:17:15  BuildStamp: freesurfer-linux-ubuntu22_x86_64-7.3.2-20220804-6354275  User: oesteban  Machine: dna067  Platform: Linux  PlatformVersion: 5.14.0-427.37.1.el9_4.x86_64  CompilerName: GCC  CompilerVersion: 8.4.0
ProgramName: mri_em_register  ProgramArguments: mri_em_register -all-info  ProgramVersion: 7.3.2  TimeStamp: 2026/03/14-10:42:38-GMT  BuildTime: Aug  4 2022 06:17:15  BuildStamp: freesurfer-linux-ubuntu22_x86_64-7.3.2-20220804-6354275  User: oesteban  Machine: dna067  Platform: Linux  PlatformVersion: 5.14.0-427.37.1.el9_4.x86_64  CompilerName: GCC  CompilerVersion: 8.4.0
ProgramName: mri_fill  ProgramArguments: mri_fill -all-info  ProgramVersion: 7.3.2  TimeStamp: 2026/03/14-10:42:38-GMT  BuildTime: Aug  4 2022 06:17:15  BuildStamp: freesurfer-linux-ubuntu22_x86_64-7.3.2-20220804-6354275  User: oesteban  Machine: dna067  Platform: Linux  PlatformVersion: 5.14.0-427.37.1.el9_4.x86_64  CompilerName: GCC  CompilerVersion: 8.4.0
ProgramName: mri_fuse_segmentations  ProgramArguments: mri_fuse_segmentations -all-info  ProgramVersion: 7.3.2  TimeStamp: 2026/03/14-10:42:38-GMT  BuildTime: Aug  4 2022 06:17:15  BuildStamp: freesurfer-linux-ubuntu22_x86_64-7.3.2-20220804-6354275  User: oesteban  Machine: dna067  Platform: Linux  PlatformVersion: 5.14.0-427.37.1.el9_4.x86_64  CompilerName: GCC  CompilerVersion: 8.4.0
ProgramName: mri_fwhm  ProgramArguments: mri_fwhm -all-info  ProgramVersion: 7.3.2  TimeStamp: 2026/03/14-10:42:38-GMT  BuildTime: Aug  4 2022 06:17:15  BuildStamp: freesurfer-linux-ubuntu22_x86_64-7.3.2-20220804-6354275  User: oesteban  Machine: dna067  Platform: Linux  PlatformVersion: 5.14.0-427.37.1.el9_4.x86_64  CompilerName: GCC  CompilerVersion: 8.4.0
ProgramName: mri_gcut  ProgramArguments: mri_gcut -all-info  ProgramVersion: 7.3.2  TimeStamp: 2026/03/14-10:42:38-GMT  BuildTime: Aug  4 2022 06:17:15  BuildStamp: freesurfer-linux-ubuntu22_x86_64-7.3.2-20220804-6354275  User: oesteban  Machine: dna067  Platform: Linux  PlatformVersion: 5.14.0-427.37.1.el9_4.x86_64  CompilerName: GCC  CompilerVersion: 8.4.0
ProgramName: mri_info  ProgramArguments: mri_info -all-info  ProgramVersion: 7.3.2  TimeStamp: 2026/03/14-10:42:38-GMT  BuildTime: Aug  4 2022 06:17:15  BuildStamp: freesurfer-linux-ubuntu22_x86_64-7.3.2-20220804-6354275  User: oesteban  Machine: dna067  Platform: Linux  PlatformVersion: 5.14.0-427.37.1.el9_4.x86_64  CompilerName: GCC  CompilerVersion: 8.4.0
ProgramName: mri_label2label  ProgramArguments: mri_label2label -all-info  ProgramVersion: 7.3.2  TimeStamp: 2026/03/14-10:42:38-GMT  BuildTime: Aug  4 2022 06:17:15  BuildStamp: freesurfer-linux-ubuntu22_x86_64-7.3.2-20220804-6354275  User: oesteban  Machine: dna067  Platform: Linux  PlatformVersion: 5.14.0-427.37.1.el9_4.x86_64  CompilerName: GCC  CompilerVersion: 8.4.0
ProgramName: mri_label2vol  ProgramArguments: mri_label2vol -all-info  ProgramVersion: 7.3.2  TimeStamp: 2026/03/14-10:42:38-GMT  BuildTime: Aug  4 2022 06:17:15  BuildStamp: freesurfer-linux-ubuntu22_x86_64-7.3.2-20220804-6354275  User: oesteban  Machine: dna067  Platform: Linux  PlatformVersion: 5.14.0-427.37.1.el9_4.x86_64  CompilerName: GCC  CompilerVersion: 8.4.0
ProgramName: mri_log_likelihood  ProgramArguments: mri_log_likelihood -all-info  ProgramVersion: 7.3.2  TimeStamp: 2026/03/14-10:42:38-GMT  BuildTime: Aug  4 2022 06:17:15  BuildStamp: freesurfer-linux-ubuntu22_x86_64-7.3.2-20220804-6354275  User: oesteban  Machine: dna067  Platform: Linux  PlatformVersion: 5.14.0-427.37.1.el9_4.x86_64  CompilerName: GCC  CompilerVersion: 8.4.0
ProgramName: mri_mask  ProgramArguments: mri_mask -all-info  ProgramVersion: 7.3.2  TimeStamp: 2026/03/14-10:42:38-GMT  BuildTime: Aug  4 2022 06:17:15  BuildStamp: freesurfer-linux-ubuntu22_x86_64-7.3.2-20220804-6354275  User: oesteban  Machine: dna067  Platform: Linux  PlatformVersion: 5.14.0-427.37.1.el9_4.x86_64  CompilerName: GCC  CompilerVersion: 8.4.0
ProgramName: mri_matrix_multiply  ProgramArguments: mri_matrix_multiply -all-info  ProgramVersion: 7.3.2  TimeStamp: 2026/03/14-10:42:38-GMT  BuildTime: Aug  4 2022 06:17:15  BuildStamp: freesurfer-linux-ubuntu22_x86_64-7.3.2-20220804-6354275  User: oesteban  Machine: dna067  Platform: Linux  PlatformVersion: 5.14.0-427.37.1.el9_4.x86_64  CompilerName: GCC  CompilerVersion: 8.4.0
ProgramName: mri_normalize  ProgramArguments: mri_normalize -all-info  ProgramVersion: 7.3.2  TimeStamp: 2026/03/14-10:42:38-GMT  BuildTime: Aug  4 2022 06:17:15  BuildStamp: freesurfer-linux-ubuntu22_x86_64-7.3.2-20220804-6354275  User: oesteban  Machine: dna067  Platform: Linux  PlatformVersion: 5.14.0-427.37.1.el9_4.x86_64  CompilerName: GCC  CompilerVersion: 8.4.0
ProgramName: mri_normalize_tp2  ProgramArguments: mri_normalize_tp2 -all-info  ProgramVersion: 7.3.2  TimeStamp: 2026/03/14-10:42:38-GMT  BuildTime: Aug  4 2022 06:17:15  BuildStamp: freesurfer-linux-ubuntu22_x86_64-7.3.2-20220804-6354275  User: oesteban  Machine: dna067  Platform: Linux  PlatformVersion: 5.14.0-427.37.1.el9_4.x86_64  CompilerName: GCC  CompilerVersion: 8.4.0
ProgramName: mri_or  ProgramArguments: mri_or -all-info  ProgramVersion: 7.3.2  TimeStamp: 2026/03/14-10:42:38-GMT  BuildTime: Aug  4 2022 06:17:15  BuildStamp: freesurfer-linux-ubuntu22_x86_64-7.3.2-20220804-6354275  User: oesteban  Machine: dna067  Platform: Linux  PlatformVersion: 5.14.0-427.37.1.el9_4.x86_64  CompilerName: GCC  CompilerVersion: 8.4.0
ProgramName: mri_relabel_hypointensities  ProgramArguments: mri_relabel_hypointensities -all-info  ProgramVersion: 7.3.2  TimeStamp: 2026/03/14-10:42:38-GMT  BuildTime: Aug  4 2022 06:17:15  BuildStamp: freesurfer-linux-ubuntu22_x86_64-7.3.2-20220804-6354275  User: oesteban  Machine: dna067  Platform: Linux  PlatformVersion: 5.14.0-427.37.1.el9_4.x86_64  CompilerName: GCC  CompilerVersion: 8.4.0
ProgramName: mri_relabel_nonwm_hypos  ProgramArguments: mri_relabel_nonwm_hypos -all-info  ProgramVersion: 7.3.2  TimeStamp: 2026/03/14-10:42:38-GMT  BuildTime: Aug  4 2022 06:17:15  BuildStamp: freesurfer-linux-ubuntu22_x86_64-7.3.2-20220804-6354275  User: oesteban  Machine: dna067  Platform: Linux  PlatformVersion: 5.14.0-427.37.1.el9_4.x86_64  CompilerName: GCC  CompilerVersion: 8.4.0
ProgramName: mri_remove_neck  ProgramArguments: mri_remove_neck -all-info  ProgramVersion: 7.3.2  TimeStamp: 2026/03/14-10:42:38-GMT  BuildTime: Aug  4 2022 06:17:15  BuildStamp: freesurfer-linux-ubuntu22_x86_64-7.3.2-20220804-6354275  User: oesteban  Machine: dna067  Platform: Linux  PlatformVersion: 5.14.0-427.37.1.el9_4.x86_64  CompilerName: GCC  CompilerVersion: 8.4.0
7.3.2

ProgramName: mri_robust_register  ProgramArguments: mri_robust_register -all-info  ProgramVersion: 7.3.2  TimeStamp: 2026/03/14-10:42:38-GMT  BuildTime: Aug  4 2022 06:17:15  BuildStamp: freesurfer-linux-ubuntu22_x86_64-7.3.2-20220804-6354275  User: oesteban  Machine: dna067  Platform: Linux  PlatformVersion: 5.14.0-427.37.1.el9_4.x86_64  CompilerName: GCC  CompilerVersion: 8.4.0
7.3.2

ProgramName: mri_robust_template  ProgramArguments: mri_robust_template -all-info  ProgramVersion: 7.3.2  TimeStamp: 2026/03/14-10:42:38-GMT  BuildTime: Aug  4 2022 06:17:15  BuildStamp: freesurfer-linux-ubuntu22_x86_64-7.3.2-20220804-6354275  User: oesteban  Machine: dna067  Platform: Linux  PlatformVersion: 5.14.0-427.37.1.el9_4.x86_64  CompilerName: GCC  CompilerVersion: 8.4.0
ProgramName: mris_anatomical_stats  ProgramArguments: mris_anatomical_stats -all-info  ProgramVersion: 7.3.2  TimeStamp: 2026/03/14-10:42:38-GMT  BuildTime: Aug  4 2022 06:17:15  BuildStamp: freesurfer-linux-ubuntu22_x86_64-7.3.2-20220804-6354275  User: oesteban  Machine: dna067  Platform: Linux  PlatformVersion: 5.14.0-427.37.1.el9_4.x86_64  CompilerName: GCC  CompilerVersion: 8.4.0
ProgramName: mris_ca_label  ProgramArguments: mris_ca_label -all-info  ProgramVersion: 7.3.2  TimeStamp: 2026/03/14-10:42:38-GMT  BuildTime: Aug  4 2022 06:17:15  BuildStamp: freesurfer-linux-ubuntu22_x86_64-7.3.2-20220804-6354275  User: oesteban  Machine: dna067  Platform: Linux  PlatformVersion: 5.14.0-427.37.1.el9_4.x86_64  CompilerName: GCC  CompilerVersion: 8.4.0
ProgramName: mris_calc  ProgramArguments: mris_calc -all-info  ProgramVersion: 7.3.2  TimeStamp: 2026/03/14-10:42:38-GMT  BuildTime: Aug  4 2022 06:17:15  BuildStamp: freesurfer-linux-ubuntu22_x86_64-7.3.2-20220804-6354275  User: oesteban  Machine: dna067  Platform: Linux  PlatformVersion: 5.14.0-427.37.1.el9_4.x86_64  CompilerName: GCC  CompilerVersion: 8.4.0
ProgramName: mris_convert  ProgramArguments: mris_convert -all-info  ProgramVersion: 7.3.2  TimeStamp: 2026/03/14-10:42:38-GMT  BuildTime: Aug  4 2022 06:17:15  BuildStamp: freesurfer-linux-ubuntu22_x86_64-7.3.2-20220804-6354275  User: oesteban  Machine: dna067  Platform: Linux  PlatformVersion: 5.14.0-427.37.1.el9_4.x86_64  CompilerName: GCC  CompilerVersion: 8.4.0
ProgramName: mris_curvature  ProgramArguments: mris_curvature -all-info  ProgramVersion: 7.3.2  TimeStamp: 2026/03/14-10:42:38-GMT  BuildTime: Aug  4 2022 06:17:15  BuildStamp: freesurfer-linux-ubuntu22_x86_64-7.3.2-20220804-6354275  User: oesteban  Machine: dna067  Platform: Linux  PlatformVersion: 5.14.0-427.37.1.el9_4.x86_64  CompilerName: GCC  CompilerVersion: 8.4.0
ProgramName: mris_curvature_stats  ProgramArguments: mris_curvature_stats -all-info  ProgramVersion: 7.3.2  TimeStamp: 2026/03/14-10:42:38-GMT  BuildTime: Aug  4 2022 06:17:15  BuildStamp: freesurfer-linux-ubuntu22_x86_64-7.3.2-20220804-6354275  User: oesteban  Machine: dna067  Platform: Linux  PlatformVersion: 5.14.0-427.37.1.el9_4.x86_64  CompilerName: GCC  CompilerVersion: 8.4.0
ProgramName: mris_diff  ProgramArguments: mris_diff -all-info  ProgramVersion: 7.3.2  TimeStamp: 2026/03/14-10:42:38-GMT  BuildTime: Aug  4 2022 06:17:15  BuildStamp: freesurfer-linux-ubuntu22_x86_64-7.3.2-20220804-6354275  User: oesteban  Machine: dna067  Platform: Linux  PlatformVersion: 5.14.0-427.37.1.el9_4.x86_64  CompilerName: GCC  CompilerVersion: 8.4.0
ProgramName: mris_divide_parcellation  ProgramArguments: mris_divide_parcellation -all-info  ProgramVersion: 7.3.2  TimeStamp: 2026/03/14-10:42:38-GMT  BuildTime: Aug  4 2022 06:17:15  BuildStamp: freesurfer-linux-ubuntu22_x86_64-7.3.2-20220804-6354275  User: oesteban  Machine: dna067  Platform: Linux  PlatformVersion: 5.14.0-427.37.1.el9_4.x86_64  CompilerName: GCC  CompilerVersion: 8.4.0
ProgramName: mri_segment  ProgramArguments: mri_segment -all-info  ProgramVersion: 7.3.2  TimeStamp: 2026/03/14-10:42:38-GMT  BuildTime: Aug  4 2022 06:17:15  BuildStamp: freesurfer-linux-ubuntu22_x86_64-7.3.2-20220804-6354275  User: oesteban  Machine: dna067  Platform: Linux  PlatformVersion: 5.14.0-427.37.1.el9_4.x86_64  CompilerName: GCC  CompilerVersion: 8.4.0
ProgramName: mri_segstats  ProgramArguments: mri_segstats -all-info  ProgramVersion: 7.3.2  TimeStamp: 2026/03/14-10:42:38-GMT  BuildTime: Aug  4 2022 06:17:15  BuildStamp: freesurfer-linux-ubuntu22_x86_64-7.3.2-20220804-6354275  User: oesteban  Machine: dna067  Platform: Linux  PlatformVersion: 5.14.0-427.37.1.el9_4.x86_64  CompilerName: GCC  CompilerVersion: 8.4.0
ProgramName: mris_euler_number  ProgramArguments: mris_euler_number -all-info  ProgramVersion: 7.3.2  TimeStamp: 2026/03/14-10:42:38-GMT  BuildTime: Aug  4 2022 06:17:15  BuildStamp: freesurfer-linux-ubuntu22_x86_64-7.3.2-20220804-6354275  User: oesteban  Machine: dna067  Platform: Linux  PlatformVersion: 5.14.0-427.37.1.el9_4.x86_64  CompilerName: GCC  CompilerVersion: 8.4.0
ProgramName: mris_fix_topology  ProgramArguments: mris_fix_topology -all-info  ProgramVersion: 7.3.2  TimeStamp: 2026/03/14-10:42:38-GMT  BuildTime: Aug  4 2022 06:17:15  BuildStamp: freesurfer-linux-ubuntu22_x86_64-7.3.2-20220804-6354275  User: oesteban  Machine: dna067  Platform: Linux  PlatformVersion: 5.14.0-427.37.1.el9_4.x86_64  CompilerName: GCC  CompilerVersion: 8.4.0
ProgramName: mris_topo_fixer  ProgramArguments: mris_topo_fixer -all-info  ProgramVersion: 7.3.2  TimeStamp: 2026/03/14-10:42:38-GMT  BuildTime: Aug  4 2022 06:17:15  BuildStamp: freesurfer-linux-ubuntu22_x86_64-7.3.2-20220804-6354275  User: oesteban  Machine: dna067  Platform: Linux  PlatformVersion: 5.14.0-427.37.1.el9_4.x86_64  CompilerName: GCC  CompilerVersion: 8.4.0
ProgramName: mris_jacobian  ProgramArguments: mris_jacobian -all-info  ProgramVersion: 7.3.2  TimeStamp: 2026/03/14-10:42:38-GMT  BuildTime: Aug  4 2022 06:17:15  BuildStamp: freesurfer-linux-ubuntu22_x86_64-7.3.2-20220804-6354275  User: oesteban  Machine: dna067  Platform: Linux  PlatformVersion: 5.14.0-427.37.1.el9_4.x86_64  CompilerName: GCC  CompilerVersion: 8.4.0
ProgramName: mris_label2annot  ProgramArguments: mris_label2annot -all-info  ProgramVersion: 7.3.2  TimeStamp: 2026/03/14-10:42:38-GMT  BuildTime: Aug  4 2022 06:17:15  BuildStamp: freesurfer-linux-ubuntu22_x86_64-7.3.2-20220804-6354275  User: oesteban  Machine: dna067  Platform: Linux  PlatformVersion: 5.14.0-427.37.1.el9_4.x86_64  CompilerName: GCC  CompilerVersion: 8.4.0
ProgramName: mris_left_right_register  ProgramArguments: mris_left_right_register -all-info  ProgramVersion: 7.3.2  TimeStamp: 2026/03/14-10:42:38-GMT  BuildTime: Aug  4 2022 06:17:15  BuildStamp: freesurfer-linux-ubuntu22_x86_64-7.3.2-20220804-6354275  User: oesteban  Machine: dna067  Platform: Linux  PlatformVersion: 5.14.0-427.37.1.el9_4.x86_64  CompilerName: GCC  CompilerVersion: 8.4.0
ProgramName: mris_place_surface  ProgramArguments: mris_place_surface -all-info  ProgramVersion: 7.3.2  TimeStamp: 2026/03/14-10:42:38-GMT  BuildTime: Aug  4 2022 06:17:15  BuildStamp: freesurfer-linux-ubuntu22_x86_64-7.3.2-20220804-6354275  User: oesteban  Machine: dna067  Platform: Linux  PlatformVersion: 5.14.0-427.37.1.el9_4.x86_64  CompilerName: GCC  CompilerVersion: 8.4.0
ProgramName: mrisp_paint  ProgramArguments: mrisp_paint -all-info  ProgramVersion: 7.3.2  TimeStamp: 2026/03/14-10:42:38-GMT  BuildTime: Aug  4 2022 06:17:15  BuildStamp: freesurfer-linux-ubuntu22_x86_64-7.3.2-20220804-6354275  User: oesteban  Machine: dna067  Platform: Linux  PlatformVersion: 5.14.0-427.37.1.el9_4.x86_64  CompilerName: GCC  CompilerVersion: 8.4.0
ProgramName: mris_register  ProgramArguments: mris_register -all-info  ProgramVersion: 7.3.2  TimeStamp: 2026/03/14-10:42:38-GMT  BuildTime: Aug  4 2022 06:17:15  BuildStamp: freesurfer-linux-ubuntu22_x86_64-7.3.2-20220804-6354275  User: oesteban  Machine: dna067  Platform: Linux  PlatformVersion: 5.14.0-427.37.1.el9_4.x86_64  CompilerName: GCC  CompilerVersion: 8.4.0
ProgramName: mris_smooth  ProgramArguments: mris_smooth -all-info  ProgramVersion: 7.3.2  TimeStamp: 2026/03/14-10:42:38-GMT  BuildTime: Aug  4 2022 06:17:15  BuildStamp: freesurfer-linux-ubuntu22_x86_64-7.3.2-20220804-6354275  User: oesteban  Machine: dna067  Platform: Linux  PlatformVersion: 5.14.0-427.37.1.el9_4.x86_64  CompilerName: GCC  CompilerVersion: 8.4.0
ProgramName: mris_sphere  ProgramArguments: mris_sphere -all-info  ProgramVersion: 7.3.2  TimeStamp: 2026/03/14-10:42:38-GMT  BuildTime: Aug  4 2022 06:17:15  BuildStamp: freesurfer-linux-ubuntu22_x86_64-7.3.2-20220804-6354275  User: oesteban  Machine: dna067  Platform: Linux  PlatformVersion: 5.14.0-427.37.1.el9_4.x86_64  CompilerName: GCC  CompilerVersion: 8.4.0
ProgramName: mris_surface_stats  ProgramArguments: mris_surface_stats -all-info  ProgramVersion: 7.3.2  TimeStamp: 2026/03/14-10:42:38-GMT  BuildTime: Aug  4 2022 06:17:15  BuildStamp: freesurfer-linux-ubuntu22_x86_64-7.3.2-20220804-6354275  User: oesteban  Machine: dna067  Platform: Linux  PlatformVersion: 5.14.0-427.37.1.el9_4.x86_64  CompilerName: GCC  CompilerVersion: 8.4.0
ProgramName: mri_stats2seg  ProgramArguments: mri_stats2seg -all-info  ProgramVersion: 7.3.2  TimeStamp: 2026/03/14-10:42:38-GMT  BuildTime: Aug  4 2022 06:17:15  BuildStamp: freesurfer-linux-ubuntu22_x86_64-7.3.2-20220804-6354275  User: oesteban  Machine: dna067  Platform: Linux  PlatformVersion: 5.14.0-427.37.1.el9_4.x86_64  CompilerName: GCC  CompilerVersion: 8.4.0
ProgramName: mris_thickness  ProgramArguments: mris_thickness -all-info  ProgramVersion: 7.3.2  TimeStamp: 2026/03/14-10:42:38-GMT  BuildTime: Aug  4 2022 06:17:15  BuildStamp: freesurfer-linux-ubuntu22_x86_64-7.3.2-20220804-6354275  User: oesteban  Machine: dna067  Platform: Linux  PlatformVersion: 5.14.0-427.37.1.el9_4.x86_64  CompilerName: GCC  CompilerVersion: 8.4.0
ProgramName: mris_thickness_diff  ProgramArguments: mris_thickness_diff -all-info  ProgramVersion: 7.3.2  TimeStamp: 2026/03/14-10:42:38-GMT  BuildTime: Aug  4 2022 06:17:15  BuildStamp: freesurfer-linux-ubuntu22_x86_64-7.3.2-20220804-6354275  User: oesteban  Machine: dna067  Platform: Linux  PlatformVersion: 5.14.0-427.37.1.el9_4.x86_64  CompilerName: GCC  CompilerVersion: 8.4.0
ProgramName: mris_topo_fixer  ProgramArguments: mris_topo_fixer -all-info  ProgramVersion: 7.3.2  TimeStamp: 2026/03/14-10:42:38-GMT  BuildTime: Aug  4 2022 06:17:15  BuildStamp: freesurfer-linux-ubuntu22_x86_64-7.3.2-20220804-6354275  User: oesteban  Machine: dna067  Platform: Linux  PlatformVersion: 5.14.0-427.37.1.el9_4.x86_64  CompilerName: GCC  CompilerVersion: 8.4.0
ProgramName: mri_surf2surf  ProgramArguments: mri_surf2surf -all-info  ProgramVersion: 7.3.2  TimeStamp: 2026/03/14-10:42:38-GMT  BuildTime: Aug  4 2022 06:17:15  BuildStamp: freesurfer-linux-ubuntu22_x86_64-7.3.2-20220804-6354275  User: oesteban  Machine: dna067  Platform: Linux  PlatformVersion: 5.14.0-427.37.1.el9_4.x86_64  CompilerName: GCC  CompilerVersion: 8.4.0
ProgramName: mri_surf2vol  ProgramArguments: mri_surf2vol -all-info  ProgramVersion: 7.3.2  TimeStamp: 2026/03/14-10:42:38-GMT  BuildTime: Aug  4 2022 06:17:15  BuildStamp: freesurfer-linux-ubuntu22_x86_64-7.3.2-20220804-6354275  User: oesteban  Machine: dna067  Platform: Linux  PlatformVersion: 5.14.0-427.37.1.el9_4.x86_64  CompilerName: GCC  CompilerVersion: 8.4.0
ProgramName: mri_surfcluster  ProgramArguments: mri_surfcluster -all-info  ProgramVersion: 7.3.2  TimeStamp: 2026/03/14-10:42:38-GMT  BuildTime: Aug  4 2022 06:17:15  BuildStamp: freesurfer-linux-ubuntu22_x86_64-7.3.2-20220804-6354275  User: oesteban  Machine: dna067  Platform: Linux  PlatformVersion: 5.14.0-427.37.1.el9_4.x86_64  CompilerName: GCC  CompilerVersion: 8.4.0
ProgramName: mris_volmask  ProgramArguments: mris_volmask -all-info  ProgramVersion: 7.3.2  TimeStamp: 2026/03/14-10:42:38-GMT  BuildTime: Aug  4 2022 06:17:15  BuildStamp: freesurfer-linux-ubuntu22_x86_64-7.3.2-20220804-6354275  User: oesteban  Machine: dna067  Platform: Linux  PlatformVersion: 5.14.0-427.37.1.el9_4.x86_64  CompilerName: GCC  CompilerVersion: 8.4.0
ProgramName: mri_tessellate  ProgramArguments: mri_tessellate -all-info  ProgramVersion: 7.3.2  TimeStamp: 2026/03/14-10:42:38-GMT  BuildTime: Aug  4 2022 06:17:15  BuildStamp: freesurfer-linux-ubuntu22_x86_64-7.3.2-20220804-6354275  User: oesteban  Machine: dna067  Platform: Linux  PlatformVersion: 5.14.0-427.37.1.el9_4.x86_64  CompilerName: GCC  CompilerVersion: 8.4.0
ProgramName: mri_vol2surf  ProgramArguments: mri_vol2surf -all-info  ProgramVersion: 7.3.2  TimeStamp: 2026/03/14-10:42:38-GMT  BuildTime: Aug  4 2022 06:17:15  BuildStamp: freesurfer-linux-ubuntu22_x86_64-7.3.2-20220804-6354275  User: oesteban  Machine: dna067  Platform: Linux  PlatformVersion: 5.14.0-427.37.1.el9_4.x86_64  CompilerName: GCC  CompilerVersion: 8.4.0
ProgramName: mri_vol2vol  ProgramArguments: mri_vol2vol -all-info  ProgramVersion: 7.3.2  TimeStamp: 2026/03/14-10:42:38-GMT  BuildTime: Aug  4 2022 06:17:15  BuildStamp: freesurfer-linux-ubuntu22_x86_64-7.3.2-20220804-6354275  User: oesteban  Machine: dna067  Platform: Linux  PlatformVersion: 5.14.0-427.37.1.el9_4.x86_64  CompilerName: GCC  CompilerVersion: 8.4.0
ProgramName: mri_voldiff  ProgramArguments: mri_voldiff -all-info  ProgramVersion: 7.3.2  TimeStamp: 2026/03/14-10:42:38-GMT  BuildTime: Aug  4 2022 06:17:15  BuildStamp: freesurfer-linux-ubuntu22_x86_64-7.3.2-20220804-6354275  User: oesteban  Machine: dna067  Platform: Linux  PlatformVersion: 5.14.0-427.37.1.el9_4.x86_64  CompilerName: GCC  CompilerVersion: 8.4.0
ProgramName: mri_watershed  ProgramArguments: mri_watershed -all-info  ProgramVersion: 7.3.2  TimeStamp: 2026/03/14-10:42:38-GMT  BuildTime: Aug  4 2022 06:17:15  BuildStamp: freesurfer-linux-ubuntu22_x86_64-7.3.2-20220804-6354275  User: oesteban  Machine: dna067  Platform: Linux  PlatformVersion: 5.14.0-427.37.1.el9_4.x86_64  CompilerName: GCC  CompilerVersion: 8.4.0
ProgramName: tkregister2  ProgramArguments: tkregister2_cmdl -all-info  ProgramVersion: 7.3.2  TimeStamp: 2026/03/14-10:42:38-GMT  BuildTime: Aug  4 2022 06:17:15  BuildStamp: freesurfer-linux-ubuntu22_x86_64-7.3.2-20220804-6354275  User: oesteban  Machine: dna067  Platform: Linux  PlatformVersion: 5.14.0-427.37.1.el9_4.x86_64  CompilerName: GCC  CompilerVersion: 8.4.0
mri_motion_correct.fsl 7.3.2
mri_convert -all-info 
ProgramName: mri_convert  ProgramArguments: mri_convert -all-info  ProgramVersion: 7.3.2  TimeStamp: 2026/03/14-10:42:38-GMT  BuildTime: Aug  4 2022 06:17:15  BuildStamp: freesurfer-linux-ubuntu22_x86_64-7.3.2-20220804-6354275  User: oesteban  Machine: dna067  Platform: Linux  PlatformVersion: 5.14.0-427.37.1.el9_4.x86_64  CompilerName: GCC  CompilerVersion: 8.4.0
Program nu_correct, built from:
Package MNI N3, version 1.12.0, compiled by nicks@terrier (x86_64-unknown-linux-gnu) on 2015-06-19 at 01:25:34
#######################################
GCADIR /opt/freesurfer/average
GCA RB_all_2020-01-02.gca
GCASkull RB_all_withskull_2020_01_02.gca
AvgCurvTif folding.atlas.acfb40.noaparc.i12.2016-08-02.tif
GCSDIR /opt/freesurfer/average
GCS DKaparc.atlas.acfb40.noaparc.i12.2016-08-02.gcs
#######################################
#--------------------------------------------
#@# Tessellate lh Sat Mar 14 11:42:38 CET 2026
/out/sourcedata/freesurfer/sub-v2s9x29152_ses-1/scripts

 mri_pretess ../mri/filled.mgz 255 ../mri/norm.mgz ../mri/filled-pretess255.mgz 


Iteration Number : 1
pass   1 (xy+):   7 found -   7 modified     |    TOTAL:   7
pass   2 (xy+):   0 found -   7 modified     |    TOTAL:   7
pass   1 (xy-):   0 found -   0 modified     |    TOTAL:   7
pass   1 (yz+):  17 found -  17 modified     |    TOTAL:  24
pass   2 (yz+):   0 found -  17 modified     |    TOTAL:  24
pass   1 (yz-):   9 found -   9 modified     |    TOTAL:  33
pass   2 (yz-):   0 found -   9 modified     |    TOTAL:  33
pass   1 (xz+):   1 found -   1 modified     |    TOTAL:  34
pass   2 (xz+):   0 found -   1 modified     |    TOTAL:  34
pass   1 (xz-):   1 found -   1 modified     |    TOTAL:  35
pass   2 (xz-):   0 found -   1 modified     |    TOTAL:  35
Iteration Number : 1
pass   1 (+++):   2 found -   2 modified     |    TOTAL:   2
pass   2 (+++):   0 found -   2 modified     |    TOTAL:   2
pass   1 (+++):   0 found -   0 modified     |    TOTAL:   2
pass   1 (+++):   2 found -   2 modified     |    TOTAL:   4
pass   2 (+++):   0 found -   2 modified     |    TOTAL:   4
pass   1 (+++):   0 found -   0 modified     |    TOTAL:   4
Iteration Number : 1
pass   1 (++):   1 found -   1 modified     |    TOTAL:   1
pass   2 (++):   0 found -   1 modified     |    TOTAL:   1
pass   1 (+-):   1 found -   1 modified     |    TOTAL:   2
pass   2 (+-):   0 found -   1 modified     |    TOTAL:   2
pass   1 (--):   3 found -   3 modified     |    TOTAL:   5
pass   2 (--):   0 found -   3 modified     |    TOTAL:   5
pass   1 (-+):   3 found -   3 modified     |    TOTAL:   8
pass   2 (-+):   0 found -   3 modified     |    TOTAL:   8
Iteration Number : 2
pass   1 (xy+):   1 found -   1 modified     |    TOTAL:   1
pass   2 (xy+):   0 found -   1 modified     |    TOTAL:   1
pass   1 (xy-):   0 found -   0 modified     |    TOTAL:   1
pass   1 (yz+):   0 found -   0 modified     |    TOTAL:   1
pass   1 (yz-):   0 found -   0 modified     |    TOTAL:   1
pass   1 (xz+):   0 found -   0 modified     |    TOTAL:   1
pass   1 (xz-):   0 found -   0 modified     |    TOTAL:   1
Iteration Number : 2
pass   1 (+++):   0 found -   0 modified     |    TOTAL:   0
pass   1 (+++):   0 found -   0 modified     |    TOTAL:   0
pass   1 (+++):   0 found -   0 modified     |    TOTAL:   0
pass   1 (+++):   0 found -   0 modified     |    TOTAL:   0
Iteration Number : 2
pass   1 (++):   0 found -   0 modified     |    TOTAL:   0
pass   1 (+-):   0 found -   0 modified     |    TOTAL:   0
pass   1 (--):   0 found -   0 modified     |    TOTAL:   0
pass   1 (-+):   0 found -   0 modified     |    TOTAL:   0
Iteration Number : 3
pass   1 (xy+):   0 found -   0 modified     |    TOTAL:   0
pass   1 (xy-):   0 found -   0 modified     |    TOTAL:   0
pass   1 (yz+):   0 found -   0 modified     |    TOTAL:   0
pass   1 (yz-):   0 found -   0 modified     |    TOTAL:   0
pass   1 (xz+):   0 found -   0 modified     |    TOTAL:   0
pass   1 (xz-):   0 found -   0 modified     |    TOTAL:   0
Iteration Number : 3
pass   1 (+++):   0 found -   0 modified     |    TOTAL:   0
pass   1 (+++):   0 found -   0 modified     |    TOTAL:   0
pass   1 (+++):   0 found -   0 modified     |    TOTAL:   0
pass   1 (+++):   0 found -   0 modified     |    TOTAL:   0
Iteration Number : 3
pass   1 (++):   0 found -   0 modified     |    TOTAL:   0
pass   1 (+-):   0 found -   0 modified     |    TOTAL:   0
pass   1 (--):   0 found -   0 modified     |    TOTAL:   0
pass   1 (-+):   0 found -   0 modified     |    TOTAL:   0

Total Number of Modified Voxels = 48 (out of 249067: 0.019272)
Ambiguous edge configurations... 

mri_pretess done


 mri_tessellate ../mri/filled-pretess255.mgz 255 ../surf/lh.orig.nofix 

7.3.2
  7.3.2
slice 40: 2548 vertices, 2739 faces
slice 50: 10591 vertices, 10893 faces
slice 60: 20247 vertices, 20588 faces
slice 70: 30788 vertices, 31189 faces
slice 80: 41483 vertices, 41863 faces
slice 90: 52852 vertices, 53257 faces
slice 100: 64216 vertices, 64606 faces
slice 110: 74977 vertices, 75374 faces
slice 120: 85316 vertices, 85714 faces
slice 130: 96435 vertices, 96862 faces
slice 140: 105650 vertices, 105966 faces
slice 150: 113898 vertices, 114219 faces
slice 160: 120610 vertices, 120879 faces
slice 170: 126905 vertices, 127154 faces
slice 180: 131590 vertices, 131812 faces
slice 190: 134582 vertices, 134687 faces
slice 200: 134912 vertices, 134964 faces
slice 210: 134912 vertices, 134964 faces
slice 220: 134912 vertices, 134964 faces
slice 230: 134912 vertices, 134964 faces
slice 240: 134912 vertices, 134964 faces
slice 250: 134912 vertices, 134964 faces
using the conformed surface RAS to save vertex points...
writing ../surf/lh.orig.nofix
using vox2ras matrix:
-1.00000   0.00000   0.00000   128.00000;
 0.00000   0.00000   1.00000  -128.00000;
 0.00000  -1.00000   0.00000   128.00000;
 0.00000   0.00000   0.00000   1.00000;

 rm -f ../mri/filled-pretess255.mgz 


 mris_extract_main_component ../surf/lh.orig.nofix ../surf/lh.orig.nofix 


counting number of connected components...
   134912 voxel in cpt #1: X=-52 [v=134912,e=404892,f=269928] located at (-16.523497, -23.865793, -6.920192)
For the whole surface: X=-52 [v=134912,e=404892,f=269928]
One single component has been found
nothing to do
done

#--------------------------------------------
#@# Smooth1 lh Sat Mar 14 11:42:41 CET 2026
/out/sourcedata/freesurfer/sub-v2s9x29152_ses-1/scripts

 mris_smooth -nw -seed 1234 ../surf/lh.orig.nofix ../surf/lh.smoothwm.nofix 

setting seed for random number generator to 1234
smoothing surface tessellation for 10 iterations...
smoothing complete - recomputing first and second fundamental forms...
#--------------------------------------------
#@# Inflation1 lh Sat Mar 14 11:42:43 CET 2026
/out/sourcedata/freesurfer/sub-v2s9x29152_ses-1/scripts

 mris_inflate -no-save-sulc ../surf/lh.smoothwm.nofix ../surf/lh.inflated.nofix 

Not saving sulc
Reading ../surf/lh.smoothwm.nofix
avg radius = 46.8 mm, total surface area = 71596 mm^2
step 000: RMS=0.157 (target=0.015)   step 005: RMS=0.119 (target=0.015)   step 010: RMS=0.090 (target=0.015)   step 015: RMS=0.075 (target=0.015)   step 020: RMS=0.066 (target=0.015)   step 025: RMS=0.061 (target=0.015)   step 030: RMS=0.056 (target=0.015)   step 035: RMS=0.052 (target=0.015)   step 040: RMS=0.049 (target=0.015)   step 045: RMS=0.048 (target=0.015)   step 050: RMS=0.047 (target=0.015)   step 055: RMS=0.048 (target=0.015)   step 060: RMS=0.048 (target=0.015)   writing inflated surface to ../surf/lh.inflated.nofix
inflation took 0.1 minutes

inflation complete.
Not saving sulc
mris_inflate utimesec    38.284402
mris_inflate stimesec    1.659901
mris_inflate ru_maxrss   213804
mris_inflate ru_ixrss    0
mris_inflate ru_idrss    0
mris_inflate ru_isrss    0
mris_inflate ru_minflt   516842
mris_inflate ru_majflt   46
mris_inflate ru_nswap    0
mris_inflate ru_inblock  1672
mris_inflate ru_oublock  9496
mris_inflate ru_msgsnd   0
mris_inflate ru_msgrcv   0
mris_inflate ru_nsignals 0
mris_inflate ru_nvcsw    4748
mris_inflate ru_nivcsw   203
#--------------------------------------------
#@# QSphere lh Sat Mar 14 11:42:51 CET 2026
/out/sourcedata/freesurfer/sub-v2s9x29152_ses-1/scripts

 mris_sphere -q -p 6 -a 128 -seed 1234 ../surf/lh.inflated.nofix ../surf/lh.qsphere.nofix 

doing quick spherical unfolding.
limitting unfolding to 6 passes
using n_averages = 128
setting seed for random number genererator to 1234
version: 7.3.2
available threads: 16
scaling brain by 0.314...
inflating...
projecting onto sphere...
surface projected - minimizing metric distortion...
vertex spacing 0.99 +- 0.58 (0.00-->6.65) (max @ vno 61746 --> 62887)
face area 0.03 +- 0.03 (-0.32-->0.61)
Entering MRISinflateToSphere()
inflating to sphere (rms error < 2.00)
000: dt: 0.0000, rms radial error=176.563, avgs=0
005/300: dt: 0.9000, rms radial error=176.305, avgs=0
010/300: dt: 0.9000, rms radial error=175.752, avgs=0
015/300: dt: 0.9000, rms radial error=175.024, avgs=0
020/300: dt: 0.9000, rms radial error=174.196, avgs=0
025/300: dt: 0.9000, rms radial error=173.310, avgs=0
030/300: dt: 0.9000, rms radial error=172.391, avgs=0
035/300: dt: 0.9000, rms radial error=171.456, avgs=0
040/300: dt: 0.9000, rms radial error=170.513, avgs=0
045/300: dt: 0.9000, rms radial error=169.567, avgs=0
050/300: dt: 0.9000, rms radial error=168.622, avgs=0
055/300: dt: 0.9000, rms radial error=167.679, avgs=0
060/300: dt: 0.9000, rms radial error=166.739, avgs=0
065/300: dt: 0.9000, rms radial error=165.803, avgs=0
070/300: dt: 0.9000, rms radial error=164.871, avgs=0
075/300: dt: 0.9000, rms radial error=163.944, avgs=0
080/300: dt: 0.9000, rms radial error=163.022, avgs=0
085/300: dt: 0.9000, rms radial error=162.104, avgs=0
090/300: dt: 0.9000, rms radial error=161.192, avgs=0
095/300: dt: 0.9000, rms radial error=160.284, avgs=0
100/300: dt: 0.9000, rms radial error=159.380, avgs=0
105/300: dt: 0.9000, rms radial error=158.482, avgs=0
110/300: dt: 0.9000, rms radial error=157.589, avgs=0
115/300: dt: 0.9000, rms radial error=156.701, avgs=0
120/300: dt: 0.9000, rms radial error=155.817, avgs=0
125/300: dt: 0.9000, rms radial error=154.939, avgs=0
130/300: dt: 0.9000, rms radial error=154.065, avgs=0
135/300: dt: 0.9000, rms radial error=153.197, avgs=0
140/300: dt: 0.9000, rms radial error=152.333, avgs=0
145/300: dt: 0.9000, rms radial error=151.474, avgs=0
150/300: dt: 0.9000, rms radial error=150.622, avgs=0
155/300: dt: 0.9000, rms radial error=149.774, avgs=0
160/300: dt: 0.9000, rms radial error=148.931, avgs=0
165/300: dt: 0.9000, rms radial error=148.093, avgs=0
170/300: dt: 0.9000, rms radial error=147.259, avgs=0
175/300: dt: 0.9000, rms radial error=146.431, avgs=0
180/300: dt: 0.9000, rms radial error=145.606, avgs=0
185/300: dt: 0.9000, rms radial error=144.787, avgs=0
190/300: dt: 0.9000, rms radial error=143.971, avgs=0
195/300: dt: 0.9000, rms radial error=143.161, avgs=0
200/300: dt: 0.9000, rms radial error=142.355, avgs=0
205/300: dt: 0.9000, rms radial error=141.553, avgs=0
210/300: dt: 0.9000, rms radial error=140.755, avgs=0
215/300: dt: 0.9000, rms radial error=139.962, avgs=0
220/300: dt: 0.9000, rms radial error=139.174, avgs=0
225/300: dt: 0.9000, rms radial error=138.390, avgs=0
230/300: dt: 0.9000, rms radial error=137.610, avgs=0
235/300: dt: 0.9000, rms radial error=136.835, avgs=0
240/300: dt: 0.9000, rms radial error=136.064, avgs=0
245/300: dt: 0.9000, rms radial error=135.297, avgs=0
250/300: dt: 0.9000, rms radial error=134.534, avgs=0
255/300: dt: 0.9000, rms radial error=133.776, avgs=0
260/300: dt: 0.9000, rms radial error=133.022, avgs=0
265/300: dt: 0.9000, rms radial error=132.273, avgs=0
270/300: dt: 0.9000, rms radial error=131.527, avgs=0
275/300: dt: 0.9000, rms radial error=130.786, avgs=0
280/300: dt: 0.9000, rms radial error=130.049, avgs=0
285/300: dt: 0.9000, rms radial error=129.316, avgs=0
290/300: dt: 0.9000, rms radial error=128.587, avgs=0
295/300: dt: 0.9000, rms radial error=127.862, avgs=0
300/300: dt: 0.9000, rms radial error=127.141, avgs=0

spherical inflation complete.
epoch 1 (K=10.0), pass 1, starting sse = 15741.55
taking momentum steps...
taking momentum steps...
taking momentum steps...
taking momentum steps...
pass 1 complete, delta sse/iter = 0.00/13 = 0.00035
epoch 2 (K=40.0), pass 1, starting sse = 2575.09
taking momentum steps...
taking momentum steps...
taking momentum steps...
taking momentum steps...
pass 1 complete, delta sse/iter = 0.00/13 = 0.00037
epoch 3 (K=160.0), pass 1, starting sse = 250.38
taking momentum steps...
taking momentum steps...
taking momentum steps...
taking momentum steps...
pass 1 complete, delta sse/iter = 0.12/16 = 0.00756
epoch 4 (K=640.0), pass 1, starting sse = 16.94
taking momentum steps...
taking momentum steps...
taking momentum steps...
taking momentum steps...
pass 1 complete, delta sse/iter = 0.06/17 = 0.00351
final distance error %100000.00
writing spherical brain to ../surf/lh.qsphere.nofix
spherical transformation took 0.0106 hours
FSRUNTIME@ mris_sphere  0.0106 hours 16 threads
#VMPC# mris_sphere VmPeak  1553380
mris_sphere done
#@# Fix Topology lh Sat Mar 14 11:43:29 CET 2026

 mris_fix_topology -mgz -sphere qsphere.nofix -inflated inflated.nofix -orig orig.nofix -out orig.premesh -ga -seed 1234 sub-v2s9x29152_ses-1 lh 

reading spherical homeomorphism from 'qsphere.nofix'
reading inflated coordinates from 'inflated.nofix'
reading original coordinates from 'orig.nofix'
using genetic algorithm with optimized parameters
setting seed for random number genererator to 1234

*************************************************************
Topology Correction Parameters
retessellation mode:           genetic search
number of patches/generation : 10
number of generations :        10
surface mri loglikelihood coefficient :         1.0
volume mri loglikelihood coefficient :          10.0
normal dot loglikelihood coefficient :          1.0
quadratic curvature loglikelihood coefficient : 1.0
volume resolution :                             2
eliminate vertices during search :              1
initial patch selection :                       1
select all defect vertices :                    0
ordering dependant retessellation:              0
use precomputed edge table :                    0
smooth retessellated patch :                    2
match retessellated patch :                     1
verbose mode :                                  0

*************************************************************
INFO: assuming .mgz format
writing corrected surface to 'orig.premesh'
7.3.2
  7.3.2
before topology correction, eno=-52 (nv=134912, nf=269928, ne=404892, g=27)
using quasi-homeomorphic spherical map to tessellate cortical surface...

Correction of the Topology
Finding true center and radius of Spherical Surface...done
Surface centered at (0,0,0) with radius 100.0 in 8 iterations
marking ambiguous vertices...
8980 ambiguous faces found in tessellation
segmenting defects...
31 defects found, arbitrating ambiguous regions...
analyzing neighboring defects...
      -merging segment 4 into 2
      -merging segment 7 into 2
      -merging segment 11 into 13
      -merging segment 20 into 19
      -merging segment 30 into 29
26 defects to be corrected 
0 vertices coincident
reading input surface /out/sourcedata/freesurfer/sub-v2s9x29152_ses-1/surf/lh.qsphere.nofix...
reading brain volume from brain...
reading wm segmentation from wm...
Reading original properties of orig.nofix
Reading vertex positions of inflated.nofix
Computing Initial Surface Statistics
      -face       loglikelihood: -9.3043  (-4.6521)
      -vertex     loglikelihood: -6.4704  (-3.2352)
      -normal dot loglikelihood: -3.6203  (-3.6203)
      -quad curv  loglikelihood: -6.1710  (-3.0855)
      Total Loglikelihood : -25.5660
CORRECTING DEFECT 0 (vertices=247, convex hull=240, v0=1312)
After retessellation of defect 0 (v0=1312), euler #=-27 (129891,388524,258606) : difference with theory (-23) = 4 
CORRECTING DEFECT 1 (vertices=6, convex hull=25, v0=8745)
After retessellation of defect 1 (v0=8745), euler #=-26 (129892,388535,258617) : difference with theory (-22) = 4 
CORRECTING DEFECT 2 (vertices=1851, convex hull=859, v0=13233)
An extra large defect has been detected...
This often happens because cerebellum or dura has not been removed from wm.mgz.
This may cause recon-all to run very slowly or crash.
if so, see https://surfer.nmr.mgh.harvard.edu/fswiki/FsTutorial/TopologicalDefect_freeview
After retessellation of defect 2 (v0=13233), euler #=-23 (130385,390467,260059) : difference with theory (-21) = 2 
CORRECTING DEFECT 3 (vertices=23, convex hull=59, v0=13338)
After retessellation of defect 3 (v0=13338), euler #=-22 (130393,390511,260096) : difference with theory (-20) = 2 
CORRECTING DEFECT 4 (vertices=83, convex hull=53, v0=41269)
After retessellation of defect 4 (v0=41269), euler #=-21 (130414,390599,260164) : difference with theory (-19) = 2 
CORRECTING DEFECT 5 (vertices=70, convex hull=96, v0=49224)
After retessellation of defect 5 (v0=49224), euler #=-20 (130438,390713,260255) : difference with theory (-18) = 2 
CORRECTING DEFECT 6 (vertices=85, convex hull=109, v0=70435)
After retessellation of defect 6 (v0=70435), euler #=-19 (130492,390925,260414) : difference with theory (-17) = 2 
CORRECTING DEFECT 7 (vertices=42, convex hull=73, v0=71964)
After retessellation of defect 7 (v0=71964), euler #=-18 (130516,391029,260495) : difference with theory (-16) = 2 
CORRECTING DEFECT 8 (vertices=19, convex hull=33, v0=75858)
After retessellation of defect 8 (v0=75858), euler #=-17 (130524,391065,260524) : difference with theory (-15) = 2 
CORRECTING DEFECT 9 (vertices=214, convex hull=66, v0=80612)
After retessellation of defect 9 (v0=80612), euler #=-16 (130546,391154,260592) : difference with theory (-14) = 2 
CORRECTING DEFECT 10 (vertices=41, convex hull=38, v0=82206)
After retessellation of defect 10 (v0=82206), euler #=-14 (130553,391188,260621) : difference with theory (-13) = 1 
CORRECTING DEFECT 11 (vertices=25, convex hull=37, v0=86214)
After retessellation of defect 11 (v0=86214), euler #=-13 (130555,391210,260642) : difference with theory (-12) = 1 
CORRECTING DEFECT 12 (vertices=80, convex hull=80, v0=87238)
After retessellation of defect 12 (v0=87238), euler #=-12 (130584,391333,260737) : difference with theory (-11) = 1 
CORRECTING DEFECT 13 (vertices=90, convex hull=61, v0=87403)
After retessellation of defect 13 (v0=87403), euler #=-11 (130606,391425,260808) : difference with theory (-10) = 1 
CORRECTING DEFECT 14 (vertices=173, convex hull=42, v0=90429)
After retessellation of defect 14 (v0=90429), euler #=-10 (130618,391478,260850) : difference with theory (-9) = 1 
CORRECTING DEFECT 15 (vertices=57, convex hull=30, v0=93605)
After retessellation of defect 15 (v0=93605), euler #=-9 (130625,391507,260873) : difference with theory (-8) = 1 
CORRECTING DEFECT 16 (vertices=198, convex hull=168, v0=93673)
After retessellation of defect 16 (v0=93673), euler #=-7 (130709,391843,261127) : difference with theory (-7) = 0 
CORRECTING DEFECT 17 (vertices=20, convex hull=46, v0=97858)
After retessellation of defect 17 (v0=97858), euler #=-6 (130724,391902,261172) : difference with theory (-6) = 0 
CORRECTING DEFECT 18 (vertices=58, convex hull=28, v0=98104)
After retessellation of defect 18 (v0=98104), euler #=-5 (130731,391931,261195) : difference with theory (-5) = 0 
CORRECTING DEFECT 19 (vertices=6, convex hull=25, v0=100190)
After retessellation of defect 19 (v0=100190), euler #=-4 (130733,391946,261209) : difference with theory (-4) = 0 
CORRECTING DEFECT 20 (vertices=567, convex hull=95, v0=100975)
After retessellation of defect 20 (v0=100975), euler #=-4 (130771,392107,261332) : difference with theory (-3) = 1 
CORRECTING DEFECT 21 (vertices=6, convex hull=15, v0=101785)
After retessellation of defect 21 (v0=101785), euler #=-3 (130772,392114,261339) : difference with theory (-2) = 1 
CORRECTING DEFECT 22 (vertices=63, convex hull=55, v0=102812)
After retessellation of defect 22 (v0=102812), euler #=-2 (130786,392175,261387) : difference with theory (-1) = 1 
CORRECTING DEFECT 23 (vertices=326, convex hull=57, v0=106243)
After retessellation of defect 23 (v0=106243), euler #=-1 (130808,392266,261457) : difference with theory (0) = 1 
CORRECTING DEFECT 24 (vertices=715, convex hull=204, v0=111075)
After retessellation of defect 24 (v0=111075), euler #=0 (130853,392508,261655) : difference with theory (1) = 1 
CORRECTING DEFECT 25 (vertices=68, convex hull=99, v0=125678)
After retessellation of defect 25 (v0=125678), euler #=2 (130871,392607,261738) : difference with theory (2) = 0 
computing original vertex metric properties...
storing new metric properties...
computing tessellation statistics...
vertex spacing 0.89 +- 0.22 (0.10-->7.47) (max @ vno 107860 --> 113406)
face area -nan +- -nan (1000.00-->-1.00)
performing soap bubble on retessellated vertices for 0 iterations...
vertex spacing 0.89 +- 0.22 (0.10-->7.47) (max @ vno 107860 --> 113406)
face area -nan +- -nan (1000.00-->-1.00)
tessellation finished, orienting corrected surface...
90 mutations (33.8%), 176 crossovers (66.2%), 166 vertices were eliminated
building final representation...
4041 vertices and 0 faces have been removed from triangulation
after topology correction, eno=2 (nv=130871, nf=261738, ne=392607, g=0)
writing corrected surface to /out/sourcedata/freesurfer/sub-v2s9x29152_ses-1/surf/lh.orig.premesh...

0.000 % of the vertices (0 vertices) exhibit an orientation change
removing intersecting faces
000: 278 intersecting
001: 19 intersecting
terminating search with 0 intersecting
topology fixing took 1.5 minutes
FSRUNTIME@ mris_fix_topology lh  0.0257 hours 16 threads
#VMPC# mris_fix_topology VmPeak  2072328

 mris_euler_number ../surf/lh.orig.premesh 

euler # = v-e+f = 2g-2: 130871 - 392607 + 261738 = 2 --> 0 holes
      F =2V-4:          261738 = 261742-4 (0)
      2E=3F:            785214 = 785214 (0)

total defect index = 0
Sat Mar 14 11:45:02 CET 2026

setenv SUBJECTS_DIR /out/sourcedata/freesurfer
cd /out/sourcedata/freesurfer/sub-v2s9x29152_ses-1/scripts
/opt/freesurfer/bin/defect2seg --s sub-v2s9x29152_ses-1 --lh-only --cortex

freesurfer-linux-ubuntu22_x86_64-7.3.2-20220804-6354275
defect2seg 7.3.2
Linux dna067 5.14.0-427.37.1.el9_4.x86_64 #1 SMP PREEMPT_DYNAMIC Fri Sep 13 12:41:50 EDT 2024 x86_64 x86_64 x86_64 GNU/Linux
pid 2859326
mri_label2label --label-cortex /out/sourcedata/freesurfer/sub-v2s9x29152_ses-1/surf/lh.orig.nofix /out/sourcedata/freesurfer/sub-v2s9x29152_ses-1/mri/aseg.presurf.mgz 0 /out/sourcedata/freesurfer/sub-v2s9x29152_ses-1/label/lh.nofix.cortex.label

 Generating cortex label... RemoveHipAmgy=0
 NucAccIsMedialWall=0
 mris->useRealRAS=0
19 non-cortical segments detected
only using segment with 7714 vertices
erasing segment 0 (vno[0] = 40079)
erasing segment 2 (vno[0] = 53638)
erasing segment 3 (vno[0] = 87919)
erasing segment 4 (vno[0] = 92054)
erasing segment 5 (vno[0] = 93578)
erasing segment 6 (vno[0] = 95982)
erasing segment 7 (vno[0] = 97057)
erasing segment 8 (vno[0] = 97061)
erasing segment 9 (vno[0] = 97138)
erasing segment 10 (vno[0] = 97174)
erasing segment 11 (vno[0] = 98054)
erasing segment 12 (vno[0] = 99002)
erasing segment 13 (vno[0] = 99233)
erasing segment 14 (vno[0] = 99871)
erasing segment 15 (vno[0] = 100904)
erasing segment 16 (vno[0] = 100994)
erasing segment 17 (vno[0] = 111061)
erasing segment 18 (vno[0] = 117882)
mri_label2vol --defects /out/sourcedata/freesurfer/sub-v2s9x29152_ses-1/surf/lh.orig.nofix /out/sourcedata/freesurfer/sub-v2s9x29152_ses-1/surf/lh.defect_labels /out/sourcedata/freesurfer/sub-v2s9x29152_ses-1/mri/orig.mgz 1000 0 /out/sourcedata/freesurfer/sub-v2s9x29152_ses-1/mri/lh.surface.defects.mgz /out/sourcedata/freesurfer/sub-v2s9x29152_ses-1/label/lh.nofix.cortex.label
mri_label2vol supposed to be reproducible but seed not set
Contraining to label /out/sourcedata/freesurfer/sub-v2s9x29152_ses-1/label/lh.nofix.cortex.label
Changing input type 0 to MRI_INT
Converting defects to volume: offset=1000, merge=0
Writing to /out/sourcedata/freesurfer/sub-v2s9x29152_ses-1/mri/lh.surface.defects.mgz
mris_defects_pointset -s /out/sourcedata/freesurfer/sub-v2s9x29152_ses-1/surf/lh.orig.nofix -d /out/sourcedata/freesurfer/sub-v2s9x29152_ses-1/surf/lh.defect_labels -o /out/sourcedata/freesurfer/sub-v2s9x29152_ses-1/surf/lh.defects.pointset --label /out/sourcedata/freesurfer/sub-v2s9x29152_ses-1/label/lh.nofix.cortex.label
Reading in surface /out/sourcedata/freesurfer/sub-v2s9x29152_ses-1/surf/lh.orig.nofix
Reading in defect segmentation /out/sourcedata/freesurfer/sub-v2s9x29152_ses-1/surf/lh.defect_labels
Reading in label /out/sourcedata/freesurfer/sub-v2s9x29152_ses-1/label/lh.nofix.cortex.label
#VMPC# mris_defects_pointset 1299592
mris_defects_pointset done
 
Started at Sat Mar 14 11:45:02 CET 2026 
Ended   at Sat Mar 14 11:45:13 CET 2026
Defect2seg-Run-Time-Sec 11
Defect2seg-Run-Time-Min 0.22
Defect2seg-Run-Time-Hours 0.00
 
tkmeditfv sub-v2s9x29152_ses-1 brain.finalsurfs.mgz -defect
defect2seg Done

 mris_remesh --remesh --iters 3 --input /out/sourcedata/freesurfer/sub-v2s9x29152_ses-1/surf/lh.orig.premesh --output /out/sourcedata/freesurfer/sub-v2s9x29152_ses-1/surf/lh.orig 

iters = 3
standard remeshing without target
   adjusted l: 0.711099
remeshing to edge length 0.711099 with 3 iterations

avg qual before   : 0.890889  after: 0.971338

Removing intersections
Remeshed surface quality stats nv0 = 130871  nv = 136397  1.04222
Area    272790  0.30278  0.03365 0.081182   0.4843
Corner  818370 60.00000  8.76910 14.508759 149.7853
Edge    409185  0.84413  0.08225 0.459938   1.2483
Hinge   409185  9.84896 10.70454 0.000000 151.0962
mris_remesh done
/out/sourcedata/freesurfer/sub-v2s9x29152_ses-1/scripts

 mris_remove_intersection ../surf/lh.orig ../surf/lh.orig 

intersection removal took 0.00 hours
writing corrected surface to ../surf/lh.orig

 rm -f ../surf/lh.inflated 

#--------------------------------------------
#@# AutoDetGWStats lh Sat Mar 14 11:45:37 CET 2026
cd /out/sourcedata/freesurfer/sub-v2s9x29152_ses-1/mri
mris_autodet_gwstats --o ../surf/autodet.gw.stats.lh.dat --i brain.finalsurfs.mgz --wm wm.mgz --surf ../surf/lh.orig.premesh
7.3.2

cd /out/sourcedata/freesurfer/sub-v2s9x29152_ses-1/mri
setenv SUBJECTS_DIR /out/sourcedata/freesurfer
mris_autodet_gwstats --o ../surf/autodet.gw.stats.lh.dat --i brain.finalsurfs.mgz --wm wm.mgz --surf ../surf/lh.orig.premesh 

border white:    247508 voxels (1.48%)
border gray      299585 voxels (1.79%)
Reading in intensity volume brain.finalsurfs.mgz
Reading in wm volume wm.mgz
Reading in surf ../surf/lh.orig.premesh
Auto detecting stats
MRIclipBrightWM(): nthresh=17938, wmmin=5, clip=110 
Binarizing thresholding at 5
computing class statistics... low=30, hi=110.000000
CCS WM (97.0): 97.1 +- 9.2 [70.0 --> 110.0]
CCS GM (67.0) : 67.5 +- 10.0 [30.0 --> 110.0]
white_mean = 97.0907 +/- 9.23421, gray_mean = 67.4824 +/- 9.96637
using class modes intead of means, discounting robust sigmas....
MRIScomputeClassModes(): min=0 max=221 nbins=222
intensity peaks found at WM=102+-7.0,    GM=61+-7.0
white_mode = 102, gray_mode = 61
std_scale = 1
Applying sanity checks, max_scale_down = 0.2
setting MIN_GRAY_AT_WHITE_BORDER to 51.0 (was 70.000000)
setting MAX_BORDER_WHITE to 111.2 (was 105.000000)
setting MIN_BORDER_WHITE to 61.0 (was 85.000000)
setting MAX_CSF to 41.1 (was 40.000000)
setting MAX_GRAY to 92.8 (was 95.000000)
setting MAX_GRAY_AT_CSF_BORDER to 51.0 (was 75.000000)
setting MIN_GRAY_AT_CSF_BORDER to 31.1 (was 40.000000)
When placing the white surface
  white_border_hi   = 111.234;
  white_border_low  = 61;
  white_outside_low = 51.0336;
  white_inside_hi   = 120;
  white_outside_hi  = 111.234;
When placing the pial surface
  pial_border_hi   = 51.0336;
  pial_border_low  = 31.1009;
  pial_outside_low = 10;
  pial_inside_hi   = 92.7658;
  pial_outside_hi  = 46.0505;
#VMPC# mris_autodet_gwstats VmPeak  1526468
mris_autodet_gwstats done
#--------------------------------------------
#@# WhitePreAparc lh Sat Mar 14 11:45:39 CET 2026
cd /out/sourcedata/freesurfer/sub-v2s9x29152_ses-1/mri
mris_place_surface --adgws-in ../surf/autodet.gw.stats.lh.dat --wm wm.mgz --threads 16 --invol brain.finalsurfs.mgz --lh --i ../surf/lh.orig --o ../surf/lh.white.preaparc --white --seg aseg.presurf.mgz --nsmooth 5
7.3.2
7.3.2

cd /out/sourcedata/freesurfer/sub-v2s9x29152_ses-1/mri
setenv SUBJECTS_DIR /out/sourcedata/freesurfer
mris_place_surface --adgws-in ../surf/autodet.gw.stats.lh.dat --wm wm.mgz --threads 16 --invol brain.finalsurfs.mgz --lh --i ../surf/lh.orig --o ../surf/lh.white.preaparc --white --seg aseg.presurf.mgz --nsmooth 5 

Reading in input surface ../surf/lh.orig
Smoothing surface before ripping with 5 iterations
Area    272790  0.26589  0.06456 0.007536   0.5808
Corner  818370 60.00000  9.69202 11.815203 147.6467
Edge    409185  0.78730  0.11719 0.091528   1.2982
Hinge   409185  6.59964  6.74774 0.000023 139.3325
Not reading in aparc
Reading in input volume brain.finalsurfs.mgz
Reading in wm volume wm.mgz
MRIclipBrightWM(): nthresh=17938, wmmin=5, clip=110 
MRIfindBrightNonWM(): 3467 bright non-wm voxels segmented.
Masking bright non-wm for white surface
MRImask(): AllowDiffGeom = 1
MRImask(): AllowDiffGeom = 1
Reading in seg volume aseg.presurf.mgz
Ripping frozen voxels
INFO: rip surface needed but not specified, so using input surface
Freezing midline and others
Entering: MRISripMidline(): inhibiting deformation at non-cortical midline structures...
  which=1, fix_mtl=0, using annot = 0
#FML0# MRISripMidline(): nripped=0
removing 3 vertices from ripped group in thread:0
removing 3 vertices from ripped group in thread:0
removing 3 vertices from ripped group in thread:0
#FML# MRISripMidline(): nmarked=6906, nmarked2=244, nripped=6906
Ripping segs (eg, WMSA, BG, frozen)
Starting MRISripSegs() d = (-2 2 0.5) segnos: 247 
MRISripSegs(): -2 2 0.5 ripped 0
vertex 68199: xyz = (7.12596,-12.6158,-23.4539) oxyz = (7.12596,-12.6158,-23.4539) wxzy = (7.12596,-12.6158,-23.4539) pxyz = (0,0,0) 
CBVO Creating mask 136397
n_averages 4
Iteration 0 =========================================
n_averages=4, current_sigma=2
Freezing midline and others
Ripping frozen voxels
INFO: rip surface needed but not specified, so using input surface
Freezing midline and others
Entering: MRISripMidline(): inhibiting deformation at non-cortical midline structures...
  which=1, fix_mtl=0, using annot = 0
#FML0# MRISripMidline(): nripped=6906
removing 3 vertices from ripped group in thread:0
removing 3 vertices from ripped group in thread:0
removing 3 vertices from ripped group in thread:0
#FML# MRISripMidline(): nmarked=6906, nmarked2=244, nripped=6906
Ripping segs (eg, WMSA, BG, frozen)
Starting MRISripSegs() d = (-2 2 0.5) segnos: 247 247 
MRISripSegs(): -2 2 0.5 ripped 0
Computing target border values 
Entering MRIScomputeBorderValues_new(): 
  inside_hi   = 120.0000000;
  border_hi   = 111.2342070;
  border_low  =  61.0000000;
  outside_low =  51.0336340;
  outside_hi  = 111.2342070;
  sigma = 2;
  max_thickness = 10;
  step_size=0.5;
  STEP_SIZE=0.1;
  which = 1
  thresh = 0
  flags = 0
  CBVfindFirstPeakD1=0
  CBVfindFirstPeakD2=0
  nvertices=136397
  Gdiag_no=-1
  vno start=0, stop=136397
Replacing 255s with 0s
#SI# sigma=2 had to be increased for 140 vertices, nripped=6906
mean border=77.3, 62 (62) missing vertices, mean dist 0.2 [0.5 (%41.8)->0.7 (%58.2))]
%87 local maxima, % 8 large gradients and % 0 min vals, 0 gradients ignored
nFirstPeakD1 0
MRIScomputeBorderValues_new() finished in 0.0122 min


Finding expansion regions
mean absolute distance = 0.62 +- 0.78
4185 vertices more than 2 sigmas from mean.
Averaging target values for 5 iterations...
Positioning Surface: tspring = 0.3, nspring = 0.3, spring = 0, niters = 100 l_repulse = 5, l_surf_repulse = 0, checktol = 0
Positioning pial surface
Entering MRISpositionSurface()
  max_mm = 0.3
  MAX_REDUCTIONS = 2, REDUCTION_PCT = 0.5
  parms->check_tol = 0, niterations = 100
tol=1.0e-04, sigma=2.0, host=dna06, nav=4, nbrs=2, l_repulse=5.000, l_tspring=0.300, l_nspring=0.300, l_intensity=0.200, l_curv=1.000
mom=0.00, dt=0.50
complete_dist_mat 0
rms 0
smooth_averages 0
remove_neg 0
ico_order 0
which_surface 0
target_radius 0.000000
nfields 0
scale 0.000000
desired_rms_height 0.000000
momentum 0.000000
nbhd_size 0
max_nbrs 0
niterations 100
nsurfaces 0
SURFACES 3
flags 0 (0)
use curv 0
no sulc 0
no rigid align 0
mris->nsize 2
mris->hemisphere 0
randomSeed 0

000: dt: 0.0000, sse=3239749.8, rms=10.926
001: dt: 0.5000, sse=1692526.0, rms=7.733 (29.225%)
002: dt: 0.5000, sse=1095979.9, rms=6.066 (21.553%)
003: dt: 0.5000, sse=824518.0, rms=5.120 (15.599%)
004: dt: 0.5000, sse=672838.8, rms=4.510 (11.921%)
005: dt: 0.5000, sse=596193.6, rms=4.149 (7.993%)
006: dt: 0.5000, sse=553994.6, rms=3.943 (4.975%)
007: dt: 0.5000, sse=536184.2, rms=3.847 (2.423%)
008: dt: 0.5000, sse=520820.6, rms=3.771 (1.970%)
rms = 3.7543/3.7715, sse=523496.9/520820.6, time step reduction 1 of 3 to 0.250  0 1 1
009: dt: 0.5000, sse=523496.9, rms=3.754 (0.456%)
010: dt: 0.2500, sse=272523.8, rms=2.104 (43.964%)
011: dt: 0.2500, sse=231039.5, rms=1.698 (19.289%)
012: dt: 0.2500, sse=220695.5, rms=1.571 (7.461%)
013: dt: 0.2500, sse=214767.6, rms=1.499 (4.593%)
rms = 1.4612/1.4991, sse=212157.2/214767.6, time step reduction 2 of 3 to 0.125  0 0 1
014: dt: 0.2500, sse=212157.2, rms=1.461 (2.525%)
015: dt: 0.1250, sse=205325.2, rms=1.370 (6.248%)
rms = 1.3526/1.3699, sse=204481.3/205325.2, time step reduction 3 of 3 to 0.062  0 0 1
016: dt: 0.1250, sse=204481.3, rms=1.353 (1.267%)
  maximum number of reductions reached, breaking from loop
positioning took 1.0 minutes
Iteration 1 =========================================
n_averages=2, current_sigma=1
Freezing midline and others
Ripping frozen voxels
INFO: rip surface needed but not specified, so using input surface
Freezing midline and others
Entering: MRISripMidline(): inhibiting deformation at non-cortical midline structures...
  which=1, fix_mtl=0, using annot = 0
#FML0# MRISripMidline(): nripped=6906
removing 3 vertices from ripped group in thread:0
removing 2 vertices from ripped group in thread:0
removing 3 vertices from ripped group in thread:0
removing 3 vertices from ripped group in thread:0
removing 4 vertices from ripped group in thread:0
removing 3 vertices from ripped group in thread:0
#FML# MRISripMidline(): nmarked=7121, nmarked2=299, nripped=7121
Ripping segs (eg, WMSA, BG, frozen)
Starting MRISripSegs() d = (-2 2 0.5) segnos: 247 247 247 
MRISripSegs(): -2 2 0.5 ripped 0
Computing target border values 
Entering MRIScomputeBorderValues_new(): 
  inside_hi   = 120.0000000;
  border_hi   = 111.2342070;
  border_low  =  61.0000000;
  outside_low =  51.0336340;
  outside_hi  = 111.2342070;
  sigma = 1;
  max_thickness = 10;
  step_size=0.5;
  STEP_SIZE=0.1;
  which = 1
  thresh = 0
  flags = 0
  CBVfindFirstPeakD1=0
  CBVfindFirstPeakD2=0
  nvertices=136397
  Gdiag_no=-1
  vno start=0, stop=136397
Replacing 255s with 0s
#SI# sigma=1 had to be increased for 147 vertices, nripped=7121
mean border=79.6, 127 (27) missing vertices, mean dist -0.1 [0.3 (%72.0)->0.3 (%28.0))]
%90 local maxima, % 5 large gradients and % 0 min vals, 0 gradients ignored
nFirstPeakD1 0
MRIScomputeBorderValues_new() finished in 0.0082 min


Finding expansion regions
mean absolute distance = 0.26 +- 0.47
2447 vertices more than 2 sigmas from mean.
Averaging target values for 5 iterations...
Positioning Surface: tspring = 0.3, nspring = 0.3, spring = 0, niters = 100 l_repulse = 5, l_surf_repulse = 0, checktol = 0
Positioning pial surface
Entering MRISpositionSurface()
  max_mm = 0.3
  MAX_REDUCTIONS = 2, REDUCTION_PCT = 0.5
  parms->check_tol = 0, niterations = 100
tol=1.0e-04, sigma=1.0, host=dna06, nav=2, nbrs=2, l_repulse=5.000, l_tspring=0.300, l_nspring=0.300, l_intensity=0.200, l_curv=1.000
mom=0.00, dt=0.50
000: dt: 0.0000, sse=670707.0, rms=4.241
017: dt: 0.5000, sse=441973.4, rms=2.996 (29.345%)
rms = 3.3758/2.9963, sse=504832.6/441973.4, time step reduction 1 of 3 to 0.250  0 1 1
   RMS increased, rejecting step
018: dt: 0.2500, sse=316257.2, rms=2.032 (32.172%)
019: dt: 0.2500, sse=268369.5, rms=1.544 (24.050%)
020: dt: 0.2500, sse=254457.6, rms=1.350 (12.550%)
021: dt: 0.2500, sse=249227.6, rms=1.281 (5.131%)
rms = 1.2407/1.2806, sse=249475.5/249227.6, time step reduction 2 of 3 to 0.125  0 1 1
022: dt: 0.2500, sse=249475.5, rms=1.241 (3.117%)
rms = 1.1700/1.2407, sse=254258.8/249475.5, time step reduction 3 of 3 to 0.062  0 1 0
023: dt: 0.1250, sse=254258.8, rms=1.170 (5.701%)
  maximum number of reductions reached, breaking from loop
positioning took 0.5 minutes
Iteration 2 =========================================
n_averages=1, current_sigma=0.5
Freezing midline and others
Ripping frozen voxels
INFO: rip surface needed but not specified, so using input surface
Freezing midline and others
Entering: MRISripMidline(): inhibiting deformation at non-cortical midline structures...
  which=1, fix_mtl=0, using annot = 0
#FML0# MRISripMidline(): nripped=7121
removing 1 vertices from ripped group in thread:0
removing 3 vertices from ripped group in thread:0
removing 4 vertices from ripped group in thread:0
removing 3 vertices from ripped group in thread:0
removing 4 vertices from ripped group in thread:0
removing 3 vertices from ripped group in thread:0
removing 3 vertices from ripped group in thread:0
removing 4 vertices from ripped group in thread:0
removing 4 vertices from ripped group in thread:0
#FML# MRISripMidline(): nmarked=7152, nmarked2=298, nripped=7152
Ripping segs (eg, WMSA, BG, frozen)
Starting MRISripSegs() d = (-2 2 0.5) segnos: 247 247 247 247 
MRISripSegs(): -2 2 0.5 ripped 0
Computing target border values 
Entering MRIScomputeBorderValues_new(): 
  inside_hi   = 120.0000000;
  border_hi   = 111.2342070;
  border_low  =  61.0000000;
  outside_low =  51.0336340;
  outside_hi  = 111.2342070;
  sigma = 0.5;
  max_thickness = 10;
  step_size=0.5;
  STEP_SIZE=0.1;
  which = 1
  thresh = 0
  flags = 0
  CBVfindFirstPeakD1=0
  CBVfindFirstPeakD2=0
  nvertices=136397
  Gdiag_no=-1
  vno start=0, stop=136397
Replacing 255s with 0s
#SI# sigma=0.5 had to be increased for 124 vertices, nripped=7152
mean border=80.9, 114 (22) missing vertices, mean dist -0.1 [0.2 (%64.3)->0.2 (%35.7))]
%91 local maxima, % 3 large gradients and % 0 min vals, 0 gradients ignored
nFirstPeakD1 0
MRIScomputeBorderValues_new() finished in 0.0046 min


Finding expansion regions
mean absolute distance = 0.20 +- 0.36
2767 vertices more than 2 sigmas from mean.
Averaging target values for 5 iterations...
Positioning Surface: tspring = 0.3, nspring = 0.3, spring = 0, niters = 100 l_repulse = 5, l_surf_repulse = 0, checktol = 0
Positioning pial surface
Entering MRISpositionSurface()
  max_mm = 0.3
  MAX_REDUCTIONS = 2, REDUCTION_PCT = 0.5
  parms->check_tol = 0, niterations = 100
tol=1.0e-04, sigma=0.5, host=dna06, nav=1, nbrs=2, l_repulse=5.000, l_tspring=0.300, l_nspring=0.300, l_intensity=0.200, l_curv=1.000
mom=0.00, dt=0.50
000: dt: 0.0000, sse=353486.6, rms=2.283
rms = 2.6215/2.2826, sse=388102.1/353486.6, time step reduction 1 of 3 to 0.250  0 1 1
   RMS increased, rejecting step
024: dt: 0.2500, sse=279765.9, rms=1.533 (32.838%)
025: dt: 0.2500, sse=252652.7, rms=1.137 (25.863%)
026: dt: 0.2500, sse=251108.9, rms=1.086 (4.472%)
rms = 1.0720/1.0857, sse=252545.9/251108.9, time step reduction 2 of 3 to 0.125  0 1 1
027: dt: 0.2500, sse=252546.0, rms=1.072 (1.261%)
rms = 1.0253/1.0720, sse=249496.9/252545.9, time step reduction 3 of 3 to 0.062  0 0 1
028: dt: 0.1250, sse=249496.9, rms=1.025 (4.355%)
  maximum number of reductions reached, breaking from loop
positioning took 0.4 minutes
Iteration 3 =========================================
n_averages=0, current_sigma=0.25
Freezing midline and others
Ripping frozen voxels
INFO: rip surface needed but not specified, so using input surface
Freezing midline and others
Entering: MRISripMidline(): inhibiting deformation at non-cortical midline structures...
  which=1, fix_mtl=0, using annot = 0
#FML0# MRISripMidline(): nripped=7152
removing 3 vertices from ripped group in thread:0
removing 2 vertices from ripped group in thread:0
removing 3 vertices from ripped group in thread:0
removing 4 vertices from ripped group in thread:0
removing 3 vertices from ripped group in thread:0
removing 3 vertices from ripped group in thread:0
removing 3 vertices from ripped group in thread:0
removing 4 vertices from ripped group in thread:0
#FML# MRISripMidline(): nmarked=7182, nmarked2=298, nripped=7182
Ripping segs (eg, WMSA, BG, frozen)
Starting MRISripSegs() d = (-2 2 0.5) segnos: 247 247 247 247 247 
MRISripSegs(): -2 2 0.5 ripped 0
Computing target border values 
Entering MRIScomputeBorderValues_new(): 
  inside_hi   = 120.0000000;
  border_hi   = 111.2342070;
  border_low  =  61.0000000;
  outside_low =  51.0336340;
  outside_hi  = 111.2342070;
  sigma = 0.25;
  max_thickness = 10;
  step_size=0.5;
  STEP_SIZE=0.1;
  which = 1
  thresh = 0
  flags = 0
  CBVfindFirstPeakD1=0
  CBVfindFirstPeakD2=0
  nvertices=136397
  Gdiag_no=-1
  vno start=0, stop=136397
Replacing 255s with 0s
#SI# sigma=0.25 had to be increased for 96 vertices, nripped=7182
mean border=81.3, 140 (21) missing vertices, mean dist -0.0 [0.2 (%53.9)->0.2 (%46.1))]
%92 local maxima, % 2 large gradients and % 0 min vals, 0 gradients ignored
nFirstPeakD1 0
MRIScomputeBorderValues_new() finished in 0.0030 min


Finding expansion regions
mean absolute distance = 0.19 +- 0.31
2935 vertices more than 2 sigmas from mean.
Averaging target values for 5 iterations...
Positioning Surface: tspring = 0.3, nspring = 0.3, spring = 0, niters = 100 l_repulse = 5, l_surf_repulse = 0, checktol = 0
Positioning pial surface
Entering MRISpositionSurface()
  max_mm = 0.3
  MAX_REDUCTIONS = 2, REDUCTION_PCT = 0.5
  parms->check_tol = 0, niterations = 100
tol=1.0e-04, sigma=0.2, host=dna06, nav=0, nbrs=2, l_repulse=5.000, l_tspring=0.300, l_nspring=0.300, l_intensity=0.200, l_curv=1.000
mom=0.00, dt=0.50
000: dt: 0.0000, sse=265422.5, rms=1.303
rms = 1.6590/1.3033, sse=296865.0/265422.5, time step reduction 1 of 3 to 0.250  0 1 1
   RMS increased, rejecting step
029: dt: 0.2500, sse=241110.0, rms=0.926 (28.984%)
030: dt: 0.2500, sse=236608.7, rms=0.797 (13.901%)
rms = 0.8001/0.7969, sse=238280.2/236608.7, time step reduction 2 of 3 to 0.125  0 1 1
   RMS increased, rejecting step
rms = 0.7915/0.7969, sse=235806.3/236608.7, time step reduction 3 of 3 to 0.062  0 0 1
031: dt: 0.1250, sse=235806.3, rms=0.792 (0.671%)
  maximum number of reductions reached, breaking from loop
positioning took 0.3 minutes


Writing output to ../surf/lh.white.preaparc
#ET# mris_place_surface  2.27 minutes
#VMPC# mris_place_surfaces VmPeak  3125028
mris_place_surface done
#--------------------------------------------
#@# CortexLabel lh Sat Mar 14 11:47:59 CET 2026
cd /out/sourcedata/freesurfer/sub-v2s9x29152_ses-1/mri
mri_label2label --label-cortex ../surf/lh.white.preaparc aseg.presurf.mgz 0 ../label/lh.cortex.label

 Generating cortex label... RemoveHipAmgy=0
 NucAccIsMedialWall=0
 mris->useRealRAS=0
9 non-cortical segments detected
only using segment with 7902 vertices
erasing segment 0 (vno[0] = 32213)
erasing segment 1 (vno[0] = 32232)
erasing segment 3 (vno[0] = 68352)
erasing segment 4 (vno[0] = 74011)
erasing segment 5 (vno[0] = 76554)
erasing segment 6 (vno[0] = 81416)
erasing segment 7 (vno[0] = 96126)
erasing segment 8 (vno[0] = 116873)
#--------------------------------------------
#@# CortexLabel+HipAmyg lh Sat Mar 14 11:48:08 CET 2026
cd /out/sourcedata/freesurfer/sub-v2s9x29152_ses-1/mri
mri_label2label --label-cortex ../surf/lh.white.preaparc aseg.presurf.mgz 1 ../label/lh.cortex+hipamyg.label

 Generating cortex label... RemoveHipAmgy=1
 NucAccIsMedialWall=0
 mris->useRealRAS=0
17 non-cortical segments detected
only using segment with 5438 vertices
erasing segment 0 (vno[0] = 32213)
erasing segment 1 (vno[0] = 32232)
erasing segment 3 (vno[0] = 47050)
erasing segment 4 (vno[0] = 47942)
erasing segment 5 (vno[0] = 51055)
erasing segment 6 (vno[0] = 52931)
erasing segment 7 (vno[0] = 53773)
erasing segment 8 (vno[0] = 56611)
erasing segment 9 (vno[0] = 74011)
erasing segment 10 (vno[0] = 76554)
erasing segment 11 (vno[0] = 78848)
erasing segment 12 (vno[0] = 81416)
erasing segment 13 (vno[0] = 96126)
erasing segment 14 (vno[0] = 116873)
erasing segment 15 (vno[0] = 118010)
erasing segment 16 (vno[0] = 126433)
#--------------------------------------------
#@# Smooth2 lh Sat Mar 14 11:48:16 CET 2026
/out/sourcedata/freesurfer/sub-v2s9x29152_ses-1/scripts

 mris_smooth -n 3 -nw -seed 1234 ../surf/lh.white.preaparc ../surf/lh.smoothwm 

smoothing for 3 iterations
setting seed for random number generator to 1234
smoothing surface tessellation for 3 iterations...
smoothing complete - recomputing first and second fundamental forms...
#--------------------------------------------
#@# Inflation2 lh Sat Mar 14 11:48:18 CET 2026
/out/sourcedata/freesurfer/sub-v2s9x29152_ses-1/scripts

 mris_inflate ../surf/lh.smoothwm ../surf/lh.inflated 

Reading ../surf/lh.smoothwm
avg radius = 46.8 mm, total surface area = 86055 mm^2
step 000: RMS=0.176 (target=0.015)   step 005: RMS=0.118 (target=0.015)   step 010: RMS=0.087 (target=0.015)   step 015: RMS=0.073 (target=0.015)   step 020: RMS=0.060 (target=0.015)   step 025: RMS=0.050 (target=0.015)   step 030: RMS=0.041 (target=0.015)   step 035: RMS=0.034 (target=0.015)   step 040: RMS=0.029 (target=0.015)   step 045: RMS=0.026 (target=0.015)   step 050: RMS=0.023 (target=0.015)   step 055: RMS=0.021 (target=0.015)   step 060: RMS=0.020 (target=0.015)   writing inflated surface to ../surf/lh.inflated
writing sulcal depths to ../surf/lh.sulc

inflation complete.
inflation took 0.1 minutes
mris_inflate utimesec    42.351426
mris_inflate stimesec    1.328052
mris_inflate ru_maxrss   209676
mris_inflate ru_ixrss    0
mris_inflate ru_idrss    0
mris_inflate ru_isrss    0
mris_inflate ru_minflt   431083
mris_inflate ru_majflt   14
mris_inflate ru_nswap    0
mris_inflate ru_inblock  130
mris_inflate ru_oublock  10672
mris_inflate ru_msgsnd   0
mris_inflate ru_msgrcv   0
mris_inflate ru_nsignals 0
mris_inflate ru_nvcsw    5066
mris_inflate ru_nivcsw   176
#--------------------------------------------
#@# Curv .H and .K lh Sat Mar 14 11:48:27 CET 2026
/out/sourcedata/freesurfer/sub-v2s9x29152_ses-1/surf

 mris_curvature -w -seed 1234 lh.white.preaparc 

setting seed for random number generator to 1234
total integrated curvature = 19.585*4pi (246.116) --> -19 handles
ICI = 151.3, FI = 1526.9, variation=23948.731
writing Gaussian curvature to ./lh.white.preaparc.K...done.
writing mean curvature to ./lh.white.preaparc.H...done.
rm -f lh.white.H
ln -s lh.white.preaparc.H lh.white.H
rm -f lh.white.K
ln -s lh.white.preaparc.K lh.white.K

 mris_curvature -seed 1234 -thresh .999 -n -a 5 -w -distances 10 10 lh.inflated 

setting seed for random number generator to 1234
normalizing curvature values.
averaging curvature patterns 5 times.
sampling 10 neighbors out to a distance of 10 mm
158 vertices thresholded to be in k1 ~ [-0.46 0.59], k2 ~ [-0.09 0.15]
total integrated curvature = 0.625*4pi (7.857) --> 0 handles
ICI = 1.5, FI = 8.9, variation=153.125
130 vertices thresholded to be in [-0.04 0.01]
writing Gaussian curvature to ./lh.inflated.K...thresholding curvature at 99.90% level
curvature mean = 0.000, std = 0.001
112 vertices thresholded to be in [-0.14 0.25]
done.
writing mean curvature to ./lh.inflated.H...curvature mean = -0.015, std = 0.021
done.
#--------------------------------------------
#@# Sphere lh Sat Mar 14 11:49:02 CET 2026
/out/sourcedata/freesurfer/sub-v2s9x29152_ses-1/scripts

 mris_sphere -seed 1234 ../surf/lh.inflated ../surf/lh.sphere 

setting seed for random number genererator to 1234
version: 7.3.2
available threads: 16
reading original vertex positions...
projecting onto sphere...
surface projected - minimizing metric distortion...
scaling brain by 0.284...
MRISunfold() max_passes = 1 -------
tol=5.0e-01, sigma=0.0, host=dna06, nav=1024, nbrs=2, l_area=1.000, l_dist=1.000
using quadratic fit line minimization
complete_dist_mat 0
rms 0
smooth_averages 0
remove_neg 0
ico_order 0
which_surface 0
target_radius 0.000000
nfields 0
scale 1.000000
desired_rms_height -1.000000
momentum 0.900000
nbhd_size 7
max_nbrs 8
niterations 25
nsurfaces 0
SURFACES 3
flags 0 (0)
use curv 0
no sulc 0
no rigid align 0
mris->nsize 2
mris->hemisphere 0
randomSeed 1234

singular matrix in quadratic form
singular matrix in quadratic form
singular matrix in quadratic form
singular matrix in quadratic form
--------------------
  mrisRemoveNegativeArea()
pass 1: epoch 1 of 3 starting distance error %19.69
pass 1: epoch 2 of 3 starting distance error %19.65
unfolding complete - removing small folds...
starting distance error %19.61
removing remaining folds...
final distance error %19.61
MRISunfold() return, current seed 1234
-01: dt=0.0000, 182 negative triangles  VmPeak 1670212
105: dt=0.9900, 182 negative triangles
106: dt=0.9900,  79 negative triangles
107: dt=0.9900,  59 negative triangles
108: dt=0.9900,  57 negative triangles
109: dt=0.9900,  58 negative triangles
110: dt=0.9900,  46 negative triangles
111: dt=0.9900,  39 negative triangles
112: dt=0.9900,  39 negative triangles
113: dt=0.9900,  37 negative triangles
114: dt=0.9900,  35 negative triangles
115: dt=0.9900,  27 negative triangles
116: dt=0.9900,  27 negative triangles
117: dt=0.9900,  30 negative triangles
118: dt=0.9900,  30 negative triangles
119: dt=0.9900,  31 negative triangles
120: dt=0.9900,  30 negative triangles
121: dt=0.9900,  30 negative triangles
122: dt=0.9900,  30 negative triangles
123: dt=0.9900,  29 negative triangles
124: dt=0.9900,  29 negative triangles
125: dt=0.9405,  29 negative triangles
126: dt=0.9405,  28 negative triangles
127: dt=0.9405,  28 negative triangles
128: dt=0.9405,  30 negative triangles
129: dt=0.9405,  26 negative triangles
130: dt=0.9405,  28 negative triangles
131: dt=0.9405,  31 negative triangles
132: dt=0.9405,  29 negative triangles
133: dt=0.9405,  30 negative triangles
134: dt=0.9405,  32 negative triangles
135: dt=0.9405,  28 negative triangles
136: dt=0.9405,  32 negative triangles
137: dt=0.9405,  26 negative triangles
138: dt=0.9405,  26 negative triangles
139: dt=0.8935,  32 negative triangles
140: dt=0.8935,  28 negative triangles
141: dt=0.8935,  28 negative triangles
142: dt=0.8935,  24 negative triangles
143: dt=0.8935,  26 negative triangles
144: dt=0.8935,  25 negative triangles
145: dt=0.8935,  27 negative triangles
146: dt=0.8935,  25 negative triangles
147: dt=0.8935,  24 negative triangles
148: dt=0.8935,  24 negative triangles
149: dt=0.8935,  23 negative triangles
150: dt=0.8935,  27 negative triangles
151: dt=0.8935,  26 negative triangles
152: dt=0.8935,  24 negative triangles
153: dt=0.8935,  22 negative triangles
154: dt=0.8935,  23 negative triangles
155: dt=0.8935,  25 negative triangles
156: dt=0.8935,  22 negative triangles
157: dt=0.8935,  23 negative triangles
158: dt=0.8935,  24 negative triangles
159: dt=0.8935,  21 negative triangles
160: dt=0.8935,  29 negative triangles
161: dt=0.8935,  23 negative triangles
162: dt=0.8935,  24 negative triangles
163: dt=0.8935,  23 negative triangles
164: dt=0.8935,  21 negative triangles
165: dt=0.8935,  24 negative triangles
166: dt=0.8935,  19 negative triangles
167: dt=0.8935,  18 negative triangles
168: dt=0.8935,  22 negative triangles
169: dt=0.8935,  20 negative triangles
170: dt=0.8935,  24 negative triangles
171: dt=0.8935,  18 negative triangles
172: dt=0.8935,  17 negative triangles
173: dt=0.8935,  19 negative triangles
174: dt=0.8935,  15 negative triangles
175: dt=0.8935,  19 negative triangles
176: dt=0.8935,  17 negative triangles
177: dt=0.8935,  18 negative triangles
178: dt=0.8935,  14 negative triangles
179: dt=0.8935,  15 negative triangles
180: dt=0.8935,  16 negative triangles
181: dt=0.8935,  19 negative triangles
182: dt=0.8935,  14 negative triangles
183: dt=0.8935,  18 negative triangles
184: dt=0.8935,  11 negative triangles
185: dt=0.8935,  16 negative triangles
186: dt=0.8935,  12 negative triangles
187: dt=0.8935,  16 negative triangles
188: dt=0.8935,  11 negative triangles
189: dt=0.8935,  12 negative triangles
190: dt=0.8935,  11 negative triangles
191: dt=0.8935,  14 negative triangles
192: dt=0.8935,   9 negative triangles
193: dt=0.8935,  10 negative triangles
194: dt=0.8935,  11 negative triangles
195: dt=0.8935,  11 negative triangles
196: dt=0.8935,   8 negative triangles
197: dt=0.8935,  10 negative triangles
198: dt=0.8935,  10 negative triangles
199: dt=0.8935,  10 negative triangles
200: dt=0.8935,   5 negative triangles
201: dt=0.8935,   7 negative triangles
202: dt=0.8935,   5 negative triangles
203: dt=0.8935,   5 negative triangles
204: dt=0.8935,   8 negative triangles
205: dt=0.8935,   7 negative triangles
206: dt=0.8935,   5 negative triangles
207: dt=0.8935,   4 negative triangles
208: dt=0.8935,   1 negative triangles
209: dt=0.8935,   2 negative triangles
210: dt=0.8935,   2 negative triangles
211: dt=0.8935,   1 negative triangles
212: dt=0.8935,   1 negative triangles
213: dt=0.8935,   1 negative triangles
writing spherical brain to ../surf/lh.sphere
spherical transformation took 0.0260 hours
FSRUNTIME@ mris_sphere  0.0260 hours 16 threads
#VMPC# mris_sphere VmPeak  1670212
mris_sphere done
#--------------------------------------------
#@# Surf Reg lh Sat Mar 14 11:50:36 CET 2026
/out/sourcedata/freesurfer/sub-v2s9x29152_ses-1/scripts

 mris_register -curv ../surf/lh.sphere /opt/freesurfer/average/lh.folding.atlas.acfb40.noaparc.i12.2016-08-02.tif ../surf/lh.sphere.reg 

using smoothwm curvature for final alignment

cwd /out/sourcedata/freesurfer/sub-v2s9x29152_ses-1/scripts
cmdline mris_register -curv ../surf/lh.sphere /opt/freesurfer/average/lh.folding.atlas.acfb40.noaparc.i12.2016-08-02.tif ../surf/lh.sphere.reg 

0 inflated.H
1 sulc
2 smoothwm (computed)
7.3.2
  7.3.2
reading surface from ../surf/lh.sphere...
reading template parameterization from /opt/freesurfer/average/lh.folding.atlas.acfb40.noaparc.i12.2016-08-02.tif...
MRISregister() -------
max_passes = 4 
min_degrees = 0.500000 
max_degrees = 64.000000 
nangles = 8 
tol=5.0e-01, sigma=0.0, host=dna06, nav=1024, nbrs=1, l_extern=10000.000, l_parea=0.200, l_nlarea=1.000, l_corr=1.000, l_dist=5.000
using quadratic fit line minimization
complete_dist_mat 0
rms 0
smooth_averages 0
remove_neg 0
ico_order 0
which_surface 0
target_radius 0.000000
nfields 0
scale 0.000000
desired_rms_height -1.000000
momentum 0.950000
nbhd_size -10
max_nbrs 10
niterations 25
nsurfaces 0
SURFACES 3
flags 16 (10)
use curv 16
no sulc 0
no rigid align 0
mris->nsize 1
mris->hemisphere 0
randomSeed 0

tol=5.0e-01, sigma=0.0, host=dna06, nav=1024, nbrs=1, l_extern=10000.000, l_parea=0.200, l_nlarea=1.000, l_corr=1.000, l_dist=5.000
using quadratic fit line minimization
--------------------
1 Reading lh.sulc
tol=1.0e+00, sigma=0.5, host=dna06, nav=1024, nbrs=1, l_extern=10000.000, l_parea=0.200, l_nlarea=1.000, l_corr=0.050, l_spring=0.500, l_dist=5.000
using quadratic fit line minimization
curvature mean = 0.000, std = 5.655
curvature mean = 0.032, std = 0.822
curvature mean = 0.006, std = 0.863
Starting MRISrigidBodyAlignGlobal()
Starting new MRISrigidBodyAlignGlobal_findMinSSE()
  new MRISrigidBodyAlignGlobal_findMinSSE min @ (9.50, -4.50, 0.00) sse = 210072.3, elapsed since starting=0.0515 min
MRISrigidBodyAlignGlobal() done   0.05 min
curvature mean = 0.011, std = 0.834
curvature mean = 0.003, std = 0.947
curvature mean = 0.007, std = 0.842
curvature mean = 0.001, std = 0.979
curvature mean = 0.006, std = 0.844
curvature mean = 0.000, std = 0.991
2 Reading smoothwm
curvature mean = -0.017, std = 0.272
curvature mean = 0.042, std = 0.249
curvature mean = 0.052, std = 0.352
curvature mean = 0.041, std = 0.307
curvature mean = 0.032, std = 0.555
curvature mean = 0.041, std = 0.335
curvature mean = 0.018, std = 0.700
curvature mean = 0.040, std = 0.347
curvature mean = 0.006, std = 0.809
MRISregister() return, current seed 0
-01: dt=0.0000,  14 negative triangles  VmPeak 1598820
108: dt=0.9900,  14 negative triangles
109: dt=0.9900,  12 negative triangles
110: dt=0.9900,  14 negative triangles
111: dt=0.9900,  12 negative triangles
112: dt=0.9900,  11 negative triangles
113: dt=0.9900,  12 negative triangles
114: dt=0.9900,   9 negative triangles
115: dt=0.9900,  11 negative triangles
116: dt=0.9900,   8 negative triangles
117: dt=0.9900,  10 negative triangles
118: dt=0.9900,   8 negative triangles
119: dt=0.9900,  12 negative triangles
120: dt=0.9900,   9 negative triangles
121: dt=0.9900,   9 negative triangles
122: dt=0.9900,   5 negative triangles
123: dt=0.9900,   5 negative triangles
124: dt=0.9900,   8 negative triangles
125: dt=0.9900,   4 negative triangles
126: dt=0.9900,   2 negative triangles
127: dt=0.9900,   3 negative triangles
128: dt=0.9900,   1 negative triangles
129: dt=0.9900,   1 negative triangles
130: dt=0.9900,   1 negative triangles
writing registered surface to ../surf/lh.sphere.reg...
registration took 0.04 hours
#VMPC# mris_register VmPeak  1598820
FSRUNTIME@ mris_register  0.0408 hours 16 threads

 ln -sf lh.sphere.reg lh.fsaverage.sphere.reg 

#--------------------------------------------
#@# Jacobian white lh Sat Mar 14 11:53:03 CET 2026
/out/sourcedata/freesurfer/sub-v2s9x29152_ses-1/scripts

 mris_jacobian ../surf/lh.white.preaparc ../surf/lh.sphere.reg ../surf/lh.jacobian_white 

reading surface from ../surf/lh.white.preaparc...
writing curvature file ../surf/lh.jacobian_white
#--------------------------------------------
#@# AvgCurv lh Sat Mar 14 11:53:04 CET 2026
/out/sourcedata/freesurfer/sub-v2s9x29152_ses-1/scripts

 mrisp_paint -a 5 /opt/freesurfer/average/lh.folding.atlas.acfb40.noaparc.i12.2016-08-02.tif#6 ../surf/lh.sphere.reg ../surf/lh.avg_curv 

averaging curvature patterns 5 times...
reading surface from ../surf/lh.sphere.reg...
reading template parameterization from /opt/freesurfer/average/lh.folding.atlas.acfb40.noaparc.i12.2016-08-02.tif...
writing curvature file to ../surf/lh.avg_curv...
#-----------------------------------------
#@# Cortical Parc lh Sat Mar 14 11:53:04 CET 2026
/out/sourcedata/freesurfer/sub-v2s9x29152_ses-1/scripts

 mris_ca_label -l ../label/lh.cortex.label -aseg ../mri/aseg.presurf.mgz -seed 1234 sub-v2s9x29152_ses-1 lh ../surf/lh.sphere.reg /opt/freesurfer/average/lh.DKaparc.atlas.acfb40.noaparc.i12.2016-08-02.gcs ../label/lh.aparc.annot 

setting seed for random number generator to 1234
using ../mri/aseg.presurf.mgz aseg volume to correct midline
7.3.2
  7.3.2
reading atlas from /opt/freesurfer/average/lh.DKaparc.atlas.acfb40.noaparc.i12.2016-08-02.gcs...
reading color table from GCSA file....
average std = 0.8   using min determinant for regularization = 0.006
0 singular and 342 ill-conditioned covariance matrices regularized
input 0: MEAN CURVATURE, flags 0, avgs 5, name mean_curvature
labeling surface...
1490 labels changed using aseg
relabeling using gibbs priors...
000:   3154 changed, 136397 examined...
001:    748 changed, 13351 examined...
002:    175 changed, 4188 examined...
003:     66 changed, 1108 examined...
004:     30 changed, 419 examined...
005:     11 changed, 167 examined...
006:      5 changed, 67 examined...
007:      4 changed, 29 examined...
008:      3 changed, 23 examined...
009:      3 changed, 18 examined...
010:      2 changed, 13 examined...
011:      2 changed, 10 examined...
012:      0 changed, 9 examined...
201 labels changed using aseg
000: 124 total segments, 75 labels (247 vertices) changed
001: 48 total segments, 7 labels (22 vertices) changed
002: 41 total segments, 0 labels (0 vertices) changed
10 filter iterations complete (10 requested, 4 changed)
rationalizing unknown annotations with cortex label
relabeling unknown label...
relabeling corpuscallosum label...
1892 vertices marked for relabeling...
1892 labels changed in reclassification.
writing output to ../label/lh.aparc.annot...
classification took 0 minutes and 7 seconds.
#--------------------------------------------
#@# WhiteSurfs lh Sat Mar 14 11:53:11 CET 2026
cd /out/sourcedata/freesurfer/sub-v2s9x29152_ses-1/mri
mris_place_surface --adgws-in ../surf/autodet.gw.stats.lh.dat --seg aseg.presurf.mgz --threads 16 --wm wm.mgz --invol brain.finalsurfs.mgz --lh --i ../surf/lh.white.preaparc --o ../surf/lh.white --white --nsmooth 0 --rip-label ../label/lh.cortex.label --rip-bg --rip-surf ../surf/lh.white.preaparc --aparc ../label/lh.aparc.annot
7.3.2
7.3.2

cd /out/sourcedata/freesurfer/sub-v2s9x29152_ses-1/mri
setenv SUBJECTS_DIR /out/sourcedata/freesurfer
mris_place_surface --adgws-in ../surf/autodet.gw.stats.lh.dat --seg aseg.presurf.mgz --threads 16 --wm wm.mgz --invol brain.finalsurfs.mgz --lh --i ../surf/lh.white.preaparc --o ../surf/lh.white --white --nsmooth 0 --rip-label ../label/lh.cortex.label --rip-bg --rip-surf ../surf/lh.white.preaparc --aparc ../label/lh.aparc.annot 

Reading in input surface ../surf/lh.white.preaparc
Not smoothing input surface
Area    272790  0.34819  0.13065 0.000959   2.4288
Corner  818370 60.00000 14.11831 0.403520 177.3409
Edge    409185  0.90835  0.21528 0.024394   3.8441
Hinge   409185  9.78302 11.19957 0.000009 179.9581
Reading in aparc ../label/lh.aparc.annot
Reading in input volume brain.finalsurfs.mgz
Reading in wm volume wm.mgz
MRIclipBrightWM(): nthresh=17938, wmmin=5, clip=110 
MRIfindBrightNonWM(): 3467 bright non-wm voxels segmented.
Masking bright non-wm for white surface
MRImask(): AllowDiffGeom = 1
MRImask(): AllowDiffGeom = 1
Reading in seg volume aseg.presurf.mgz
Ripping frozen voxels
Ripping vertices not in label ../label/lh.cortex.label
MRISripNotLabel() ripped 8221/136397 vertices (128176 unripped)
Reading in ripping surface ../surf/lh.white.preaparc
Reading in aparc ../label/lh.aparc.annot for ripsurf
Ripping BG
MRISripBasalGanglia(): 1 -2 2 0.5 ripped 572
Ripping segs (eg, WMSA, BG, frozen)
Starting MRISripSegs() d = (-2 2 0.5) segnos: 247 
MRISripSegs(): -2 2 0.5 ripped 0
vertex 68199: xyz = (7.12596,-12.6158,-23.4539) oxyz = (7.12596,-12.6158,-23.4539) wxzy = (7.12596,-12.6158,-23.4539) pxyz = (0,0,0) 
CBVO Creating mask 136397
n_averages 4
Iteration 0 =========================================
n_averages=4, current_sigma=2
Computing target border values 
Entering MRIScomputeBorderValues_new(): 
  inside_hi   = 120.0000000;
  border_hi   = 111.2342070;
  border_low  =  61.0000000;
  outside_low =  51.0336340;
  outside_hi  = 111.2342070;
  sigma = 2;
  max_thickness = 10;
  step_size=0.5;
  STEP_SIZE=0.1;
  which = 1
  thresh = 0
  flags = 0
  CBVfindFirstPeakD1=0
  CBVfindFirstPeakD2=0
  nvertices=136397
  Gdiag_no=-1
  vno start=0, stop=136397
Replacing 255s with 0s
#SI# sigma=2 had to be increased for 179 vertices, nripped=8793
mean border=76.2, 101 (101) missing vertices, mean dist 0.2 [0.5 (%19.9)->0.4 (%80.1))]
%82 local maxima, %11 large gradients and % 0 min vals, 0 gradients ignored
nFirstPeakD1 0
MRIScomputeBorderValues_new() finished in 0.0113 min


Finding expansion regions
mean absolute distance = 0.45 +- 0.77
2499 vertices more than 2 sigmas from mean.
Averaging target values for 5 iterations...
Positioning Surface: tspring = 0.3, nspring = 0.3, spring = 0, niters = 100 l_repulse = 5, l_surf_repulse = 0, checktol = 0
Positioning pial surface
Entering MRISpositionSurface()
  max_mm = 0.3
  MAX_REDUCTIONS = 2, REDUCTION_PCT = 0.5
  parms->check_tol = 0, niterations = 100
tol=1.0e-04, sigma=2.0, host=dna06, nav=4, nbrs=2, l_repulse=5.000, l_tspring=0.300, l_nspring=0.300, l_intensity=0.200, l_curv=1.000
mom=0.00, dt=0.50
complete_dist_mat 0
rms 0
smooth_averages 0
remove_neg 0
ico_order 0
which_surface 0
target_radius 0.000000
nfields 0
scale 0.000000
desired_rms_height 0.000000
momentum 0.000000
nbhd_size 0
max_nbrs 0
niterations 100
nsurfaces 0
SURFACES 3
flags 0 (0)
use curv 0
no sulc 0
no rigid align 0
mris->nsize 2
mris->hemisphere 0
randomSeed 0

000: dt: 0.0000, sse=1507265.8, rms=7.128
001: dt: 0.5000, sse=649926.4, rms=4.151 (41.757%)
002: dt: 0.5000, sse=522745.0, rms=3.558 (14.287%)
003: dt: 0.5000, sse=511855.7, rms=3.491 (1.890%)
rms = 3.4298/3.4910, sse=512795.9/511855.7, time step reduction 1 of 3 to 0.250  0 1 0
004: dt: 0.5000, sse=512795.9, rms=3.430 (1.755%)
005: dt: 0.2500, sse=291480.0, rms=1.852 (46.016%)
006: dt: 0.2500, sse=262188.4, rms=1.495 (19.248%)
007: dt: 0.2500, sse=256513.9, rms=1.415 (5.361%)
008: dt: 0.2500, sse=254590.9, rms=1.359 (3.986%)
rms = 1.3329/1.3586, sse=253638.4/254590.9, time step reduction 2 of 3 to 0.125  0 0 1
009: dt: 0.2500, sse=253638.4, rms=1.333 (1.895%)
010: dt: 0.1250, sse=248654.5, rms=1.280 (3.990%)
rms = 1.2698/1.2797, sse=249823.1/248654.5, time step reduction 3 of 3 to 0.062  0 1 1
011: dt: 0.1250, sse=249823.0, rms=1.270 (0.771%)
  maximum number of reductions reached, breaking from loop
positioning took 0.8 minutes
Iteration 1 =========================================
n_averages=2, current_sigma=1
Computing target border values 
Entering MRIScomputeBorderValues_new(): 
  inside_hi   = 120.0000000;
  border_hi   = 111.2342070;
  border_low  =  61.0000000;
  outside_low =  51.0336340;
  outside_hi  = 111.2342070;
  sigma = 1;
  max_thickness = 10;
  step_size=0.5;
  STEP_SIZE=0.1;
  which = 1
  thresh = 0
  flags = 0
  CBVfindFirstPeakD1=0
  CBVfindFirstPeakD2=0
  nvertices=136397
  Gdiag_no=-1
  vno start=0, stop=136397
Replacing 255s with 0s
#SI# sigma=1 had to be increased for 135 vertices, nripped=8793
mean border=79.2, 116 (38) missing vertices, mean dist -0.2 [0.3 (%76.6)->0.2 (%23.4))]
%88 local maxima, % 5 large gradients and % 0 min vals, 0 gradients ignored
nFirstPeakD1 0
MRIScomputeBorderValues_new() finished in 0.0082 min


Finding expansion regions
mean absolute distance = 0.28 +- 0.51
2133 vertices more than 2 sigmas from mean.
Averaging target values for 5 iterations...
Positioning Surface: tspring = 0.3, nspring = 0.3, spring = 0, niters = 100 l_repulse = 5, l_surf_repulse = 0, checktol = 0
Positioning pial surface
Entering MRISpositionSurface()
  max_mm = 0.3
  MAX_REDUCTIONS = 2, REDUCTION_PCT = 0.5
  parms->check_tol = 0, niterations = 100
tol=1.0e-04, sigma=1.0, host=dna06, nav=2, nbrs=2, l_repulse=5.000, l_tspring=0.300, l_nspring=0.300, l_intensity=0.200, l_curv=1.000
mom=0.00, dt=0.50
000: dt: 0.0000, sse=693168.2, rms=4.308
012: dt: 0.5000, sse=424447.6, rms=2.843 (34.007%)
rms = 3.2176/2.8430, sse=480721.0/424447.6, time step reduction 1 of 3 to 0.250  0 1 1
   RMS increased, rejecting step
013: dt: 0.2500, sse=309613.5, rms=1.898 (33.231%)
014: dt: 0.2500, sse=267357.0, rms=1.396 (26.469%)
015: dt: 0.2500, sse=253308.0, rms=1.199 (14.110%)
016: dt: 0.2500, sse=251044.9, rms=1.141 (4.823%)
rms = 1.1140/1.1410, sse=250059.4/251044.9, time step reduction 2 of 3 to 0.125  0 0 1
017: dt: 0.2500, sse=250059.4, rms=1.114 (2.369%)
018: dt: 0.1250, sse=246519.0, rms=1.056 (5.201%)
rms = 1.0515/1.0560, sse=247824.0/246519.0, time step reduction 3 of 3 to 0.062  0 1 1
019: dt: 0.1250, sse=247824.0, rms=1.051 (0.434%)
  maximum number of reductions reached, breaking from loop
positioning took 0.5 minutes
Iteration 2 =========================================
n_averages=1, current_sigma=0.5
Computing target border values 
Entering MRIScomputeBorderValues_new(): 
  inside_hi   = 120.0000000;
  border_hi   = 111.2342070;
  border_low  =  61.0000000;
  outside_low =  51.0336340;
  outside_hi  = 111.2342070;
  sigma = 0.5;
  max_thickness = 10;
  step_size=0.5;
  STEP_SIZE=0.1;
  which = 1
  thresh = 0
  flags = 0
  CBVfindFirstPeakD1=0
  CBVfindFirstPeakD2=0
  nvertices=136397
  Gdiag_no=-1
  vno start=0, stop=136397
Replacing 255s with 0s
#SI# sigma=0.5 had to be increased for 112 vertices, nripped=8793
mean border=80.7, 131 (30) missing vertices, mean dist -0.1 [0.2 (%65.3)->0.2 (%34.7))]
%90 local maxima, % 3 large gradients and % 0 min vals, 0 gradients ignored
nFirstPeakD1 0
MRIScomputeBorderValues_new() finished in 0.0046 min


Finding expansion regions
mean absolute distance = 0.21 +- 0.39
2372 vertices more than 2 sigmas from mean.
Averaging target values for 5 iterations...
Positioning Surface: tspring = 0.3, nspring = 0.3, spring = 0, niters = 100 l_repulse = 5, l_surf_repulse = 0, checktol = 0
Positioning pial surface
Entering MRISpositionSurface()
  max_mm = 0.3
  MAX_REDUCTIONS = 2, REDUCTION_PCT = 0.5
  parms->check_tol = 0, niterations = 100
tol=1.0e-04, sigma=0.5, host=dna06, nav=1, nbrs=2, l_repulse=5.000, l_tspring=0.300, l_nspring=0.300, l_intensity=0.200, l_curv=1.000
mom=0.00, dt=0.50
000: dt: 0.0000, sse=348608.3, rms=2.293
rms = 2.5757/2.2926, sse=388929.3/348608.3, time step reduction 1 of 3 to 0.250  0 1 1
   RMS increased, rejecting step
020: dt: 0.2500, sse=273009.0, rms=1.509 (34.163%)
021: dt: 0.2500, sse=244579.2, rms=1.052 (30.285%)
022: dt: 0.2500, sse=239275.5, rms=0.993 (5.609%)
rms = 0.9879/0.9932, sse=240939.7/239275.5, time step reduction 2 of 3 to 0.125  0 1 1
023: dt: 0.2500, sse=240939.7, rms=0.988 (0.531%)
rms = 0.9474/0.9879, sse=238815.5/240939.7, time step reduction 3 of 3 to 0.062  0 0 1
024: dt: 0.1250, sse=238815.5, rms=0.947 (4.101%)
  maximum number of reductions reached, breaking from loop
positioning took 0.4 minutes
Iteration 3 =========================================
n_averages=0, current_sigma=0.25
Computing target border values 
Entering MRIScomputeBorderValues_new(): 
  inside_hi   = 120.0000000;
  border_hi   = 111.2342070;
  border_low  =  61.0000000;
  outside_low =  51.0336340;
  outside_hi  = 111.2342070;
  sigma = 0.25;
  max_thickness = 10;
  step_size=0.5;
  STEP_SIZE=0.1;
  which = 1
  thresh = 0
  flags = 0
  CBVfindFirstPeakD1=0
  CBVfindFirstPeakD2=0
  nvertices=136397
  Gdiag_no=-1
  vno start=0, stop=136397
Replacing 255s with 0s
#SI# sigma=0.25 had to be increased for 117 vertices, nripped=8793
mean border=81.1, 143 (22) missing vertices, mean dist -0.0 [0.2 (%54.2)->0.2 (%45.8))]
%91 local maxima, % 2 large gradients and % 0 min vals, 0 gradients ignored
nFirstPeakD1 0
MRIScomputeBorderValues_new() finished in 0.0030 min


Finding expansion regions
mean absolute distance = 0.20 +- 0.33
2917 vertices more than 2 sigmas from mean.
Averaging target values for 5 iterations...
Positioning Surface: tspring = 0.3, nspring = 0.3, spring = 0, niters = 100 l_repulse = 5, l_surf_repulse = 0, checktol = 0
Positioning pial surface
Entering MRISpositionSurface()
  max_mm = 0.3
  MAX_REDUCTIONS = 2, REDUCTION_PCT = 0.5
  parms->check_tol = 0, niterations = 100
tol=1.0e-04, sigma=0.2, host=dna06, nav=0, nbrs=2, l_repulse=5.000, l_tspring=0.300, l_nspring=0.300, l_intensity=0.200, l_curv=1.000
mom=0.00, dt=0.50
000: dt: 0.0000, sse=255394.7, rms=1.271
rms = 1.6357/1.2714, sse=286560.7/255394.7, time step reduction 1 of 3 to 0.250  0 1 1
   RMS increased, rejecting step
025: dt: 0.2500, sse=231015.2, rms=0.881 (30.682%)
026: dt: 0.2500, sse=228520.6, rms=0.751 (14.733%)
rms = 0.7560/0.7515, sse=228514.2/228520.6, time step reduction 2 of 3 to 0.125  0 0 1
   RMS increased, rejecting step
rms = 0.7444/0.7515, sse=228090.3/228520.6, time step reduction 3 of 3 to 0.062  0 0 1
027: dt: 0.1250, sse=228090.3, rms=0.744 (0.935%)
  maximum number of reductions reached, breaking from loop
positioning took 0.3 minutes


Writing output to ../surf/lh.white
#ET# mris_place_surface  2.00 minutes
#VMPC# mris_place_surfaces VmPeak  3062264
mris_place_surface done
#--------------------------------------------
#@# T1PialSurf lh Sat Mar 14 11:55:16 CET 2026
cd /out/sourcedata/freesurfer/sub-v2s9x29152_ses-1/mri
mris_place_surface --adgws-in ../surf/autodet.gw.stats.lh.dat --seg aseg.presurf.mgz --threads 16 --wm wm.mgz --invol brain.finalsurfs.mgz --lh --i ../surf/lh.white --o ../surf/lh.pial.T1 --pial --nsmooth 0 --rip-label ../label/lh.cortex+hipamyg.label --pin-medial-wall ../label/lh.cortex.label --aparc ../label/lh.aparc.annot --repulse-surf ../surf/lh.white --white-surf ../surf/lh.white
7.3.2
7.3.2

cd /out/sourcedata/freesurfer/sub-v2s9x29152_ses-1/mri
setenv SUBJECTS_DIR /out/sourcedata/freesurfer
mris_place_surface --adgws-in ../surf/autodet.gw.stats.lh.dat --seg aseg.presurf.mgz --threads 16 --wm wm.mgz --invol brain.finalsurfs.mgz --lh --i ../surf/lh.white --o ../surf/lh.pial.T1 --pial --nsmooth 0 --rip-label ../label/lh.cortex+hipamyg.label --pin-medial-wall ../label/lh.cortex.label --aparc ../label/lh.aparc.annot --repulse-surf ../surf/lh.white --white-surf ../surf/lh.white 

Reading in input surface ../surf/lh.white
Not smoothing input surface
Area    272790  0.35313  0.14758 0.001937   2.8332
Corner  818370 60.00000 15.79446 0.371230 178.5196
Edge    409185  0.91675  0.23820 0.017971   4.1013
Hinge   409185  9.93465 11.73295 0.000055 179.9150
Reading white surface coordinates from ../surf/lh.white
Reading repulsion surface coordinates from ../surf/lh.white
Reading in aparc ../label/lh.aparc.annot
Reading in input volume brain.finalsurfs.mgz
Reading in wm volume wm.mgz
MRIclipBrightWM(): nthresh=17938, wmmin=5, clip=110 
MRIfindBrightNonWM(): 3467 bright non-wm voxels segmented.
Masking bright non-wm for pial surface mid_gray = 61.9333
MRImask(): AllowDiffGeom = 1
MRImask(): AllowDiffGeom = 1
MRImask(): AllowDiffGeom = 1
Reading in seg volume aseg.presurf.mgz
Ripping frozen voxels
Ripping vertices not in label ../label/lh.cortex+hipamyg.label
MRISripNotLabel() ripped 5913/136397 vertices (130484 unripped)
INFO: rip surface needed but not specified, so using input surface
Ripping segs (eg, WMSA, BG, frozen)
Starting MRISripSegs() d = (-2 2 0.5) segnos: 247 
MRISripSegs(): -2 2 0.5 ripped 0
vertex 68199: xyz = (7.12596,-12.6158,-23.4539) oxyz = (7.12596,-12.6158,-23.4539) wxzy = (7.12596,-12.6158,-23.4539) pxyz = (7.12596,-12.6158,-23.4539) 
CBVO Creating mask 136397
n_averages 16
Iteration 0 =========================================
n_averages=16, current_sigma=2
Computing target border values 
Entering MRIScomputeBorderValues_new(): 
  inside_hi   =  92.7657930;
  border_hi   =  51.0336340;
  border_low  =  31.1008990;
  outside_low =  10.0000000;
  outside_hi  =  46.0504530;
  sigma = 2;
  max_thickness = 10;
  step_size=0.5;
  STEP_SIZE=0.1;
  which = 2
  thresh = 0
  flags = 0
  CBVfindFirstPeakD1=0
  CBVfindFirstPeakD2=0
  nvertices=136397
  Gdiag_no=-1
  vno start=0, stop=136397
Replacing 255s with 0s
#SI# sigma=2 had to be increased for 284 vertices, nripped=5913
mean border=51.7, 135 (135) missing vertices, mean dist 1.0 [0.9 (%0.0)->3.8 (%100.0))]
% 7 local maxima, %19 large gradients and %69 min vals, 0 gradients ignored
nFirstPeakD1 0
MRIScomputeBorderValues_new() finished in 0.0105 min


Averaging target values for 5 iterations...
Positioning Surface: tspring = 0.3, nspring = 0.3, spring = 0, niters = 100 l_repulse = 0, l_surf_repulse = 5, checktol = 0
Positioning pial surface
Entering MRISpositionSurface()
  max_mm = 0.3
  MAX_REDUCTIONS = 2, REDUCTION_PCT = 0.5
  parms->check_tol = 0, niterations = 100
tol=1.0e-04, sigma=2.0, host=dna06, nav=16, nbrs=2, l_surf_repulse=5.000, l_tspring=0.300, l_nspring=0.300, l_intensity=0.200, l_curv=1.000
mom=0.00, dt=0.50
complete_dist_mat 0
rms 0
smooth_averages 0
remove_neg 0
ico_order 0
which_surface 0
target_radius 0.000000
nfields 0
scale 0.000000
desired_rms_height 0.000000
momentum 0.000000
nbhd_size 0
max_nbrs 0
niterations 100
nsurfaces 0
SURFACES 3
flags 0 (0)
use curv 0
no sulc 0
no rigid align 0
mris->nsize 2
mris->hemisphere 0
randomSeed 0

000: dt: 0.0000, sse=23747534.0, rms=30.048
001: dt: 0.5000, sse=15400216.0, rms=24.139 (19.667%)
002: dt: 0.5000, sse=9794591.0, rms=19.173 (20.574%)
003: dt: 0.5000, sse=6441526.0, rms=15.455 (19.389%)
004: dt: 0.5000, sse=4521227.5, rms=12.849 (16.864%)
005: dt: 0.5000, sse=3406376.2, rms=11.055 (13.965%)
006: dt: 0.5000, sse=2723973.0, rms=9.792 (11.419%)
007: dt: 0.5000, sse=2270207.0, rms=8.851 (9.614%)
008: dt: 0.5000, sse=1929504.4, rms=8.070 (8.823%)
009: dt: 0.5000, sse=1657588.5, rms=7.386 (8.476%)
010: dt: 0.5000, sse=1424060.4, rms=6.743 (8.709%)
011: dt: 0.5000, sse=1236669.8, rms=6.177 (8.385%)
012: dt: 0.5000, sse=1088645.9, rms=5.690 (7.887%)
013: dt: 0.5000, sse=982297.8, rms=5.311 (6.660%)
014: dt: 0.5000, sse=903642.2, rms=5.011 (5.645%)
015: dt: 0.5000, sse=850467.8, rms=4.796 (4.299%)
016: dt: 0.5000, sse=817171.5, rms=4.655 (2.948%)
017: dt: 0.5000, sse=791502.9, rms=4.540 (2.453%)
018: dt: 0.5000, sse=772402.2, rms=4.453 (1.918%)
019: dt: 0.5000, sse=758779.9, rms=4.388 (1.455%)
rms = 4.3420/4.3885, sse=749224.8/758779.9, time step reduction 1 of 3 to 0.250  0 0 1
020: dt: 0.5000, sse=749224.8, rms=4.342 (1.058%)
021: dt: 0.2500, sse=693251.2, rms=4.069 (6.279%)
022: dt: 0.2500, sse=675233.7, rms=3.981 (2.182%)
rms = 3.9817/3.9806, sse=675949.4/675233.7, time step reduction 2 of 3 to 0.125  0 1 1
   RMS increased, rejecting step
rms = 3.9496/3.9806, sse=669104.7/675233.7, time step reduction 3 of 3 to 0.062  0 0 1
023: dt: 0.1250, sse=669104.7, rms=3.950 (0.780%)
  maximum number of reductions reached, breaking from loop
positioning took 1.4 minutes
Iteration 1 =========================================
n_averages=8, current_sigma=1
Computing target border values 
Entering MRIScomputeBorderValues_new(): 
  inside_hi   =  92.7657930;
  border_hi   =  51.0336340;
  border_low  =  31.1008990;
  outside_low =  10.0000000;
  outside_hi  =  46.0504530;
  sigma = 1;
  max_thickness = 10;
  step_size=0.5;
  STEP_SIZE=0.1;
  which = 2
  thresh = 0
  flags = 0
  CBVfindFirstPeakD1=0
  CBVfindFirstPeakD2=0
  nvertices=136397
  Gdiag_no=-1
  vno start=0, stop=136397
Replacing 255s with 0s
#SI# sigma=1 had to be increased for 23620 vertices, nripped=5913
mean border=51.2, 3963 (32) missing vertices, mean dist 0.1 [0.2 (%41.8)->0.9 (%58.2))]
%10 local maxima, %18 large gradients and %64 min vals, 0 gradients ignored
nFirstPeakD1 0
MRIScomputeBorderValues_new() finished in 0.0027 min


Averaging target values for 5 iterations...
Positioning Surface: tspring = 0.3, nspring = 0.3, spring = 0, niters = 100 l_repulse = 0, l_surf_repulse = 5, checktol = 0
Positioning pial surface
Entering MRISpositionSurface()
  max_mm = 0.3
  MAX_REDUCTIONS = 2, REDUCTION_PCT = 0.5
  parms->check_tol = 0, niterations = 100
tol=1.0e-04, sigma=1.0, host=dna06, nav=8, nbrs=2, l_surf_repulse=5.000, l_tspring=0.300, l_nspring=0.300, l_intensity=0.200, l_curv=1.000
mom=0.00, dt=0.50
000: dt: 0.0000, sse=785817.7, rms=4.216
rms = 4.2452/4.2161, sse=792711.5/785817.7, time step reduction 1 of 3 to 0.250  0 1 1
   RMS increased, rejecting step
024: dt: 0.2500, sse=745046.6, rms=4.021 (4.618%)
025: dt: 0.2500, sse=732256.5, rms=3.955 (1.654%)
rms = 3.9704/3.9549, sse=735347.3/732256.5, time step reduction 2 of 3 to 0.125  0 1 1
   RMS increased, rejecting step
rms = 3.9209/3.9549, sse=725494.6/732256.5, time step reduction 3 of 3 to 0.062  0 0 1
026: dt: 0.1250, sse=725494.6, rms=3.921 (0.861%)
  maximum number of reductions reached, breaking from loop
positioning took 0.3 minutes
Iteration 2 =========================================
n_averages=4, current_sigma=0.5
Computing target border values 
Entering MRIScomputeBorderValues_new(): 
  inside_hi   =  92.7657930;
  border_hi   =  51.0336340;
  border_low  =  31.1008990;
  outside_low =  10.0000000;
  outside_hi  =  46.0504530;
  sigma = 0.5;
  max_thickness = 10;
  step_size=0.5;
  STEP_SIZE=0.1;
  which = 2
  thresh = 0
  flags = 0
  CBVfindFirstPeakD1=0
  CBVfindFirstPeakD2=0
  nvertices=136397
  Gdiag_no=-1
  vno start=0, stop=136397
Replacing 255s with 0s
#SI# sigma=0.5 had to be increased for 25244 vertices, nripped=5913
mean border=51.0, 4366 (28) missing vertices, mean dist 0.1 [0.2 (%43.2)->0.7 (%56.8))]
%14 local maxima, %14 large gradients and %64 min vals, 0 gradients ignored
nFirstPeakD1 0
MRIScomputeBorderValues_new() finished in 0.0017 min


Averaging target values for 5 iterations...
Positioning Surface: tspring = 0.3, nspring = 0.3, spring = 0, niters = 100 l_repulse = 0, l_surf_repulse = 5, checktol = 0
Positioning pial surface
Entering MRISpositionSurface()
  max_mm = 0.3
  MAX_REDUCTIONS = 2, REDUCTION_PCT = 0.5
  parms->check_tol = 0, niterations = 100
tol=1.0e-04, sigma=0.5, host=dna06, nav=4, nbrs=2, l_surf_repulse=5.000, l_tspring=0.300, l_nspring=0.300, l_intensity=0.200, l_curv=1.000
mom=0.00, dt=0.50
000: dt: 0.0000, sse=741085.2, rms=3.995
rms = 4.2495/3.9946, sse=792831.8/741085.2, time step reduction 1 of 3 to 0.250  0 1 1
   RMS increased, rejecting step
027: dt: 0.2500, sse=721136.9, rms=3.897 (2.439%)
rms = 3.9414/3.8972, sse=729542.3/721136.8, time step reduction 2 of 3 to 0.125  0 1 1
   RMS increased, rejecting step
rms = 3.8833/3.8972, sse=718409.8/721136.8, time step reduction 3 of 3 to 0.062  0 0 1
028: dt: 0.1250, sse=718409.8, rms=3.883 (0.356%)
  maximum number of reductions reached, breaking from loop
positioning took 0.2 minutes
Iteration 3 =========================================
n_averages=2, current_sigma=0.25
Computing target border values 
Entering MRIScomputeBorderValues_new(): 
  inside_hi   =  92.7657930;
  border_hi   =  51.0336340;
  border_low  =  31.1008990;
  outside_low =  10.0000000;
  outside_hi  =  46.0504530;
  sigma = 0.25;
  max_thickness = 10;
  step_size=0.5;
  STEP_SIZE=0.1;
  which = 2
  thresh = 0
  flags = 0
  CBVfindFirstPeakD1=0
  CBVfindFirstPeakD2=0
  nvertices=136397
  Gdiag_no=-1
  vno start=0, stop=136397
Replacing 255s with 0s
#SI# sigma=0.25 had to be increased for 20310 vertices, nripped=5913
mean border=50.7, 10228 (28) missing vertices, mean dist 0.1 [0.2 (%42.1)->0.6 (%57.9))]
%16 local maxima, %11 large gradients and %61 min vals, 0 gradients ignored
nFirstPeakD1 0
MRIScomputeBorderValues_new() finished in 0.0011 min


Averaging target values for 5 iterations...
Positioning Surface: tspring = 0.3, nspring = 0.3, spring = 0, niters = 100 l_repulse = 0, l_surf_repulse = 5, checktol = 0
Positioning pial surface
Entering MRISpositionSurface()
  max_mm = 0.3
  MAX_REDUCTIONS = 2, REDUCTION_PCT = 0.5
  parms->check_tol = 0, niterations = 100
tol=1.0e-04, sigma=0.2, host=dna06, nav=2, nbrs=2, l_surf_repulse=5.000, l_tspring=0.300, l_nspring=0.300, l_intensity=0.200, l_curv=1.000
mom=0.00, dt=0.50
000: dt: 0.0000, sse=733400.1, rms=3.956
rms = 3.9350/3.9556, sse=723956.6/733400.0, time step reduction 1 of 3 to 0.250  0 0 1
029: dt: 0.5000, sse=723956.6, rms=3.935 (0.520%)
030: dt: 0.2500, sse=676260.9, rms=3.692 (6.171%)
031: dt: 0.2500, sse=651936.4, rms=3.568 (3.355%)
rms = 3.5719/3.5683, sse=652265.3/651936.4, time step reduction 2 of 3 to 0.125  0 1 1
   RMS increased, rejecting step
032: dt: 0.1250, sse=642294.3, rms=3.515 (1.496%)
033: dt: 0.1250, sse=627422.2, rms=3.431 (2.388%)
rms = 3.3899/3.4310, sse=620004.0/627422.2, time step reduction 3 of 3 to 0.062  0 0 1
034: dt: 0.1250, sse=620004.0, rms=3.390 (1.195%)
  maximum number of reductions reached, breaking from loop
positioning took 0.4 minutes
Pinning medial wall to white surface
removing intersecting faces
000: 5 intersecting
terminating search with 0 intersecting


Writing output to ../surf/lh.pial.T1
#ET# mris_place_surface  2.36 minutes
#VMPC# mris_place_surfaces VmPeak  2394004
mris_place_surface done
#@# white curv lh Sat Mar 14 11:57:42 CET 2026
cd /out/sourcedata/freesurfer/sub-v2s9x29152_ses-1/mri
mris_place_surface --curv-map ../surf/lh.white 2 10 ../surf/lh.curv
insurf  ../surf/lh.white, nbrs 2, curvature_avgs 10
writing curvature file ../surf/lh.curv
#@# white area lh Sat Mar 14 11:57:43 CET 2026
cd /out/sourcedata/freesurfer/sub-v2s9x29152_ses-1/mri
mris_place_surface --area-map ../surf/lh.white ../surf/lh.area
writing curvature file ../surf/lh.area
#@# pial curv lh Sat Mar 14 11:57:43 CET 2026
cd /out/sourcedata/freesurfer/sub-v2s9x29152_ses-1/mri
mris_place_surface --curv-map ../surf/lh.pial 2 10 ../surf/lh.curv.pial
insurf  ../surf/lh.pial, nbrs 2, curvature_avgs 10
writing curvature file ../surf/lh.curv.pial
#@# pial area lh Sat Mar 14 11:57:45 CET 2026
cd /out/sourcedata/freesurfer/sub-v2s9x29152_ses-1/mri
mris_place_surface --area-map ../surf/lh.pial ../surf/lh.area.pial
writing curvature file ../surf/lh.area.pial
#@# thickness lh Sat Mar 14 11:57:45 CET 2026
cd /out/sourcedata/freesurfer/sub-v2s9x29152_ses-1/mri
mris_place_surface --thickness ../surf/lh.white ../surf/lh.pial 20 5 ../surf/lh.thickness
0 of 136397 vertices processed
25000 of 136397 vertices processed
50000 of 136397 vertices processed
75000 of 136397 vertices processed
100000 of 136397 vertices processed
125000 of 136397 vertices processed
0 of 136397 vertices processed
25000 of 136397 vertices processed
50000 of 136397 vertices processed
75000 of 136397 vertices processed
100000 of 136397 vertices processed
125000 of 136397 vertices processed
thickness calculation complete, 433:1656 truncations.
48607 vertices at 0 distance
104580 vertices at 1 distance
72725 vertices at 2 distance
28950 vertices at 3 distance
10760 vertices at 4 distance
4022 vertices at 5 distance
1495 vertices at 6 distance
657 vertices at 7 distance
294 vertices at 8 distance
163 vertices at 9 distance
102 vertices at 10 distance
77 vertices at 11 distance
62 vertices at 12 distance
51 vertices at 13 distance
52 vertices at 14 distance
44 vertices at 15 distance
32 vertices at 16 distance
24 vertices at 17 distance
16 vertices at 18 distance
27 vertices at 19 distance
54 vertices at 20 distance
writing curvature file ../surf/lh.thickness
#@# area and vertex vol lh Sat Mar 14 11:58:04 CET 2026
cd /out/sourcedata/freesurfer/sub-v2s9x29152_ses-1/mri
mris_place_surface --thickness ../surf/lh.white ../surf/lh.pial 20 5 ../surf/lh.thickness
/out/sourcedata/freesurfer/sub-v2s9x29152_ses-1/surf
mris_calc -o lh.area.mid lh.area add lh.area.pial
Saving result to 'lh.area.mid' (type = MRI_CURV_FILE)                       [ ok ]
mris_calc -o lh.area.mid lh.area.mid div 2
Saving result to 'lh.area.mid' (type = MRI_CURV_FILE)                       [ ok ]
mris_convert --volume sub-v2s9x29152_ses-1 lh /out/sourcedata/freesurfer/sub-v2s9x29152_ses-1/surf/lh.volume
masking with /out/sourcedata/freesurfer/sub-v2s9x29152_ses-1/label/lh.cortex.label
Total face volume 283405
Total vertex volume 283208 (mask=0)
#@# sub-v2s9x29152_ses-1 lh 283208
 
vertexvol Done

#-----------------------------------------
#@# Curvature Stats lh Sat Mar 14 11:58:05 CET 2026
/out/sourcedata/freesurfer/sub-v2s9x29152_ses-1/surf

 mris_curvature_stats -m --writeCurvatureFiles -G -o ../stats/lh.curv.stats -F smoothwm sub-v2s9x29152_ses-1 lh curv sulc 

             Toggling save flag on curvature files                       [ ok ]
                 Outputting results using filestem   [ ../stats/lh.curv.stats ]
             Toggling save flag on curvature files                       [ ok ]
                                   Setting surface [ sub-v2s9x29152_ses-1/lh.smoothwm ]
                                Reading surface...                       [ ok ]
                                   Setting texture                     [ curv ]
                                Reading texture...                       [ ok ]
                                   Setting texture                     [ sulc ]
                                Reading texture...Gb_filter = 0
                       [ ok ]
      Calculating Discrete Principal Curvatures...
      Determining geometric order for vno faces... [####################] [ ok ]
                      Determining KH curvatures... [####################] [ ok ]
                    Determining k1k2 curvatures... [####################] [ ok ]
                                   deltaViolations                      [ 245 ]
Gb_filter = 0

WARN:    S lookup   min:                          -0.214729
WARN:    S explicit min:                          0.000000	vertex = 2094
#-----------------------------------------
#@# Cortical Parc 2 lh Sat Mar 14 11:58:06 CET 2026
/out/sourcedata/freesurfer/sub-v2s9x29152_ses-1/scripts

 mris_ca_label -l ../label/lh.cortex.label -aseg ../mri/aseg.presurf.mgz -seed 1234 sub-v2s9x29152_ses-1 lh ../surf/lh.sphere.reg /opt/freesurfer/average/lh.CDaparc.atlas.acfb40.noaparc.i12.2016-08-02.gcs ../label/lh.aparc.a2009s.annot 

setting seed for random number generator to 1234
using ../mri/aseg.presurf.mgz aseg volume to correct midline
7.3.2
  7.3.2
reading atlas from /opt/freesurfer/average/lh.CDaparc.atlas.acfb40.noaparc.i12.2016-08-02.gcs...
reading color table from GCSA file....
average std = 3.0   using min determinant for regularization = 0.088
0 singular and 0 ill-conditioned covariance matrices regularized
input 0: MEAN CURVATURE, flags 0, avgs 5, name mean_curvature
labeling surface...
59 labels changed using aseg
relabeling using gibbs priors...
000:   9452 changed, 136397 examined...
001:   2162 changed, 36422 examined...
002:    652 changed, 11627 examined...
003:    315 changed, 3812 examined...
004:    156 changed, 1833 examined...
005:     85 changed, 874 examined...
006:     50 changed, 478 examined...
007:     20 changed, 284 examined...
008:     12 changed, 121 examined...
009:      2 changed, 67 examined...
010:      2 changed, 13 examined...
011:      1 changed, 9 examined...
012:      0 changed, 7 examined...
3 labels changed using aseg
000: 236 total segments, 151 labels (1955 vertices) changed
001: 95 total segments, 10 labels (15 vertices) changed
002: 85 total segments, 0 labels (0 vertices) changed
10 filter iterations complete (10 requested, 48 changed)
rationalizing unknown annotations with cortex label
relabeling Medial_wall label...
1239 vertices marked for relabeling...
1239 labels changed in reclassification.
writing output to ../label/lh.aparc.a2009s.annot...
classification took 0 minutes and 9 seconds.
#-----------------------------------------
#@# Cortical Parc 3 lh Sat Mar 14 11:58:15 CET 2026
/out/sourcedata/freesurfer/sub-v2s9x29152_ses-1/scripts

 mris_ca_label -l ../label/lh.cortex.label -aseg ../mri/aseg.presurf.mgz -seed 1234 sub-v2s9x29152_ses-1 lh ../surf/lh.sphere.reg /opt/freesurfer/average/lh.DKTaparc.atlas.acfb40.noaparc.i12.2016-08-02.gcs ../label/lh.aparc.DKTatlas.annot 

setting seed for random number generator to 1234
using ../mri/aseg.presurf.mgz aseg volume to correct midline
7.3.2
  7.3.2
reading atlas from /opt/freesurfer/average/lh.DKTaparc.atlas.acfb40.noaparc.i12.2016-08-02.gcs...
reading color table from GCSA file....
average std = 1.4   using min determinant for regularization = 0.020
0 singular and 383 ill-conditioned covariance matrices regularized
input 0: MEAN CURVATURE, flags 0, avgs 5, name mean_curvature
labeling surface...
1770 labels changed using aseg
relabeling using gibbs priors...
000:   2141 changed, 136397 examined...
001:    505 changed, 9815 examined...
002:    138 changed, 2885 examined...
003:     73 changed, 807 examined...
004:     27 changed, 392 examined...
005:     14 changed, 171 examined...
006:     11 changed, 78 examined...
007:      7 changed, 67 examined...
008:      6 changed, 45 examined...
009:      5 changed, 31 examined...
010:      4 changed, 24 examined...
011:      4 changed, 21 examined...
012:      5 changed, 19 examined...
013:      2 changed, 23 examined...
014:      3 changed, 13 examined...
015:      4 changed, 18 examined...
016:      3 changed, 20 examined...
017:      2 changed, 17 examined...
018:      3 changed, 15 examined...
019:      1 changed, 17 examined...
020:      3 changed, 7 examined...
021:      2 changed, 12 examined...
022:      2 changed, 14 examined...
023:      5 changed, 12 examined...
024:      5 changed, 20 examined...
025:      4 changed, 21 examined...
026:      2 changed, 21 examined...
027:      1 changed, 14 examined...
028:      0 changed, 7 examined...
248 labels changed using aseg
000: 48 total segments, 15 labels (89 vertices) changed
001: 33 total segments, 0 labels (0 vertices) changed
10 filter iterations complete (10 requested, 8 changed)
rationalizing unknown annotations with cortex label
relabeling unknown label...
relabeling corpuscallosum label...
1029 vertices marked for relabeling...
1029 labels changed in reclassification.
writing output to ../label/lh.aparc.DKTatlas.annot...
classification took 0 minutes and 7 seconds.
#-----------------------------------------
#@# WM/GM Contrast lh Sat Mar 14 11:58:22 CET 2026
/out/sourcedata/freesurfer/sub-v2s9x29152_ses-1/scripts

 pctsurfcon --s sub-v2s9x29152_ses-1 --lh-only 

Log file is /out/sourcedata/freesurfer/sub-v2s9x29152_ses-1/scripts/pctsurfcon.log
Sat Mar 14 11:58:22 CET 2026
setenv SUBJECTS_DIR /out/sourcedata/freesurfer
cd /out/sourcedata/freesurfer/sub-v2s9x29152_ses-1/scripts
/opt/freesurfer/bin/pctsurfcon
pctsurfcon 7.3.2
Linux dna067 5.14.0-427.37.1.el9_4.x86_64 #1 SMP PREEMPT_DYNAMIC Fri Sep 13 12:41:50 EDT 2024 x86_64 x86_64 x86_64 GNU/Linux
FREESURFER_HOME /opt/freesurfer
mri_vol2surf --mov /out/sourcedata/freesurfer/sub-v2s9x29152_ses-1/mri/rawavg.mgz --hemi lh --noreshape --interp trilinear --projdist -1 --o /out/sourcedata/freesurfer/sub-v2s9x29152_ses-1/surf/tmp.pctsurfcon.2863458/lh.wm.mgh --regheader sub-v2s9x29152_ses-1 --cortex
srcvol = /out/sourcedata/freesurfer/sub-v2s9x29152_ses-1/mri/rawavg.mgz
srcreg unspecified
srcregold = 0
srcwarp unspecified
surf = white
hemi = lh
ProjDist = -1
reshape = 0
interp = trilinear
float2int = round
GetProjMax = 0
INFO: float2int code = 0
Done loading volume
Computing registration from header.
  Using /out/sourcedata/freesurfer/sub-v2s9x29152_ses-1/mri/orig.mgz as target reference.
-------- original matrix -----------
-1.00000   0.00000   0.00000  -0.00002;
 0.00000   0.00000   1.00000   0.00000;
 0.00000  -1.00000   0.00000   0.00000;
 0.00000   0.00000   0.00000   1.00000;
-------- original matrix -----------
Loading label /out/sourcedata/freesurfer/sub-v2s9x29152_ses-1/label/lh.cortex.label
Reading surface /out/sourcedata/freesurfer/sub-v2s9x29152_ses-1/surf/lh.white
Done reading source surface
Mapping Source Volume onto Source Subject Surface
Projecting -1 -1 1
 1 -1 -1 -1
using old
Done mapping volume to surface
Number of source voxels hit = 72573
Masking with /out/sourcedata/freesurfer/sub-v2s9x29152_ses-1/label/lh.cortex.label
Writing to /out/sourcedata/freesurfer/sub-v2s9x29152_ses-1/surf/tmp.pctsurfcon.2863458/lh.wm.mgh
Dim: 136397 1 1
mri_vol2surf --mov /out/sourcedata/freesurfer/sub-v2s9x29152_ses-1/mri/rawavg.mgz --hemi lh --noreshape --interp trilinear --o /out/sourcedata/freesurfer/sub-v2s9x29152_ses-1/surf/tmp.pctsurfcon.2863458/lh.gm.mgh --projfrac 0.3 --regheader sub-v2s9x29152_ses-1 --cortex
srcvol = /out/sourcedata/freesurfer/sub-v2s9x29152_ses-1/mri/rawavg.mgz
srcreg unspecified
srcregold = 0
srcwarp unspecified
surf = white
hemi = lh
ProjFrac = 0.3
thickness = thickness
reshape = 0
interp = trilinear
float2int = round
GetProjMax = 0
INFO: float2int code = 0
Done loading volume
Computing registration from header.
  Using /out/sourcedata/freesurfer/sub-v2s9x29152_ses-1/mri/orig.mgz as target reference.
-------- original matrix -----------
-1.00000   0.00000   0.00000  -0.00002;
 0.00000   0.00000   1.00000   0.00000;
 0.00000  -1.00000   0.00000   0.00000;
 0.00000   0.00000   0.00000   1.00000;
-------- original matrix -----------
Loading label /out/sourcedata/freesurfer/sub-v2s9x29152_ses-1/label/lh.cortex.label
Reading surface /out/sourcedata/freesurfer/sub-v2s9x29152_ses-1/surf/lh.white
Done reading source surface
Reading thickness /out/sourcedata/freesurfer/sub-v2s9x29152_ses-1/surf/lh.thickness
Done
Mapping Source Volume onto Source Subject Surface
Projecting 0.3 0.3 1
 1 0.3 0.3 0.3
using old
Done mapping volume to surface
Number of source voxels hit = 83165
Masking with /out/sourcedata/freesurfer/sub-v2s9x29152_ses-1/label/lh.cortex.label
Writing to /out/sourcedata/freesurfer/sub-v2s9x29152_ses-1/surf/tmp.pctsurfcon.2863458/lh.gm.mgh
Dim: 136397 1 1
mri_concat /out/sourcedata/freesurfer/sub-v2s9x29152_ses-1/surf/tmp.pctsurfcon.2863458/lh.wm.mgh /out/sourcedata/freesurfer/sub-v2s9x29152_ses-1/surf/tmp.pctsurfcon.2863458/lh.gm.mgh --paired-diff-norm --mul 100 --o /out/sourcedata/freesurfer/sub-v2s9x29152_ses-1/surf/lh.w-g.pct.mgh
ninputs = 2
Checking inputs
nframestot = 2
Allocing output
Done allocing
Combining pairs
nframes = 1
Multiplying by 100.000000
Writing to /out/sourcedata/freesurfer/sub-v2s9x29152_ses-1/surf/lh.w-g.pct.mgh
mri_segstats --in /out/sourcedata/freesurfer/sub-v2s9x29152_ses-1/surf/lh.w-g.pct.mgh --annot sub-v2s9x29152_ses-1 lh aparc --sum /out/sourcedata/freesurfer/sub-v2s9x29152_ses-1/stats/lh.w-g.pct.stats --snr

7.3.2
cwd 
cmdline mri_segstats --in /out/sourcedata/freesurfer/sub-v2s9x29152_ses-1/surf/lh.w-g.pct.mgh --annot sub-v2s9x29152_ses-1 lh aparc --sum /out/sourcedata/freesurfer/sub-v2s9x29152_ses-1/stats/lh.w-g.pct.stats --snr 
sysname  Linux
hostname dna067
machine  x86_64
user     oesteban
whitesurfname  white
UseRobust  0
Constructing seg from annotation

Reading annotation /out/sourcedata/freesurfer/sub-v2s9x29152_ses-1/label/lh.aparc.annot
Seg base 1000
Loading /out/sourcedata/freesurfer/sub-v2s9x29152_ses-1/surf/lh.w-g.pct.mgh
Vertex Area is 0.706249 mm^3
Generating list of segmentation ids
Found  36 segmentations
Computing statistics for each segmentation

Reporting on  35 segmentations
Using PrintSegStat
mri_segstats done
Cleaning up

Started at Sat Mar 14 11:42:38 CET 2026 
Ended   at Sat Mar 14 11:58:25 CET 2026
#@#%# recon-all-run-time-hours 0.263
recon-all -s sub-v2s9x29152_ses-1 finished without error at Sat Mar 14 11:58:25 CET 2026



#New# invocation of recon-all 




Sat Mar 14 12:18:52 CET 2026
cd /out/sourcedata/freesurfer/sub-v2s9x29152_ses-1
setenv SUBJECTS_DIR /out/sourcedata/freesurfer
/opt/freesurfer/bin/recon-all -autorecon-hemi lh -nohyporelabel -lh-only -openmp 16 -subjid sub-v2s9x29152_ses-1 -sd /out/sourcedata/freesurfer -notessellate -nosmooth1 -noinflate1 -noqsphere -nofix -nowhite -nosmooth2 -noinflate2 -nocurvHK -nocurvstats -nosphere -nosurfreg -nojacobian_white -noavgcurv -nocortparc -nopial -nocortparc2 -nocortparc3 -nopctsurfcon

subjid sub-v2s9x29152_ses-1
setenv SUBJECTS_DIR /out/sourcedata/freesurfer
FREESURFER_HOME /opt/freesurfer
Actual FREESURFER_HOME /opt/freesurfer
build-stamp.txt: freesurfer-linux-ubuntu22_x86_64-7.3.2-20220804-6354275
Linux dna067 5.14.0-427.37.1.el9_4.x86_64 #1 SMP PREEMPT_DYNAMIC Fri Sep 13 12:41:50 EDT 2024 x86_64 x86_64 x86_64 GNU/Linux
cputime      unlimited
filesize     unlimited
datasize     unlimited
stacksize    8192 kbytes
coredumpsize 0 kbytes
memoryuse    67108864 kbytes
vmemoryuse   unlimited
descriptors  1024 
memorylocked unlimited
maxproc      2061970 
maxlocks     unlimited
maxsignal    2062029 
maxmessage   819200 
maxnice      0 
maxrtprio    0 
maxrttime    unlimited

               total        used        free      shared  buff/cache   available
Mem:           503Gi        48Gi       266Gi        26Gi       188Gi       425Gi
Swap:             0B          0B          0B

########################################
program versions used
7.3.2 (freesurfer-linux-ubuntu22_x86_64-7.3.2-20220804-6354275)
7.3.2

ProgramName: lta_convert  ProgramArguments: lta_convert -all-info  ProgramVersion: 7.3.2  TimeStamp: 2026/03/14-11:18:52-GMT  BuildTime: Aug  4 2022 06:17:15  BuildStamp: freesurfer-linux-ubuntu22_x86_64-7.3.2-20220804-6354275  User: oesteban  Machine: dna067  Platform: Linux  PlatformVersion: 5.14.0-427.37.1.el9_4.x86_64  CompilerName: GCC  CompilerVersion: 8.4.0
ProgramName: mri_and  ProgramArguments: mri_and -all-info  ProgramVersion: 7.3.2  TimeStamp: 2026/03/14-11:18:52-GMT  BuildTime: Aug  4 2022 06:17:15  BuildStamp: freesurfer-linux-ubuntu22_x86_64-7.3.2-20220804-6354275  User: oesteban  Machine: dna067  Platform: Linux  PlatformVersion: 5.14.0-427.37.1.el9_4.x86_64  CompilerName: GCC  CompilerVersion: 8.4.0
ProgramName: mri_annotation2label  ProgramArguments: mri_annotation2label -all-info  ProgramVersion: 7.3.2  TimeStamp: 2026/03/14-11:18:52-GMT  BuildTime: Aug  4 2022 06:17:15  BuildStamp: freesurfer-linux-ubuntu22_x86_64-7.3.2-20220804-6354275  User: oesteban  Machine: dna067  Platform: Linux  PlatformVersion: 5.14.0-427.37.1.el9_4.x86_64  CompilerName: GCC  CompilerVersion: 8.4.0
ProgramName: mri_aparc2aseg  ProgramArguments: mri_aparc2aseg -all-info  ProgramVersion: 7.3.2  TimeStamp: 2026/03/14-11:18:52-GMT  BuildTime: Aug  4 2022 06:17:15  BuildStamp: freesurfer-linux-ubuntu22_x86_64-7.3.2-20220804-6354275  User: oesteban  Machine: dna067  Platform: Linux  PlatformVersion: 5.14.0-427.37.1.el9_4.x86_64  CompilerName: GCC  CompilerVersion: 8.4.0
ProgramName: mri_surf2volseg  ProgramArguments: mri_surf2volseg -all-info  ProgramVersion: 7.3.2  TimeStamp: 2026/03/14-11:18:52-GMT  BuildTime: Aug  4 2022 06:17:15  BuildStamp: freesurfer-linux-ubuntu22_x86_64-7.3.2-20220804-6354275  User: oesteban  Machine: dna067  Platform: Linux  PlatformVersion: 5.14.0-427.37.1.el9_4.x86_64  CompilerName: GCC  CompilerVersion: 8.4.0
ProgramName: mri_binarize  ProgramArguments: mri_binarize -all-info  ProgramVersion: 7.3.2  TimeStamp: 2026/03/14-11:18:52-GMT  BuildTime: Aug  4 2022 06:17:15  BuildStamp: freesurfer-linux-ubuntu22_x86_64-7.3.2-20220804-6354275  User: oesteban  Machine: dna067  Platform: Linux  PlatformVersion: 5.14.0-427.37.1.el9_4.x86_64  CompilerName: GCC  CompilerVersion: 8.4.0
ProgramName: mri_ca_label  ProgramArguments: mri_ca_label -all-info  ProgramVersion: 7.3.2  TimeStamp: 2026/03/14-11:18:52-GMT  BuildTime: Aug  4 2022 06:17:15  BuildStamp: freesurfer-linux-ubuntu22_x86_64-7.3.2-20220804-6354275  User: oesteban  Machine: dna067  Platform: Linux  PlatformVersion: 5.14.0-427.37.1.el9_4.x86_64  CompilerName: GCC  CompilerVersion: 8.4.0
ProgramName: mri_ca_normalize  ProgramArguments: mri_ca_normalize -all-info  ProgramVersion: 7.3.2  TimeStamp: 2026/03/14-11:18:52-GMT  BuildTime: Aug  4 2022 06:17:15  BuildStamp: freesurfer-linux-ubuntu22_x86_64-7.3.2-20220804-6354275  User: oesteban  Machine: dna067  Platform: Linux  PlatformVersion: 5.14.0-427.37.1.el9_4.x86_64  CompilerName: GCC  CompilerVersion: 8.4.0
ProgramName: mri_ca_register  ProgramArguments: mri_ca_register -all-info  ProgramVersion: 7.3.2  TimeStamp: 2026/03/14-11:18:52-GMT  BuildTime: Aug  4 2022 06:17:15  BuildStamp: freesurfer-linux-ubuntu22_x86_64-7.3.2-20220804-6354275  User: oesteban  Machine: dna067  Platform: Linux  PlatformVersion: 5.14.0-427.37.1.el9_4.x86_64  CompilerName: GCC  CompilerVersion: 8.4.0
ProgramName: mri_cc  ProgramArguments: mri_cc -all-info  ProgramVersion: 7.3.2  TimeStamp: 2026/03/14-11:18:52-GMT  BuildTime: Aug  4 2022 06:17:15  BuildStamp: freesurfer-linux-ubuntu22_x86_64-7.3.2-20220804-6354275  User: oesteban  Machine: dna067  Platform: Linux  PlatformVersion: 5.14.0-427.37.1.el9_4.x86_64  CompilerName: GCC  CompilerVersion: 8.4.0
ProgramName: mri_compute_overlap  ProgramArguments: mri_compute_overlap -all-info  ProgramVersion: 7.3.2  TimeStamp: 2026/03/14-11:18:52-GMT  BuildTime: Aug  4 2022 06:17:15  BuildStamp: freesurfer-linux-ubuntu22_x86_64-7.3.2-20220804-6354275  User: oesteban  Machine: dna067  Platform: Linux  PlatformVersion: 5.14.0-427.37.1.el9_4.x86_64  CompilerName: GCC  CompilerVersion: 8.4.0
ProgramName: mri_compute_seg_overlap  ProgramArguments: mri_compute_seg_overlap -all-info  ProgramVersion: 7.3.2  TimeStamp: 2026/03/14-11:18:52-GMT  BuildTime: Aug  4 2022 06:17:15  BuildStamp: freesurfer-linux-ubuntu22_x86_64-7.3.2-20220804-6354275  User: oesteban  Machine: dna067  Platform: Linux  PlatformVersion: 5.14.0-427.37.1.el9_4.x86_64  CompilerName: GCC  CompilerVersion: 8.4.0
ProgramName: mri_concat  ProgramArguments: mri_concat -all-info  ProgramVersion: 7.3.2  TimeStamp: 2026/03/14-11:18:52-GMT  BuildTime: Aug  4 2022 06:17:15  BuildStamp: freesurfer-linux-ubuntu22_x86_64-7.3.2-20220804-6354275  User: oesteban  Machine: dna067  Platform: Linux  PlatformVersion: 5.14.0-427.37.1.el9_4.x86_64  CompilerName: GCC  CompilerVersion: 8.4.0
ProgramName: mri_concatenate_lta  ProgramArguments: mri_concatenate_lta -all-info  ProgramVersion: 7.3.2  TimeStamp: 2026/03/14-11:18:52-GMT  BuildTime: Aug  4 2022 06:17:15  BuildStamp: freesurfer-linux-ubuntu22_x86_64-7.3.2-20220804-6354275  User: oesteban  Machine: dna067  Platform: Linux  PlatformVersion: 5.14.0-427.37.1.el9_4.x86_64  CompilerName: GCC  CompilerVersion: 8.4.0
mri_convert -all-info 
ProgramName: mri_convert  ProgramArguments: mri_convert -all-info  ProgramVersion: 7.3.2  TimeStamp: 2026/03/14-11:18:52-GMT  BuildTime: Aug  4 2022 06:17:15  BuildStamp: freesurfer-linux-ubuntu22_x86_64-7.3.2-20220804-6354275  User: oesteban  Machine: dna067  Platform: Linux  PlatformVersion: 5.14.0-427.37.1.el9_4.x86_64  CompilerName: GCC  CompilerVersion: 8.4.0
ProgramName: mri_diff  ProgramArguments: mri_diff -all-info  ProgramVersion: 7.3.2  TimeStamp: 2026/03/14-11:18:52-GMT  BuildTime: Aug  4 2022 06:17:15  BuildStamp: freesurfer-linux-ubuntu22_x86_64-7.3.2-20220804-6354275  User: oesteban  Machine: dna067  Platform: Linux  PlatformVersion: 5.14.0-427.37.1.el9_4.x86_64  CompilerName: GCC  CompilerVersion: 8.4.0
ProgramName: mri_edit_wm_with_aseg  ProgramArguments: mri_edit_wm_with_aseg -all-info  ProgramVersion: 7.3.2  TimeStamp: 2026/03/14-11:18:52-GMT  BuildTime: Aug  4 2022 06:17:15  BuildStamp: freesurfer-linux-ubuntu22_x86_64-7.3.2-20220804-6354275  User: oesteban  Machine: dna067  Platform: Linux  PlatformVersion: 5.14.0-427.37.1.el9_4.x86_64  CompilerName: GCC  CompilerVersion: 8.4.0
ProgramName: mri_em_register  ProgramArguments: mri_em_register -all-info  ProgramVersion: 7.3.2  TimeStamp: 2026/03/14-11:18:52-GMT  BuildTime: Aug  4 2022 06:17:15  BuildStamp: freesurfer-linux-ubuntu22_x86_64-7.3.2-20220804-6354275  User: oesteban  Machine: dna067  Platform: Linux  PlatformVersion: 5.14.0-427.37.1.el9_4.x86_64  CompilerName: GCC  CompilerVersion: 8.4.0
ProgramName: mri_fill  ProgramArguments: mri_fill -all-info  ProgramVersion: 7.3.2  TimeStamp: 2026/03/14-11:18:52-GMT  BuildTime: Aug  4 2022 06:17:15  BuildStamp: freesurfer-linux-ubuntu22_x86_64-7.3.2-20220804-6354275  User: oesteban  Machine: dna067  Platform: Linux  PlatformVersion: 5.14.0-427.37.1.el9_4.x86_64  CompilerName: GCC  CompilerVersion: 8.4.0
ProgramName: mri_fuse_segmentations  ProgramArguments: mri_fuse_segmentations -all-info  ProgramVersion: 7.3.2  TimeStamp: 2026/03/14-11:18:52-GMT  BuildTime: Aug  4 2022 06:17:15  BuildStamp: freesurfer-linux-ubuntu22_x86_64-7.3.2-20220804-6354275  User: oesteban  Machine: dna067  Platform: Linux  PlatformVersion: 5.14.0-427.37.1.el9_4.x86_64  CompilerName: GCC  CompilerVersion: 8.4.0
ProgramName: mri_fwhm  ProgramArguments: mri_fwhm -all-info  ProgramVersion: 7.3.2  TimeStamp: 2026/03/14-11:18:52-GMT  BuildTime: Aug  4 2022 06:17:15  BuildStamp: freesurfer-linux-ubuntu22_x86_64-7.3.2-20220804-6354275  User: oesteban  Machine: dna067  Platform: Linux  PlatformVersion: 5.14.0-427.37.1.el9_4.x86_64  CompilerName: GCC  CompilerVersion: 8.4.0
ProgramName: mri_gcut  ProgramArguments: mri_gcut -all-info  ProgramVersion: 7.3.2  TimeStamp: 2026/03/14-11:18:52-GMT  BuildTime: Aug  4 2022 06:17:15  BuildStamp: freesurfer-linux-ubuntu22_x86_64-7.3.2-20220804-6354275  User: oesteban  Machine: dna067  Platform: Linux  PlatformVersion: 5.14.0-427.37.1.el9_4.x86_64  CompilerName: GCC  CompilerVersion: 8.4.0
ProgramName: mri_info  ProgramArguments: mri_info -all-info  ProgramVersion: 7.3.2  TimeStamp: 2026/03/14-11:18:52-GMT  BuildTime: Aug  4 2022 06:17:15  BuildStamp: freesurfer-linux-ubuntu22_x86_64-7.3.2-20220804-6354275  User: oesteban  Machine: dna067  Platform: Linux  PlatformVersion: 5.14.0-427.37.1.el9_4.x86_64  CompilerName: GCC  CompilerVersion: 8.4.0
ProgramName: mri_label2label  ProgramArguments: mri_label2label -all-info  ProgramVersion: 7.3.2  TimeStamp: 2026/03/14-11:18:52-GMT  BuildTime: Aug  4 2022 06:17:15  BuildStamp: freesurfer-linux-ubuntu22_x86_64-7.3.2-20220804-6354275  User: oesteban  Machine: dna067  Platform: Linux  PlatformVersion: 5.14.0-427.37.1.el9_4.x86_64  CompilerName: GCC  CompilerVersion: 8.4.0
ProgramName: mri_label2vol  ProgramArguments: mri_label2vol -all-info  ProgramVersion: 7.3.2  TimeStamp: 2026/03/14-11:18:52-GMT  BuildTime: Aug  4 2022 06:17:15  BuildStamp: freesurfer-linux-ubuntu22_x86_64-7.3.2-20220804-6354275  User: oesteban  Machine: dna067  Platform: Linux  PlatformVersion: 5.14.0-427.37.1.el9_4.x86_64  CompilerName: GCC  CompilerVersion: 8.4.0
ProgramName: mri_log_likelihood  ProgramArguments: mri_log_likelihood -all-info  ProgramVersion: 7.3.2  TimeStamp: 2026/03/14-11:18:52-GMT  BuildTime: Aug  4 2022 06:17:15  BuildStamp: freesurfer-linux-ubuntu22_x86_64-7.3.2-20220804-6354275  User: oesteban  Machine: dna067  Platform: Linux  PlatformVersion: 5.14.0-427.37.1.el9_4.x86_64  CompilerName: GCC  CompilerVersion: 8.4.0
ProgramName: mri_mask  ProgramArguments: mri_mask -all-info  ProgramVersion: 7.3.2  TimeStamp: 2026/03/14-11:18:52-GMT  BuildTime: Aug  4 2022 06:17:15  BuildStamp: freesurfer-linux-ubuntu22_x86_64-7.3.2-20220804-6354275  User: oesteban  Machine: dna067  Platform: Linux  PlatformVersion: 5.14.0-427.37.1.el9_4.x86_64  CompilerName: GCC  CompilerVersion: 8.4.0
ProgramName: mri_matrix_multiply  ProgramArguments: mri_matrix_multiply -all-info  ProgramVersion: 7.3.2  TimeStamp: 2026/03/14-11:18:52-GMT  BuildTime: Aug  4 2022 06:17:15  BuildStamp: freesurfer-linux-ubuntu22_x86_64-7.3.2-20220804-6354275  User: oesteban  Machine: dna067  Platform: Linux  PlatformVersion: 5.14.0-427.37.1.el9_4.x86_64  CompilerName: GCC  CompilerVersion: 8.4.0
ProgramName: mri_normalize  ProgramArguments: mri_normalize -all-info  ProgramVersion: 7.3.2  TimeStamp: 2026/03/14-11:18:52-GMT  BuildTime: Aug  4 2022 06:17:15  BuildStamp: freesurfer-linux-ubuntu22_x86_64-7.3.2-20220804-6354275  User: oesteban  Machine: dna067  Platform: Linux  PlatformVersion: 5.14.0-427.37.1.el9_4.x86_64  CompilerName: GCC  CompilerVersion: 8.4.0
ProgramName: mri_normalize_tp2  ProgramArguments: mri_normalize_tp2 -all-info  ProgramVersion: 7.3.2  TimeStamp: 2026/03/14-11:18:52-GMT  BuildTime: Aug  4 2022 06:17:15  BuildStamp: freesurfer-linux-ubuntu22_x86_64-7.3.2-20220804-6354275  User: oesteban  Machine: dna067  Platform: Linux  PlatformVersion: 5.14.0-427.37.1.el9_4.x86_64  CompilerName: GCC  CompilerVersion: 8.4.0
ProgramName: mri_or  ProgramArguments: mri_or -all-info  ProgramVersion: 7.3.2  TimeStamp: 2026/03/14-11:18:52-GMT  BuildTime: Aug  4 2022 06:17:15  BuildStamp: freesurfer-linux-ubuntu22_x86_64-7.3.2-20220804-6354275  User: oesteban  Machine: dna067  Platform: Linux  PlatformVersion: 5.14.0-427.37.1.el9_4.x86_64  CompilerName: GCC  CompilerVersion: 8.4.0
ProgramName: mri_relabel_hypointensities  ProgramArguments: mri_relabel_hypointensities -all-info  ProgramVersion: 7.3.2  TimeStamp: 2026/03/14-11:18:52-GMT  BuildTime: Aug  4 2022 06:17:15  BuildStamp: freesurfer-linux-ubuntu22_x86_64-7.3.2-20220804-6354275  User: oesteban  Machine: dna067  Platform: Linux  PlatformVersion: 5.14.0-427.37.1.el9_4.x86_64  CompilerName: GCC  CompilerVersion: 8.4.0
ProgramName: mri_relabel_nonwm_hypos  ProgramArguments: mri_relabel_nonwm_hypos -all-info  ProgramVersion: 7.3.2  TimeStamp: 2026/03/14-11:18:52-GMT  BuildTime: Aug  4 2022 06:17:15  BuildStamp: freesurfer-linux-ubuntu22_x86_64-7.3.2-20220804-6354275  User: oesteban  Machine: dna067  Platform: Linux  PlatformVersion: 5.14.0-427.37.1.el9_4.x86_64  CompilerName: GCC  CompilerVersion: 8.4.0
ProgramName: mri_remove_neck  ProgramArguments: mri_remove_neck -all-info  ProgramVersion: 7.3.2  TimeStamp: 2026/03/14-11:18:52-GMT  BuildTime: Aug  4 2022 06:17:15  BuildStamp: freesurfer-linux-ubuntu22_x86_64-7.3.2-20220804-6354275  User: oesteban  Machine: dna067  Platform: Linux  PlatformVersion: 5.14.0-427.37.1.el9_4.x86_64  CompilerName: GCC  CompilerVersion: 8.4.0
7.3.2

ProgramName: mri_robust_register  ProgramArguments: mri_robust_register -all-info  ProgramVersion: 7.3.2  TimeStamp: 2026/03/14-11:18:52-GMT  BuildTime: Aug  4 2022 06:17:15  BuildStamp: freesurfer-linux-ubuntu22_x86_64-7.3.2-20220804-6354275  User: oesteban  Machine: dna067  Platform: Linux  PlatformVersion: 5.14.0-427.37.1.el9_4.x86_64  CompilerName: GCC  CompilerVersion: 8.4.0
7.3.2

ProgramName: mri_robust_template  ProgramArguments: mri_robust_template -all-info  ProgramVersion: 7.3.2  TimeStamp: 2026/03/14-11:18:52-GMT  BuildTime: Aug  4 2022 06:17:15  BuildStamp: freesurfer-linux-ubuntu22_x86_64-7.3.2-20220804-6354275  User: oesteban  Machine: dna067  Platform: Linux  PlatformVersion: 5.14.0-427.37.1.el9_4.x86_64  CompilerName: GCC  CompilerVersion: 8.4.0
ProgramName: mris_anatomical_stats  ProgramArguments: mris_anatomical_stats -all-info  ProgramVersion: 7.3.2  TimeStamp: 2026/03/14-11:18:52-GMT  BuildTime: Aug  4 2022 06:17:15  BuildStamp: freesurfer-linux-ubuntu22_x86_64-7.3.2-20220804-6354275  User: oesteban  Machine: dna067  Platform: Linux  PlatformVersion: 5.14.0-427.37.1.el9_4.x86_64  CompilerName: GCC  CompilerVersion: 8.4.0
ProgramName: mris_ca_label  ProgramArguments: mris_ca_label -all-info  ProgramVersion: 7.3.2  TimeStamp: 2026/03/14-11:18:52-GMT  BuildTime: Aug  4 2022 06:17:15  BuildStamp: freesurfer-linux-ubuntu22_x86_64-7.3.2-20220804-6354275  User: oesteban  Machine: dna067  Platform: Linux  PlatformVersion: 5.14.0-427.37.1.el9_4.x86_64  CompilerName: GCC  CompilerVersion: 8.4.0
ProgramName: mris_calc  ProgramArguments: mris_calc -all-info  ProgramVersion: 7.3.2  TimeStamp: 2026/03/14-11:18:52-GMT  BuildTime: Aug  4 2022 06:17:15  BuildStamp: freesurfer-linux-ubuntu22_x86_64-7.3.2-20220804-6354275  User: oesteban  Machine: dna067  Platform: Linux  PlatformVersion: 5.14.0-427.37.1.el9_4.x86_64  CompilerName: GCC  CompilerVersion: 8.4.0
ProgramName: mris_convert  ProgramArguments: mris_convert -all-info  ProgramVersion: 7.3.2  TimeStamp: 2026/03/14-11:18:52-GMT  BuildTime: Aug  4 2022 06:17:15  BuildStamp: freesurfer-linux-ubuntu22_x86_64-7.3.2-20220804-6354275  User: oesteban  Machine: dna067  Platform: Linux  PlatformVersion: 5.14.0-427.37.1.el9_4.x86_64  CompilerName: GCC  CompilerVersion: 8.4.0
ProgramName: mris_curvature  ProgramArguments: mris_curvature -all-info  ProgramVersion: 7.3.2  TimeStamp: 2026/03/14-11:18:52-GMT  BuildTime: Aug  4 2022 06:17:15  BuildStamp: freesurfer-linux-ubuntu22_x86_64-7.3.2-20220804-6354275  User: oesteban  Machine: dna067  Platform: Linux  PlatformVersion: 5.14.0-427.37.1.el9_4.x86_64  CompilerName: GCC  CompilerVersion: 8.4.0
ProgramName: mris_curvature_stats  ProgramArguments: mris_curvature_stats -all-info  ProgramVersion: 7.3.2  TimeStamp: 2026/03/14-11:18:52-GMT  BuildTime: Aug  4 2022 06:17:15  BuildStamp: freesurfer-linux-ubuntu22_x86_64-7.3.2-20220804-6354275  User: oesteban  Machine: dna067  Platform: Linux  PlatformVersion: 5.14.0-427.37.1.el9_4.x86_64  CompilerName: GCC  CompilerVersion: 8.4.0
ProgramName: mris_diff  ProgramArguments: mris_diff -all-info  ProgramVersion: 7.3.2  TimeStamp: 2026/03/14-11:18:52-GMT  BuildTime: Aug  4 2022 06:17:15  BuildStamp: freesurfer-linux-ubuntu22_x86_64-7.3.2-20220804-6354275  User: oesteban  Machine: dna067  Platform: Linux  PlatformVersion: 5.14.0-427.37.1.el9_4.x86_64  CompilerName: GCC  CompilerVersion: 8.4.0
ProgramName: mris_divide_parcellation  ProgramArguments: mris_divide_parcellation -all-info  ProgramVersion: 7.3.2  TimeStamp: 2026/03/14-11:18:52-GMT  BuildTime: Aug  4 2022 06:17:15  BuildStamp: freesurfer-linux-ubuntu22_x86_64-7.3.2-20220804-6354275  User: oesteban  Machine: dna067  Platform: Linux  PlatformVersion: 5.14.0-427.37.1.el9_4.x86_64  CompilerName: GCC  CompilerVersion: 8.4.0
ProgramName: mri_segment  ProgramArguments: mri_segment -all-info  ProgramVersion: 7.3.2  TimeStamp: 2026/03/14-11:18:52-GMT  BuildTime: Aug  4 2022 06:17:15  BuildStamp: freesurfer-linux-ubuntu22_x86_64-7.3.2-20220804-6354275  User: oesteban  Machine: dna067  Platform: Linux  PlatformVersion: 5.14.0-427.37.1.el9_4.x86_64  CompilerName: GCC  CompilerVersion: 8.4.0
ProgramName: mri_segstats  ProgramArguments: mri_segstats -all-info  ProgramVersion: 7.3.2  TimeStamp: 2026/03/14-11:18:52-GMT  BuildTime: Aug  4 2022 06:17:15  BuildStamp: freesurfer-linux-ubuntu22_x86_64-7.3.2-20220804-6354275  User: oesteban  Machine: dna067  Platform: Linux  PlatformVersion: 5.14.0-427.37.1.el9_4.x86_64  CompilerName: GCC  CompilerVersion: 8.4.0
ProgramName: mris_euler_number  ProgramArguments: mris_euler_number -all-info  ProgramVersion: 7.3.2  TimeStamp: 2026/03/14-11:18:52-GMT  BuildTime: Aug  4 2022 06:17:15  BuildStamp: freesurfer-linux-ubuntu22_x86_64-7.3.2-20220804-6354275  User: oesteban  Machine: dna067  Platform: Linux  PlatformVersion: 5.14.0-427.37.1.el9_4.x86_64  CompilerName: GCC  CompilerVersion: 8.4.0
ProgramName: mris_fix_topology  ProgramArguments: mris_fix_topology -all-info  ProgramVersion: 7.3.2  TimeStamp: 2026/03/14-11:18:52-GMT  BuildTime: Aug  4 2022 06:17:15  BuildStamp: freesurfer-linux-ubuntu22_x86_64-7.3.2-20220804-6354275  User: oesteban  Machine: dna067  Platform: Linux  PlatformVersion: 5.14.0-427.37.1.el9_4.x86_64  CompilerName: GCC  CompilerVersion: 8.4.0
ProgramName: mris_topo_fixer  ProgramArguments: mris_topo_fixer -all-info  ProgramVersion: 7.3.2  TimeStamp: 2026/03/14-11:18:52-GMT  BuildTime: Aug  4 2022 06:17:15  BuildStamp: freesurfer-linux-ubuntu22_x86_64-7.3.2-20220804-6354275  User: oesteban  Machine: dna067  Platform: Linux  PlatformVersion: 5.14.0-427.37.1.el9_4.x86_64  CompilerName: GCC  CompilerVersion: 8.4.0
ProgramName: mris_jacobian  ProgramArguments: mris_jacobian -all-info  ProgramVersion: 7.3.2  TimeStamp: 2026/03/14-11:18:52-GMT  BuildTime: Aug  4 2022 06:17:15  BuildStamp: freesurfer-linux-ubuntu22_x86_64-7.3.2-20220804-6354275  User: oesteban  Machine: dna067  Platform: Linux  PlatformVersion: 5.14.0-427.37.1.el9_4.x86_64  CompilerName: GCC  CompilerVersion: 8.4.0
ProgramName: mris_label2annot  ProgramArguments: mris_label2annot -all-info  ProgramVersion: 7.3.2  TimeStamp: 2026/03/14-11:18:52-GMT  BuildTime: Aug  4 2022 06:17:15  BuildStamp: freesurfer-linux-ubuntu22_x86_64-7.3.2-20220804-6354275  User: oesteban  Machine: dna067  Platform: Linux  PlatformVersion: 5.14.0-427.37.1.el9_4.x86_64  CompilerName: GCC  CompilerVersion: 8.4.0
ProgramName: mris_left_right_register  ProgramArguments: mris_left_right_register -all-info  ProgramVersion: 7.3.2  TimeStamp: 2026/03/14-11:18:52-GMT  BuildTime: Aug  4 2022 06:17:15  BuildStamp: freesurfer-linux-ubuntu22_x86_64-7.3.2-20220804-6354275  User: oesteban  Machine: dna067  Platform: Linux  PlatformVersion: 5.14.0-427.37.1.el9_4.x86_64  CompilerName: GCC  CompilerVersion: 8.4.0
ProgramName: mris_place_surface  ProgramArguments: mris_place_surface -all-info  ProgramVersion: 7.3.2  TimeStamp: 2026/03/14-11:18:52-GMT  BuildTime: Aug  4 2022 06:17:15  BuildStamp: freesurfer-linux-ubuntu22_x86_64-7.3.2-20220804-6354275  User: oesteban  Machine: dna067  Platform: Linux  PlatformVersion: 5.14.0-427.37.1.el9_4.x86_64  CompilerName: GCC  CompilerVersion: 8.4.0
ProgramName: mrisp_paint  ProgramArguments: mrisp_paint -all-info  ProgramVersion: 7.3.2  TimeStamp: 2026/03/14-11:18:52-GMT  BuildTime: Aug  4 2022 06:17:15  BuildStamp: freesurfer-linux-ubuntu22_x86_64-7.3.2-20220804-6354275  User: oesteban  Machine: dna067  Platform: Linux  PlatformVersion: 5.14.0-427.37.1.el9_4.x86_64  CompilerName: GCC  CompilerVersion: 8.4.0
ProgramName: mris_register  ProgramArguments: mris_register -all-info  ProgramVersion: 7.3.2  TimeStamp: 2026/03/14-11:18:52-GMT  BuildTime: Aug  4 2022 06:17:15  BuildStamp: freesurfer-linux-ubuntu22_x86_64-7.3.2-20220804-6354275  User: oesteban  Machine: dna067  Platform: Linux  PlatformVersion: 5.14.0-427.37.1.el9_4.x86_64  CompilerName: GCC  CompilerVersion: 8.4.0
ProgramName: mris_smooth  ProgramArguments: mris_smooth -all-info  ProgramVersion: 7.3.2  TimeStamp: 2026/03/14-11:18:52-GMT  BuildTime: Aug  4 2022 06:17:15  BuildStamp: freesurfer-linux-ubuntu22_x86_64-7.3.2-20220804-6354275  User: oesteban  Machine: dna067  Platform: Linux  PlatformVersion: 5.14.0-427.37.1.el9_4.x86_64  CompilerName: GCC  CompilerVersion: 8.4.0
ProgramName: mris_sphere  ProgramArguments: mris_sphere -all-info  ProgramVersion: 7.3.2  TimeStamp: 2026/03/14-11:18:52-GMT  BuildTime: Aug  4 2022 06:17:15  BuildStamp: freesurfer-linux-ubuntu22_x86_64-7.3.2-20220804-6354275  User: oesteban  Machine: dna067  Platform: Linux  PlatformVersion: 5.14.0-427.37.1.el9_4.x86_64  CompilerName: GCC  CompilerVersion: 8.4.0
ProgramName: mris_surface_stats  ProgramArguments: mris_surface_stats -all-info  ProgramVersion: 7.3.2  TimeStamp: 2026/03/14-11:18:52-GMT  BuildTime: Aug  4 2022 06:17:15  BuildStamp: freesurfer-linux-ubuntu22_x86_64-7.3.2-20220804-6354275  User: oesteban  Machine: dna067  Platform: Linux  PlatformVersion: 5.14.0-427.37.1.el9_4.x86_64  CompilerName: GCC  CompilerVersion: 8.4.0
ProgramName: mri_stats2seg  ProgramArguments: mri_stats2seg -all-info  ProgramVersion: 7.3.2  TimeStamp: 2026/03/14-11:18:52-GMT  BuildTime: Aug  4 2022 06:17:15  BuildStamp: freesurfer-linux-ubuntu22_x86_64-7.3.2-20220804-6354275  User: oesteban  Machine: dna067  Platform: Linux  PlatformVersion: 5.14.0-427.37.1.el9_4.x86_64  CompilerName: GCC  CompilerVersion: 8.4.0
ProgramName: mris_thickness  ProgramArguments: mris_thickness -all-info  ProgramVersion: 7.3.2  TimeStamp: 2026/03/14-11:18:52-GMT  BuildTime: Aug  4 2022 06:17:15  BuildStamp: freesurfer-linux-ubuntu22_x86_64-7.3.2-20220804-6354275  User: oesteban  Machine: dna067  Platform: Linux  PlatformVersion: 5.14.0-427.37.1.el9_4.x86_64  CompilerName: GCC  CompilerVersion: 8.4.0
ProgramName: mris_thickness_diff  ProgramArguments: mris_thickness_diff -all-info  ProgramVersion: 7.3.2  TimeStamp: 2026/03/14-11:18:52-GMT  BuildTime: Aug  4 2022 06:17:15  BuildStamp: freesurfer-linux-ubuntu22_x86_64-7.3.2-20220804-6354275  User: oesteban  Machine: dna067  Platform: Linux  PlatformVersion: 5.14.0-427.37.1.el9_4.x86_64  CompilerName: GCC  CompilerVersion: 8.4.0
ProgramName: mris_topo_fixer  ProgramArguments: mris_topo_fixer -all-info  ProgramVersion: 7.3.2  TimeStamp: 2026/03/14-11:18:52-GMT  BuildTime: Aug  4 2022 06:17:15  BuildStamp: freesurfer-linux-ubuntu22_x86_64-7.3.2-20220804-6354275  User: oesteban  Machine: dna067  Platform: Linux  PlatformVersion: 5.14.0-427.37.1.el9_4.x86_64  CompilerName: GCC  CompilerVersion: 8.4.0
ProgramName: mri_surf2surf  ProgramArguments: mri_surf2surf -all-info  ProgramVersion: 7.3.2  TimeStamp: 2026/03/14-11:18:52-GMT  BuildTime: Aug  4 2022 06:17:15  BuildStamp: freesurfer-linux-ubuntu22_x86_64-7.3.2-20220804-6354275  User: oesteban  Machine: dna067  Platform: Linux  PlatformVersion: 5.14.0-427.37.1.el9_4.x86_64  CompilerName: GCC  CompilerVersion: 8.4.0
ProgramName: mri_surf2vol  ProgramArguments: mri_surf2vol -all-info  ProgramVersion: 7.3.2  TimeStamp: 2026/03/14-11:18:52-GMT  BuildTime: Aug  4 2022 06:17:15  BuildStamp: freesurfer-linux-ubuntu22_x86_64-7.3.2-20220804-6354275  User: oesteban  Machine: dna067  Platform: Linux  PlatformVersion: 5.14.0-427.37.1.el9_4.x86_64  CompilerName: GCC  CompilerVersion: 8.4.0
ProgramName: mri_surfcluster  ProgramArguments: mri_surfcluster -all-info  ProgramVersion: 7.3.2  TimeStamp: 2026/03/14-11:18:52-GMT  BuildTime: Aug  4 2022 06:17:15  BuildStamp: freesurfer-linux-ubuntu22_x86_64-7.3.2-20220804-6354275  User: oesteban  Machine: dna067  Platform: Linux  PlatformVersion: 5.14.0-427.37.1.el9_4.x86_64  CompilerName: GCC  CompilerVersion: 8.4.0
ProgramName: mris_volmask  ProgramArguments: mris_volmask -all-info  ProgramVersion: 7.3.2  TimeStamp: 2026/03/14-11:18:52-GMT  BuildTime: Aug  4 2022 06:17:15  BuildStamp: freesurfer-linux-ubuntu22_x86_64-7.3.2-20220804-6354275  User: oesteban  Machine: dna067  Platform: Linux  PlatformVersion: 5.14.0-427.37.1.el9_4.x86_64  CompilerName: GCC  CompilerVersion: 8.4.0
ProgramName: mri_tessellate  ProgramArguments: mri_tessellate -all-info  ProgramVersion: 7.3.2  TimeStamp: 2026/03/14-11:18:52-GMT  BuildTime: Aug  4 2022 06:17:15  BuildStamp: freesurfer-linux-ubuntu22_x86_64-7.3.2-20220804-6354275  User: oesteban  Machine: dna067  Platform: Linux  PlatformVersion: 5.14.0-427.37.1.el9_4.x86_64  CompilerName: GCC  CompilerVersion: 8.4.0
ProgramName: mri_vol2surf  ProgramArguments: mri_vol2surf -all-info  ProgramVersion: 7.3.2  TimeStamp: 2026/03/14-11:18:52-GMT  BuildTime: Aug  4 2022 06:17:15  BuildStamp: freesurfer-linux-ubuntu22_x86_64-7.3.2-20220804-6354275  User: oesteban  Machine: dna067  Platform: Linux  PlatformVersion: 5.14.0-427.37.1.el9_4.x86_64  CompilerName: GCC  CompilerVersion: 8.4.0
ProgramName: mri_vol2vol  ProgramArguments: mri_vol2vol -all-info  ProgramVersion: 7.3.2  TimeStamp: 2026/03/14-11:18:52-GMT  BuildTime: Aug  4 2022 06:17:15  BuildStamp: freesurfer-linux-ubuntu22_x86_64-7.3.2-20220804-6354275  User: oesteban  Machine: dna067  Platform: Linux  PlatformVersion: 5.14.0-427.37.1.el9_4.x86_64  CompilerName: GCC  CompilerVersion: 8.4.0
ProgramName: mri_voldiff  ProgramArguments: mri_voldiff -all-info  ProgramVersion: 7.3.2  TimeStamp: 2026/03/14-11:18:52-GMT  BuildTime: Aug  4 2022 06:17:15  BuildStamp: freesurfer-linux-ubuntu22_x86_64-7.3.2-20220804-6354275  User: oesteban  Machine: dna067  Platform: Linux  PlatformVersion: 5.14.0-427.37.1.el9_4.x86_64  CompilerName: GCC  CompilerVersion: 8.4.0
ProgramName: mri_watershed  ProgramArguments: mri_watershed -all-info  ProgramVersion: 7.3.2  TimeStamp: 2026/03/14-11:18:52-GMT  BuildTime: Aug  4 2022 06:17:15  BuildStamp: freesurfer-linux-ubuntu22_x86_64-7.3.2-20220804-6354275  User: oesteban  Machine: dna067  Platform: Linux  PlatformVersion: 5.14.0-427.37.1.el9_4.x86_64  CompilerName: GCC  CompilerVersion: 8.4.0
ProgramName: tkregister2  ProgramArguments: tkregister2_cmdl -all-info  ProgramVersion: 7.3.2  TimeStamp: 2026/03/14-11:18:52-GMT  BuildTime: Aug  4 2022 06:17:15  BuildStamp: freesurfer-linux-ubuntu22_x86_64-7.3.2-20220804-6354275  User: oesteban  Machine: dna067  Platform: Linux  PlatformVersion: 5.14.0-427.37.1.el9_4.x86_64  CompilerName: GCC  CompilerVersion: 8.4.0
mri_motion_correct.fsl 7.3.2
mri_convert -all-info 
ProgramName: mri_convert  ProgramArguments: mri_convert -all-info  ProgramVersion: 7.3.2  TimeStamp: 2026/03/14-11:18:52-GMT  BuildTime: Aug  4 2022 06:17:15  BuildStamp: freesurfer-linux-ubuntu22_x86_64-7.3.2-20220804-6354275  User: oesteban  Machine: dna067  Platform: Linux  PlatformVersion: 5.14.0-427.37.1.el9_4.x86_64  CompilerName: GCC  CompilerVersion: 8.4.0
Program nu_correct, built from:
Package MNI N3, version 1.12.0, compiled by nicks@terrier (x86_64-unknown-linux-gnu) on 2015-06-19 at 01:25:34
#######################################
GCADIR /opt/freesurfer/average
GCA RB_all_2020-01-02.gca
GCASkull RB_all_withskull_2020_01_02.gca
AvgCurvTif folding.atlas.acfb40.noaparc.i12.2016-08-02.tif
GCSDIR /opt/freesurfer/average
GCS DKaparc.atlas.acfb40.noaparc.i12.2016-08-02.gcs
#######################################
#--------------------------------------------
#@# AutoDetGWStats lh Sat Mar 14 12:18:52 CET 2026
cd /out/sourcedata/freesurfer/sub-v2s9x29152_ses-1/mri
mris_autodet_gwstats --o ../surf/autodet.gw.stats.lh.dat --i brain.finalsurfs.mgz --wm wm.mgz --surf ../surf/lh.orig.premesh
  Update not needed
#--------------------------------------------
#@# WhitePreAparc lh Sat Mar 14 12:18:52 CET 2026
cd /out/sourcedata/freesurfer/sub-v2s9x29152_ses-1/mri
mris_place_surface --adgws-in ../surf/autodet.gw.stats.lh.dat --wm wm.mgz --threads 16 --invol brain.finalsurfs.mgz --lh --i ../surf/lh.orig --o ../surf/lh.white.preaparc --white --seg aseg.presurf.mgz --nsmooth 5
   Update not needed
#--------------------------------------------
#@# CortexLabel lh Sat Mar 14 12:18:52 CET 2026
cd /out/sourcedata/freesurfer/sub-v2s9x29152_ses-1/mri
mri_label2label --label-cortex ../surf/lh.white.preaparc aseg.presurf.mgz 0 ../label/lh.cortex.label
   Update not needed
#--------------------------------------------
#@# CortexLabel+HipAmyg lh Sat Mar 14 12:18:53 CET 2026
cd /out/sourcedata/freesurfer/sub-v2s9x29152_ses-1/mri
mri_label2label --label-cortex ../surf/lh.white.preaparc aseg.presurf.mgz 1 ../label/lh.cortex+hipamyg.label
   Update not needed
#@# white curv lh Sat Mar 14 12:18:53 CET 2026
cd /out/sourcedata/freesurfer/sub-v2s9x29152_ses-1/mri
mris_place_surface --curv-map ../surf/lh.white 2 10 ../surf/lh.curv
   Update not needed
#@# white area lh Sat Mar 14 12:18:53 CET 2026
cd /out/sourcedata/freesurfer/sub-v2s9x29152_ses-1/mri
mris_place_surface --area-map ../surf/lh.white ../surf/lh.area
   Update not needed
#@# pial curv lh Sat Mar 14 12:18:53 CET 2026
cd /out/sourcedata/freesurfer/sub-v2s9x29152_ses-1/mri
mris_place_surface --curv-map ../surf/lh.pial 2 10 ../surf/lh.curv.pial
   Update not needed
#@# pial area lh Sat Mar 14 12:18:53 CET 2026
cd /out/sourcedata/freesurfer/sub-v2s9x29152_ses-1/mri
mris_place_surface --area-map ../surf/lh.pial ../surf/lh.area.pial
   Update not needed
#@# thickness lh Sat Mar 14 12:18:53 CET 2026
cd /out/sourcedata/freesurfer/sub-v2s9x29152_ses-1/mri
mris_place_surface --thickness ../surf/lh.white ../surf/lh.pial 20 5 ../surf/lh.thickness
   Update not needed
#@# area and vertex vol lh Sat Mar 14 12:18:53 CET 2026
cd /out/sourcedata/freesurfer/sub-v2s9x29152_ses-1/mri
mris_place_surface --thickness ../surf/lh.white ../surf/lh.pial 20 5 ../surf/lh.thickness
   Update not needed
#-----------------------------------------
#@# Parcellation Stats lh Sat Mar 14 12:18:53 CET 2026
/out/sourcedata/freesurfer/sub-v2s9x29152_ses-1/scripts

 mris_anatomical_stats -th3 -mgz -noglobal -cortex ../label/lh.cortex.label -f ../stats/lh.aparc.stats -b -a ../label/lh.aparc.annot -c ../label/aparc.annot.ctab sub-v2s9x29152_ses-1 lh white 

computing statistics for each annotation in ../label/lh.aparc.annot.
reading volume /out/sourcedata/freesurfer/sub-v2s9x29152_ses-1/mri/wm.mgz...
reading input surface /out/sourcedata/freesurfer/sub-v2s9x29152_ses-1/surf/lh.white...
reading input pial surface /out/sourcedata/freesurfer/sub-v2s9x29152_ses-1/surf/lh.pial...
reading input white surface /out/sourcedata/freesurfer/sub-v2s9x29152_ses-1/surf/lh.white...
INFO: using TH3 volume calc
INFO: assuming MGZ format for volumes.
INFO: not computing global stats
INFO: using ../label/lh.cortex.label as mask to calc cortex NumVert, SurfArea and MeanThickness.
Using TH3 vertex volume calc
Total face volume 283405
Total vertex volume 283208 (mask=0)
Saving annotation colortable ../label/aparc.annot.ctab

table columns are:
    number of vertices
    total surface area (mm^2)
    total gray matter volume (mm^3)
    average cortical thickness +- standard deviation (mm)
    integrated rectified mean curvature
    integrated rectified Gaussian curvature
    folding index
    intrinsic curvature index
    structure name

 1601   1087   2906  2.732 0.572     0.097     0.019       11     1.2  bankssts
 1021    720   2138  2.551 0.809     0.110     0.019       10     0.9  caudalanteriorcingulate
 2733   1894   5838  2.890 0.458     0.111     0.020       23     2.2  caudalmiddlefrontal
 2502   1840   3907  2.029 0.628     0.148     0.034       35     3.6  cuneus
  470    340   1585  3.576 0.713     0.129     0.029        4     0.5  entorhinal
 4661   3230  10504  2.868 0.672     0.114     0.023       48     4.5  fusiform
 6435   4565  14426  2.775 0.545     0.116     0.022       74     6.0  inferiorparietal
 4880   3431  10230  2.760 0.761     0.115     0.024       55     4.8  inferiortemporal
 1497   1035   2560  2.164 0.857     0.107     0.025       16     1.3  isthmuscingulate
 8086   5896  15944  2.406 0.572     0.140     0.031      109     9.9  lateraloccipital
 4194   2987  10097  3.025 0.865     0.124     0.031       47     5.2  lateralorbitofrontal
 4198   3126   7608  2.217 0.697     0.134     0.038       58     6.8  lingual
 2691   2003   5976  2.626 0.724     0.121     0.026       35     2.7  medialorbitofrontal
 5077   3600  13468  2.930 0.728     0.112     0.019       54     4.5  middletemporal
 1147    747   2336  2.604 0.804     0.081     0.015        6     0.6  parahippocampal
 2319   1543   4912  2.905 0.534     0.101     0.021       18     1.9  paracentral
 2159   1620   5645  2.992 0.527     0.121     0.024       26     2.2  parsopercularis
 1076    879   3891  3.312 0.797     0.153     0.039       19     1.8  parsorbitalis
 1816   1336   4530  3.047 0.628     0.118     0.021       17     1.7  parstriangularis
 2547   1844   3211  2.064 0.616     0.146     0.038       31     4.1  pericalcarine
 6543   4660  12411  2.330 0.771     0.119     0.023       66     6.4  postcentral
 2012   1349   3477  2.409 0.774     0.108     0.015       19     1.4  posteriorcingulate
 7726   5223  16747  2.859 0.588     0.106     0.020       61     6.2  precentral
 6160   4471  12766  2.699 0.553     0.121     0.026       69     6.4  precuneus
 1325    924   2356  2.404 0.752     0.118     0.026       21     1.3  rostralanteriorcingulate
 7375   5634  19826  2.918 0.626     0.136     0.028      105     8.9  rostralmiddlefrontal
11398   8125  29730  3.117 0.658     0.114     0.023      102    10.8  superiorfrontal
 7669   5391  14902  2.481 0.555     0.113     0.020       77     6.4  superiorparietal
 6223   4331  15259  3.069 0.758     0.109     0.020       60     5.5  superiortemporal
 5271   3742  12442  2.896 0.612     0.117     0.022       57     4.5  supramarginal
  356    277   1461  3.436 0.734     0.158     0.038        8     0.5  frontalpole
  693    557   2517  3.310 0.808     0.144     0.039       11     1.0  temporalpole
  645    469   1171  2.524 0.634     0.143     0.027       10     0.7  transversetemporal
 3670   2498   6431  2.795 0.837     0.111     0.029       34     3.8  insula

 mris_anatomical_stats -th3 -mgz -noglobal -cortex ../label/lh.cortex.label -f ../stats/lh.aparc.pial.stats -b -a ../label/lh.aparc.annot -c ../label/aparc.annot.ctab sub-v2s9x29152_ses-1 lh pial 

computing statistics for each annotation in ../label/lh.aparc.annot.
reading volume /out/sourcedata/freesurfer/sub-v2s9x29152_ses-1/mri/wm.mgz...
reading input surface /out/sourcedata/freesurfer/sub-v2s9x29152_ses-1/surf/lh.pial...
reading input pial surface /out/sourcedata/freesurfer/sub-v2s9x29152_ses-1/surf/lh.pial...
reading input white surface /out/sourcedata/freesurfer/sub-v2s9x29152_ses-1/surf/lh.white...
INFO: using TH3 volume calc
INFO: assuming MGZ format for volumes.
INFO: not computing global stats
INFO: using ../label/lh.cortex.label as mask to calc cortex NumVert, SurfArea and MeanThickness.
Using TH3 vertex volume calc
Total face volume 283405
Total vertex volume 283208 (mask=0)
Saving annotation colortable ../label/aparc.annot.ctab

table columns are:
    number of vertices
    total surface area (mm^2)
    total gray matter volume (mm^3)
    average cortical thickness +- standard deviation (mm)
    integrated rectified mean curvature
    integrated rectified Gaussian curvature
    folding index
    intrinsic curvature index
    structure name

 1601   1065   2906  2.732 0.572     0.142     0.046       38     2.7  bankssts
 1021    948   2138  2.551 0.809     0.192     0.053       35     2.5  caudalanteriorcingulate
 2733   2146   5838  2.890 0.458     0.136     0.035       45     4.3  caudalmiddlefrontal
 2502   2251   3907  2.029 0.628     0.165     0.043       90     4.4  cuneus
  470    643   1585  3.576 0.713     0.312     0.089       19     2.4  entorhinal
 4661   4169  10504  2.868 0.672     0.171     0.048      101     9.4  fusiform
 6435   5740  14426  2.775 0.545     0.156     0.039     1687     9.9  inferiorparietal
 4880   4016  10230  2.760 0.761     0.153     0.042      149     8.5  inferiortemporal
 1497   1385   2560  2.164 0.857     0.182     0.059       38     3.6  isthmuscingulate
 8086   7528  15944  2.406 0.572     0.161     0.040      201    13.5  lateraloccipital
 4194   3739  10097  3.025 0.865     0.181     0.051      458     8.4  lateralorbitofrontal
 4198   4051   7608  2.217 0.697     0.191     0.054      124     9.5  lingual
 2691   2588   5976  2.626 0.724     0.163     0.043       74     4.7  medialorbitofrontal
 5077   5453  13468  2.930 0.728     0.183     0.043      117    10.5  middletemporal
 1147   1141   2336  2.604 0.804     0.212     0.065       21     3.4  parahippocampal
 2319   1910   4912  2.905 0.534     0.145     0.040      641     3.7  paracentral
 2159   2229   5645  2.992 0.527     0.197     0.069      707     4.3  parsopercularis
 1076   1416   3891  3.312 0.797     0.204     0.045       30     2.0  parsorbitalis
 1816   1622   4530  3.047 0.628     0.174     0.051       52     3.7  parstriangularis
 2547   1507   3211  2.064 0.616     0.159     0.064      105     5.9  pericalcarine
 6543   5993  12411  2.330 0.771     0.156     0.035      101    10.2  postcentral
 2012   1602   3477  2.409 0.774     0.159     0.042       72     3.7  posteriorcingulate
 7726   6310  16747  2.859 0.588     0.135     0.036      171    10.7  precentral
 6160   5205  12766  2.699 0.553     0.158     0.043      137    10.5  precuneus
 1325   1080   2356  2.404 0.752     0.166     0.056       31     3.1  rostralanteriorcingulate
 7375   7604  19826  2.918 0.626     0.174     0.038      570    12.0  rostralmiddlefrontal
11398  10809  29730  3.117 0.658     0.166     0.052     2832    20.0  superiorfrontal
 7669   6537  14902  2.481 0.555     0.138     0.030      136    10.0  superiorparietal
 6223   5712  15259  3.069 0.758     0.174     0.048      173    13.1  superiortemporal
 5271   4824  12442  2.896 0.612     0.337     0.054   452012     8.7  supramarginal
  356    553   1461  3.436 0.734     0.245     0.069       27     0.6  frontalpole
  693    908   2517  3.310 0.808     0.211     0.048       13     1.6  temporalpole
  645    547   1171  2.524 0.634     0.193     0.069       34     1.7  transversetemporal
 3670   2423   6431  2.795 0.837     0.168     0.060       97    10.4  insula
#-----------------------------------------
#@# Parcellation Stats 2 lh Sat Mar 14 12:19:07 CET 2026
/out/sourcedata/freesurfer/sub-v2s9x29152_ses-1/scripts

 mris_anatomical_stats -th3 -mgz -noglobal -cortex ../label/lh.cortex.label -f ../stats/lh.aparc.a2009s.stats -b -a ../label/lh.aparc.a2009s.annot -c ../label/aparc.annot.a2009s.ctab sub-v2s9x29152_ses-1 lh white 

computing statistics for each annotation in ../label/lh.aparc.a2009s.annot.
reading volume /out/sourcedata/freesurfer/sub-v2s9x29152_ses-1/mri/wm.mgz...
reading input surface /out/sourcedata/freesurfer/sub-v2s9x29152_ses-1/surf/lh.white...
reading input pial surface /out/sourcedata/freesurfer/sub-v2s9x29152_ses-1/surf/lh.pial...
reading input white surface /out/sourcedata/freesurfer/sub-v2s9x29152_ses-1/surf/lh.white...
INFO: using TH3 volume calc
INFO: assuming MGZ format for volumes.
INFO: not computing global stats
INFO: using ../label/lh.cortex.label as mask to calc cortex NumVert, SurfArea and MeanThickness.
Using TH3 vertex volume calc
Total face volume 283405
Total vertex volume 283208 (mask=0)
Saving annotation colortable ../label/aparc.annot.a2009s.ctab

table columns are:
    number of vertices
    total surface area (mm^2)
    total gray matter volume (mm^3)
    average cortical thickness +- standard deviation (mm)
    integrated rectified mean curvature
    integrated rectified Gaussian curvature
    folding index
    intrinsic curvature index
    structure name

 1210    964   3260  2.830 0.596     0.147     0.030       20     1.6  G_and_S_frontomargin
 1772   1320   4474  2.633 0.646     0.134     0.028       25     1.9  G_and_S_occipital_inf
 1778   1252   4035  2.721 0.540     0.127     0.030       20     2.1  G_and_S_paracentral
 1601   1131   4095  3.084 0.567     0.115     0.021       18     1.4  G_and_S_subcentral
  765    610   2599  3.201 0.633     0.146     0.039       16     1.1  G_and_S_transv_frontopol
 2599   1834   5359  2.778 0.614     0.110     0.021       25     2.1  G_and_S_cingul-Ant
 1361    925   2543  2.676 0.613     0.092     0.015        7     1.0  G_and_S_cingul-Mid-Ant
 1608   1106   3059  2.658 0.629     0.105     0.017       12     1.2  G_and_S_cingul-Mid-Post
  638    442   1881  2.963 0.730     0.129     0.027       10     0.7  G_cingul-Post-dorsal
  279    213    520  2.056 0.943     0.150     0.042        4     0.5  G_cingul-Post-ventral
 2263   1748   3591  1.853 0.569     0.157     0.038       34     3.7  G_cuneus
 1158    887   3295  2.776 0.682     0.130     0.030       18     1.4  G_front_inf-Opercular
  391    316   1270  2.962 0.977     0.167     0.043        9     0.6  G_front_inf-Orbital
 1079    864   3881  3.248 0.683     0.137     0.029       16     1.3  G_front_inf-Triangul
 3771   2868  12066  3.069 0.607     0.139     0.029       62     4.5  G_front_middle
 7318   5340  22013  3.257 0.679     0.122     0.025       79     7.8  G_front_sup
  702    500   1232  2.392 0.812     0.129     0.042        9     0.9  G_Ins_lg_and_S_cent_ins
  705    499   1669  2.831 0.817     0.126     0.031        8     0.9  G_insular_short
 2439   1716   6529  2.830 0.501     0.139     0.031       38     3.0  G_occipital_middle
 1464   1041   2784  2.296 0.590     0.137     0.030       20     1.7  G_occipital_sup
 1868   1300   4695  2.907 0.595     0.127     0.028       26     2.2  G_oc-temp_lat-fusifor
 2760   2168   5795  2.171 0.776     0.155     0.050       50     5.8  G_oc-temp_med-Lingual
 1228    811   3385  3.094 0.923     0.100     0.021        9     0.8  G_oc-temp_med-Parahip
 2531   1997   8505  3.096 0.913     0.147     0.044       44     4.3  G_orbital
 2405   1861   8046  3.083 0.621     0.142     0.029       36     2.9  G_pariet_inf-Angular
 2370   1736   6612  2.949 0.688     0.127     0.028       36     2.6  G_pariet_inf-Supramar
 2915   2142   7134  2.644 0.571     0.120     0.022       35     2.6  G_parietal_sup
 2818   2042   6147  2.397 0.748     0.138     0.031       38     3.5  G_postcentral
 3025   2081   8438  3.083 0.626     0.108     0.020       29     2.3  G_precentral
 2854   2219   7728  2.728 0.609     0.146     0.035       49     4.0  G_precuneus
  842    679   2812  2.931 0.909     0.143     0.037       15     1.2  G_rectus
  887    609   1320  2.025 0.731     0.140     0.048       17     1.3  G_subcallosal
  504    363   1048  2.414 0.605     0.129     0.029        8     0.6  G_temp_sup-G_T_transv
 2183   1608   7841  3.363 0.675     0.132     0.028       34     2.5  G_temp_sup-Lateral
  791    530   1928  3.004 0.770     0.091     0.023        4     0.7  G_temp_sup-Plan_polar
  909    636   2005  2.935 0.708     0.094     0.016        5     0.5  G_temp_sup-Plan_tempo
 2317   1705   5777  2.757 0.874     0.130     0.030       37     2.9  G_temporal_inf
 2612   1913   9209  3.209 0.718     0.120     0.024       37     2.7  G_temporal_middle
  306    217    495  2.857 0.385     0.099     0.014        2     0.2  Lat_Fis-ant-Horizont
  309    230    546  2.902 0.380     0.123     0.020        2     0.3  Lat_Fis-ant-Vertical
 1105    730   1582  2.987 0.532     0.106     0.017        6     0.9  Lat_Fis-post
 2182   1664   3725  2.051 0.528     0.155     0.039       34     3.3  Pole_occipital
 1758   1347   5363  3.025 0.848     0.137     0.029       25     2.2  Pole_temporal
 3047   2179   3991  2.198 0.600     0.132     0.032       35     4.1  S_calcarine
 2939   1968   3598  2.105 0.602     0.100     0.017       16     2.2  S_central
 1263    821   1964  2.755 0.451     0.081     0.014        5     0.7  S_cingul-Marginalis
  638    427   1048  3.039 0.524     0.100     0.018        3     0.5  S_circular_insula_ant
 1549   1000   2595  3.228 0.856     0.084     0.013        7     0.9  S_circular_insula_inf
 1639   1071   2474  2.987 0.454     0.088     0.014        5     1.0  S_circular_insula_sup
  940    662   1772  3.072 0.624     0.097     0.016        6     0.7  S_collat_transv_ant
  460    310    554  2.321 0.424     0.133     0.025        4     0.5  S_collat_transv_post
 1845   1320   3367  2.796 0.535     0.115     0.022       16     1.8  S_front_inf
 1247    933   3093  2.866 0.599     0.134     0.027       16     1.3  S_front_middle
 3175   2171   6111  2.967 0.534     0.097     0.017       17     2.2  S_front_sup
  323    217    479  2.369 0.541     0.103     0.013        2     0.2  S_interm_prim-Jensen
 2712   1857   4046  2.446 0.434     0.104     0.016       22     2.0  S_intrapariet_and_P_trans
 1168    822   1736  2.353 0.355     0.113     0.021        9     1.0  S_oc_middle_and_Lunatus
 1369    917   2010  2.272 0.387     0.097     0.014        9     0.8  S_oc_sup_and_transversal
  932    631   1457  2.752 0.428     0.123     0.024        8     1.0  S_occipital_ant
  798    535   1280  2.846 0.474     0.085     0.011        3     0.4  S_oc-temp_lat
 2235   1495   3120  2.340 0.565     0.096     0.017       13     1.5  S_oc-temp_med_and_Lingual
  224    187    431  2.616 0.377     0.139     0.018        2     0.2  S_orbital_lateral
  654    459    903  2.256 0.601     0.115     0.021        5     0.6  S_orbital_med-olfact
 1530   1045   3469  3.290 0.733     0.109     0.020       11     1.3  S_orbital-H_Shaped
 2420   1614   3882  2.759 0.529     0.095     0.016       14     1.6  S_parieto_occipital
 1492    954   1229  1.609 0.436     0.108     0.016       20     1.1  S_pericallosal
 2840   1937   4370  2.451 0.543     0.107     0.017       21     2.3  S_postcentral
 1531   1022   2824  2.988 0.452     0.096     0.014        8     1.0  S_precentral-inf-part
 1792   1181   2974  2.767 0.437     0.098     0.018       10     1.4  S_precentral-sup-part
  822    610   1463  2.641 0.540     0.122     0.018       10     0.6  S_suborbital
 1318    867   1941  2.456 0.452     0.095     0.019        7     0.9  S_subparietal
 2003   1332   3105  2.592 0.533     0.094     0.016       10     1.4  S_temporal_inf
 6520   4407  10916  2.664 0.537     0.100     0.017       54     4.7  S_temporal_sup
  371    260    715  3.184 0.881     0.132     0.016        4     0.3  S_temporal_transverse
#-----------------------------------------
#@# Parcellation Stats 3 lh Sat Mar 14 12:19:14 CET 2026
/out/sourcedata/freesurfer/sub-v2s9x29152_ses-1/scripts

 mris_anatomical_stats -th3 -mgz -noglobal -cortex ../label/lh.cortex.label -f ../stats/lh.aparc.DKTatlas.stats -b -a ../label/lh.aparc.DKTatlas.annot -c ../label/aparc.annot.DKTatlas.ctab sub-v2s9x29152_ses-1 lh white 

computing statistics for each annotation in ../label/lh.aparc.DKTatlas.annot.
reading volume /out/sourcedata/freesurfer/sub-v2s9x29152_ses-1/mri/wm.mgz...
reading input surface /out/sourcedata/freesurfer/sub-v2s9x29152_ses-1/surf/lh.white...
reading input pial surface /out/sourcedata/freesurfer/sub-v2s9x29152_ses-1/surf/lh.pial...
reading input white surface /out/sourcedata/freesurfer/sub-v2s9x29152_ses-1/surf/lh.white...
INFO: using TH3 volume calc
INFO: assuming MGZ format for volumes.
INFO: not computing global stats
INFO: using ../label/lh.cortex.label as mask to calc cortex NumVert, SurfArea and MeanThickness.
Using TH3 vertex volume calc
Total face volume 283405
Total vertex volume 283208 (mask=0)
Saving annotation colortable ../label/aparc.annot.DKTatlas.ctab

table columns are:
    number of vertices
    total surface area (mm^2)
    total gray matter volume (mm^3)
    average cortical thickness +- standard deviation (mm)
    integrated rectified mean curvature
    integrated rectified Gaussian curvature
    folding index
    intrinsic curvature index
    structure name

 1640   1141   3096  2.537 0.726     0.107     0.017       14     1.3  caudalanteriorcingulate
 3030   2103   6627  2.913 0.463     0.112     0.020       27     2.5  caudalmiddlefrontal
 3346   2423   5370  2.171 0.656     0.135     0.030       40     4.2  cuneus
  454    321   1581  3.647 0.707     0.123     0.026        4     0.5  entorhinal
 4134   2869   8727  2.770 0.623     0.113     0.023       41     3.9  fusiform
 6332   4546  14515  2.775 0.549     0.119     0.023       70     6.0  inferiorparietal
 4907   3467  11009  2.864 0.787     0.117     0.024       58     4.9  inferiortemporal
 1485   1031   2549  2.175 0.856     0.109     0.025       16     1.3  isthmuscingulate
 8207   5970  16198  2.389 0.573     0.140     0.030      111    10.0  lateraloccipital
 4532   3315  11476  2.965 0.909     0.130     0.034       58     6.0  lateralorbitofrontal
 4241   3176   7715  2.218 0.693     0.134     0.039       59     6.8  lingual
 2381   1807   5711  2.685 0.791     0.130     0.029       36     2.6  medialorbitofrontal
 6896   4788  16605  2.876 0.713     0.107     0.019       70     5.9  middletemporal
 1166    754   2363  2.605 0.802     0.080     0.014        6     0.6  parahippocampal
 2704   1840   5751  2.852 0.549     0.103     0.020       21     2.2  paracentral
 2057   1523   5115  2.987 0.517     0.119     0.024       24     2.1  parsopercularis
 1147    887   3224  3.056 0.809     0.136     0.030       15     1.4  parsorbitalis
 2105   1560   5480  3.052 0.595     0.122     0.024       21     2.1  parstriangularis
 2551   1843   3231  2.067 0.620     0.147     0.037       32     4.1  pericalcarine
 7568   5353  14352  2.366 0.780     0.119     0.024       78     7.4  postcentral
 2306   1545   4153  2.431 0.749     0.109     0.017       22     1.7  posteriorcingulate
 7554   5109  16238  2.855 0.589     0.105     0.019       59     5.9  precentral
 5861   4304  12510  2.692 0.552     0.125     0.027       69     6.3  precuneus
 2054   1421   3825  2.506 0.738     0.120     0.026       30     2.1  rostralanteriorcingulate
 5037   3829  13274  2.867 0.651     0.133     0.028       71     6.1  rostralmiddlefrontal
12217   8849  33462  3.160 0.651     0.119     0.025      126    12.5  superiorfrontal
 6071   4256  12069  2.533 0.543     0.112     0.020       60     5.0  superiorparietal
 7946   5609  19713  3.031 0.767     0.113     0.024       82     7.6  superiortemporal
 4790   3375  10767  2.866 0.590     0.116     0.022       50     4.2  supramarginal
  645    467   1163  2.497 0.612     0.145     0.027       10     0.7  transversetemporal
 2812   1893   5337  3.015 0.725     0.098     0.020       19     2.3  insula
/out/sourcedata/freesurfer/sub-v2s9x29152_ses-1/label
#--------------------------------------------
#@# BA_exvivo Labels lh Sat Mar 14 12:19:21 CET 2026

 mri_label2label --srcsubject fsaverage --srclabel /out/sourcedata/freesurfer/fsaverage/label/lh.BA1_exvivo.label --trgsubject sub-v2s9x29152_ses-1 --trglabel ./lh.BA1_exvivo.label --hemi lh --regmethod surface 


srclabel = /out/sourcedata/freesurfer/fsaverage/label/lh.BA1_exvivo.label
srcsubject = fsaverage
trgsubject = sub-v2s9x29152_ses-1
trglabel = ./lh.BA1_exvivo.label
regmethod = surface

srchemi = lh
trghemi = lh
trgsurface = white
srcsurfreg = sphere.reg
trgsurfreg = sphere.reg
usehash = 1
Use ProjAbs  = 0, 0
Use ProjFrac = 0, 0
DoPaint 0

SUBJECTS_DIR    /out/sourcedata/freesurfer
FREESURFER_HOME /opt/freesurfer
Loading source label.
Found 4129 points in source label.
Starting surface-based mapping
Reading source registration 
 /out/sourcedata/freesurfer/fsaverage/surf/lh.sphere.reg
Rescaling ...  original radius = 100
Reading target surface 
 /out/sourcedata/freesurfer/sub-v2s9x29152_ses-1/surf/lh.white
Reading target registration 
 /out/sourcedata/freesurfer/sub-v2s9x29152_ses-1/surf/lh.sphere.reg
Rescaling ...  original radius = 100
Building target registration hash (res=16).
Building source registration hash (res=16).
INFO: found  4129 nlabel points
Performing mapping from target back to the source label 136397
Number of reverse mapping hits = 233
Checking for and removing duplicates
Writing label file ./lh.BA1_exvivo.label 4362
mri_label2label: Done


 mri_label2label --srcsubject fsaverage --srclabel /out/sourcedata/freesurfer/fsaverage/label/lh.BA2_exvivo.label --trgsubject sub-v2s9x29152_ses-1 --trglabel ./lh.BA2_exvivo.label --hemi lh --regmethod surface 


srclabel = /out/sourcedata/freesurfer/fsaverage/label/lh.BA2_exvivo.label
srcsubject = fsaverage
trgsubject = sub-v2s9x29152_ses-1
trglabel = ./lh.BA2_exvivo.label
regmethod = surface

srchemi = lh
trghemi = lh
trgsurface = white
srcsurfreg = sphere.reg
trgsurfreg = sphere.reg
usehash = 1
Use ProjAbs  = 0, 0
Use ProjFrac = 0, 0
DoPaint 0

SUBJECTS_DIR    /out/sourcedata/freesurfer
FREESURFER_HOME /opt/freesurfer
Loading source label.
Found 7909 points in source label.
Starting surface-based mapping
Reading source registration 
 /out/sourcedata/freesurfer/fsaverage/surf/lh.sphere.reg
Rescaling ...  original radius = 100
Reading target surface 
 /out/sourcedata/freesurfer/sub-v2s9x29152_ses-1/surf/lh.white
Reading target registration 
 /out/sourcedata/freesurfer/sub-v2s9x29152_ses-1/surf/lh.sphere.reg
Rescaling ...  original radius = 100
Building target registration hash (res=16).
Building source registration hash (res=16).
INFO: found  7909 nlabel points
Performing mapping from target back to the source label 136397
Number of reverse mapping hits = 323
Checking for and removing duplicates
Writing label file ./lh.BA2_exvivo.label 8232
mri_label2label: Done


 mri_label2label --srcsubject fsaverage --srclabel /out/sourcedata/freesurfer/fsaverage/label/lh.BA3a_exvivo.label --trgsubject sub-v2s9x29152_ses-1 --trglabel ./lh.BA3a_exvivo.label --hemi lh --regmethod surface 


srclabel = /out/sourcedata/freesurfer/fsaverage/label/lh.BA3a_exvivo.label
srcsubject = fsaverage
trgsubject = sub-v2s9x29152_ses-1
trglabel = ./lh.BA3a_exvivo.label
regmethod = surface

srchemi = lh
trghemi = lh
trgsurface = white
srcsurfreg = sphere.reg
trgsurfreg = sphere.reg
usehash = 1
Use ProjAbs  = 0, 0
Use ProjFrac = 0, 0
DoPaint 0

SUBJECTS_DIR    /out/sourcedata/freesurfer
FREESURFER_HOME /opt/freesurfer
Loading source label.
Found 4077 points in source label.
Starting surface-based mapping
Reading source registration 
 /out/sourcedata/freesurfer/fsaverage/surf/lh.sphere.reg
Rescaling ...  original radius = 100
Reading target surface 
 /out/sourcedata/freesurfer/sub-v2s9x29152_ses-1/surf/lh.white
Reading target registration 
 /out/sourcedata/freesurfer/sub-v2s9x29152_ses-1/surf/lh.sphere.reg
Rescaling ...  original radius = 100
Building target registration hash (res=16).
Building source registration hash (res=16).
INFO: found  4077 nlabel points
Performing mapping from target back to the source label 136397
Number of reverse mapping hits = 27
Checking for and removing duplicates
Writing label file ./lh.BA3a_exvivo.label 4104
mri_label2label: Done


 mri_label2label --srcsubject fsaverage --srclabel /out/sourcedata/freesurfer/fsaverage/label/lh.BA3b_exvivo.label --trgsubject sub-v2s9x29152_ses-1 --trglabel ./lh.BA3b_exvivo.label --hemi lh --regmethod surface 


srclabel = /out/sourcedata/freesurfer/fsaverage/label/lh.BA3b_exvivo.label
srcsubject = fsaverage
trgsubject = sub-v2s9x29152_ses-1
trglabel = ./lh.BA3b_exvivo.label
regmethod = surface

srchemi = lh
trghemi = lh
trgsurface = white
srcsurfreg = sphere.reg
trgsurfreg = sphere.reg
usehash = 1
Use ProjAbs  = 0, 0
Use ProjFrac = 0, 0
DoPaint 0

SUBJECTS_DIR    /out/sourcedata/freesurfer
FREESURFER_HOME /opt/freesurfer
Loading source label.
Found 5983 points in source label.
Starting surface-based mapping
Reading source registration 
 /out/sourcedata/freesurfer/fsaverage/surf/lh.sphere.reg
Rescaling ...  original radius = 100
Reading target surface 
 /out/sourcedata/freesurfer/sub-v2s9x29152_ses-1/surf/lh.white
Reading target registration 
 /out/sourcedata/freesurfer/sub-v2s9x29152_ses-1/surf/lh.sphere.reg
Rescaling ...  original radius = 100
Building target registration hash (res=16).
Building source registration hash (res=16).
INFO: found  5983 nlabel points
Performing mapping from target back to the source label 136397
Number of reverse mapping hits = 187
Checking for and removing duplicates
Writing label file ./lh.BA3b_exvivo.label 6170
mri_label2label: Done


 mri_label2label --srcsubject fsaverage --srclabel /out/sourcedata/freesurfer/fsaverage/label/lh.BA4a_exvivo.label --trgsubject sub-v2s9x29152_ses-1 --trglabel ./lh.BA4a_exvivo.label --hemi lh --regmethod surface 


srclabel = /out/sourcedata/freesurfer/fsaverage/label/lh.BA4a_exvivo.label
srcsubject = fsaverage
trgsubject = sub-v2s9x29152_ses-1
trglabel = ./lh.BA4a_exvivo.label
regmethod = surface

srchemi = lh
trghemi = lh
trgsurface = white
srcsurfreg = sphere.reg
trgsurfreg = sphere.reg
usehash = 1
Use ProjAbs  = 0, 0
Use ProjFrac = 0, 0
DoPaint 0

SUBJECTS_DIR    /out/sourcedata/freesurfer
FREESURFER_HOME /opt/freesurfer
Loading source label.
Found 5784 points in source label.
Starting surface-based mapping
Reading source registration 
 /out/sourcedata/freesurfer/fsaverage/surf/lh.sphere.reg
Rescaling ...  original radius = 100
Reading target surface 
 /out/sourcedata/freesurfer/sub-v2s9x29152_ses-1/surf/lh.white
Reading target registration 
 /out/sourcedata/freesurfer/sub-v2s9x29152_ses-1/surf/lh.sphere.reg
Rescaling ...  original radius = 100
Building target registration hash (res=16).
Building source registration hash (res=16).
INFO: found  5784 nlabel points
Performing mapping from target back to the source label 136397
Number of reverse mapping hits = 210
Checking for and removing duplicates
Writing label file ./lh.BA4a_exvivo.label 5994
mri_label2label: Done


 mri_label2label --srcsubject fsaverage --srclabel /out/sourcedata/freesurfer/fsaverage/label/lh.BA4p_exvivo.label --trgsubject sub-v2s9x29152_ses-1 --trglabel ./lh.BA4p_exvivo.label --hemi lh --regmethod surface 


srclabel = /out/sourcedata/freesurfer/fsaverage/label/lh.BA4p_exvivo.label
srcsubject = fsaverage
trgsubject = sub-v2s9x29152_ses-1
trglabel = ./lh.BA4p_exvivo.label
regmethod = surface

srchemi = lh
trghemi = lh
trgsurface = white
srcsurfreg = sphere.reg
trgsurfreg = sphere.reg
usehash = 1
Use ProjAbs  = 0, 0
Use ProjFrac = 0, 0
DoPaint 0

SUBJECTS_DIR    /out/sourcedata/freesurfer
FREESURFER_HOME /opt/freesurfer
Loading source label.
Found 4070 points in source label.
Starting surface-based mapping
Reading source registration 
 /out/sourcedata/freesurfer/fsaverage/surf/lh.sphere.reg
Rescaling ...  original radius = 100
Reading target surface 
 /out/sourcedata/freesurfer/sub-v2s9x29152_ses-1/surf/lh.white
Reading target registration 
 /out/sourcedata/freesurfer/sub-v2s9x29152_ses-1/surf/lh.sphere.reg
Rescaling ...  original radius = 100
Building target registration hash (res=16).
Building source registration hash (res=16).
INFO: found  4070 nlabel points
Performing mapping from target back to the source label 136397
Number of reverse mapping hits = 51
Checking for and removing duplicates
Writing label file ./lh.BA4p_exvivo.label 4121
mri_label2label: Done


 mri_label2label --srcsubject fsaverage --srclabel /out/sourcedata/freesurfer/fsaverage/label/lh.BA6_exvivo.label --trgsubject sub-v2s9x29152_ses-1 --trglabel ./lh.BA6_exvivo.label --hemi lh --regmethod surface 


srclabel = /out/sourcedata/freesurfer/fsaverage/label/lh.BA6_exvivo.label
srcsubject = fsaverage
trgsubject = sub-v2s9x29152_ses-1
trglabel = ./lh.BA6_exvivo.label
regmethod = surface

srchemi = lh
trghemi = lh
trgsurface = white
srcsurfreg = sphere.reg
trgsurfreg = sphere.reg
usehash = 1
Use ProjAbs  = 0, 0
Use ProjFrac = 0, 0
DoPaint 0

SUBJECTS_DIR    /out/sourcedata/freesurfer
FREESURFER_HOME /opt/freesurfer
Loading source label.
Found 13589 points in source label.
Starting surface-based mapping
Reading source registration 
 /out/sourcedata/freesurfer/fsaverage/surf/lh.sphere.reg
Rescaling ...  original radius = 100
Reading target surface 
 /out/sourcedata/freesurfer/sub-v2s9x29152_ses-1/surf/lh.white
Reading target registration 
 /out/sourcedata/freesurfer/sub-v2s9x29152_ses-1/surf/lh.sphere.reg
Rescaling ...  original radius = 100
Building target registration hash (res=16).
Building source registration hash (res=16).
INFO: found  13589 nlabel points
Performing mapping from target back to the source label 136397
Number of reverse mapping hits = 975
Checking for and removing duplicates
Writing label file ./lh.BA6_exvivo.label 14564
mri_label2label: Done


 mri_label2label --srcsubject fsaverage --srclabel /out/sourcedata/freesurfer/fsaverage/label/lh.BA44_exvivo.label --trgsubject sub-v2s9x29152_ses-1 --trglabel ./lh.BA44_exvivo.label --hemi lh --regmethod surface 


srclabel = /out/sourcedata/freesurfer/fsaverage/label/lh.BA44_exvivo.label
srcsubject = fsaverage
trgsubject = sub-v2s9x29152_ses-1
trglabel = ./lh.BA44_exvivo.label
regmethod = surface

srchemi = lh
trghemi = lh
trgsurface = white
srcsurfreg = sphere.reg
trgsurfreg = sphere.reg
usehash = 1
Use ProjAbs  = 0, 0
Use ProjFrac = 0, 0
DoPaint 0

SUBJECTS_DIR    /out/sourcedata/freesurfer
FREESURFER_HOME /opt/freesurfer
Loading source label.
Found 4181 points in source label.
Starting surface-based mapping
Reading source registration 
 /out/sourcedata/freesurfer/fsaverage/surf/lh.sphere.reg
Rescaling ...  original radius = 100
Reading target surface 
 /out/sourcedata/freesurfer/sub-v2s9x29152_ses-1/surf/lh.white
Reading target registration 
 /out/sourcedata/freesurfer/sub-v2s9x29152_ses-1/surf/lh.sphere.reg
Rescaling ...  original radius = 100
Building target registration hash (res=16).
Building source registration hash (res=16).
INFO: found  4181 nlabel points
Performing mapping from target back to the source label 136397
Number of reverse mapping hits = 158
Checking for and removing duplicates
Writing label file ./lh.BA44_exvivo.label 4339
mri_label2label: Done


 mri_label2label --srcsubject fsaverage --srclabel /out/sourcedata/freesurfer/fsaverage/label/lh.BA45_exvivo.label --trgsubject sub-v2s9x29152_ses-1 --trglabel ./lh.BA45_exvivo.label --hemi lh --regmethod surface 


srclabel = /out/sourcedata/freesurfer/fsaverage/label/lh.BA45_exvivo.label
srcsubject = fsaverage
trgsubject = sub-v2s9x29152_ses-1
trglabel = ./lh.BA45_exvivo.label
regmethod = surface

srchemi = lh
trghemi = lh
trgsurface = white
srcsurfreg = sphere.reg
trgsurfreg = sphere.reg
usehash = 1
Use ProjAbs  = 0, 0
Use ProjFrac = 0, 0
DoPaint 0

SUBJECTS_DIR    /out/sourcedata/freesurfer
FREESURFER_HOME /opt/freesurfer
Loading source label.
Found 3422 points in source label.
Starting surface-based mapping
Reading source registration 
 /out/sourcedata/freesurfer/fsaverage/surf/lh.sphere.reg
Rescaling ...  original radius = 100
Reading target surface 
 /out/sourcedata/freesurfer/sub-v2s9x29152_ses-1/surf/lh.white
Reading target registration 
 /out/sourcedata/freesurfer/sub-v2s9x29152_ses-1/surf/lh.sphere.reg
Rescaling ...  original radius = 100
Building target registration hash (res=16).
Building source registration hash (res=16).
INFO: found  3422 nlabel points
Performing mapping from target back to the source label 136397
Number of reverse mapping hits = 254
Checking for and removing duplicates
Writing label file ./lh.BA45_exvivo.label 3676
mri_label2label: Done


 mri_label2label --srcsubject fsaverage --srclabel /out/sourcedata/freesurfer/fsaverage/label/lh.V1_exvivo.label --trgsubject sub-v2s9x29152_ses-1 --trglabel ./lh.V1_exvivo.label --hemi lh --regmethod surface 


srclabel = /out/sourcedata/freesurfer/fsaverage/label/lh.V1_exvivo.label
srcsubject = fsaverage
trgsubject = sub-v2s9x29152_ses-1
trglabel = ./lh.V1_exvivo.label
regmethod = surface

srchemi = lh
trghemi = lh
trgsurface = white
srcsurfreg = sphere.reg
trgsurfreg = sphere.reg
usehash = 1
Use ProjAbs  = 0, 0
Use ProjFrac = 0, 0
DoPaint 0

SUBJECTS_DIR    /out/sourcedata/freesurfer
FREESURFER_HOME /opt/freesurfer
Loading source label.
Found 4641 points in source label.
Starting surface-based mapping
Reading source registration 
 /out/sourcedata/freesurfer/fsaverage/surf/lh.sphere.reg
Rescaling ...  original radius = 100
Reading target surface 
 /out/sourcedata/freesurfer/sub-v2s9x29152_ses-1/surf/lh.white
Reading target registration 
 /out/sourcedata/freesurfer/sub-v2s9x29152_ses-1/surf/lh.sphere.reg
Rescaling ...  original radius = 100
Building target registration hash (res=16).
Building source registration hash (res=16).
INFO: found  4641 nlabel points
Performing mapping from target back to the source label 136397
Number of reverse mapping hits = 1567
Checking for and removing duplicates
Writing label file ./lh.V1_exvivo.label 6208
mri_label2label: Done


 mri_label2label --srcsubject fsaverage --srclabel /out/sourcedata/freesurfer/fsaverage/label/lh.V2_exvivo.label --trgsubject sub-v2s9x29152_ses-1 --trglabel ./lh.V2_exvivo.label --hemi lh --regmethod surface 


srclabel = /out/sourcedata/freesurfer/fsaverage/label/lh.V2_exvivo.label
srcsubject = fsaverage
trgsubject = sub-v2s9x29152_ses-1
trglabel = ./lh.V2_exvivo.label
regmethod = surface

srchemi = lh
trghemi = lh
trgsurface = white
srcsurfreg = sphere.reg
trgsurfreg = sphere.reg
usehash = 1
Use ProjAbs  = 0, 0
Use ProjFrac = 0, 0
DoPaint 0

SUBJECTS_DIR    /out/sourcedata/freesurfer
FREESURFER_HOME /opt/freesurfer
Loading source label.
Found 8114 points in source label.
Starting surface-based mapping
Reading source registration 
 /out/sourcedata/freesurfer/fsaverage/surf/lh.sphere.reg
Rescaling ...  original radius = 100
Reading target surface 
 /out/sourcedata/freesurfer/sub-v2s9x29152_ses-1/surf/lh.white
Reading target registration 
 /out/sourcedata/freesurfer/sub-v2s9x29152_ses-1/surf/lh.sphere.reg
Rescaling ...  original radius = 100
Building target registration hash (res=16).
Building source registration hash (res=16).
INFO: found  8114 nlabel points
Performing mapping from target back to the source label 136397
Number of reverse mapping hits = 2258
Checking for and removing duplicates
Writing label file ./lh.V2_exvivo.label 10372
mri_label2label: Done


 mri_label2label --srcsubject fsaverage --srclabel /out/sourcedata/freesurfer/fsaverage/label/lh.MT_exvivo.label --trgsubject sub-v2s9x29152_ses-1 --trglabel ./lh.MT_exvivo.label --hemi lh --regmethod surface 


srclabel = /out/sourcedata/freesurfer/fsaverage/label/lh.MT_exvivo.label
srcsubject = fsaverage
trgsubject = sub-v2s9x29152_ses-1
trglabel = ./lh.MT_exvivo.label
regmethod = surface

srchemi = lh
trghemi = lh
trgsurface = white
srcsurfreg = sphere.reg
trgsurfreg = sphere.reg
usehash = 1
Use ProjAbs  = 0, 0
Use ProjFrac = 0, 0
DoPaint 0

SUBJECTS_DIR    /out/sourcedata/freesurfer
FREESURFER_HOME /opt/freesurfer
Loading source label.
Found 2018 points in source label.
Starting surface-based mapping
Reading source registration 
 /out/sourcedata/freesurfer/fsaverage/surf/lh.sphere.reg
Rescaling ...  original radius = 100
Reading target surface 
 /out/sourcedata/freesurfer/sub-v2s9x29152_ses-1/surf/lh.white
Reading target registration 
 /out/sourcedata/freesurfer/sub-v2s9x29152_ses-1/surf/lh.sphere.reg
Rescaling ...  original radius = 100
Building target registration hash (res=16).
Building source registration hash (res=16).
INFO: found  2018 nlabel points
Performing mapping from target back to the source label 136397
Number of reverse mapping hits = 741
Checking for and removing duplicates
Writing label file ./lh.MT_exvivo.label 2759
mri_label2label: Done


 mri_label2label --srcsubject fsaverage --srclabel /out/sourcedata/freesurfer/fsaverage/label/lh.entorhinal_exvivo.label --trgsubject sub-v2s9x29152_ses-1 --trglabel ./lh.entorhinal_exvivo.label --hemi lh --regmethod surface 


srclabel = /out/sourcedata/freesurfer/fsaverage/label/lh.entorhinal_exvivo.label
srcsubject = fsaverage
trgsubject = sub-v2s9x29152_ses-1
trglabel = ./lh.entorhinal_exvivo.label
regmethod = surface

srchemi = lh
trghemi = lh
trgsurface = white
srcsurfreg = sphere.reg
trgsurfreg = sphere.reg
usehash = 1
Use ProjAbs  = 0, 0
Use ProjFrac = 0, 0
DoPaint 0

SUBJECTS_DIR    /out/sourcedata/freesurfer
FREESURFER_HOME /opt/freesurfer
Loading source label.
Found 1290 points in source label.
Starting surface-based mapping
Reading source registration 
 /out/sourcedata/freesurfer/fsaverage/surf/lh.sphere.reg
Rescaling ...  original radius = 100
Reading target surface 
 /out/sourcedata/freesurfer/sub-v2s9x29152_ses-1/surf/lh.white
Reading target registration 
 /out/sourcedata/freesurfer/sub-v2s9x29152_ses-1/surf/lh.sphere.reg
Rescaling ...  original radius = 100
Building target registration hash (res=16).
Building source registration hash (res=16).
INFO: found  1290 nlabel points
Performing mapping from target back to the source label 136397
Number of reverse mapping hits = 43
Checking for and removing duplicates
Writing label file ./lh.entorhinal_exvivo.label 1333
mri_label2label: Done


 mri_label2label --srcsubject fsaverage --srclabel /out/sourcedata/freesurfer/fsaverage/label/lh.perirhinal_exvivo.label --trgsubject sub-v2s9x29152_ses-1 --trglabel ./lh.perirhinal_exvivo.label --hemi lh --regmethod surface 


srclabel = /out/sourcedata/freesurfer/fsaverage/label/lh.perirhinal_exvivo.label
srcsubject = fsaverage
trgsubject = sub-v2s9x29152_ses-1
trglabel = ./lh.perirhinal_exvivo.label
regmethod = surface

srchemi = lh
trghemi = lh
trgsurface = white
srcsurfreg = sphere.reg
trgsurfreg = sphere.reg
usehash = 1
Use ProjAbs  = 0, 0
Use ProjFrac = 0, 0
DoPaint 0

SUBJECTS_DIR    /out/sourcedata/freesurfer
FREESURFER_HOME /opt/freesurfer
Loading source label.
Found 1199 points in source label.
Starting surface-based mapping
Reading source registration 
 /out/sourcedata/freesurfer/fsaverage/surf/lh.sphere.reg
Rescaling ...  original radius = 100
Reading target surface 
 /out/sourcedata/freesurfer/sub-v2s9x29152_ses-1/surf/lh.white
Reading target registration 
 /out/sourcedata/freesurfer/sub-v2s9x29152_ses-1/surf/lh.sphere.reg
Rescaling ...  original radius = 100
Building target registration hash (res=16).
Building source registration hash (res=16).
INFO: found  1199 nlabel points
Performing mapping from target back to the source label 136397
Number of reverse mapping hits = 38
Checking for and removing duplicates
Writing label file ./lh.perirhinal_exvivo.label 1237
mri_label2label: Done


 mri_label2label --srcsubject fsaverage --srclabel /out/sourcedata/freesurfer/fsaverage/label/lh.FG1.mpm.vpnl.label --trgsubject sub-v2s9x29152_ses-1 --trglabel ./lh.FG1.mpm.vpnl.label --hemi lh --regmethod surface 


srclabel = /out/sourcedata/freesurfer/fsaverage/label/lh.FG1.mpm.vpnl.label
srcsubject = fsaverage
trgsubject = sub-v2s9x29152_ses-1
trglabel = ./lh.FG1.mpm.vpnl.label
regmethod = surface

srchemi = lh
trghemi = lh
trgsurface = white
srcsurfreg = sphere.reg
trgsurfreg = sphere.reg
usehash = 1
Use ProjAbs  = 0, 0
Use ProjFrac = 0, 0
DoPaint 0

SUBJECTS_DIR    /out/sourcedata/freesurfer
FREESURFER_HOME /opt/freesurfer
Loading source label.
Found 414 points in source label.
Starting surface-based mapping
Reading source registration 
 /out/sourcedata/freesurfer/fsaverage/surf/lh.sphere.reg
Rescaling ...  original radius = 100
Reading target surface 
 /out/sourcedata/freesurfer/sub-v2s9x29152_ses-1/surf/lh.white
Reading target registration 
 /out/sourcedata/freesurfer/sub-v2s9x29152_ses-1/surf/lh.sphere.reg
Rescaling ...  original radius = 100
Building target registration hash (res=16).
Building source registration hash (res=16).
INFO: found  414 nlabel points
Performing mapping from target back to the source label 136397
Number of reverse mapping hits = 114
Checking for and removing duplicates
Writing label file ./lh.FG1.mpm.vpnl.label 528
mri_label2label: Done


 mri_label2label --srcsubject fsaverage --srclabel /out/sourcedata/freesurfer/fsaverage/label/lh.FG2.mpm.vpnl.label --trgsubject sub-v2s9x29152_ses-1 --trglabel ./lh.FG2.mpm.vpnl.label --hemi lh --regmethod surface 


srclabel = /out/sourcedata/freesurfer/fsaverage/label/lh.FG2.mpm.vpnl.label
srcsubject = fsaverage
trgsubject = sub-v2s9x29152_ses-1
trglabel = ./lh.FG2.mpm.vpnl.label
regmethod = surface

srchemi = lh
trghemi = lh
trgsurface = white
srcsurfreg = sphere.reg
trgsurfreg = sphere.reg
usehash = 1
Use ProjAbs  = 0, 0
Use ProjFrac = 0, 0
DoPaint 0

SUBJECTS_DIR    /out/sourcedata/freesurfer
FREESURFER_HOME /opt/freesurfer
Loading source label.
Found 703 points in source label.
Starting surface-based mapping
Reading source registration 
 /out/sourcedata/freesurfer/fsaverage/surf/lh.sphere.reg
Rescaling ...  original radius = 100
Reading target surface 
 /out/sourcedata/freesurfer/sub-v2s9x29152_ses-1/surf/lh.white
Reading target registration 
 /out/sourcedata/freesurfer/sub-v2s9x29152_ses-1/surf/lh.sphere.reg
Rescaling ...  original radius = 100
Building target registration hash (res=16).
Building source registration hash (res=16).
INFO: found  703 nlabel points
Performing mapping from target back to the source label 136397
Number of reverse mapping hits = 181
Checking for and removing duplicates
Writing label file ./lh.FG2.mpm.vpnl.label 884
mri_label2label: Done


 mri_label2label --srcsubject fsaverage --srclabel /out/sourcedata/freesurfer/fsaverage/label/lh.FG3.mpm.vpnl.label --trgsubject sub-v2s9x29152_ses-1 --trglabel ./lh.FG3.mpm.vpnl.label --hemi lh --regmethod surface 


srclabel = /out/sourcedata/freesurfer/fsaverage/label/lh.FG3.mpm.vpnl.label
srcsubject = fsaverage
trgsubject = sub-v2s9x29152_ses-1
trglabel = ./lh.FG3.mpm.vpnl.label
regmethod = surface

srchemi = lh
trghemi = lh
trgsurface = white
srcsurfreg = sphere.reg
trgsurfreg = sphere.reg
usehash = 1
Use ProjAbs  = 0, 0
Use ProjFrac = 0, 0
DoPaint 0

SUBJECTS_DIR    /out/sourcedata/freesurfer
FREESURFER_HOME /opt/freesurfer
Loading source label.
Found 1873 points in source label.
Starting surface-based mapping
Reading source registration 
 /out/sourcedata/freesurfer/fsaverage/surf/lh.sphere.reg
Rescaling ...  original radius = 100
Reading target surface 
 /out/sourcedata/freesurfer/sub-v2s9x29152_ses-1/surf/lh.white
Reading target registration 
 /out/sourcedata/freesurfer/sub-v2s9x29152_ses-1/surf/lh.sphere.reg
Rescaling ...  original radius = 100
Building target registration hash (res=16).
Building source registration hash (res=16).
INFO: found  1873 nlabel points
Performing mapping from target back to the source label 136397
Number of reverse mapping hits = 159
Checking for and removing duplicates
Writing label file ./lh.FG3.mpm.vpnl.label 2032
mri_label2label: Done


 mri_label2label --srcsubject fsaverage --srclabel /out/sourcedata/freesurfer/fsaverage/label/lh.FG4.mpm.vpnl.label --trgsubject sub-v2s9x29152_ses-1 --trglabel ./lh.FG4.mpm.vpnl.label --hemi lh --regmethod surface 


srclabel = /out/sourcedata/freesurfer/fsaverage/label/lh.FG4.mpm.vpnl.label
srcsubject = fsaverage
trgsubject = sub-v2s9x29152_ses-1
trglabel = ./lh.FG4.mpm.vpnl.label
regmethod = surface

srchemi = lh
trghemi = lh
trgsurface = white
srcsurfreg = sphere.reg
trgsurfreg = sphere.reg
usehash = 1
Use ProjAbs  = 0, 0
Use ProjFrac = 0, 0
DoPaint 0

SUBJECTS_DIR    /out/sourcedata/freesurfer
FREESURFER_HOME /opt/freesurfer
Loading source label.
Found 2101 points in source label.
Starting surface-based mapping
Reading source registration 
 /out/sourcedata/freesurfer/fsaverage/surf/lh.sphere.reg
Rescaling ...  original radius = 100
Reading target surface 
 /out/sourcedata/freesurfer/sub-v2s9x29152_ses-1/surf/lh.white
Reading target registration 
 /out/sourcedata/freesurfer/sub-v2s9x29152_ses-1/surf/lh.sphere.reg
Rescaling ...  original radius = 100
Building target registration hash (res=16).
Building source registration hash (res=16).
INFO: found  2101 nlabel points
Performing mapping from target back to the source label 136397
Number of reverse mapping hits = 253
Checking for and removing duplicates
Writing label file ./lh.FG4.mpm.vpnl.label 2354
mri_label2label: Done


 mri_label2label --srcsubject fsaverage --srclabel /out/sourcedata/freesurfer/fsaverage/label/lh.hOc1.mpm.vpnl.label --trgsubject sub-v2s9x29152_ses-1 --trglabel ./lh.hOc1.mpm.vpnl.label --hemi lh --regmethod surface 


srclabel = /out/sourcedata/freesurfer/fsaverage/label/lh.hOc1.mpm.vpnl.label
srcsubject = fsaverage
trgsubject = sub-v2s9x29152_ses-1
trglabel = ./lh.hOc1.mpm.vpnl.label
regmethod = surface

srchemi = lh
trghemi = lh
trgsurface = white
srcsurfreg = sphere.reg
trgsurfreg = sphere.reg
usehash = 1
Use ProjAbs  = 0, 0
Use ProjFrac = 0, 0
DoPaint 0

SUBJECTS_DIR    /out/sourcedata/freesurfer
FREESURFER_HOME /opt/freesurfer
Loading source label.
Found 3877 points in source label.
Starting surface-based mapping
Reading source registration 
 /out/sourcedata/freesurfer/fsaverage/surf/lh.sphere.reg
Rescaling ...  original radius = 100
Reading target surface 
 /out/sourcedata/freesurfer/sub-v2s9x29152_ses-1/surf/lh.white
Reading target registration 
 /out/sourcedata/freesurfer/sub-v2s9x29152_ses-1/surf/lh.sphere.reg
Rescaling ...  original radius = 100
Building target registration hash (res=16).
Building source registration hash (res=16).
INFO: found  3877 nlabel points
Performing mapping from target back to the source label 136397
Number of reverse mapping hits = 1358
Checking for and removing duplicates
Writing label file ./lh.hOc1.mpm.vpnl.label 5235
mri_label2label: Done


 mri_label2label --srcsubject fsaverage --srclabel /out/sourcedata/freesurfer/fsaverage/label/lh.hOc2.mpm.vpnl.label --trgsubject sub-v2s9x29152_ses-1 --trglabel ./lh.hOc2.mpm.vpnl.label --hemi lh --regmethod surface 


srclabel = /out/sourcedata/freesurfer/fsaverage/label/lh.hOc2.mpm.vpnl.label
srcsubject = fsaverage
trgsubject = sub-v2s9x29152_ses-1
trglabel = ./lh.hOc2.mpm.vpnl.label
regmethod = surface

srchemi = lh
trghemi = lh
trgsurface = white
srcsurfreg = sphere.reg
trgsurfreg = sphere.reg
usehash = 1
Use ProjAbs  = 0, 0
Use ProjFrac = 0, 0
DoPaint 0

SUBJECTS_DIR    /out/sourcedata/freesurfer
FREESURFER_HOME /opt/freesurfer
Loading source label.
Found 2919 points in source label.
Starting surface-based mapping
Reading source registration 
 /out/sourcedata/freesurfer/fsaverage/surf/lh.sphere.reg
Rescaling ...  original radius = 100
Reading target surface 
 /out/sourcedata/freesurfer/sub-v2s9x29152_ses-1/surf/lh.white
Reading target registration 
 /out/sourcedata/freesurfer/sub-v2s9x29152_ses-1/surf/lh.sphere.reg
Rescaling ...  original radius = 100
Building target registration hash (res=16).
Building source registration hash (res=16).
INFO: found  2919 nlabel points
Performing mapping from target back to the source label 136397
Number of reverse mapping hits = 1029
Checking for and removing duplicates
Writing label file ./lh.hOc2.mpm.vpnl.label 3948
mri_label2label: Done


 mri_label2label --srcsubject fsaverage --srclabel /out/sourcedata/freesurfer/fsaverage/label/lh.hOc3v.mpm.vpnl.label --trgsubject sub-v2s9x29152_ses-1 --trglabel ./lh.hOc3v.mpm.vpnl.label --hemi lh --regmethod surface 


srclabel = /out/sourcedata/freesurfer/fsaverage/label/lh.hOc3v.mpm.vpnl.label
srcsubject = fsaverage
trgsubject = sub-v2s9x29152_ses-1
trglabel = ./lh.hOc3v.mpm.vpnl.label
regmethod = surface

srchemi = lh
trghemi = lh
trgsurface = white
srcsurfreg = sphere.reg
trgsurfreg = sphere.reg
usehash = 1
Use ProjAbs  = 0, 0
Use ProjFrac = 0, 0
DoPaint 0

SUBJECTS_DIR    /out/sourcedata/freesurfer
FREESURFER_HOME /opt/freesurfer
Loading source label.
Found 1286 points in source label.
Starting surface-based mapping
Reading source registration 
 /out/sourcedata/freesurfer/fsaverage/surf/lh.sphere.reg
Rescaling ...  original radius = 100
Reading target surface 
 /out/sourcedata/freesurfer/sub-v2s9x29152_ses-1/surf/lh.white
Reading target registration 
 /out/sourcedata/freesurfer/sub-v2s9x29152_ses-1/surf/lh.sphere.reg
Rescaling ...  original radius = 100
Building target registration hash (res=16).
Building source registration hash (res=16).
INFO: found  1286 nlabel points
Performing mapping from target back to the source label 136397
Number of reverse mapping hits = 240
Checking for and removing duplicates
Writing label file ./lh.hOc3v.mpm.vpnl.label 1526
mri_label2label: Done


 mri_label2label --srcsubject fsaverage --srclabel /out/sourcedata/freesurfer/fsaverage/label/lh.hOc4v.mpm.vpnl.label --trgsubject sub-v2s9x29152_ses-1 --trglabel ./lh.hOc4v.mpm.vpnl.label --hemi lh --regmethod surface 


srclabel = /out/sourcedata/freesurfer/fsaverage/label/lh.hOc4v.mpm.vpnl.label
srcsubject = fsaverage
trgsubject = sub-v2s9x29152_ses-1
trglabel = ./lh.hOc4v.mpm.vpnl.label
regmethod = surface

srchemi = lh
trghemi = lh
trgsurface = white
srcsurfreg = sphere.reg
trgsurfreg = sphere.reg
usehash = 1
Use ProjAbs  = 0, 0
Use ProjFrac = 0, 0
DoPaint 0

SUBJECTS_DIR    /out/sourcedata/freesurfer
FREESURFER_HOME /opt/freesurfer
Loading source label.
Found 1006 points in source label.
Starting surface-based mapping
Reading source registration 
 /out/sourcedata/freesurfer/fsaverage/surf/lh.sphere.reg
Rescaling ...  original radius = 100
Reading target surface 
 /out/sourcedata/freesurfer/sub-v2s9x29152_ses-1/surf/lh.white
Reading target registration 
 /out/sourcedata/freesurfer/sub-v2s9x29152_ses-1/surf/lh.sphere.reg
Rescaling ...  original radius = 100
Building target registration hash (res=16).
Building source registration hash (res=16).
INFO: found  1006 nlabel points
Performing mapping from target back to the source label 136397
Number of reverse mapping hits = 205
Checking for and removing duplicates
Writing label file ./lh.hOc4v.mpm.vpnl.label 1211
mri_label2label: Done


 mris_label2annot --s sub-v2s9x29152_ses-1 --ctab /opt/freesurfer/average/colortable_vpnl.txt --hemi lh --a mpm.vpnl --maxstatwinner --noverbose --l lh.FG1.mpm.vpnl.label --l lh.FG2.mpm.vpnl.label --l lh.FG3.mpm.vpnl.label --l lh.FG4.mpm.vpnl.label --l lh.hOc1.mpm.vpnl.label --l lh.hOc2.mpm.vpnl.label --l lh.hOc3v.mpm.vpnl.label --l lh.hOc4v.mpm.vpnl.label 

Reading ctab /opt/freesurfer/average/colortable_vpnl.txt
Number of ctab entries 9

7.3.2
cwd /out/sourcedata/freesurfer/sub-v2s9x29152_ses-1/label
cmdline mris_label2annot --s sub-v2s9x29152_ses-1 --ctab /opt/freesurfer/average/colortable_vpnl.txt --hemi lh --a mpm.vpnl --maxstatwinner --noverbose --l lh.FG1.mpm.vpnl.label --l lh.FG2.mpm.vpnl.label --l lh.FG3.mpm.vpnl.label --l lh.FG4.mpm.vpnl.label --l lh.hOc1.mpm.vpnl.label --l lh.hOc2.mpm.vpnl.label --l lh.hOc3v.mpm.vpnl.label --l lh.hOc4v.mpm.vpnl.label 
sysname  Linux
hostname dna067
machine  x86_64
user     oesteban

subject sub-v2s9x29152_ses-1
hemi    lh
SUBJECTS_DIR /out/sourcedata/freesurfer
ColorTable /opt/freesurfer/average/colortable_vpnl.txt
AnnotName  mpm.vpnl
nlables 8
LabelThresh 0 0.000000
Loading /out/sourcedata/freesurfer/sub-v2s9x29152_ses-1/surf/lh.orig
 1 1376057 FG1
 2 16711935 FG2
 3 16711680 FG3
 4 1705837 FG4
 5 25600 hOc1
 6 255 hOc2
 7 16776960 hOc3v
 8 65535 hOc4v
Mapping unhit to unknown
Found 120235 unhit vertices
Writing annot to /out/sourcedata/freesurfer/sub-v2s9x29152_ses-1/label/lh.mpm.vpnl.annot

 mri_label2label --srcsubject fsaverage --srclabel /out/sourcedata/freesurfer/fsaverage/label/lh.BA1_exvivo.thresh.label --trgsubject sub-v2s9x29152_ses-1 --trglabel ./lh.BA1_exvivo.thresh.label --hemi lh --regmethod surface 


srclabel = /out/sourcedata/freesurfer/fsaverage/label/lh.BA1_exvivo.thresh.label
srcsubject = fsaverage
trgsubject = sub-v2s9x29152_ses-1
trglabel = ./lh.BA1_exvivo.thresh.label
regmethod = surface

srchemi = lh
trghemi = lh
trgsurface = white
srcsurfreg = sphere.reg
trgsurfreg = sphere.reg
usehash = 1
Use ProjAbs  = 0, 0
Use ProjFrac = 0, 0
DoPaint 0

SUBJECTS_DIR    /out/sourcedata/freesurfer
FREESURFER_HOME /opt/freesurfer
Loading source label.
Found 1014 points in source label.
Starting surface-based mapping
Reading source registration 
 /out/sourcedata/freesurfer/fsaverage/surf/lh.sphere.reg
Rescaling ...  original radius = 100
Reading target surface 
 /out/sourcedata/freesurfer/sub-v2s9x29152_ses-1/surf/lh.white
Reading target registration 
 /out/sourcedata/freesurfer/sub-v2s9x29152_ses-1/surf/lh.sphere.reg
Rescaling ...  original radius = 100
Building target registration hash (res=16).
Building source registration hash (res=16).
INFO: found  1014 nlabel points
Performing mapping from target back to the source label 136397
Number of reverse mapping hits = 38
Checking for and removing duplicates
Writing label file ./lh.BA1_exvivo.thresh.label 1052
mri_label2label: Done


 mri_label2label --srcsubject fsaverage --srclabel /out/sourcedata/freesurfer/fsaverage/label/lh.BA2_exvivo.thresh.label --trgsubject sub-v2s9x29152_ses-1 --trglabel ./lh.BA2_exvivo.thresh.label --hemi lh --regmethod surface 


srclabel = /out/sourcedata/freesurfer/fsaverage/label/lh.BA2_exvivo.thresh.label
srcsubject = fsaverage
trgsubject = sub-v2s9x29152_ses-1
trglabel = ./lh.BA2_exvivo.thresh.label
regmethod = surface

srchemi = lh
trghemi = lh
trgsurface = white
srcsurfreg = sphere.reg
trgsurfreg = sphere.reg
usehash = 1
Use ProjAbs  = 0, 0
Use ProjFrac = 0, 0
DoPaint 0

SUBJECTS_DIR    /out/sourcedata/freesurfer
FREESURFER_HOME /opt/freesurfer
Loading source label.
Found 2092 points in source label.
Starting surface-based mapping
Reading source registration 
 /out/sourcedata/freesurfer/fsaverage/surf/lh.sphere.reg
Rescaling ...  original radius = 100
Reading target surface 
 /out/sourcedata/freesurfer/sub-v2s9x29152_ses-1/surf/lh.white
Reading target registration 
 /out/sourcedata/freesurfer/sub-v2s9x29152_ses-1/surf/lh.sphere.reg
Rescaling ...  original radius = 100
Building target registration hash (res=16).
Building source registration hash (res=16).
INFO: found  2092 nlabel points
Performing mapping from target back to the source label 136397
Number of reverse mapping hits = 129
Checking for and removing duplicates
Writing label file ./lh.BA2_exvivo.thresh.label 2221
mri_label2label: Done


 mri_label2label --srcsubject fsaverage --srclabel /out/sourcedata/freesurfer/fsaverage/label/lh.BA3a_exvivo.thresh.label --trgsubject sub-v2s9x29152_ses-1 --trglabel ./lh.BA3a_exvivo.thresh.label --hemi lh --regmethod surface 


srclabel = /out/sourcedata/freesurfer/fsaverage/label/lh.BA3a_exvivo.thresh.label
srcsubject = fsaverage
trgsubject = sub-v2s9x29152_ses-1
trglabel = ./lh.BA3a_exvivo.thresh.label
regmethod = surface

srchemi = lh
trghemi = lh
trgsurface = white
srcsurfreg = sphere.reg
trgsurfreg = sphere.reg
usehash = 1
Use ProjAbs  = 0, 0
Use ProjFrac = 0, 0
DoPaint 0

SUBJECTS_DIR    /out/sourcedata/freesurfer
FREESURFER_HOME /opt/freesurfer
Loading source label.
Found 1504 points in source label.
Starting surface-based mapping
Reading source registration 
 /out/sourcedata/freesurfer/fsaverage/surf/lh.sphere.reg
Rescaling ...  original radius = 100
Reading target surface 
 /out/sourcedata/freesurfer/sub-v2s9x29152_ses-1/surf/lh.white
Reading target registration 
 /out/sourcedata/freesurfer/sub-v2s9x29152_ses-1/surf/lh.sphere.reg
Rescaling ...  original radius = 100
Building target registration hash (res=16).
Building source registration hash (res=16).
INFO: found  1504 nlabel points
Performing mapping from target back to the source label 136397
Number of reverse mapping hits = 4
Checking for and removing duplicates
Writing label file ./lh.BA3a_exvivo.thresh.label 1508
mri_label2label: Done


 mri_label2label --srcsubject fsaverage --srclabel /out/sourcedata/freesurfer/fsaverage/label/lh.BA3b_exvivo.thresh.label --trgsubject sub-v2s9x29152_ses-1 --trglabel ./lh.BA3b_exvivo.thresh.label --hemi lh --regmethod surface 


srclabel = /out/sourcedata/freesurfer/fsaverage/label/lh.BA3b_exvivo.thresh.label
srcsubject = fsaverage
trgsubject = sub-v2s9x29152_ses-1
trglabel = ./lh.BA3b_exvivo.thresh.label
regmethod = surface

srchemi = lh
trghemi = lh
trgsurface = white
srcsurfreg = sphere.reg
trgsurfreg = sphere.reg
usehash = 1
Use ProjAbs  = 0, 0
Use ProjFrac = 0, 0
DoPaint 0

SUBJECTS_DIR    /out/sourcedata/freesurfer
FREESURFER_HOME /opt/freesurfer
Loading source label.
Found 1996 points in source label.
Starting surface-based mapping
Reading source registration 
 /out/sourcedata/freesurfer/fsaverage/surf/lh.sphere.reg
Rescaling ...  original radius = 100
Reading target surface 
 /out/sourcedata/freesurfer/sub-v2s9x29152_ses-1/surf/lh.white
Reading target registration 
 /out/sourcedata/freesurfer/sub-v2s9x29152_ses-1/surf/lh.sphere.reg
Rescaling ...  original radius = 100
Building target registration hash (res=16).
Building source registration hash (res=16).
INFO: found  1996 nlabel points
Performing mapping from target back to the source label 136397
Number of reverse mapping hits = 53
Checking for and removing duplicates
Writing label file ./lh.BA3b_exvivo.thresh.label 2049
mri_label2label: Done


 mri_label2label --srcsubject fsaverage --srclabel /out/sourcedata/freesurfer/fsaverage/label/lh.BA4a_exvivo.thresh.label --trgsubject sub-v2s9x29152_ses-1 --trglabel ./lh.BA4a_exvivo.thresh.label --hemi lh --regmethod surface 


srclabel = /out/sourcedata/freesurfer/fsaverage/label/lh.BA4a_exvivo.thresh.label
srcsubject = fsaverage
trgsubject = sub-v2s9x29152_ses-1
trglabel = ./lh.BA4a_exvivo.thresh.label
regmethod = surface

srchemi = lh
trghemi = lh
trgsurface = white
srcsurfreg = sphere.reg
trgsurfreg = sphere.reg
usehash = 1
Use ProjAbs  = 0, 0
Use ProjFrac = 0, 0
DoPaint 0

SUBJECTS_DIR    /out/sourcedata/freesurfer
FREESURFER_HOME /opt/freesurfer
Loading source label.
Found 2319 points in source label.
Starting surface-based mapping
Reading source registration 
 /out/sourcedata/freesurfer/fsaverage/surf/lh.sphere.reg
Rescaling ...  original radius = 100
Reading target surface 
 /out/sourcedata/freesurfer/sub-v2s9x29152_ses-1/surf/lh.white
Reading target registration 
 /out/sourcedata/freesurfer/sub-v2s9x29152_ses-1/surf/lh.sphere.reg
Rescaling ...  original radius = 100
Building target registration hash (res=16).
Building source registration hash (res=16).
INFO: found  2319 nlabel points
Performing mapping from target back to the source label 136397
Number of reverse mapping hits = 84
Checking for and removing duplicates
Writing label file ./lh.BA4a_exvivo.thresh.label 2403
mri_label2label: Done


 mri_label2label --srcsubject fsaverage --srclabel /out/sourcedata/freesurfer/fsaverage/label/lh.BA4p_exvivo.thresh.label --trgsubject sub-v2s9x29152_ses-1 --trglabel ./lh.BA4p_exvivo.thresh.label --hemi lh --regmethod surface 


srclabel = /out/sourcedata/freesurfer/fsaverage/label/lh.BA4p_exvivo.thresh.label
srcsubject = fsaverage
trgsubject = sub-v2s9x29152_ses-1
trglabel = ./lh.BA4p_exvivo.thresh.label
regmethod = surface

srchemi = lh
trghemi = lh
trgsurface = white
srcsurfreg = sphere.reg
trgsurfreg = sphere.reg
usehash = 1
Use ProjAbs  = 0, 0
Use ProjFrac = 0, 0
DoPaint 0

SUBJECTS_DIR    /out/sourcedata/freesurfer
FREESURFER_HOME /opt/freesurfer
Loading source label.
Found 1549 points in source label.
Starting surface-based mapping
Reading source registration 
 /out/sourcedata/freesurfer/fsaverage/surf/lh.sphere.reg
Rescaling ...  original radius = 100
Reading target surface 
 /out/sourcedata/freesurfer/sub-v2s9x29152_ses-1/surf/lh.white
Reading target registration 
 /out/sourcedata/freesurfer/sub-v2s9x29152_ses-1/surf/lh.sphere.reg
Rescaling ...  original radius = 100
Building target registration hash (res=16).
Building source registration hash (res=16).
INFO: found  1549 nlabel points
Performing mapping from target back to the source label 136397
Number of reverse mapping hits = 12
Checking for and removing duplicates
Writing label file ./lh.BA4p_exvivo.thresh.label 1561
mri_label2label: Done


 mri_label2label --srcsubject fsaverage --srclabel /out/sourcedata/freesurfer/fsaverage/label/lh.BA6_exvivo.thresh.label --trgsubject sub-v2s9x29152_ses-1 --trglabel ./lh.BA6_exvivo.thresh.label --hemi lh --regmethod surface 


srclabel = /out/sourcedata/freesurfer/fsaverage/label/lh.BA6_exvivo.thresh.label
srcsubject = fsaverage
trgsubject = sub-v2s9x29152_ses-1
trglabel = ./lh.BA6_exvivo.thresh.label
regmethod = surface

srchemi = lh
trghemi = lh
trgsurface = white
srcsurfreg = sphere.reg
trgsurfreg = sphere.reg
usehash = 1
Use ProjAbs  = 0, 0
Use ProjFrac = 0, 0
DoPaint 0

SUBJECTS_DIR    /out/sourcedata/freesurfer
FREESURFER_HOME /opt/freesurfer
Loading source label.
Found 7035 points in source label.
Starting surface-based mapping
Reading source registration 
 /out/sourcedata/freesurfer/fsaverage/surf/lh.sphere.reg
Rescaling ...  original radius = 100
Reading target surface 
 /out/sourcedata/freesurfer/sub-v2s9x29152_ses-1/surf/lh.white
Reading target registration 
 /out/sourcedata/freesurfer/sub-v2s9x29152_ses-1/surf/lh.sphere.reg
Rescaling ...  original radius = 100
Building target registration hash (res=16).
Building source registration hash (res=16).
INFO: found  7035 nlabel points
Performing mapping from target back to the source label 136397
Number of reverse mapping hits = 535
Checking for and removing duplicates
Writing label file ./lh.BA6_exvivo.thresh.label 7570
mri_label2label: Done


 mri_label2label --srcsubject fsaverage --srclabel /out/sourcedata/freesurfer/fsaverage/label/lh.BA44_exvivo.thresh.label --trgsubject sub-v2s9x29152_ses-1 --trglabel ./lh.BA44_exvivo.thresh.label --hemi lh --regmethod surface 


srclabel = /out/sourcedata/freesurfer/fsaverage/label/lh.BA44_exvivo.thresh.label
srcsubject = fsaverage
trgsubject = sub-v2s9x29152_ses-1
trglabel = ./lh.BA44_exvivo.thresh.label
regmethod = surface

srchemi = lh
trghemi = lh
trgsurface = white
srcsurfreg = sphere.reg
trgsurfreg = sphere.reg
usehash = 1
Use ProjAbs  = 0, 0
Use ProjFrac = 0, 0
DoPaint 0

SUBJECTS_DIR    /out/sourcedata/freesurfer
FREESURFER_HOME /opt/freesurfer
Loading source label.
Found 1912 points in source label.
Starting surface-based mapping
Reading source registration 
 /out/sourcedata/freesurfer/fsaverage/surf/lh.sphere.reg
Rescaling ...  original radius = 100
Reading target surface 
 /out/sourcedata/freesurfer/sub-v2s9x29152_ses-1/surf/lh.white
Reading target registration 
 /out/sourcedata/freesurfer/sub-v2s9x29152_ses-1/surf/lh.sphere.reg
Rescaling ...  original radius = 100
Building target registration hash (res=16).
Building source registration hash (res=16).
INFO: found  1912 nlabel points
Performing mapping from target back to the source label 136397
Number of reverse mapping hits = 68
Checking for and removing duplicates
Writing label file ./lh.BA44_exvivo.thresh.label 1980
mri_label2label: Done


 mri_label2label --srcsubject fsaverage --srclabel /out/sourcedata/freesurfer/fsaverage/label/lh.BA45_exvivo.thresh.label --trgsubject sub-v2s9x29152_ses-1 --trglabel ./lh.BA45_exvivo.thresh.label --hemi lh --regmethod surface 


srclabel = /out/sourcedata/freesurfer/fsaverage/label/lh.BA45_exvivo.thresh.label
srcsubject = fsaverage
trgsubject = sub-v2s9x29152_ses-1
trglabel = ./lh.BA45_exvivo.thresh.label
regmethod = surface

srchemi = lh
trghemi = lh
trgsurface = white
srcsurfreg = sphere.reg
trgsurfreg = sphere.reg
usehash = 1
Use ProjAbs  = 0, 0
Use ProjFrac = 0, 0
DoPaint 0

SUBJECTS_DIR    /out/sourcedata/freesurfer
FREESURFER_HOME /opt/freesurfer
Loading source label.
Found 1151 points in source label.
Starting surface-based mapping
Reading source registration 
 /out/sourcedata/freesurfer/fsaverage/surf/lh.sphere.reg
Rescaling ...  original radius = 100
Reading target surface 
 /out/sourcedata/freesurfer/sub-v2s9x29152_ses-1/surf/lh.white
Reading target registration 
 /out/sourcedata/freesurfer/sub-v2s9x29152_ses-1/surf/lh.sphere.reg
Rescaling ...  original radius = 100
Building target registration hash (res=16).
Building source registration hash (res=16).
INFO: found  1151 nlabel points
Performing mapping from target back to the source label 136397
Number of reverse mapping hits = 126
Checking for and removing duplicates
Writing label file ./lh.BA45_exvivo.thresh.label 1277
mri_label2label: Done


 mri_label2label --srcsubject fsaverage --srclabel /out/sourcedata/freesurfer/fsaverage/label/lh.V1_exvivo.thresh.label --trgsubject sub-v2s9x29152_ses-1 --trglabel ./lh.V1_exvivo.thresh.label --hemi lh --regmethod surface 


srclabel = /out/sourcedata/freesurfer/fsaverage/label/lh.V1_exvivo.thresh.label
srcsubject = fsaverage
trgsubject = sub-v2s9x29152_ses-1
trglabel = ./lh.V1_exvivo.thresh.label
regmethod = surface

srchemi = lh
trghemi = lh
trgsurface = white
srcsurfreg = sphere.reg
trgsurfreg = sphere.reg
usehash = 1
Use ProjAbs  = 0, 0
Use ProjFrac = 0, 0
DoPaint 0

SUBJECTS_DIR    /out/sourcedata/freesurfer
FREESURFER_HOME /opt/freesurfer
Loading source label.
Found 3405 points in source label.
Starting surface-based mapping
Reading source registration 
 /out/sourcedata/freesurfer/fsaverage/surf/lh.sphere.reg
Rescaling ...  original radius = 100
Reading target surface 
 /out/sourcedata/freesurfer/sub-v2s9x29152_ses-1/surf/lh.white
Reading target registration 
 /out/sourcedata/freesurfer/sub-v2s9x29152_ses-1/surf/lh.sphere.reg
Rescaling ...  original radius = 100
Building target registration hash (res=16).
Building source registration hash (res=16).
INFO: found  3405 nlabel points
Performing mapping from target back to the source label 136397
Number of reverse mapping hits = 1234
Checking for and removing duplicates
Writing label file ./lh.V1_exvivo.thresh.label 4639
mri_label2label: Done


 mri_label2label --srcsubject fsaverage --srclabel /out/sourcedata/freesurfer/fsaverage/label/lh.V2_exvivo.thresh.label --trgsubject sub-v2s9x29152_ses-1 --trglabel ./lh.V2_exvivo.thresh.label --hemi lh --regmethod surface 


srclabel = /out/sourcedata/freesurfer/fsaverage/label/lh.V2_exvivo.thresh.label
srcsubject = fsaverage
trgsubject = sub-v2s9x29152_ses-1
trglabel = ./lh.V2_exvivo.thresh.label
regmethod = surface

srchemi = lh
trghemi = lh
trgsurface = white
srcsurfreg = sphere.reg
trgsurfreg = sphere.reg
usehash = 1
Use ProjAbs  = 0, 0
Use ProjFrac = 0, 0
DoPaint 0

SUBJECTS_DIR    /out/sourcedata/freesurfer
FREESURFER_HOME /opt/freesurfer
Loading source label.
Found 3334 points in source label.
Starting surface-based mapping
Reading source registration 
 /out/sourcedata/freesurfer/fsaverage/surf/lh.sphere.reg
Rescaling ...  original radius = 100
Reading target surface 
 /out/sourcedata/freesurfer/sub-v2s9x29152_ses-1/surf/lh.white
Reading target registration 
 /out/sourcedata/freesurfer/sub-v2s9x29152_ses-1/surf/lh.sphere.reg
Rescaling ...  original radius = 100
Building target registration hash (res=16).
Building source registration hash (res=16).
INFO: found  3334 nlabel points
Performing mapping from target back to the source label 136397
Number of reverse mapping hits = 1037
Checking for and removing duplicates
Writing label file ./lh.V2_exvivo.thresh.label 4371
mri_label2label: Done


 mri_label2label --srcsubject fsaverage --srclabel /out/sourcedata/freesurfer/fsaverage/label/lh.MT_exvivo.thresh.label --trgsubject sub-v2s9x29152_ses-1 --trglabel ./lh.MT_exvivo.thresh.label --hemi lh --regmethod surface 


srclabel = /out/sourcedata/freesurfer/fsaverage/label/lh.MT_exvivo.thresh.label
srcsubject = fsaverage
trgsubject = sub-v2s9x29152_ses-1
trglabel = ./lh.MT_exvivo.thresh.label
regmethod = surface

srchemi = lh
trghemi = lh
trgsurface = white
srcsurfreg = sphere.reg
trgsurfreg = sphere.reg
usehash = 1
Use ProjAbs  = 0, 0
Use ProjFrac = 0, 0
DoPaint 0

SUBJECTS_DIR    /out/sourcedata/freesurfer
FREESURFER_HOME /opt/freesurfer
Loading source label.
Found 513 points in source label.
Starting surface-based mapping
Reading source registration 
 /out/sourcedata/freesurfer/fsaverage/surf/lh.sphere.reg
Rescaling ...  original radius = 100
Reading target surface 
 /out/sourcedata/freesurfer/sub-v2s9x29152_ses-1/surf/lh.white
Reading target registration 
 /out/sourcedata/freesurfer/sub-v2s9x29152_ses-1/surf/lh.sphere.reg
Rescaling ...  original radius = 100
Building target registration hash (res=16).
Building source registration hash (res=16).
INFO: found  513 nlabel points
Performing mapping from target back to the source label 136397
Number of reverse mapping hits = 215
Checking for and removing duplicates
Writing label file ./lh.MT_exvivo.thresh.label 728
mri_label2label: Done


 mri_label2label --srcsubject fsaverage --srclabel /out/sourcedata/freesurfer/fsaverage/label/lh.entorhinal_exvivo.thresh.label --trgsubject sub-v2s9x29152_ses-1 --trglabel ./lh.entorhinal_exvivo.thresh.label --hemi lh --regmethod surface 


srclabel = /out/sourcedata/freesurfer/fsaverage/label/lh.entorhinal_exvivo.thresh.label
srcsubject = fsaverage
trgsubject = sub-v2s9x29152_ses-1
trglabel = ./lh.entorhinal_exvivo.thresh.label
regmethod = surface

srchemi = lh
trghemi = lh
trgsurface = white
srcsurfreg = sphere.reg
trgsurfreg = sphere.reg
usehash = 1
Use ProjAbs  = 0, 0
Use ProjFrac = 0, 0
DoPaint 0

SUBJECTS_DIR    /out/sourcedata/freesurfer
FREESURFER_HOME /opt/freesurfer
Loading source label.
Found 470 points in source label.
Starting surface-based mapping
Reading source registration 
 /out/sourcedata/freesurfer/fsaverage/surf/lh.sphere.reg
Rescaling ...  original radius = 100
Reading target surface 
 /out/sourcedata/freesurfer/sub-v2s9x29152_ses-1/surf/lh.white
Reading target registration 
 /out/sourcedata/freesurfer/sub-v2s9x29152_ses-1/surf/lh.sphere.reg
Rescaling ...  original radius = 100
Building target registration hash (res=16).
Building source registration hash (res=16).
INFO: found  470 nlabel points
Performing mapping from target back to the source label 136397
Number of reverse mapping hits = 10
Checking for and removing duplicates
Writing label file ./lh.entorhinal_exvivo.thresh.label 480
mri_label2label: Done


 mri_label2label --srcsubject fsaverage --srclabel /out/sourcedata/freesurfer/fsaverage/label/lh.perirhinal_exvivo.thresh.label --trgsubject sub-v2s9x29152_ses-1 --trglabel ./lh.perirhinal_exvivo.thresh.label --hemi lh --regmethod surface 


srclabel = /out/sourcedata/freesurfer/fsaverage/label/lh.perirhinal_exvivo.thresh.label
srcsubject = fsaverage
trgsubject = sub-v2s9x29152_ses-1
trglabel = ./lh.perirhinal_exvivo.thresh.label
regmethod = surface

srchemi = lh
trghemi = lh
trgsurface = white
srcsurfreg = sphere.reg
trgsurfreg = sphere.reg
usehash = 1
Use ProjAbs  = 0, 0
Use ProjFrac = 0, 0
DoPaint 0

SUBJECTS_DIR    /out/sourcedata/freesurfer
FREESURFER_HOME /opt/freesurfer
Loading source label.
Found 450 points in source label.
Starting surface-based mapping
Reading source registration 
 /out/sourcedata/freesurfer/fsaverage/surf/lh.sphere.reg
Rescaling ...  original radius = 100
Reading target surface 
 /out/sourcedata/freesurfer/sub-v2s9x29152_ses-1/surf/lh.white
Reading target registration 
 /out/sourcedata/freesurfer/sub-v2s9x29152_ses-1/surf/lh.sphere.reg
Rescaling ...  original radius = 100
Building target registration hash (res=16).
Building source registration hash (res=16).
INFO: found  450 nlabel points
Performing mapping from target back to the source label 136397
Number of reverse mapping hits = 4
Checking for and removing duplicates
Writing label file ./lh.perirhinal_exvivo.thresh.label 454
mri_label2label: Done


 mris_label2annot --s sub-v2s9x29152_ses-1 --hemi lh --ctab /opt/freesurfer/average/colortable_BA.txt --l lh.BA1_exvivo.label --l lh.BA2_exvivo.label --l lh.BA3a_exvivo.label --l lh.BA3b_exvivo.label --l lh.BA4a_exvivo.label --l lh.BA4p_exvivo.label --l lh.BA6_exvivo.label --l lh.BA44_exvivo.label --l lh.BA45_exvivo.label --l lh.V1_exvivo.label --l lh.V2_exvivo.label --l lh.MT_exvivo.label --l lh.perirhinal_exvivo.label --l lh.entorhinal_exvivo.label --a BA_exvivo --maxstatwinner --noverbose 

Reading ctab /opt/freesurfer/average/colortable_BA.txt
Number of ctab entries 15

7.3.2
cwd /out/sourcedata/freesurfer/sub-v2s9x29152_ses-1/label
cmdline mris_label2annot --s sub-v2s9x29152_ses-1 --hemi lh --ctab /opt/freesurfer/average/colortable_BA.txt --l lh.BA1_exvivo.label --l lh.BA2_exvivo.label --l lh.BA3a_exvivo.label --l lh.BA3b_exvivo.label --l lh.BA4a_exvivo.label --l lh.BA4p_exvivo.label --l lh.BA6_exvivo.label --l lh.BA44_exvivo.label --l lh.BA45_exvivo.label --l lh.V1_exvivo.label --l lh.V2_exvivo.label --l lh.MT_exvivo.label --l lh.perirhinal_exvivo.label --l lh.entorhinal_exvivo.label --a BA_exvivo --maxstatwinner --noverbose 
sysname  Linux
hostname dna067
machine  x86_64
user     oesteban

subject sub-v2s9x29152_ses-1
hemi    lh
SUBJECTS_DIR /out/sourcedata/freesurfer
ColorTable /opt/freesurfer/average/colortable_BA.txt
AnnotName  BA_exvivo
nlables 14
LabelThresh 0 0.000000
Loading /out/sourcedata/freesurfer/sub-v2s9x29152_ses-1/surf/lh.orig
 1 1530880 BA1_exvivo
 2 16749699 BA2_exvivo
 3 16711680 BA3a_exvivo
 4 3368703 BA3b_exvivo
 5 1376196 BA4a_exvivo
 6 13382655 BA4p_exvivo
 7 10036737 BA6_exvivo
 8 2490521 BA44_exvivo
 9 39283 BA45_exvivo
10 3993 V1_exvivo
11 8508928 V2_exvivo
12 10027163 MT_exvivo
13 16422433 perirhinal_exvivo
14 16392598 entorhinal_exvivo
Mapping unhit to unknown
Found 93688 unhit vertices
Writing annot to /out/sourcedata/freesurfer/sub-v2s9x29152_ses-1/label/lh.BA_exvivo.annot

 mris_label2annot --s sub-v2s9x29152_ses-1 --hemi lh --ctab /opt/freesurfer/average/colortable_BA.txt --l lh.BA1_exvivo.thresh.label --l lh.BA2_exvivo.thresh.label --l lh.BA3a_exvivo.thresh.label --l lh.BA3b_exvivo.thresh.label --l lh.BA4a_exvivo.thresh.label --l lh.BA4p_exvivo.thresh.label --l lh.BA6_exvivo.thresh.label --l lh.BA44_exvivo.thresh.label --l lh.BA45_exvivo.thresh.label --l lh.V1_exvivo.thresh.label --l lh.V2_exvivo.thresh.label --l lh.MT_exvivo.thresh.label --l lh.perirhinal_exvivo.thresh.label --l lh.entorhinal_exvivo.thresh.label --a BA_exvivo.thresh --maxstatwinner --noverbose 

Reading ctab /opt/freesurfer/average/colortable_BA.txt
Number of ctab entries 15

7.3.2
cwd /out/sourcedata/freesurfer/sub-v2s9x29152_ses-1/label
cmdline mris_label2annot --s sub-v2s9x29152_ses-1 --hemi lh --ctab /opt/freesurfer/average/colortable_BA.txt --l lh.BA1_exvivo.thresh.label --l lh.BA2_exvivo.thresh.label --l lh.BA3a_exvivo.thresh.label --l lh.BA3b_exvivo.thresh.label --l lh.BA4a_exvivo.thresh.label --l lh.BA4p_exvivo.thresh.label --l lh.BA6_exvivo.thresh.label --l lh.BA44_exvivo.thresh.label --l lh.BA45_exvivo.thresh.label --l lh.V1_exvivo.thresh.label --l lh.V2_exvivo.thresh.label --l lh.MT_exvivo.thresh.label --l lh.perirhinal_exvivo.thresh.label --l lh.entorhinal_exvivo.thresh.label --a BA_exvivo.thresh --maxstatwinner --noverbose 
sysname  Linux
hostname dna067
machine  x86_64
user     oesteban

subject sub-v2s9x29152_ses-1
hemi    lh
SUBJECTS_DIR /out/sourcedata/freesurfer
ColorTable /opt/freesurfer/average/colortable_BA.txt
AnnotName  BA_exvivo.thresh
nlables 14
LabelThresh 0 0.000000
Loading /out/sourcedata/freesurfer/sub-v2s9x29152_ses-1/surf/lh.orig
 1 1530880 BA1_exvivo
 2 16749699 BA2_exvivo
 3 16711680 BA3a_exvivo
 4 3368703 BA3b_exvivo
 5 1376196 BA4a_exvivo
 6 13382655 BA4p_exvivo
 7 10036737 BA6_exvivo
 8 2490521 BA44_exvivo
 9 39283 BA45_exvivo
10 3993 V1_exvivo
11 8508928 V2_exvivo
12 10027163 MT_exvivo
13 16422433 perirhinal_exvivo
14 16392598 entorhinal_exvivo
Mapping unhit to unknown
Found 110720 unhit vertices
Writing annot to /out/sourcedata/freesurfer/sub-v2s9x29152_ses-1/label/lh.BA_exvivo.thresh.annot

 mris_anatomical_stats -th3 -mgz -noglobal -f ../stats/lh.BA_exvivo.stats -b -a ./lh.BA_exvivo.annot -c ./BA_exvivo.ctab sub-v2s9x29152_ses-1 lh white 

computing statistics for each annotation in ./lh.BA_exvivo.annot.
reading volume /out/sourcedata/freesurfer/sub-v2s9x29152_ses-1/mri/wm.mgz...
reading input surface /out/sourcedata/freesurfer/sub-v2s9x29152_ses-1/surf/lh.white...
reading input pial surface /out/sourcedata/freesurfer/sub-v2s9x29152_ses-1/surf/lh.pial...
reading input white surface /out/sourcedata/freesurfer/sub-v2s9x29152_ses-1/surf/lh.white...
INFO: using TH3 volume calc
INFO: assuming MGZ format for volumes.
INFO: not computing global stats
Using TH3 vertex volume calc
Total face volume 283405
Total vertex volume 283208 (mask=0)
Saving annotation colortable ./BA_exvivo.ctab

table columns are:
    number of vertices
    total surface area (mm^2)
    total gray matter volume (mm^3)
    average cortical thickness +- standard deviation (mm)
    integrated rectified mean curvature
    integrated rectified Gaussian curvature
    folding index
    intrinsic curvature index
    structure name

 1261    891   2786  2.416 0.691     0.148     0.034       18     1.7  BA1_exvivo
 4002   2801   7743  2.571 0.642     0.113     0.021       36     3.4  BA2_exvivo
  937    625    934  2.057 0.385     0.127     0.026        7     0.9  BA3a_exvivo
 2392   1692   4032  2.062 0.777     0.113     0.021       23     2.3  BA3b_exvivo
 1762   1184   4040  2.895 0.500     0.109     0.025       15     1.6  BA4a_exvivo
 1186    813   1955  2.574 0.460     0.109     0.019        7     1.1  BA4p_exvivo
10262   7240  26570  3.092 0.633     0.112     0.022       91     9.5  BA6_exvivo
 2200   1542   4767  2.905 0.554     0.109     0.020       20     1.9  BA44_exvivo
 2600   2022   7168  2.987 0.639     0.133     0.029       36     3.3  BA45_exvivo
 4198   3121   5966  2.023 0.654     0.142     0.038       52     6.5  V1_exvivo
 7992   5945  14051  2.184 0.615     0.147     0.037      120    12.4  V2_exvivo
 2626   1874   6039  2.794 0.500     0.134     0.026       33     2.9  MT_exvivo
  695    499   1702  2.945 1.041     0.107     0.021        5     0.6  perirhinal_exvivo
  596    413   1585  2.878 1.324     0.114     0.026        5     0.7  entorhinal_exvivo

 mris_anatomical_stats -th3 -mgz -f ../stats/lh.BA_exvivo.thresh.stats -noglobal -b -a ./lh.BA_exvivo.thresh.annot -c ./BA_exvivo.thresh.ctab sub-v2s9x29152_ses-1 lh white 

computing statistics for each annotation in ./lh.BA_exvivo.thresh.annot.
reading volume /out/sourcedata/freesurfer/sub-v2s9x29152_ses-1/mri/wm.mgz...
reading input surface /out/sourcedata/freesurfer/sub-v2s9x29152_ses-1/surf/lh.white...
reading input pial surface /out/sourcedata/freesurfer/sub-v2s9x29152_ses-1/surf/lh.pial...
reading input white surface /out/sourcedata/freesurfer/sub-v2s9x29152_ses-1/surf/lh.white...
INFO: using TH3 volume calc
INFO: assuming MGZ format for volumes.
INFO: not computing global stats
Using TH3 vertex volume calc
Total face volume 283405
Total vertex volume 283208 (mask=0)
Saving annotation colortable ./BA_exvivo.thresh.ctab

table columns are:
    number of vertices
    total surface area (mm^2)
    total gray matter volume (mm^3)
    average cortical thickness +- standard deviation (mm)
    integrated rectified mean curvature
    integrated rectified Gaussian curvature
    folding index
    intrinsic curvature index
    structure name

  767    555   1648  2.372 0.707     0.164     0.040       13     1.3  BA1_exvivo
 1724   1244   3448  2.473 0.674     0.118     0.022       16     1.7  BA2_exvivo
  792    527    745  2.027 0.358     0.137     0.029        6     0.9  BA3a_exvivo
 1456    994   1780  1.662 0.470     0.091     0.015        8     1.0  BA3b_exvivo
 1674   1120   3767  2.874 0.491     0.102     0.022       11     1.5  BA4a_exvivo
  974    660   1591  2.576 0.486     0.107     0.021        6     0.8  BA4p_exvivo
 5932   4201  15558  3.060 0.630     0.113     0.022       55     5.5  BA6_exvivo
 1421   1023   3286  2.965 0.547     0.117     0.022       15     1.4  BA44_exvivo
 1094    883   3868  3.305 0.650     0.143     0.031       16     1.5  BA45_exvivo
 4451   3291   6428  2.029 0.649     0.143     0.039       56     7.3  V1_exvivo
 4036   3182   6976  2.040 0.603     0.166     0.045       74     7.8  V2_exvivo
  716    513   1479  2.614 0.461     0.120     0.022        7     0.8  MT_exvivo
  268    180    783  3.510 0.776     0.101     0.020        2     0.2  perirhinal_exvivo
  372    243   1211  3.619 0.740     0.098     0.018        2     0.3  entorhinal_exvivo

Started at Sat Mar 14 12:18:52 CET 2026 
Ended   at Sat Mar 14 12:21:10 CET 2026
#@#%# recon-all-run-time-hours 0.038
recon-all -s sub-v2s9x29152_ses-1 finished without error at Sat Mar 14 12:21:10 CET 2026
